.section .rodata

.section .rodata_bin

    .align  2
spr_hud_energy_y_palette_data:
    dc.b    0x0e, 0x0e, 0x0e, 0xee, 0x00, 0xee, 0x04, 0x4c, 0x04, 0x6e, 0x04, 0x8e, 0x02, 0x0c, 0x06, 0xae
    dc.b    0x08, 0xce, 0x0a, 0x40, 0x00, 0x0e, 0x00, 0x00, 0x00, 0x00, 0x00, 0x00, 0x00, 0x00, 0x00, 0x00
spr_hud_energy_y_palette_data_size = .-spr_hud_energy_y_palette_data

    .align  2
spr_hud_energy_segment_palette_data:
    dc.b    0x0e, 0x0e, 0x0e, 0xee, 0x00, 0xee, 0x00, 0x00, 0x00, 0x00, 0x00, 0x00, 0x00, 0x00, 0x00, 0x00
    dc.b    0x00, 0x00, 0x00, 0x00, 0x00, 0x00, 0x00, 0x00, 0x00, 0x00, 0x00, 0x00, 0x00, 0x00, 0x00, 0x00
spr_hud_energy_segment_palette_data_size = .-spr_hud_energy_segment_palette_data

    .align  2
spr_hud_portrait_ryo_palette_data:
    dc.b    0x0e, 0x0e, 0x00, 0x04, 0x00, 0x24, 0x00, 0x26, 0x00, 0x00, 0x00, 0x28, 0x02, 0x4a, 0x00, 0x68
    dc.b    0x00, 0x6c, 0x04, 0x8e, 0x02, 0x8e, 0x04, 0x8c, 0x04, 0xae, 0x06, 0xce, 0x0a, 0xee, 0x0e, 0xee
spr_hud_portrait_ryo_palette_data_size = .-spr_hud_portrait_ryo_palette_data

    .align  2
spr_hud_portrait_ken_palette_data:
    dc.b    0x0e, 0x0e, 0x00, 0x4e, 0x00, 0x0e, 0x00, 0x0c, 0x00, 0x6e, 0x00, 0x00, 0x00, 0x08, 0x08, 0xce
    dc.b    0x04, 0x6a, 0x00, 0x06, 0x08, 0xae, 0x06, 0x8c, 0x0c, 0xee, 0x04, 0x46, 0x00, 0xce, 0x06, 0xee
spr_hud_portrait_ken_palette_data_size = .-spr_hud_portrait_ken_palette_data

    .align  2
spr_hud_portrait_musgo_palette_data:
    dc.b    0x0e, 0x0e, 0x02, 0x22, 0x02, 0x44, 0x00, 0x22, 0x02, 0x24, 0x02, 0x46, 0x02, 0x66, 0x00, 0x02
    dc.b    0x00, 0x00, 0x04, 0x46, 0x04, 0x66, 0x04, 0x68, 0x04, 0x44, 0x02, 0x68, 0x00, 0x24, 0x06, 0x8c
spr_hud_portrait_musgo_palette_data_size = .-spr_hud_portrait_musgo_palette_data

    .align  2
spr_select_roster_palette_data:
    dc.b    0x00, 0x00, 0x02, 0x00, 0x04, 0x20, 0x06, 0x42, 0x08, 0x64, 0x0a, 0x86, 0x0a, 0xaa, 0x0c, 0xee
    dc.b    0x04, 0xae, 0x02, 0x6c, 0x02, 0x48, 0x02, 0x46, 0x04, 0x64, 0x06, 0x88, 0x08, 0xcc, 0x0e, 0xee
spr_select_roster_palette_data_size = .-spr_select_roster_palette_data

    .align  2
spr_hud_life_track_palette_data:
    dc.b    0x0e, 0x0e, 0x0e, 0xee, 0x00, 0x00, 0x00, 0x00, 0x00, 0x00, 0x00, 0x00, 0x00, 0x00, 0x00, 0x00
    dc.b    0x00, 0x00, 0x0a, 0x40, 0x00, 0x00, 0x00, 0x00, 0x00, 0x00, 0x00, 0x00, 0x00, 0x00, 0x00, 0x00
spr_hud_life_track_palette_data_size = .-spr_hud_life_track_palette_data

    .align  2
spr_hud_ko_banner_palette_data:
    dc.b    0x0e, 0x0e, 0x00, 0x00, 0x00, 0xce, 0x00, 0x8e, 0x0e, 0xee, 0x00, 0x4e, 0x00, 0x00, 0x00, 0x00
    dc.b    0x00, 0x00, 0x00, 0x00, 0x00, 0x00, 0x00, 0x00, 0x00, 0x00, 0x00, 0x00, 0x00, 0x00, 0x00, 0x00
spr_hud_ko_banner_palette_data_size = .-spr_hud_ko_banner_palette_data

.section .rodata_binf

    .align  524288

    .align  2
spr_hud_energy_y_animation0_frame0_tileset_data:
    dc.b    0x16, 0x00, 0x00, 0x00, 0xe7, 0x15, 0x00, 0xbb, 0x11, 0x19, 0xb8, 0x2b, 0xb2, 0x29, 0xb2, 0x2b
    dc.b    0xb2, 0x99, 0xb2, 0x22, 0x2b, 0x99, 0xb2, 0x22, 0x22, 0xb9, 0xb2, 0x91, 0x92, 0x29, 0x00, 0xb2
    dc.b    0x22, 0x22, 0x05, 0x00, 0x1c, 0x00, 0x22, 0x22, 0x21, 0x00, 0x19, 0x99, 0x99, 0x99, 0x00, 0x1a
    dc.b    0x7f, 0xe1, 0x02, 0x1e, 0x00, 0xff, 0x7f, 0xe1, 0x00, 0x8c, 0x7f, 0xe1, 0x03, 0x00, 0xe9, 0x17
    dc.b    0x91, 0x11, 0xbb, 0x00, 0x92, 0x29, 0xb2, 0x2b, 0x99, 0x2b, 0xb2, 0x2b, 0x99, 0xb2, 0x22, 0x2b
    dc.b    0x9b, 0x22, 0x22, 0x2b, 0x9b, 0x21, 0x19, 0x2b, 0x22, 0x22, 0x2b, 0x00, 0x00, 0x00, 0x00, 0x00
spr_hud_energy_y_animation0_frame0_tileset_data_size = .-spr_hud_energy_y_animation0_frame0_tileset_data

    .align  2
spr_hud_energy_y_animation0_frame2_tileset_data:
    dc.b    0x16, 0x00, 0x00, 0x00, 0x00, 0x0c, 0xff, 0xd0, 0x07, 0x15, 0x05, 0x00, 0x1c, 0x00, 0x22, 0x22
    dc.b    0x21, 0x00, 0x19, 0x99, 0x99, 0x99, 0x00, 0x1a, 0x7f, 0xe1, 0x02, 0x1e, 0x00, 0xff, 0x7f, 0xe1
    dc.b    0x00, 0x6c, 0x7f, 0xe1, 0x12, 0x01, 0x22, 0x00, 0x63, 0x01, 0x22, 0x11, 0x11, 0x11, 0x22, 0x11
    dc.b    0x11, 0x19, 0x22, 0x99, 0x99, 0x99, 0x00, 0x10, 0x7f, 0xe1, 0x03, 0x00, 0x00, 0x0e, 0xff, 0xd1
    dc.b    0x07, 0x00, 0x00, 0x00, 0x00, 0x00
spr_hud_energy_y_animation0_frame2_tileset_data_size = .-spr_hud_energy_y_animation0_frame2_tileset_data

    .align  2
spr_hud_energy_y_animation0_frame3_tileset_data:
    dc.b    0x12, 0x00, 0x00, 0x00, 0x1c, 0x00, 0x22, 0x22, 0x21, 0x00, 0x19, 0x99, 0x99, 0x99, 0x03, 0x15
    dc.b    0x09, 0x00, 0x0d, 0x1f, 0x02, 0x1e, 0x00, 0xae, 0x7f, 0xe1, 0x12, 0x01, 0x22, 0x20, 0x12, 0x01
    dc.b    0x22, 0x21, 0x13, 0x01, 0x22, 0x29, 0x00, 0x8e, 0x7f, 0x61, 0x00, 0x0c, 0xff, 0x9a, 0x01, 0x0f
    dc.b    0x12, 0x00, 0x11, 0x11, 0x03, 0x23, 0x05, 0x00, 0x04, 0x0f, 0x1b, 0x0f, 0x11, 0x19, 0x00, 0x0c
    dc.b    0xff, 0xad, 0x00, 0x00, 0x00, 0x00
spr_hud_energy_y_animation0_frame3_tileset_data_size = .-spr_hud_energy_y_animation0_frame3_tileset_data

    .align  2
spr_hud_energy_y_animation0_frame4_tileset_data:
    dc.b    0x16, 0x00, 0x00, 0x00, 0x00, 0x0c, 0xff, 0x8a, 0x07, 0x15, 0x05, 0x00, 0x1c, 0x00, 0x22, 0x22
    dc.b    0x21, 0x00, 0x19, 0x99, 0x99, 0x99, 0x00, 0x1a, 0x7f, 0xe1, 0x02, 0x1e, 0x00, 0xff, 0x7f, 0xe1
    dc.b    0x0e, 0x1f, 0x03, 0x01, 0x12, 0x01, 0x11, 0x11, 0x13, 0x01, 0x99, 0x99, 0x0d, 0x1f, 0x12, 0x00
    dc.b    0x11, 0x11, 0x04, 0x12, 0x06, 0x17, 0x00, 0x11, 0x7f, 0xf1, 0x1b, 0x0f, 0x11, 0x19, 0x00, 0x0e
    dc.b    0xff, 0x8a, 0x00, 0x00, 0x00, 0x00
spr_hud_energy_y_animation0_frame4_tileset_data_size = .-spr_hud_energy_y_animation0_frame4_tileset_data

    .align  2
spr_hud_energy_y_animation0_frame5_tileset_data:
    dc.b    0x16, 0x00, 0x00, 0x00, 0x00, 0x0c, 0xff, 0x67, 0x07, 0x15, 0x05, 0x00, 0x1c, 0x00, 0x22, 0x22
    dc.b    0x21, 0x00, 0x19, 0x99, 0x99, 0x99, 0x00, 0x1a, 0x7f, 0xe1, 0x02, 0x1e, 0x00, 0xed, 0x7f, 0xe1
    dc.b    0x12, 0x01, 0x22, 0x00, 0x00, 0x01, 0xff, 0x99, 0x33, 0x01, 0x11, 0x91, 0x22, 0x99, 0x99, 0x99
    dc.b    0x00, 0x10, 0x7f, 0xe1, 0x03, 0x00, 0x12, 0x00, 0x11, 0x11, 0x04, 0x1a, 0x0e, 0x1f, 0x0f, 0x17
    dc.b    0x00, 0x11, 0x7f, 0xf1, 0x1b, 0x0f, 0x11, 0x19, 0x00, 0x0e, 0xff, 0x62, 0x00, 0x00, 0x00, 0x00
spr_hud_energy_y_animation0_frame5_tileset_data_size = .-spr_hud_energy_y_animation0_frame5_tileset_data

    .align  2
spr_hud_energy_y_animation0_frame6_tileset_data:
    dc.b    0x12, 0x00, 0x00, 0x00, 0x1c, 0x00, 0x22, 0x22, 0x21, 0x00, 0x19, 0x99, 0x99, 0x99, 0x03, 0x15
    dc.b    0x09, 0x00, 0x0d, 0x1f, 0x02, 0x1e, 0x00, 0xae, 0x7f, 0xe1, 0x12, 0x01, 0x22, 0x20, 0x12, 0x01
    dc.b    0x22, 0x21, 0x13, 0x01, 0x22, 0x29, 0x0f, 0x1f, 0x00, 0x0c, 0xff, 0x2d, 0x01, 0x0f, 0x12, 0x00
    dc.b    0x11, 0x11, 0x03, 0x23, 0x05, 0x00, 0x04, 0x0f, 0x1e, 0x0f, 0x11, 0x91, 0x0f, 0x1f, 0x00, 0x1e
    dc.b    0x7f, 0xf1, 0x1b, 0x0f, 0x11, 0x19, 0x00, 0x0c, 0xff, 0x3b, 0x00, 0x00, 0x00, 0x00
spr_hud_energy_y_animation0_frame6_tileset_data_size = .-spr_hud_energy_y_animation0_frame6_tileset_data

    .align  2
spr_hud_energy_y_animation0_frame7_tileset_data:
    dc.b    0x16, 0x00, 0x00, 0x00, 0x00, 0x0c, 0xff, 0x18, 0x07, 0x15, 0x05, 0x00, 0x1c, 0x00, 0x22, 0x22
    dc.b    0x21, 0x00, 0x19, 0x99, 0x99, 0x99, 0x00, 0x1a, 0x7f, 0xe1, 0x02, 0x1e, 0x00, 0x8e, 0x7f, 0xe1
    dc.b    0x03, 0x01, 0x12, 0x01, 0x11, 0x11, 0x13, 0x01, 0x99, 0x99, 0x0d, 0x1f, 0x12, 0x00, 0x11, 0x11
    dc.b    0x04, 0x12, 0x06, 0x17, 0x00, 0x11, 0x7f, 0xf1, 0x10, 0x1d, 0x11, 0x91, 0x7f, 0xe1, 0x00, 0x1e
    dc.b    0x7f, 0xf1, 0x1b, 0x0f, 0x11, 0x19, 0x00, 0x0e, 0xff, 0x14, 0x00, 0x00, 0x00, 0x00
spr_hud_energy_y_animation0_frame7_tileset_data_size = .-spr_hud_energy_y_animation0_frame7_tileset_data

    .align  2
spr_hud_energy_y_animation0_frame8_tileset_data:
    dc.b    0x16, 0x00, 0x00, 0x00, 0x00, 0x0c, 0xfe, 0xf1, 0x07, 0x15, 0x05, 0x00, 0x1c, 0x00, 0x22, 0x22
    dc.b    0x21, 0x00, 0x19, 0x99, 0x99, 0x99, 0x00, 0x1a, 0x7f, 0xe1, 0x02, 0x1e, 0x00, 0x6d, 0x7f, 0xe1
    dc.b    0x12, 0x01, 0x22, 0x00, 0x00, 0x01, 0xff, 0x23, 0x33, 0x01, 0x11, 0x11, 0x22, 0x99, 0x99, 0x99
    dc.b    0x00, 0x10, 0x7f, 0xe1, 0x03, 0x00, 0x12, 0x00, 0x11, 0x11, 0x04, 0x1a, 0x0e, 0x1f, 0x0f, 0x17
    dc.b    0x00, 0x11, 0x7f, 0xf1, 0x10, 0x1d, 0x11, 0x91, 0x7f, 0xe1, 0x00, 0x1e, 0x7f, 0xf1, 0x1b, 0x0f
    dc.b    0x11, 0x19, 0x00, 0x0e, 0xfe, 0xe7, 0x00, 0x00, 0x00, 0x00
spr_hud_energy_y_animation0_frame8_tileset_data_size = .-spr_hud_energy_y_animation0_frame8_tileset_data

    .align  2
spr_hud_energy_y_animation0_frame9_tileset_data:
    dc.b    0x12, 0x00, 0x00, 0x00, 0x1c, 0x00, 0x22, 0x22, 0x21, 0x00, 0x19, 0x99, 0x99, 0x99, 0x03, 0x15
    dc.b    0x09, 0x00, 0x0d, 0x1f, 0x02, 0x1e, 0x00, 0x2e, 0x7f, 0xe1, 0x12, 0x01, 0x22, 0x20, 0x12, 0x01
    dc.b    0x22, 0x21, 0x13, 0x01, 0x22, 0x29, 0x0f, 0x1f, 0x00, 0x0c, 0xfe, 0xb2, 0x01, 0x0f, 0x12, 0x00
    dc.b    0x11, 0x11, 0x03, 0x23, 0x05, 0x00, 0x04, 0x0f, 0x1e, 0x0f, 0x11, 0x91, 0x0f, 0x1f, 0x00, 0x1e
    dc.b    0x7f, 0xf1, 0x1b, 0x0f, 0x11, 0x19, 0x00, 0x0e, 0xfe, 0xc0, 0x00, 0x31, 0x7f, 0xb1, 0x0a, 0x0f
    dc.b    0x00, 0x00, 0x00, 0x00
spr_hud_energy_y_animation0_frame9_tileset_data_size = .-spr_hud_energy_y_animation0_frame9_tileset_data

    .align  2
spr_hud_energy_y_animation0_frame10_tileset_data:
    dc.b    0x16, 0x00, 0x00, 0x00, 0x00, 0x0c, 0xfe, 0x9a, 0x07, 0x15, 0x05, 0x00, 0x1c, 0x00, 0x22, 0x22
    dc.b    0x21, 0x00, 0x19, 0x99, 0x99, 0x99, 0x00, 0x1a, 0x7f, 0xe1, 0x02, 0x1e, 0x0f, 0x1f, 0x03, 0x01
    dc.b    0x12, 0x01, 0x11, 0x11, 0x13, 0x01, 0x99, 0x99, 0x0d, 0x1f, 0x12, 0x00, 0x11, 0x11, 0x04, 0x12
    dc.b    0x06, 0x17, 0x00, 0x51, 0x7f, 0xf1, 0x10, 0x3d, 0x11, 0x91, 0x7f, 0xc1, 0x1b, 0x0f, 0x11, 0x19
    dc.b    0x00, 0x0e, 0xfe, 0x99, 0x00, 0x00, 0x00, 0x00
spr_hud_energy_y_animation0_frame10_tileset_data_size = .-spr_hud_energy_y_animation0_frame10_tileset_data

    .align  2
spr_hud_energy_y_animation0_frame11_tileset_data:
    dc.b    0x16, 0x00, 0x00, 0x00, 0x00, 0x0c, 0xfe, 0x76, 0x07, 0x15, 0x05, 0x00, 0x1c, 0x00, 0x22, 0x22
    dc.b    0x21, 0x00, 0x19, 0x99, 0x99, 0x99, 0x0d, 0x1f, 0x12, 0x01, 0x22, 0x00, 0x00, 0x01, 0xfe, 0xac
    dc.b    0x00, 0x01, 0xff, 0x89, 0x03, 0x01, 0x03, 0x00, 0x0d, 0x1f, 0x03, 0x00, 0x44, 0x1a, 0x11, 0x11
    dc.b    0x11, 0x11, 0x19, 0x11, 0x11, 0x11, 0x0e, 0x1f, 0x01, 0x17, 0x01, 0x00, 0x0b, 0x17, 0x00, 0x51
    dc.b    0x7f, 0xf1, 0x10, 0x3d, 0x11, 0x91, 0x7f, 0xc1, 0x1b, 0x0f, 0x11, 0x19, 0x00, 0x0e, 0xfe, 0x6f
    dc.b    0x00, 0x00, 0x00, 0x00
spr_hud_energy_y_animation0_frame11_tileset_data_size = .-spr_hud_energy_y_animation0_frame11_tileset_data

    .align  2
spr_hud_energy_y_animation0_frame12_tileset_data:
    dc.b    0x32, 0x00, 0x00, 0x00, 0x00, 0x00, 0x11, 0x11, 0x18, 0x00, 0x99, 0x99, 0x00, 0x13, 0x7f, 0xf1
    dc.b    0x1b, 0x0f, 0x11, 0x19, 0x00, 0x0e, 0xfe, 0x61, 0x00, 0x0c, 0xfe, 0x42, 0x03, 0x2f, 0x16, 0x3f
    dc.b    0x91, 0x11, 0x10, 0x15, 0x19, 0x99, 0x7f, 0xb1, 0x10, 0x1e, 0x19, 0x11, 0x7f, 0x91, 0x00, 0x4e
    dc.b    0x7f, 0xf1, 0x10, 0x18, 0x11, 0x91, 0x7f, 0xe1, 0x00, 0x00, 0x00, 0x00
spr_hud_energy_y_animation0_frame12_tileset_data_size = .-spr_hud_energy_y_animation0_frame12_tileset_data

    .align  2
spr_hud_energy_r_animation0_frame0_tileset_data:
    dc.b    0x4f, 0x01, 0x01, 0x11, 0x11, 0x11, 0x1a, 0xaa, 0xaa, 0xaa, 0x01, 0x13, 0x14, 0x00, 0x00, 0x00
    dc.b    0x01, 0x07, 0x50, 0x0f, 0x12, 0x22, 0x22, 0x22, 0x11, 0x11, 0x11, 0x11, 0xaa, 0xaa, 0x00, 0x00
    dc.b    0x01, 0x13, 0x05, 0x1f, 0x01, 0x07, 0x10, 0xff, 0x22, 0x22, 0x7f, 0xe1, 0x00, 0xbe, 0x7f, 0xe1
    dc.b    0x00, 0x00, 0x00, 0x00
spr_hud_energy_r_animation0_frame0_tileset_data_size = .-spr_hud_energy_r_animation0_frame0_tileset_data

    .align  2
spr_hud_energy_r_animation0_frame1_tileset_data:
    dc.b    0x00, 0x02, 0xff, 0xe6, 0x0f, 0x01, 0x01, 0x13, 0x14, 0x00, 0x00, 0x00, 0x01, 0x07, 0x00, 0x03
    dc.b    0xff, 0xe8, 0x00, 0x0f, 0x00, 0x00, 0x01, 0x13, 0x05, 0x1f, 0x01, 0x07, 0x10, 0xff, 0x22, 0x22
    dc.b    0x7f, 0xe1, 0x00, 0x9e, 0x7f, 0xe1, 0x00, 0x00, 0x00, 0x00
spr_hud_energy_r_animation0_frame1_tileset_data_size = .-spr_hud_energy_r_animation0_frame1_tileset_data

    .align  2
spr_hud_energy_r_animation0_frame2_tileset_data:
    dc.b    0x00, 0x02, 0xff, 0xd1, 0x0f, 0x01, 0x01, 0x13, 0x14, 0x00, 0x00, 0x00, 0x01, 0x07, 0x00, 0x03
    dc.b    0xff, 0xd3, 0x00, 0x0f, 0x00, 0x00, 0x01, 0x13, 0x05, 0x1f, 0x01, 0x07, 0x10, 0xff, 0x22, 0x22
    dc.b    0x7f, 0xe1, 0x00, 0x7e, 0x7f, 0xe1, 0x00, 0x00, 0x00, 0x00
spr_hud_energy_r_animation0_frame2_tileset_data_size = .-spr_hud_energy_r_animation0_frame2_tileset_data

    .align  2
spr_hud_energy_r_animation0_frame3_tileset_data:
    dc.b    0x00, 0x02, 0xff, 0xbc, 0x0f, 0x01, 0x01, 0x13, 0x14, 0x00, 0x00, 0x00, 0x01, 0x07, 0x00, 0x03
    dc.b    0xff, 0xbe, 0x00, 0x0f, 0x00, 0x00, 0x01, 0x13, 0x05, 0x1f, 0x01, 0x07, 0x10, 0xff, 0x22, 0x22
    dc.b    0x7f, 0xe1, 0x00, 0x3e, 0x7f, 0xe1, 0x00, 0x00, 0x00, 0x00
spr_hud_energy_r_animation0_frame3_tileset_data_size = .-spr_hud_energy_r_animation0_frame3_tileset_data

    .align  2
spr_hud_energy_r_animation0_frame4_tileset_data:
    dc.b    0x00, 0x01, 0xff, 0xb2, 0x00, 0x0f, 0x00, 0x00, 0x01, 0x13, 0x14, 0x00, 0x00, 0x00, 0x01, 0x07
    dc.b    0x20, 0x5e, 0x22, 0x22, 0x22, 0x22, 0x7f, 0xe1, 0x00, 0x02, 0xff, 0x9b, 0x0f, 0x01, 0x01, 0x13
    dc.b    0x05, 0x1f, 0x01, 0x07, 0x10, 0x5f, 0x12, 0x22, 0x7f, 0x81, 0x00, 0x3f, 0x7f, 0xe1, 0x3f, 0x01
    dc.b    0x10, 0x00, 0xaa, 0xaa, 0xa0, 0x00, 0x01, 0x13, 0x06, 0x1f, 0x30, 0x00, 0x10, 0x00, 0x22, 0x22
    dc.b    0x20, 0x00, 0x00, 0x00, 0x00, 0x00
spr_hud_energy_r_animation0_frame4_tileset_data_size = .-spr_hud_energy_r_animation0_frame4_tileset_data

    .align  2
spr_hud_energy_r_animation0_frame5_tileset_data:
    dc.b    0x00, 0x01, 0xff, 0x8f, 0x00, 0x0f, 0x00, 0x00, 0x01, 0x13, 0x14, 0x00, 0x00, 0x00, 0x01, 0x07
    dc.b    0x20, 0x5e, 0x22, 0x22, 0x22, 0x22, 0x7f, 0xe1, 0x00, 0x02, 0xff, 0x78, 0x0f, 0x01, 0x01, 0x13
    dc.b    0x05, 0x1f, 0x01, 0x07, 0x00, 0x03, 0xff, 0x7b, 0x00, 0x7b, 0x7f, 0x61, 0x30, 0x0f, 0x11, 0x10
    dc.b    0x00, 0x00, 0xaa, 0xa0, 0x7f, 0xff, 0x01, 0x13, 0x05, 0x00, 0x01, 0x07, 0x20, 0x00, 0x22, 0x20
    dc.b    0x00, 0x00, 0x00, 0x00, 0x00, 0x00
spr_hud_energy_r_animation0_frame5_tileset_data_size = .-spr_hud_energy_r_animation0_frame5_tileset_data

    .align  2
spr_hud_energy_r_animation0_frame6_tileset_data:
    dc.b    0x00, 0x02, 0xff, 0x61, 0x0f, 0x01, 0x01, 0x13, 0x14, 0x00, 0x00, 0x00, 0x01, 0x07, 0x00, 0x03
    dc.b    0xff, 0x63, 0x00, 0x0f, 0x00, 0x00, 0x01, 0x13, 0x05, 0x1f, 0x01, 0x07, 0x10, 0xbf, 0x22, 0x22
    dc.b    0x7f, 0xe1, 0x00, 0x00, 0x00, 0x00
spr_hud_energy_r_animation0_frame6_tileset_data_size = .-spr_hud_energy_r_animation0_frame6_tileset_data

    .align  2
spr_hud_energy_r_animation0_frame7_tileset_data:
    dc.b    0x00, 0x02, 0xff, 0x4e, 0x0f, 0x01, 0x01, 0x13, 0x14, 0x00, 0x00, 0x00, 0x01, 0x07, 0x00, 0x03
    dc.b    0xff, 0x50, 0x00, 0x0f, 0x00, 0x00, 0x01, 0x13, 0x05, 0x1f, 0x01, 0x07, 0x10, 0x80, 0x22, 0x22
    dc.b    0x7f, 0xe1, 0x00, 0x01, 0xff, 0xad, 0x0f, 0x01, 0x01, 0x13, 0x06, 0x1f, 0x00, 0x01, 0xff, 0xae
    dc.b    0x00, 0x00, 0x00, 0x00
spr_hud_energy_r_animation0_frame7_tileset_data_size = .-spr_hud_energy_r_animation0_frame7_tileset_data

    .align  2
spr_hud_energy_r_animation0_frame8_tileset_data:
    dc.b    0x00, 0x02, 0xff, 0x34, 0x0f, 0x01, 0x01, 0x13, 0x14, 0x00, 0x00, 0x00, 0x01, 0x07, 0x00, 0x03
    dc.b    0xff, 0x36, 0x00, 0x0f, 0x00, 0x00, 0x01, 0x13, 0x05, 0x1f, 0x01, 0x07, 0x10, 0x5f, 0x22, 0x22
    dc.b    0x7f, 0xe1, 0x00, 0x01, 0xff, 0xb5, 0x00, 0x0f, 0x7f, 0xff, 0x01, 0x13, 0x05, 0x00, 0x01, 0x07
    dc.b    0x20, 0x00, 0x22, 0x20, 0x00, 0x00, 0x00, 0x00, 0x00, 0x00
spr_hud_energy_r_animation0_frame8_tileset_data_size = .-spr_hud_energy_r_animation0_frame8_tileset_data

    .align  2
spr_hud_energy_r_animation0_frame9_tileset_data:
    dc.b    0x00, 0x02, 0xff, 0x17, 0x0f, 0x01, 0x01, 0x13, 0x14, 0x00, 0x00, 0x00, 0x01, 0x07, 0x00, 0x03
    dc.b    0xff, 0x19, 0x00, 0x0f, 0x00, 0x00, 0x01, 0x13, 0x05, 0x1f, 0x01, 0x07, 0x10, 0x3f, 0x22, 0x22
    dc.b    0x7f, 0xe1, 0x00, 0x00, 0x00, 0x00
spr_hud_energy_r_animation0_frame9_tileset_data_size = .-spr_hud_energy_r_animation0_frame9_tileset_data

    .align  2
spr_hud_energy_r_animation0_frame10_tileset_data:
    dc.b    0x00, 0x02, 0xff, 0x04, 0x0f, 0x01, 0x01, 0x13, 0x14, 0x00, 0x00, 0x00, 0x01, 0x07, 0x00, 0x03
    dc.b    0xff, 0x06, 0x00, 0x0f, 0x00, 0x00, 0x01, 0x13, 0x05, 0x1f, 0x01, 0x07, 0x11, 0x1f, 0x22, 0x22
    dc.b    0x00, 0x01, 0xff, 0x64, 0x0f, 0x01, 0x01, 0x13, 0x06, 0x1f, 0x00, 0x01, 0xff, 0x65, 0x00, 0x00
    dc.b    0x00, 0x00
spr_hud_energy_r_animation0_frame10_tileset_data_size = .-spr_hud_energy_r_animation0_frame10_tileset_data

    .align  2
spr_hud_energy_r_animation0_frame11_tileset_data:
    dc.b    0x00, 0x02, 0xfe, 0xeb, 0x0f, 0x01, 0x01, 0x13, 0x14, 0x00, 0x00, 0x00, 0x01, 0x07, 0x20, 0x01
    dc.b    0x12, 0x22, 0x22, 0x22, 0xff, 0x74, 0x00, 0x0f, 0x7f, 0xff, 0x01, 0x13, 0x05, 0x00, 0x01, 0x07
    dc.b    0x20, 0x00, 0x22, 0x20, 0x00, 0x00, 0x00, 0x00, 0x00, 0x00
spr_hud_energy_r_animation0_frame11_tileset_data_size = .-spr_hud_energy_r_animation0_frame11_tileset_data

    .align  2
spr_hud_energy_y_p2_animation0_frame0_tileset_data:
    dc.b    0x16, 0x00, 0x00, 0x00, 0x40, 0x05, 0x00, 0xbb, 0x11, 0x19, 0xb2, 0x2b, 0x92, 0x29, 0xfd, 0x04
    dc.b    0x37, 0x15, 0x12, 0xb9, 0x00, 0xb2, 0x22, 0x22, 0x05, 0x00, 0x1c, 0x00, 0x22, 0x22, 0x12, 0x00
    dc.b    0x99, 0x99, 0x00, 0xff, 0x7f, 0xe1, 0x00, 0x9a, 0x7f, 0xe1, 0x1f, 0x1f, 0x99, 0x91, 0x03, 0x00
    dc.b    0x40, 0x04, 0x91, 0x11, 0xbb, 0x00, 0x92, 0x2b, 0xb2, 0x8b, 0xfd, 0x0b, 0x10, 0x03, 0x92, 0x29
    dc.b    0xfd, 0x0f, 0x07, 0x00, 0x00, 0x00, 0x00, 0x00
spr_hud_energy_y_p2_animation0_frame0_tileset_data_size = .-spr_hud_energy_y_p2_animation0_frame0_tileset_data

    .align  2
spr_hud_energy_y_p2_animation0_frame2_tileset_data:
    dc.b    0x16, 0x00, 0x00, 0x00, 0x00, 0x02, 0xff, 0xdc, 0x00, 0x05, 0xfc, 0xe2, 0x00, 0x01, 0xff, 0xde
    dc.b    0x07, 0x15, 0x06, 0x00, 0x11, 0x01, 0x00, 0x22, 0x64, 0x01, 0x11, 0x11, 0x11, 0x22, 0x91, 0x11
    dc.b    0x11, 0x22, 0x99, 0x99, 0x99, 0x22, 0x02, 0x00, 0x0d, 0x1e, 0x1c, 0x00, 0x22, 0x22, 0x00, 0xff
    dc.b    0x7f, 0xe1, 0x00, 0x7e, 0x7f, 0xe1, 0x1f, 0x1f, 0x99, 0x91, 0x03, 0x00, 0x00, 0x02, 0xff, 0xd6
    dc.b    0x00, 0x04, 0xfc, 0xe3, 0x10, 0x03, 0x92, 0x29, 0xfc, 0xe7, 0x07, 0x00, 0x00, 0x00, 0x00, 0x00
spr_hud_energy_y_p2_animation0_frame2_tileset_data_size = .-spr_hud_energy_y_p2_animation0_frame2_tileset_data

    .align  2
spr_hud_energy_y_p2_animation0_frame3_tileset_data:
    dc.b    0x12, 0x00, 0x00, 0x00, 0x1c, 0x00, 0x22, 0x22, 0x12, 0x00, 0x99, 0x99, 0x03, 0x15, 0x09, 0x00
    dc.b    0x00, 0x5c, 0x7f, 0xe1, 0x00, 0x02, 0xff, 0xac, 0x00, 0x05, 0xfc, 0xb2, 0x00, 0x01, 0xff, 0xae
    dc.b    0x01, 0x0f, 0x43, 0x23, 0x11, 0x11, 0x11, 0x11, 0x91, 0x11, 0x11, 0x11, 0x05, 0x00, 0x03, 0x0f
    dc.b    0x01, 0x00, 0x0b, 0x0f, 0x00, 0x02, 0xff, 0xb2, 0x00, 0x04, 0xfc, 0xbf, 0x10, 0x03, 0x92, 0x29
    dc.b    0xfc, 0xc3, 0x00, 0x6f, 0x7f, 0x41, 0x1f, 0x1f, 0x99, 0x91, 0x21, 0x01, 0x02, 0x22, 0x22, 0x22
    dc.b    0x12, 0x01, 0x12, 0x22, 0x14, 0x01, 0x92, 0x22, 0x00, 0x6c, 0x7e, 0xc1, 0x00, 0x00, 0x00, 0x00
spr_hud_energy_y_p2_animation0_frame3_tileset_data_size = .-spr_hud_energy_y_p2_animation0_frame3_tileset_data

    .align  2
spr_hud_energy_y_p2_animation0_frame4_tileset_data:
    dc.b    0x13, 0x00, 0x00, 0x00, 0x11, 0x01, 0x22, 0x22, 0x12, 0x01, 0x11, 0x11, 0x15, 0x01, 0x99, 0x99
    dc.b    0x02, 0x00, 0x04, 0x15, 0x08, 0x00, 0x1c, 0x00, 0x22, 0x22, 0x00, 0xff, 0x7f, 0xe1, 0x00, 0x1e
    dc.b    0x7f, 0xe1, 0x1f, 0x1f, 0x99, 0x91, 0x03, 0x00, 0x00, 0x02, 0xff, 0x88, 0x00, 0x04, 0xfc, 0x95
    dc.b    0x10, 0x03, 0x92, 0x29, 0xfc, 0x99, 0x07, 0x00, 0x00, 0x02, 0xff, 0x6a, 0x00, 0x05, 0xfc, 0x70
    dc.b    0x00, 0x01, 0xff, 0x6c, 0x01, 0x0f, 0x00, 0x02, 0xff, 0xbe, 0x03, 0x61, 0x05, 0x00, 0x03, 0x0f
    dc.b    0x01, 0x00, 0x00, 0x1a, 0x7f, 0xf1, 0x00, 0x00, 0x00, 0x00
spr_hud_energy_y_p2_animation0_frame4_tileset_data_size = .-spr_hud_energy_y_p2_animation0_frame4_tileset_data

    .align  2
spr_hud_energy_y_p2_animation0_frame5_tileset_data:
    dc.b    0x16, 0x00, 0x00, 0x00, 0x12, 0x00, 0x11, 0x11, 0x18, 0x00, 0x99, 0x99, 0x07, 0x15, 0x06, 0x00
    dc.b    0x11, 0x01, 0x00, 0x22, 0x30, 0x01, 0x11, 0x11, 0x11, 0x22, 0x19, 0x11, 0xff, 0x7d, 0x04, 0x01
    dc.b    0x00, 0x0f, 0x7f, 0xe1, 0x1c, 0x00, 0x22, 0x22, 0x00, 0xff, 0x7f, 0xe1, 0x1f, 0x1f, 0x99, 0x91
    dc.b    0x03, 0x00, 0x00, 0x02, 0xff, 0x56, 0x00, 0x04, 0xfc, 0x63, 0x10, 0x03, 0x92, 0x29, 0xfc, 0x67
    dc.b    0x07, 0x00, 0x00, 0x02, 0xff, 0x38, 0x00, 0x05, 0xfc, 0x3e, 0x00, 0x01, 0xff, 0x3a, 0x00, 0x02
    dc.b    0x7e, 0x79, 0x10, 0x0b, 0x91, 0x11, 0x7e, 0x79, 0x00, 0x0e, 0x7e, 0x69, 0x0f, 0x0f, 0x00, 0x00
    dc.b    0x00, 0x00
spr_hud_energy_y_p2_animation0_frame5_tileset_data_size = .-spr_hud_energy_y_p2_animation0_frame5_tileset_data

    .align  2
spr_hud_energy_y_p2_animation0_frame6_tileset_data:
    dc.b    0x12, 0x00, 0x00, 0x00, 0x21, 0x01, 0x02, 0x22, 0x22, 0x22, 0x12, 0x01, 0x12, 0x22, 0x14, 0x01
    dc.b    0x92, 0x22, 0x12, 0x00, 0x99, 0x99, 0x03, 0x15, 0x09, 0x00, 0x1c, 0x00, 0x22, 0x22, 0x00, 0x4e
    dc.b    0x7f, 0xe1, 0x12, 0x00, 0x11, 0x11, 0x03, 0x13, 0x05, 0x00, 0x03, 0x0f, 0x1e, 0x0f, 0x19, 0x11
    dc.b    0x0d, 0x1f, 0x00, 0x02, 0xff, 0x25, 0x00, 0x04, 0xfc, 0x32, 0x10, 0x03, 0x92, 0x29, 0xfc, 0x36
    dc.b    0x00, 0x02, 0xff, 0x08, 0x00, 0x05, 0xfc, 0x0e, 0x00, 0x01, 0xff, 0x0a, 0x03, 0x2f, 0x10, 0x1b
    dc.b    0x91, 0x11, 0x7f, 0xc1, 0x0f, 0x0f, 0x00, 0x5e, 0x7f, 0x21, 0x00, 0x0f, 0x7f, 0xe1, 0x1b, 0x1f
    dc.b    0x99, 0x91, 0x00, 0x00, 0x00, 0x00
spr_hud_energy_y_p2_animation0_frame6_tileset_data_size = .-spr_hud_energy_y_p2_animation0_frame6_tileset_data

    .align  2
spr_hud_energy_y_p2_animation0_frame7_tileset_data:
    dc.b    0x13, 0x00, 0x00, 0x00, 0x11, 0x01, 0x22, 0x22, 0x12, 0x01, 0x11, 0x11, 0x15, 0x01, 0x99, 0x99
    dc.b    0x02, 0x00, 0x04, 0x15, 0x08, 0x00, 0x1c, 0x00, 0x22, 0x22, 0x00, 0x9f, 0x7f, 0xe1, 0x1f, 0x1f
    dc.b    0x99, 0x91, 0x03, 0x00, 0x00, 0x02, 0xfe, 0xf9, 0x00, 0x04, 0xfc, 0x06, 0x10, 0x03, 0x92, 0x29
    dc.b    0xfc, 0x0a, 0x07, 0x00, 0x00, 0x02, 0xfe, 0xdb, 0x00, 0x05, 0xfb, 0xe1, 0x00, 0x01, 0xfe, 0xdd
    dc.b    0x01, 0x0f, 0x00, 0x02, 0xff, 0x2f, 0x03, 0x61, 0x05, 0x00, 0x03, 0x0f, 0x01, 0x00, 0x00, 0x2c
    dc.b    0x7f, 0xf1, 0x10, 0x2b, 0x19, 0x11, 0x7f, 0xd1, 0x00, 0x00, 0x00, 0x00
spr_hud_energy_y_p2_animation0_frame7_tileset_data_size = .-spr_hud_energy_y_p2_animation0_frame7_tileset_data

    .align  2
spr_hud_energy_y_p2_animation0_frame8_tileset_data:
    dc.b    0x16, 0x00, 0x00, 0x00, 0x12, 0x00, 0x11, 0x11, 0x18, 0x00, 0x99, 0x99, 0x07, 0x15, 0x06, 0x00
    dc.b    0x11, 0x01, 0x00, 0x22, 0x21, 0x01, 0x11, 0x11, 0x11, 0x22, 0x24, 0x01, 0x99, 0x99, 0x99, 0x22
    dc.b    0x00, 0x0f, 0x7f, 0xe1, 0x1c, 0x00, 0x22, 0x22, 0x00, 0x7f, 0x7f, 0xe1, 0x1f, 0x1f, 0x99, 0x91
    dc.b    0x03, 0x00, 0x00, 0x02, 0xfe, 0xc4, 0x00, 0x04, 0xfb, 0xd1, 0x10, 0x03, 0x92, 0x29, 0xfb, 0xd5
    dc.b    0x07, 0x00, 0x00, 0x02, 0xfe, 0xa6, 0x00, 0x05, 0xfb, 0xac, 0x00, 0x01, 0xfe, 0xa8, 0x00, 0x02
    dc.b    0x7e, 0xf9, 0x10, 0x0b, 0x91, 0x11, 0x7e, 0xf9, 0x00, 0x0e, 0x7e, 0xe9, 0x00, 0x20, 0x7f, 0xf1
    dc.b    0x10, 0x2b, 0x19, 0x11, 0x7f, 0xd1, 0x00, 0x00, 0x00, 0x00
spr_hud_energy_y_p2_animation0_frame8_tileset_data_size = .-spr_hud_energy_y_p2_animation0_frame8_tileset_data

    .align  2
spr_hud_energy_y_p2_animation0_frame9_tileset_data:
    dc.b    0x00, 0x01, 0xfd, 0x48, 0x02, 0x00, 0x18, 0x00, 0x99, 0x99, 0x00, 0x20, 0x7f, 0xf1, 0x00, 0x02
    dc.b    0xfe, 0xa1, 0x00, 0x04, 0xfb, 0xae, 0x10, 0x03, 0x92, 0x29, 0xfb, 0xb2, 0x00, 0x02, 0xfe, 0x84
    dc.b    0x00, 0x05, 0xfb, 0x8a, 0x00, 0x01, 0xfe, 0x86, 0x03, 0x2f, 0x10, 0x2b, 0x91, 0x11, 0x7f, 0xb1
    dc.b    0x00, 0x10, 0x7f, 0xf1, 0x10, 0x2b, 0x19, 0x11, 0x7f, 0xd1, 0x01, 0x00, 0x21, 0x01, 0x02, 0x22
    dc.b    0x22, 0x22, 0x12, 0x01, 0x12, 0x22, 0x14, 0x01, 0x92, 0x22, 0x07, 0x15, 0x09, 0x00, 0x1c, 0x00
    dc.b    0x22, 0x22, 0x00, 0x3f, 0x7f, 0xe1, 0x1b, 0x1f, 0x99, 0x91, 0x00, 0x00, 0x00, 0x00
spr_hud_energy_y_p2_animation0_frame9_tileset_data_size = .-spr_hud_energy_y_p2_animation0_frame9_tileset_data

    .align  2
spr_hud_energy_y_p2_animation0_frame10_tileset_data:
    dc.b    0x13, 0x00, 0x00, 0x00, 0x11, 0x01, 0x22, 0x22, 0x12, 0x01, 0x11, 0x11, 0x15, 0x01, 0x99, 0x99
    dc.b    0x02, 0x00, 0x04, 0x15, 0x08, 0x00, 0x1c, 0x00, 0x22, 0x22, 0x00, 0x1f, 0x7f, 0xe1, 0x1f, 0x1f
    dc.b    0x99, 0x91, 0x03, 0x00, 0x00, 0x02, 0xfe, 0x67, 0x00, 0x04, 0xfb, 0x74, 0x10, 0x03, 0x92, 0x29
    dc.b    0xfb, 0x78, 0x07, 0x00, 0x00, 0x02, 0xfe, 0x49, 0x00, 0x05, 0xfb, 0x4f, 0x00, 0x01, 0xfe, 0x4b
    dc.b    0x01, 0x0f, 0x00, 0x02, 0xfe, 0x9d, 0x03, 0x61, 0x05, 0x00, 0x03, 0x0f, 0x01, 0x00, 0x00, 0x2c
    dc.b    0x7f, 0xf1, 0x10, 0x3d, 0x19, 0x11, 0x7f, 0xc1, 0x00, 0x2c, 0x7f, 0xf1, 0x00, 0x00, 0x00, 0x00
spr_hud_energy_y_p2_animation0_frame10_tileset_data_size = .-spr_hud_energy_y_p2_animation0_frame10_tileset_data

    .align  2
spr_hud_energy_y_p2_animation0_frame11_tileset_data:
    dc.b    0x16, 0x00, 0x00, 0x00, 0x11, 0x00, 0x11, 0x11, 0x28, 0x00, 0x11, 0x91, 0x99, 0x99, 0x07, 0x15
    dc.b    0x06, 0x00, 0x11, 0x01, 0x00, 0x22, 0x21, 0x01, 0x11, 0x11, 0x11, 0x22, 0x24, 0x01, 0x99, 0x99
    dc.b    0x99, 0x22, 0x00, 0x0f, 0x7f, 0xe1, 0x1c, 0x00, 0x22, 0x22, 0x2f, 0x1f, 0x99, 0x99, 0x99, 0x91
    dc.b    0x03, 0x00, 0x00, 0x02, 0xfe, 0x30, 0x00, 0x04, 0xfb, 0x3d, 0x10, 0x03, 0x92, 0x29, 0xfb, 0x41
    dc.b    0x07, 0x00, 0x00, 0x02, 0xfe, 0x12, 0x00, 0x05, 0xfb, 0x18, 0x00, 0x01, 0xfe, 0x14, 0x03, 0x87
    dc.b    0x2b, 0x87, 0x91, 0x11, 0x11, 0x11, 0x02, 0x97, 0x00, 0x2d, 0x7f, 0xf1, 0x10, 0x3d, 0x19, 0x11
    dc.b    0x7f, 0xc1, 0x00, 0x2c, 0x7f, 0xf1, 0x00, 0x00, 0x00, 0x00
spr_hud_energy_y_p2_animation0_frame11_tileset_data_size = .-spr_hud_energy_y_p2_animation0_frame11_tileset_data

    .align  2
spr_hud_energy_y_p2_animation0_frame12_tileset_data:
    dc.b    0x00, 0x01, 0xfc, 0xb4, 0x01, 0x00, 0x28, 0x00, 0x11, 0x91, 0x99, 0x99, 0x04, 0x0f, 0x1e, 0x0f
    dc.b    0x11, 0x11, 0x16, 0x0c, 0x11, 0x19, 0x13, 0x0f, 0x99, 0x91, 0x00, 0x02, 0xfe, 0x07, 0x00, 0x04
    dc.b    0xfb, 0x14, 0x10, 0x03, 0x92, 0x29, 0xfb, 0x18, 0x00, 0x02, 0xfd, 0xea, 0x00, 0x05, 0xfa, 0xf0
    dc.b    0x00, 0x01, 0xfd, 0xec, 0x03, 0x2f, 0x1f, 0x3f, 0x91, 0x11, 0x00, 0x2d, 0x7f, 0xf1, 0x10, 0x3d
    dc.b    0x19, 0x11, 0x7f, 0xc1, 0x00, 0x2a, 0x7f, 0xf1, 0x00, 0x00, 0x00, 0x00
spr_hud_energy_y_p2_animation0_frame12_tileset_data_size = .-spr_hud_energy_y_p2_animation0_frame12_tileset_data

    .align  2
spr_hud_energy_r_p2_animation0_frame0_tileset_data:
    dc.b    0x00, 0x01, 0xfc, 0xb7, 0x00, 0x0f, 0x00, 0x00, 0x01, 0x13, 0x14, 0x00, 0x00, 0x00, 0x01, 0x07
    dc.b    0x20, 0xff, 0x22, 0x22, 0x22, 0x22, 0x7f, 0xe1, 0x00, 0xbe, 0x7f, 0xe1, 0x3f, 0x01, 0x11, 0x10
    dc.b    0xaa, 0xaa, 0xaa, 0xa1, 0x01, 0x13, 0x06, 0x1f, 0x30, 0x00, 0x11, 0x10, 0x22, 0x22, 0x22, 0x21
    dc.b    0x00, 0x00, 0x00, 0x00
spr_hud_energy_r_p2_animation0_frame0_tileset_data_size = .-spr_hud_energy_r_p2_animation0_frame0_tileset_data

    .align  2
spr_hud_energy_r_p2_animation0_frame1_tileset_data:
    dc.b    0x4f, 0x01, 0x00, 0x11, 0x11, 0x11, 0x00, 0xaa, 0xaa, 0xaa, 0x01, 0x13, 0x14, 0x00, 0x00, 0x00
    dc.b    0x01, 0x07, 0x10, 0x02, 0x00, 0x22, 0xfc, 0x92, 0x00, 0x0f, 0x00, 0x00, 0x01, 0x13, 0x05, 0x1f
    dc.b    0x01, 0x07, 0x10, 0xff, 0x22, 0x22, 0x7f, 0xe1, 0x10, 0x01, 0x11, 0x11, 0xff, 0xdf, 0x0f, 0x01
    dc.b    0x01, 0x13, 0x06, 0x1f, 0x00, 0x01, 0xff, 0xe0, 0x00, 0x7e, 0x7f, 0x61, 0x00, 0x00, 0x00, 0x00
spr_hud_energy_r_p2_animation0_frame1_tileset_data_size = .-spr_hud_energy_r_p2_animation0_frame1_tileset_data

    .align  2
spr_hud_energy_r_p2_animation0_frame2_tileset_data:
    dc.b    0x40, 0x0f, 0x00, 0x00, 0x11, 0x11, 0x00, 0x00, 0xaa, 0xaa, 0x7f, 0xff, 0x01, 0x13, 0x05, 0x00
    dc.b    0x01, 0x07, 0x00, 0x02, 0xfc, 0x73, 0x00, 0x0f, 0x00, 0x00, 0x01, 0x13, 0x06, 0x1e, 0x20, 0xff
    dc.b    0x11, 0x11, 0x22, 0x22, 0x7f, 0xe1, 0x00, 0x5f, 0x7f, 0xe1, 0x00, 0x01, 0xff, 0xbf, 0x0f, 0x01
    dc.b    0x01, 0x13, 0x06, 0x1f, 0x00, 0x01, 0xff, 0xc0, 0x00, 0x00, 0x00, 0x00
spr_hud_energy_r_p2_animation0_frame2_tileset_data_size = .-spr_hud_energy_r_p2_animation0_frame2_tileset_data

    .align  2
spr_hud_energy_r_p2_animation0_frame3_tileset_data:
    dc.b    0x00, 0x01, 0xfc, 0x5f, 0x00, 0x0f, 0x00, 0x00, 0x01, 0x13, 0x14, 0x00, 0x00, 0x00, 0x01, 0x07
    dc.b    0x20, 0xff, 0x22, 0x22, 0x22, 0x22, 0x7f, 0xe1, 0x00, 0x3e, 0x7f, 0xe1, 0x00, 0x01, 0xff, 0xa8
    dc.b    0x0f, 0x01, 0x01, 0x13, 0x06, 0x1f, 0x00, 0x01, 0xff, 0xa9, 0x00, 0x00, 0x00, 0x00
spr_hud_energy_r_p2_animation0_frame3_tileset_data_size = .-spr_hud_energy_r_p2_animation0_frame3_tileset_data

    .align  2
spr_hud_energy_r_p2_animation0_frame4_tileset_data:
    dc.b    0x00, 0x01, 0xfc, 0x48, 0x00, 0x0f, 0x00, 0x00, 0x01, 0x13, 0x14, 0x00, 0x00, 0x00, 0x01, 0x07
    dc.b    0x20, 0x9f, 0x22, 0x22, 0x22, 0x22, 0x7f, 0xe1, 0x00, 0x01, 0xff, 0x93, 0x0f, 0x01, 0x01, 0x13
    dc.b    0x06, 0x1f, 0x00, 0x01, 0xff, 0x94, 0x00, 0x02, 0xff, 0x98, 0x0f, 0x01, 0x01, 0x13, 0x05, 0x1f
    dc.b    0x01, 0x07, 0x10, 0x5f, 0x00, 0x22, 0x7f, 0x61, 0x00, 0x00, 0x00, 0x00
spr_hud_energy_r_p2_animation0_frame4_tileset_data_size = .-spr_hud_energy_r_p2_animation0_frame4_tileset_data

    .align  2
spr_hud_energy_r_p2_animation0_frame5_tileset_data:
    dc.b    0x00, 0x01, 0xfc, 0x2a, 0x00, 0x0f, 0x00, 0x00, 0x01, 0x13, 0x14, 0x00, 0x00, 0x00, 0x01, 0x07
    dc.b    0x20, 0x5e, 0x22, 0x22, 0x22, 0x22, 0x7f, 0xe1, 0x00, 0x02, 0xff, 0xa1, 0x00, 0x0f, 0x7f, 0xff
    dc.b    0x06, 0x1f, 0x02, 0x07, 0x00, 0x5f, 0x7f, 0x81, 0x00, 0x1f, 0x7f, 0xe1, 0x00, 0x01, 0xff, 0x6b
    dc.b    0x0f, 0x01, 0x01, 0x13, 0x06, 0x1f, 0x00, 0x01, 0xff, 0x6c, 0x00, 0x00, 0x00, 0x00
spr_hud_energy_r_p2_animation0_frame5_tileset_data_size = .-spr_hud_energy_r_p2_animation0_frame5_tileset_data

    .align  2
spr_hud_energy_r_p2_animation0_frame6_tileset_data:
    dc.b    0x00, 0x01, 0xfc, 0x0b, 0x00, 0x0f, 0x00, 0x00, 0x01, 0x13, 0x14, 0x00, 0x00, 0x00, 0x01, 0x07
    dc.b    0x20, 0xbf, 0x22, 0x22, 0x22, 0x22, 0x7f, 0xe1, 0x00, 0x01, 0xff, 0x56, 0x0f, 0x01, 0x01, 0x13
    dc.b    0x06, 0x1f, 0x00, 0x01, 0xff, 0x57, 0x00, 0x00, 0x00, 0x00
spr_hud_energy_r_p2_animation0_frame6_tileset_data_size = .-spr_hud_energy_r_p2_animation0_frame6_tileset_data

    .align  2
spr_hud_energy_r_p2_animation0_frame7_tileset_data:
    dc.b    0x4f, 0x01, 0x00, 0x01, 0x11, 0x11, 0x00, 0x0a, 0xaa, 0xaa, 0x01, 0x13, 0x14, 0x00, 0x00, 0x00
    dc.b    0x01, 0x07, 0x10, 0x02, 0x00, 0x02, 0xfb, 0xeb, 0x00, 0x0f, 0x00, 0x00, 0x01, 0x13, 0x05, 0x1f
    dc.b    0x01, 0x07, 0x10, 0x80, 0x22, 0x22, 0x7f, 0xe1, 0x00, 0x01, 0xff, 0x39, 0x0f, 0x01, 0x01, 0x13
    dc.b    0x06, 0x1f, 0x00, 0x01, 0xff, 0x3a, 0x00, 0x00, 0x00, 0x00
spr_hud_energy_r_p2_animation0_frame7_tileset_data_size = .-spr_hud_energy_r_p2_animation0_frame7_tileset_data

    .align  2
spr_hud_energy_r_p2_animation0_frame8_tileset_data:
    dc.b    0x40, 0x0f, 0x00, 0x00, 0x01, 0x11, 0x00, 0x00, 0x0a, 0xaa, 0x7f, 0xff, 0x01, 0x13, 0x05, 0x00
    dc.b    0x01, 0x07, 0x10, 0x01, 0x02, 0x22, 0xfb, 0xcf, 0x00, 0x0f, 0x00, 0x00, 0x01, 0x13, 0x05, 0x1e
    dc.b    0x01, 0x07, 0x20, 0x5f, 0x22, 0x22, 0x22, 0x22, 0x7f, 0xe1, 0x00, 0x01, 0xff, 0x1b, 0x0f, 0x01
    dc.b    0x01, 0x13, 0x06, 0x1f, 0x00, 0x01, 0xff, 0x1c, 0x00, 0x00, 0x00, 0x00
spr_hud_energy_r_p2_animation0_frame8_tileset_data_size = .-spr_hud_energy_r_p2_animation0_frame8_tileset_data

    .align  2
spr_hud_energy_r_p2_animation0_frame9_tileset_data:
    dc.b    0x00, 0x01, 0xfb, 0xbb, 0x00, 0x0f, 0x00, 0x00, 0x01, 0x13, 0x14, 0x00, 0x00, 0x00, 0x01, 0x07
    dc.b    0x20, 0x3f, 0x22, 0x22, 0x22, 0x22, 0x7f, 0xe1, 0x00, 0x01, 0xff, 0x06, 0x0f, 0x01, 0x01, 0x13
    dc.b    0x06, 0x1f, 0x00, 0x01, 0xff, 0x07, 0x00, 0x00, 0x00, 0x00
spr_hud_energy_r_p2_animation0_frame9_tileset_data_size = .-spr_hud_energy_r_p2_animation0_frame9_tileset_data

    .align  2
spr_hud_energy_r_p2_animation0_frame10_tileset_data:
    dc.b    0x00, 0x02, 0xff, 0xb0, 0x0f, 0x01, 0x01, 0x13, 0x14, 0x00, 0x00, 0x00, 0x01, 0x07, 0x10, 0x02
    dc.b    0x00, 0x02, 0xfb, 0x9d, 0x00, 0x0f, 0x00, 0x00, 0x01, 0x13, 0x05, 0x1f, 0x01, 0x07, 0x11, 0x1f
    dc.b    0x22, 0x22, 0x00, 0x01, 0xfe, 0xec, 0x0f, 0x01, 0x01, 0x13, 0x06, 0x1f, 0x00, 0x01, 0xfe, 0xed
    dc.b    0x00, 0x00, 0x00, 0x00
spr_hud_energy_r_p2_animation0_frame10_tileset_data_size = .-spr_hud_energy_r_p2_animation0_frame10_tileset_data

    .align  2
spr_hud_energy_r_p2_animation0_frame11_tileset_data:
    dc.b    0x00, 0x02, 0xff, 0xb3, 0x00, 0x0f, 0x7f, 0xff, 0x01, 0x13, 0x05, 0x00, 0x01, 0x07, 0x20, 0x01
    dc.b    0x02, 0x22, 0x11, 0x11, 0xfe, 0xda, 0x0f, 0x01, 0x01, 0x13, 0x05, 0x1e, 0x01, 0x07, 0x20, 0x00
    dc.b    0x22, 0x22, 0x22, 0x21, 0x00, 0x00, 0x00, 0x00
spr_hud_energy_r_p2_animation0_frame11_tileset_data_size = .-spr_hud_energy_r_p2_animation0_frame11_tileset_data

    .align  2
spr_hud_ko_animation0_frame0_tileset_data:
    dc.b    0x12, 0x00, 0x00, 0x00, 0x41, 0x01, 0xbb, 0xbb, 0xbb, 0xbb, 0xb6, 0xaa, 0xaa, 0xaa, 0x24, 0x01
    dc.b    0xbb, 0xb6, 0xaa, 0xab, 0x01, 0x07, 0x03, 0x01, 0x02, 0x09, 0x03, 0x13, 0x01, 0x19, 0x05, 0x1f
    dc.b    0x21, 0x01, 0xba, 0xaa, 0xaa, 0xab, 0x36, 0x1e, 0xbb, 0xaa, 0xab, 0xbb, 0xba, 0xaa, 0x21, 0x01
    dc.b    0xba, 0xaa, 0xab, 0xb6, 0x41, 0x01, 0xbb, 0xaa, 0xaa, 0xbb, 0xba, 0xaa, 0xaa, 0xaa, 0x07, 0x1f
    dc.b    0x11, 0x00, 0xaa, 0xaa, 0x01, 0x1b, 0x1b, 0x01, 0xbb, 0xbb, 0x11, 0x33, 0xba, 0xab, 0x01, 0x27
    dc.b    0x07, 0x1f, 0x6e, 0x01, 0xb0, 0x00, 0xaa, 0xaa, 0xbb, 0x00, 0xaa, 0xaa, 0xab, 0x00, 0x6a, 0xaa
    dc.b    0x01, 0x11, 0x01, 0x15, 0x01, 0x19, 0x00, 0x00, 0x00, 0x00
spr_hud_ko_animation0_frame0_tileset_data_size = .-spr_hud_ko_animation0_frame0_tileset_data

    .align  2
spr_hud_energy_segment_animation0_frame0_tileset_data:
    dc.b    0x00, 0x00, 0x00, 0x00, 0x00, 0x00, 0x00, 0x00, 0x22, 0x22, 0x22, 0x22, 0x22, 0x22, 0x22, 0x22
    dc.b    0x22, 0x22, 0x22, 0x22, 0x22, 0x22, 0x22, 0x22, 0x00, 0x00, 0x00, 0x00, 0x00, 0x00, 0x00, 0x00
    dc.b    0x00, 0x00, 0x00, 0x00, 0x00, 0x00, 0x00, 0x00, 0x22, 0x22, 0x22, 0x22, 0x22, 0x22, 0x22, 0x22
    dc.b    0x22, 0x22, 0x22, 0x22, 0x22, 0x22, 0x22, 0x22, 0x00, 0x00, 0x00, 0x00, 0x00, 0x00, 0x00, 0x00
spr_hud_energy_segment_animation0_frame0_tileset_data_size = .-spr_hud_energy_segment_animation0_frame0_tileset_data

    .align  2
spr_hud_damage_segment_animation0_frame0_tileset_data:
    dc.b    0x00, 0x00, 0x00, 0x00, 0x00, 0x00, 0x00, 0x00, 0x33, 0x33, 0x33, 0x33, 0x33, 0x33, 0x33, 0x33
    dc.b    0x33, 0x33, 0x33, 0x33, 0x33, 0x33, 0x33, 0x33, 0x00, 0x00, 0x00, 0x00, 0x00, 0x00, 0x00, 0x00
    dc.b    0x00, 0x00, 0x00, 0x00, 0x00, 0x00, 0x00, 0x00, 0x33, 0x33, 0x33, 0x33, 0x33, 0x33, 0x33, 0x33
    dc.b    0x33, 0x33, 0x33, 0x33, 0x33, 0x33, 0x33, 0x33, 0x00, 0x00, 0x00, 0x00, 0x00, 0x00, 0x00, 0x00
spr_hud_damage_segment_animation0_frame0_tileset_data_size = .-spr_hud_damage_segment_animation0_frame0_tileset_data

    .align  2
spr_hud_clock_digit_animation0_frame0_tileset_data:
    dc.b    0x00, 0x00, 0x00, 0x00, 0x00, 0x00, 0x00, 0x00, 0x00, 0x00, 0x00, 0xbb, 0x00, 0x00, 0xb4, 0x50
    dc.b    0x00, 0x00, 0x44, 0x40, 0x00, 0x00, 0xb4, 0x70, 0x00, 0x00, 0x40, 0x05, 0x00, 0x0b, 0x55, 0x5b
    dc.b    0x00, 0xb6, 0xaa, 0xb0, 0x00, 0xb6, 0xa6, 0x00, 0x00, 0xba, 0xa6, 0xbb, 0x00, 0xba, 0xaa, 0x66
    dc.b    0x00, 0xb6, 0xaa, 0xaa, 0x00, 0x0b, 0xb6, 0x6b, 0x00, 0x00, 0x00, 0x00, 0x00, 0x00, 0x00, 0x00
    dc.b    0x00, 0x00, 0x00, 0x00, 0x00, 0x00, 0x00, 0x00, 0x44, 0x44, 0xbb, 0x00, 0x00, 0x00, 0x04, 0xb0
    dc.b    0x00, 0x45, 0x00, 0xb0, 0x04, 0xb4, 0x00, 0x50, 0xb0, 0x04, 0x00, 0x40, 0x00, 0xb5, 0x55, 0xb0
    dc.b    0x0b, 0x6a, 0xab, 0x00, 0xbb, 0xaa, 0x6b, 0x00, 0x6a, 0xa6, 0xb0, 0x00, 0xaa, 0x6b, 0x00, 0x00
    dc.b    0x6b, 0xb0, 0x00, 0x00, 0xb0, 0x00, 0x00, 0x00, 0x00, 0x00, 0x00, 0x00, 0x00, 0x00, 0x00, 0x00
spr_hud_clock_digit_animation0_frame0_tileset_data_size = .-spr_hud_clock_digit_animation0_frame0_tileset_data

    .align  2
spr_hud_clock_digit_animation0_frame1_tileset_data:
    dc.b    0x00, 0x00, 0x00, 0x00, 0x00, 0x00, 0x00, 0x00, 0x00, 0x00, 0x00, 0x0b, 0x00, 0x00, 0x00, 0xb4
    dc.b    0x00, 0x00, 0x0b, 0x40, 0x00, 0x00, 0xb4, 0x55, 0x00, 0x00, 0x6a, 0xaa, 0x00, 0x00, 0x66, 0xba
    dc.b    0x00, 0x00, 0x0b, 0x6a, 0x00, 0x00, 0x0b, 0xaa, 0x00, 0x00, 0xb6, 0xaa, 0x00, 0x00, 0xb6, 0xa6
    dc.b    0x00, 0x00, 0x0b, 0x6b, 0x00, 0x00, 0x0b, 0xbb, 0x00, 0x00, 0x00, 0xb0, 0x00, 0x00, 0x00, 0x00
    dc.b    0x00, 0xbb, 0x00, 0x00, 0x0b, 0x55, 0xb0, 0x00, 0xb7, 0x05, 0xb0, 0x00, 0x00, 0x04, 0x00, 0x00
    dc.b    0x00, 0x5b, 0x00, 0x00, 0x55, 0x40, 0x00, 0x00, 0xaa, 0xb0, 0x00, 0x00, 0xab, 0xb0, 0x00, 0x00
    dc.b    0x6b, 0x00, 0x00, 0x00, 0x60, 0x00, 0x00, 0x00, 0xb0, 0x00, 0x00, 0x00, 0xb0, 0x00, 0x00, 0x00
    dc.b    0x00, 0x00, 0x00, 0x00, 0x00, 0x00, 0x00, 0x00, 0x00, 0x00, 0x00, 0x00, 0x00, 0x00, 0x00, 0x00
spr_hud_clock_digit_animation0_frame1_tileset_data_size = .-spr_hud_clock_digit_animation0_frame1_tileset_data

    .align  2
spr_hud_clock_digit_animation0_frame2_tileset_data:
    dc.b    0x00, 0x00, 0x00, 0x00, 0x00, 0x00, 0x00, 0x00, 0x00, 0x00, 0x00, 0xbb, 0x00, 0x00, 0x0b, 0x40
    dc.b    0x00, 0x00, 0x04, 0x00, 0x00, 0x00, 0xb7, 0x54, 0x00, 0x00, 0x44, 0xbb, 0x00, 0x00, 0xb9, 0xb6
    dc.b    0x00, 0x00, 0x0b, 0x6a, 0x00, 0x00, 0xbb, 0xaa, 0x00, 0x0b, 0x6a, 0xaa, 0x00, 0xb6, 0xaa, 0xaa
    dc.b    0x00, 0xba, 0xaa, 0xaa, 0x00, 0xb6, 0xa6, 0xbb, 0x00, 0x0b, 0xbb, 0x00, 0x00, 0x00, 0x00, 0x00
    dc.b    0x00, 0x00, 0x00, 0x00, 0x0b, 0xbb, 0x00, 0x00, 0x57, 0x07, 0x40, 0x00, 0x00, 0x00, 0x0b, 0x00
    dc.b    0x75, 0x00, 0x04, 0x00, 0xb4, 0x00, 0x5b, 0x00, 0x45, 0x55, 0xb0, 0x00, 0xaa, 0xab, 0xb0, 0x00
    dc.b    0xaa, 0xb0, 0x00, 0x00, 0x6b, 0xbb, 0xbb, 0xb0, 0x66, 0x66, 0x6b, 0xbb, 0xaa, 0xaa, 0xbb, 0x00
    dc.b    0x66, 0xbb, 0xb0, 0x00, 0xbb, 0x00, 0x00, 0x00, 0x00, 0x00, 0x00, 0x00, 0x00, 0x00, 0x00, 0x00
spr_hud_clock_digit_animation0_frame2_tileset_data_size = .-spr_hud_clock_digit_animation0_frame2_tileset_data

    .align  2
spr_hud_clock_digit_animation0_frame3_tileset_data:
    dc.b    0x00, 0x00, 0x00, 0x00, 0x00, 0x00, 0x00, 0x0b, 0x00, 0x00, 0x0b, 0xb4, 0x00, 0x00, 0x0b, 0x00
    dc.b    0x00, 0x00, 0x04, 0x05, 0x00, 0x00, 0x0b, 0xbb, 0x00, 0x00, 0x00, 0xb4, 0x00, 0x00, 0x00, 0xba
    dc.b    0x00, 0x00, 0x00, 0xbb, 0x00, 0x00, 0x00, 0x0b, 0x00, 0x00, 0xbb, 0xb6, 0x00, 0x0b, 0xba, 0xaa
    dc.b    0x00, 0xbb, 0xaa, 0x66, 0xbb, 0xbb, 0xbb, 0xbb, 0x06, 0xb0, 0x00, 0x00, 0x00, 0x00, 0x00, 0x00
    dc.b    0x00, 0x00, 0x00, 0x00, 0xb4, 0x44, 0xbb, 0x00, 0x00, 0x00, 0x04, 0xb0, 0x00, 0x00, 0x00, 0xb0
    dc.b    0x5b, 0x40, 0x00, 0xb0, 0xb4, 0x50, 0x54, 0xb0, 0x55, 0x55, 0x4b, 0x00, 0xaa, 0x6a, 0xab, 0x00
    dc.b    0xbb, 0xba, 0xa6, 0x00, 0xb6, 0xaa, 0xab, 0x00, 0xaa, 0xaa, 0xbb, 0x00, 0xaa, 0x6b, 0xb0, 0x00
    dc.b    0x6b, 0xb0, 0x00, 0x00, 0xb0, 0x00, 0x00, 0x00, 0x00, 0x00, 0x00, 0x00, 0x00, 0x00, 0x00, 0x00
spr_hud_clock_digit_animation0_frame3_tileset_data_size = .-spr_hud_clock_digit_animation0_frame3_tileset_data

    .align  2
spr_hud_clock_digit_animation0_frame4_tileset_data:
    dc.b    0x00, 0x00, 0x00, 0x00, 0x00, 0x00, 0x00, 0x0b, 0x00, 0x00, 0x00, 0xb5, 0x00, 0x00, 0x0b, 0x40
    dc.b    0x00, 0x00, 0x0b, 0x00, 0x00, 0x00, 0xb4, 0x75, 0x00, 0x0b, 0xb4, 0x44, 0x00, 0x0b, 0xaa, 0xaa
    dc.b    0x00, 0x0b, 0xaa, 0x6b, 0x00, 0x0b, 0xbb, 0xbb, 0x00, 0x00, 0x00, 0x0b, 0x00, 0x00, 0x00, 0x0b
    dc.b    0x00, 0x00, 0x00, 0x0b, 0x00, 0x00, 0x00, 0x0b, 0x00, 0x00, 0x00, 0x00, 0x00, 0x00, 0x00, 0x00
    dc.b    0xb4, 0xb0, 0x00, 0x00, 0x50, 0x40, 0x00, 0x00, 0x05, 0xb0, 0x00, 0x00, 0x04, 0x0b, 0xb0, 0x00
    dc.b    0x50, 0xb0, 0x54, 0x00, 0xbb, 0x57, 0x54, 0x00, 0x45, 0x54, 0x54, 0x6b, 0xaa, 0xaa, 0x6b, 0xbb
    dc.b    0x6a, 0xab, 0xb0, 0x00, 0xaa, 0x6b, 0x00, 0x00, 0xaa, 0xb0, 0x00, 0x00, 0xa6, 0xb0, 0x00, 0x00
    dc.b    0x6b, 0x00, 0x00, 0x00, 0xbb, 0x00, 0x00, 0x00, 0xb0, 0x00, 0x00, 0x00, 0x00, 0x00, 0x00, 0x00
spr_hud_clock_digit_animation0_frame4_tileset_data_size = .-spr_hud_clock_digit_animation0_frame4_tileset_data

    .align  2
spr_hud_clock_digit_animation0_frame5_tileset_data:
    dc.b    0x00, 0x00, 0x00, 0x00, 0x00, 0x00, 0x00, 0x00, 0x00, 0x00, 0x00, 0x04, 0x00, 0x00, 0x0b, 0x45
    dc.b    0x00, 0x00, 0x0b, 0x50, 0x00, 0x00, 0x0b, 0x50, 0x00, 0x00, 0x04, 0x77, 0x00, 0x00, 0x0b, 0x44
    dc.b    0x00, 0x00, 0x0b, 0xb6, 0x00, 0x00, 0x00, 0x00, 0x00, 0x00, 0x0b, 0xbb, 0x00, 0xbb, 0x66, 0x6a
    dc.b    0x0b, 0xb6, 0xaa, 0xaa, 0xbb, 0xb6, 0x66, 0x6b, 0x00, 0x00, 0x00, 0x00, 0x00, 0x00, 0x00, 0x00
    dc.b    0x00, 0x00, 0x00, 0x00, 0x00, 0x00, 0x0b, 0x44, 0x44, 0x54, 0x54, 0x44, 0x00, 0x00, 0x04, 0x00
    dc.b    0x00, 0x05, 0x4b, 0x00, 0x54, 0xbb, 0x00, 0x00, 0x55, 0x54, 0xb0, 0x00, 0x45, 0x55, 0x6b, 0x00
    dc.b    0xb6, 0xaa, 0x6b, 0x00, 0xb6, 0xaa, 0xb0, 0x00, 0xaa, 0xa6, 0xb0, 0x00, 0xaa, 0x6b, 0x00, 0x00
    dc.b    0x6b, 0xb0, 0x00, 0x00, 0xbb, 0x00, 0x00, 0x00, 0x00, 0x00, 0x00, 0x00, 0x00, 0x00, 0x00, 0x00
spr_hud_clock_digit_animation0_frame5_tileset_data_size = .-spr_hud_clock_digit_animation0_frame5_tileset_data

    .align  2
spr_hud_clock_digit_animation0_frame6_tileset_data:
    dc.b    0x00, 0x00, 0x00, 0x00, 0x00, 0x00, 0x00, 0x00, 0x00, 0x00, 0x00, 0x00, 0x00, 0x00, 0x00, 0x00
    dc.b    0x00, 0x00, 0x00, 0xb4, 0x00, 0x00, 0x0b, 0x40, 0x00, 0x00, 0x0b, 0x77, 0x00, 0x00, 0xb4, 0x55
    dc.b    0x00, 0x0b, 0x6a, 0xaa, 0x0b, 0xb6, 0xaa, 0x6b, 0xbb, 0xba, 0xaa, 0xb0, 0xbb, 0xb6, 0xaa, 0x66
    dc.b    0x00, 0x0b, 0xaa, 0xaa, 0x00, 0x0b, 0xb6, 0x66, 0x00, 0x00, 0x00, 0x00, 0x00, 0x00, 0x00, 0x00
    dc.b    0x00, 0x00, 0x00, 0x00, 0x00, 0x00, 0x00, 0x00, 0x0b, 0x44, 0x54, 0x00, 0x45, 0x00, 0x0b, 0x00
    dc.b    0x00, 0x05, 0xb0, 0x00, 0x00, 0x4b, 0x00, 0x00, 0x75, 0x44, 0xb0, 0x00, 0x55, 0x55, 0x4b, 0x00
    dc.b    0x66, 0xaa, 0xab, 0x00, 0xbb, 0x6a, 0x6b, 0x00, 0xb6, 0xa6, 0xb0, 0x00, 0xaa, 0xab, 0x00, 0x00
    dc.b    0xa6, 0xb0, 0x00, 0x00, 0xbb, 0x00, 0x00, 0x00, 0x00, 0x00, 0x00, 0x00, 0x00, 0x00, 0x00, 0x00
spr_hud_clock_digit_animation0_frame6_tileset_data_size = .-spr_hud_clock_digit_animation0_frame6_tileset_data

    .align  2
spr_hud_clock_digit_animation0_frame7_tileset_data:
    dc.b    0x00, 0x00, 0x00, 0x00, 0x00, 0x00, 0x00, 0x00, 0x00, 0x00, 0x00, 0xbb, 0x00, 0x00, 0xb4, 0x50
    dc.b    0x00, 0x00, 0x45, 0x05, 0x00, 0x00, 0x00, 0x0b, 0x00, 0x00, 0x0b, 0xb4, 0x00, 0x00, 0xb6, 0x45
    dc.b    0x00, 0x00, 0xb6, 0xaa, 0x00, 0x00, 0x0b, 0xaa, 0x00, 0x00, 0xb6, 0xa6, 0x00, 0x00, 0xba, 0xab
    dc.b    0x00, 0x00, 0xb6, 0x6b, 0x00, 0x00, 0xb6, 0xb0, 0x00, 0x00, 0xbb, 0x00, 0x00, 0x00, 0x00, 0x00
    dc.b    0x00, 0x00, 0x00, 0x00, 0x00, 0x0b, 0xbb, 0xb0, 0x44, 0x55, 0x00, 0x40, 0x00, 0x00, 0x05, 0xb0
    dc.b    0x40, 0x00, 0x7b, 0x00, 0x40, 0x05, 0xbb, 0x40, 0x00, 0x77, 0x54, 0x40, 0x55, 0x44, 0x4b, 0x00
    dc.b    0xab, 0xbb, 0x00, 0x00, 0x6b, 0x00, 0x00, 0x00, 0xb0, 0x00, 0x00, 0x00, 0x00, 0x00, 0x00, 0x00
    dc.b    0x00, 0x00, 0x00, 0x00, 0x00, 0x00, 0x00, 0x00, 0x00, 0x00, 0x00, 0x00, 0x00, 0x00, 0x00, 0x00
spr_hud_clock_digit_animation0_frame7_tileset_data_size = .-spr_hud_clock_digit_animation0_frame7_tileset_data

    .align  2
spr_hud_clock_digit_animation0_frame8_tileset_data:
    dc.b    0x00, 0x00, 0x00, 0x00, 0x00, 0x00, 0x00, 0x04, 0x00, 0x00, 0x00, 0x44, 0x00, 0x00, 0x00, 0xb4
    dc.b    0x00, 0x00, 0x0b, 0x50, 0x00, 0x00, 0xb5, 0x05, 0x00, 0x00, 0xb7, 0x75, 0x00, 0x00, 0xb6, 0x55
    dc.b    0x00, 0x0b, 0xba, 0xaa, 0x00, 0xbb, 0xaa, 0xa6, 0x00, 0xba, 0xab, 0xbb, 0x0b, 0x6a, 0xab, 0x66
    dc.b    0x00, 0xba, 0xaa, 0xaa, 0x00, 0xbb, 0x66, 0x66, 0x00, 0x00, 0x00, 0x00, 0x00, 0x00, 0x00, 0x00
    dc.b    0x00, 0x00, 0x00, 0x00, 0x45, 0x54, 0xbb, 0x00, 0x50, 0x00, 0x0b, 0x00, 0x5b, 0x45, 0x05, 0xb0
    dc.b    0x5b, 0x04, 0x00, 0x40, 0xbb, 0x47, 0x00, 0x40, 0x55, 0x57, 0x74, 0x00, 0x55, 0x54, 0xbb, 0x00
    dc.b    0xaa, 0x6b, 0x00, 0x00, 0xb6, 0x6b, 0x00, 0x00, 0xbb, 0xab, 0x00, 0x00, 0xaa, 0x6b, 0x00, 0x00
    dc.b    0xab, 0xb0, 0x00, 0x00, 0xbb, 0x00, 0x00, 0x00, 0x00, 0x00, 0x00, 0x00, 0x00, 0x00, 0x00, 0x00
spr_hud_clock_digit_animation0_frame8_tileset_data_size = .-spr_hud_clock_digit_animation0_frame8_tileset_data

    .align  2
spr_hud_clock_digit_animation0_frame9_tileset_data:
    dc.b    0x00, 0x00, 0x00, 0x00, 0x00, 0x00, 0x00, 0x00, 0x00, 0x00, 0x00, 0xb4, 0x00, 0x00, 0x0b, 0x50
    dc.b    0x00, 0x00, 0xb5, 0x00, 0x00, 0x0b, 0x40, 0x0b, 0x00, 0x0b, 0x77, 0x44, 0x00, 0xb4, 0x55, 0x55
    dc.b    0x00, 0xb6, 0xaa, 0xa6, 0x00, 0x0b, 0xbb, 0xb6, 0x00, 0x00, 0x0b, 0x6a, 0x00, 0x00, 0x0b, 0xaa
    dc.b    0x00, 0x00, 0xb6, 0x6b, 0x00, 0x00, 0xb6, 0xb0, 0x00, 0x0b, 0xbb, 0x00, 0x00, 0x00, 0x00, 0x00
    dc.b    0x00, 0x00, 0x00, 0x00, 0xb4, 0x44, 0x00, 0x00, 0x70, 0x04, 0xbb, 0x00, 0x04, 0xb4, 0x05, 0xb0
    dc.b    0xbb, 0x70, 0x04, 0x00, 0x40, 0x00, 0x5b, 0x00, 0x07, 0x75, 0xb0, 0x00, 0x55, 0x5b, 0x00, 0x00
    dc.b    0xaa, 0x6b, 0x00, 0x00, 0xa6, 0xb0, 0x00, 0x00, 0xab, 0x00, 0x00, 0x00, 0x6b, 0x00, 0x00, 0x00
    dc.b    0xb0, 0x00, 0x00, 0x00, 0x00, 0x00, 0x00, 0x00, 0x00, 0x00, 0x00, 0x00, 0x00, 0x00, 0x00, 0x00
spr_hud_clock_digit_animation0_frame9_tileset_data_size = .-spr_hud_clock_digit_animation0_frame9_tileset_data

    .align  2
spr_hud_portrait_ryo_animation0_frame0_tileset_data:
    dc.b    0x10, 0x20, 0x00, 0x00, 0x00, 0x00, 0x10, 0x01, 0x00, 0x08, 0xff, 0x7d, 0x05, 0x01, 0x76, 0x01
    dc.b    0x00, 0x54, 0x00, 0x00, 0x00, 0x14, 0x00, 0x00, 0x00, 0x11, 0x00, 0x00, 0x00, 0x01, 0x00, 0x20
    dc.b    0x00, 0x00, 0x92, 0x01, 0x08, 0x88, 0x00, 0x88, 0x88, 0xaa, 0x88, 0x44, 0x44, 0x44, 0x44, 0x49
    dc.b    0xdd, 0xd4, 0x99, 0xdd, 0xee, 0xee, 0xf0, 0x00, 0xee, 0xed, 0x99, 0x9d, 0xdd, 0xdd, 0x69, 0x99
    dc.b    0xdd, 0xdd, 0x26, 0x99, 0x9d, 0xd9, 0x22, 0x66, 0x69, 0x99, 0x26, 0x22, 0x66, 0x99, 0x52, 0x69
    dc.b    0x9d, 0xd9, 0x52, 0x66, 0x99, 0xd9, 0x8c, 0x2f, 0x55, 0x26, 0x99, 0x96, 0x11, 0x26, 0x69, 0x96
    dc.b    0x15, 0x52, 0x66, 0x99, 0x11, 0x55, 0x26, 0x99, 0x12, 0x01, 0x00, 0x33, 0xf0, 0x00, 0x03, 0x33
    dc.b    0x00, 0x00, 0x03, 0x77, 0x00, 0x00, 0x03, 0x79, 0x00, 0x00, 0x33, 0x76, 0x00, 0x08, 0x33, 0x36
    dc.b    0x00, 0x58, 0x37, 0x32, 0x8a, 0x8a, 0x33, 0x99, 0xaa, 0xaa, 0xc9, 0xdd, 0xf0, 0x00, 0xac, 0xca
    dc.b    0xcd, 0xdd, 0x4c, 0xca, 0xcc, 0xd9, 0xd4, 0xcc, 0xac, 0xcd, 0xd4, 0x4c, 0xa8, 0xca, 0xd9, 0x4a
    dc.b    0xa8, 0xaa, 0xd9, 0x4a, 0x88, 0xaa, 0x96, 0x45, 0x5a, 0x8a, 0x96, 0x95, 0xf0, 0x00, 0x5a, 0x8a
    dc.b    0x6e, 0xe5, 0xac, 0xca, 0xde, 0xed, 0xac, 0xc4, 0x9d, 0xd9, 0x99, 0x9d, 0x99, 0x69, 0xdd, 0xde
    dc.b    0x66, 0xdd, 0xdd, 0xed, 0x69, 0xee, 0xed, 0x9d, 0xde, 0xdd, 0x9d, 0x99, 0x2a, 0x3d, 0x9d, 0xd9
    dc.b    0x99, 0x96, 0xf0, 0x00, 0x00, 0x03, 0x77, 0x77, 0xbb, 0xbb, 0x7b, 0xbb, 0x77, 0xbb, 0x37, 0x7b
    dc.b    0xb3, 0x37, 0x7b, 0xb3, 0x77, 0x33, 0x93, 0x77, 0x73, 0xde, 0x23, 0x33, 0x33, 0x4e, 0x23, 0x39
    dc.b    0xdd, 0x44, 0xf0, 0x00, 0x22, 0x69, 0xde, 0xf4, 0x62, 0x99, 0xdd, 0xdd, 0x62, 0x99, 0xdd, 0xd2
    dc.b    0x62, 0x29, 0xd2, 0x2a, 0x66, 0x22, 0xdd, 0xae, 0xd9, 0x66, 0x69, 0xde, 0x99, 0x96, 0x49, 0xdd
    dc.b    0x44, 0x44, 0xf0, 0x00, 0x4d, 0xdd, 0x44, 0x44, 0x9d, 0xdd, 0xc4, 0x44, 0xdd, 0x9d, 0xc4, 0x42
    dc.b    0x29, 0xd9, 0x44, 0x26, 0x24, 0x99, 0x42, 0x62, 0x44, 0x46, 0xe2, 0x44, 0x44, 0x4c, 0xed, 0x44
    dc.b    0x44, 0xac, 0x80, 0x00, 0xd9, 0x94, 0x4c, 0xac, 0x99, 0x62, 0xaa, 0x8a, 0x62, 0xaa, 0x8a, 0xa5
    dc.b    0x62, 0x88, 0x58, 0x88, 0x00, 0x00, 0x00, 0x00
spr_hud_portrait_ryo_animation0_frame0_tileset_data_size = .-spr_hud_portrait_ryo_animation0_frame0_tileset_data

    .align  2
spr_hud_portrait_ken_animation0_frame0_tileset_data:
    dc.b    0x00, 0x00, 0x00, 0x00, 0x00, 0x00, 0x00, 0x00, 0x00, 0x00, 0x00, 0x00, 0x00, 0x00, 0x00, 0x63
    dc.b    0x00, 0x00, 0x11, 0x41, 0x00, 0x01, 0x13, 0x99, 0x02, 0x39, 0x8b, 0xa7, 0x33, 0x68, 0xb7, 0xcc
    dc.b    0x26, 0x8b, 0xa7, 0xcc, 0x29, 0x8b, 0xaa, 0xcc, 0x29, 0x88, 0x8b, 0xba, 0x29, 0x88, 0x88, 0xac
    dc.b    0x3d, 0x88, 0x8a, 0x7c, 0x3d, 0x88, 0xba, 0xa7, 0x93, 0xd8, 0x8b, 0xaa, 0x96, 0xd8, 0x8b, 0xba
    dc.b    0x09, 0x3d, 0x88, 0xba, 0x09, 0x33, 0xd8, 0x8b, 0x00, 0x93, 0x3d, 0x88, 0x00, 0x06, 0x3d, 0x8a
    dc.b    0x00, 0x09, 0x63, 0xd8, 0x00, 0x09, 0x96, 0x38, 0x00, 0x00, 0x99, 0x96, 0x00, 0x00, 0x09, 0x99
    dc.b    0x00, 0x00, 0x00, 0x00, 0x00, 0x00, 0x00, 0x00, 0x06, 0x33, 0x32, 0x22, 0x11, 0x11, 0x11, 0x11
    dc.b    0x44, 0x44, 0x44, 0x41, 0x99, 0x99, 0x14, 0x44, 0x77, 0x77, 0x8d, 0x34, 0xcc, 0xc7, 0x78, 0xd4
    dc.b    0xcc, 0xc7, 0x7b, 0xd3, 0xcc, 0x7a, 0xab, 0x8d, 0x7c, 0xcc, 0x7a, 0xdd, 0xcc, 0xcc, 0xcc, 0x78
    dc.b    0xcc, 0xcc, 0xc7, 0x7b, 0x77, 0x77, 0xab, 0x88, 0xbb, 0xaa, 0xa7, 0x77, 0xa7, 0x77, 0xcc, 0xcc
    dc.b    0xa7, 0xcc, 0xcc, 0xcc, 0xa7, 0x77, 0x77, 0xcc, 0x8b, 0xbb, 0xaa, 0xaa, 0xbb, 0xba, 0xab, 0xbb
    dc.b    0x77, 0xaa, 0xbb, 0x88, 0x88, 0x88, 0x88, 0x83, 0x63, 0x33, 0x22, 0x22, 0x96, 0x66, 0x66, 0x66
    dc.b    0x00, 0x00, 0x00, 0x0e, 0x00, 0x00, 0x00, 0x0e, 0x23, 0x66, 0x11, 0xee, 0x23, 0x62, 0x4e, 0xee
    dc.b    0x12, 0x64, 0x4e, 0xee, 0x42, 0x64, 0x4e, 0x2e, 0x44, 0x33, 0x14, 0x4e, 0x41, 0x26, 0x32, 0x44
    dc.b    0x41, 0x21, 0x63, 0x14, 0x22, 0x24, 0x26, 0x24, 0x92, 0x44, 0x44, 0x36, 0xd1, 0x44, 0x44, 0x13
    dc.b    0xd2, 0x14, 0x44, 0x41, 0xd2, 0x21, 0x44, 0x44, 0x77, 0x7b, 0x55, 0x55, 0xcc, 0xc7, 0xb5, 0x88
    dc.b    0xcc, 0xcc, 0x7d, 0x88, 0xcc, 0xcc, 0x7d, 0xd8, 0xab, 0xb8, 0x85, 0x55, 0xb8, 0x88, 0x85, 0x59
    dc.b    0x88, 0x83, 0x31, 0x44, 0x21, 0x14, 0x44, 0x44, 0x22, 0x22, 0x22, 0x22, 0x66, 0x66, 0x66, 0x66
spr_hud_portrait_ken_animation0_frame0_tileset_data_size = .-spr_hud_portrait_ken_animation0_frame0_tileset_data

    .align  2
spr_hud_portrait_musgo_animation0_frame0_tileset_data:
    dc.b    0x10, 0x26, 0x00, 0x00, 0x00, 0x00, 0x30, 0x01, 0x00, 0x0b, 0x00, 0x00, 0x00, 0x02, 0xfe, 0x47
    dc.b    0x1e, 0x15, 0x00, 0x24, 0xf0, 0x00, 0x00, 0x01, 0x00, 0x00, 0x00, 0x41, 0x00, 0x00, 0xff, 0xfb
    dc.b    0x00, 0xfb, 0xbb, 0xbb, 0x00, 0x00, 0x00, 0x9c, 0x00, 0xf0, 0x04, 0x50, 0x00, 0x02, 0x42, 0x14
    dc.b    0x00, 0x24, 0x22, 0x22, 0xf0, 0x00, 0x00, 0x42, 0x22, 0x6b, 0x00, 0x12, 0xe5, 0x52, 0x00, 0x41
    dc.b    0x42, 0x25, 0x00, 0x21, 0x32, 0x26, 0xd2, 0x24, 0x11, 0x24, 0x55, 0x52, 0x13, 0x33, 0x22, 0x42
    dc.b    0x24, 0x66, 0x12, 0x22, 0x3d, 0x2e, 0x42, 0x65, 0x44, 0x62, 0x42, 0x25, 0xf0, 0x00, 0x42, 0x0b
    dc.b    0x00, 0x25, 0x9b, 0xff, 0xff, 0x52, 0xb5, 0x19, 0x9c, 0x14, 0xbb, 0x99, 0x94, 0x59, 0x13, 0x5b
    dc.b    0xbb, 0x21, 0xb5, 0xbb, 0xff, 0xbb, 0x92, 0x53, 0x49, 0x13, 0x94, 0x32, 0xf0, 0x00, 0x2c, 0x2b
    dc.b    0xb2, 0xb2, 0x25, 0xb4, 0x22, 0xeb, 0xf2, 0x44, 0x65, 0x24, 0x42, 0x24, 0x52, 0x22, 0x9c, 0x43
    dc.b    0x13, 0x41, 0x11, 0x14, 0x31, 0x33, 0x78, 0x12, 0x66, 0x43, 0x88, 0x12, 0x40, 0x00, 0x62, 0x18
    dc.b    0x88, 0x12, 0x21, 0x38, 0x71, 0x31, 0x00, 0x00, 0x00, 0x00
spr_hud_portrait_musgo_animation0_frame0_tileset_data_size = .-spr_hud_portrait_musgo_animation0_frame0_tileset_data

    .align  2
spr_select_roster_animation0_frame0_tileset_data:
    dc.b    0x50, 0x10, 0x77, 0x88, 0x88, 0x88, 0x70, 0x00, 0x00, 0x00, 0x80, 0x00, 0x7f, 0xff, 0x56, 0x01
    dc.b    0x00, 0x09, 0x80, 0x00, 0x00, 0x91, 0x80, 0x00, 0x01, 0x88, 0xb1, 0x2d, 0x01, 0xb8, 0x80, 0x00
    dc.b    0x0b, 0xba, 0x80, 0x00, 0x0b, 0xbb, 0x80, 0x00, 0x0b, 0xaa, 0x80, 0x00, 0x0b, 0xab, 0x70, 0x00
    dc.b    0x00, 0xbb, 0x01, 0x00, 0x00, 0x0c, 0xfd, 0xd1, 0x00, 0x01, 0xfd, 0xa4, 0x81, 0x01, 0x00, 0x9b
    dc.b    0x00, 0x99, 0x99, 0x8b, 0x99, 0x88, 0x88, 0x88, 0x11, 0x11, 0x88, 0x88, 0x87, 0x77, 0xf0, 0x00
    dc.b    0x81, 0x88, 0x87, 0x78, 0x81, 0x88, 0x88, 0x88, 0x81, 0x89, 0x88, 0x88, 0x88, 0xaa, 0xaa, 0x88
    dc.b    0xa7, 0xa8, 0xba, 0x88, 0x87, 0x88, 0xa8, 0x88, 0x8a, 0x88, 0xa8, 0x8a, 0xa8, 0x88, 0x22, 0x2e
    dc.b    0xaa, 0x8a, 0xa7, 0x77, 0x53, 0x01, 0x88, 0x77, 0x00, 0x00, 0x00, 0x07, 0x00, 0x00, 0x00, 0x08
    dc.b    0xd1, 0x01, 0x0b, 0xa8, 0x8a, 0xa8, 0xbb, 0xba, 0x88, 0xb8, 0xb8, 0x8b, 0xaa, 0xb8, 0xba, 0xbb
    dc.b    0xbb, 0xb8, 0xba, 0xbb, 0x88, 0x88, 0xb8, 0xab, 0x88, 0x88, 0x88, 0xab, 0xf0, 0x00, 0x88, 0xb8
    dc.b    0x88, 0x88, 0xaa, 0x88, 0x98, 0x88, 0xa1, 0x88, 0x98, 0x11, 0x11, 0x88, 0x98, 0x11, 0x18, 0x88
    dc.b    0x88, 0x81, 0xbb, 0x88, 0x88, 0x11, 0xab, 0x18, 0x81, 0x1b, 0xb1, 0x18, 0x61, 0x2d, 0x87, 0x78
    dc.b    0x11, 0x18, 0x88, 0x88, 0x11, 0x88, 0x88, 0x88, 0xb8, 0x87, 0x00, 0x00, 0x00, 0x00
spr_select_roster_animation0_frame0_tileset_data_size = .-spr_select_roster_animation0_frame0_tileset_data

    .align  2
spr_select_roster_animation0_frame1_tileset_data:
    dc.b    0x5f, 0x01, 0x77, 0x55, 0x55, 0x55, 0x70, 0x00, 0x00, 0x00, 0x50, 0x00, 0x54, 0x01, 0x00, 0x0a
    dc.b    0x50, 0x00, 0x00, 0xaa, 0x50, 0x00, 0x00, 0x99, 0x12, 0x01, 0x00, 0xa9, 0x12, 0x0f, 0x00, 0xbb
    dc.b    0x01, 0x01, 0x02, 0x17, 0x01, 0x29, 0x01, 0x2d, 0x01, 0x00, 0x00, 0x0b, 0xfd, 0x70, 0xf1, 0x01
    dc.b    0x0a, 0xaa, 0x00, 0xaa, 0x99, 0x99, 0x09, 0x99, 0x99, 0x99, 0xb9, 0xee, 0xee, 0xe9, 0x98, 0x77
    dc.b    0x77, 0xee, 0x8e, 0x77, 0x77, 0xee, 0x99, 0x8e, 0xe7, 0x7e, 0x99, 0xe7, 0x77, 0x77, 0xe2, 0x2e
    dc.b    0x98, 0xee, 0xee, 0xee, 0x99, 0x8e, 0xee, 0xe7, 0xb9, 0x8e, 0xe7, 0x77, 0xab, 0x98, 0xee, 0xee
    dc.b    0xaa, 0x9e, 0x88, 0xee, 0xba, 0xb9, 0xee, 0xe8, 0xbb, 0xa9, 0x99, 0x99, 0x10, 0x01, 0x55, 0x77
    dc.b    0xff, 0x9d, 0x17, 0x01, 0x00, 0x05, 0xf0, 0x00, 0x99, 0x9a, 0xa9, 0x95, 0x99, 0x9a, 0x99, 0x85
    dc.b    0x99, 0x99, 0x99, 0x85, 0xb9, 0x99, 0xa9, 0x95, 0x99, 0x99, 0xaa, 0x95, 0x8a, 0x99, 0x9a, 0xa5
    dc.b    0xeb, 0xb9, 0x99, 0x95, 0x79, 0xb9, 0xf0, 0x00, 0x99, 0x95, 0xe8, 0xb9, 0x99, 0x95, 0x89, 0xb9
    dc.b    0x99, 0x95, 0x77, 0x77, 0xe8, 0x15, 0x77, 0x77, 0x7e, 0xb5, 0xe7, 0x77, 0x7e, 0xb5, 0x88, 0x89
    dc.b    0x99, 0x15, 0x89, 0x99, 0xaa, 0x95, 0x21, 0x2d, 0x9a, 0x99, 0x99, 0x97, 0x00, 0x00, 0x00, 0x00
spr_select_roster_animation0_frame1_tileset_data_size = .-spr_select_roster_animation0_frame1_tileset_data

    .align  2
spr_select_roster_animation0_frame2_tileset_data:
    dc.b    0x50, 0x25, 0x77, 0xcc, 0xcc, 0xcc, 0x70, 0x00, 0x00, 0x00, 0xc0, 0x00, 0x7f, 0xff, 0x01, 0x29
    dc.b    0x01, 0x2d, 0x01, 0x00, 0x00, 0x0c, 0xfd, 0x1a, 0x0a, 0x00, 0x12, 0x03, 0x08, 0xaa, 0x10, 0x01
    dc.b    0x08, 0x00, 0xfc, 0xe3, 0xb2, 0x2e, 0x0b, 0xbb, 0x00, 0x00, 0x01, 0xbb, 0x00, 0x00, 0x0b, 0x1b
    dc.b    0x00, 0x00, 0xab, 0xb1, 0x00, 0x0a, 0xbb, 0xb1, 0x00, 0x0b, 0xbb, 0xbb, 0x10, 0x01, 0xcc, 0x77
    dc.b    0xff, 0x55, 0x1f, 0x01, 0x00, 0x0c, 0xf0, 0x00, 0x01, 0xbb, 0xa0, 0x0c, 0x01, 0xba, 0x88, 0x8c
    dc.b    0xaa, 0xaa, 0xbb, 0xbc, 0x0c, 0x11, 0xaa, 0xac, 0xb0, 0xab, 0xa8, 0x8c, 0xbb, 0xbb, 0x1b, 0xbc
    dc.b    0xba, 0xab, 0xbb, 0xbc, 0xbb, 0xbb, 0x91, 0x2d, 0xa8, 0xbc, 0xbb, 0xbb, 0xbb, 0xbc, 0x1b, 0x11
    dc.b    0x11, 0x1c, 0x11, 0x11, 0x11, 0x1c, 0xbb, 0xbb, 0x11, 0x17, 0x00, 0x00, 0x00, 0x00
spr_select_roster_animation0_frame2_tileset_data_size = .-spr_select_roster_animation0_frame2_tileset_data

    .align  2
spr_hud_life_track_animation0_frame0_tileset_data:
    dc.b    0x00, 0x01, 0xfc, 0xb3, 0x00, 0x0b, 0xf4, 0x18, 0x01, 0x0f, 0x00, 0x02, 0xf7, 0x6b, 0x14, 0x00
    dc.b    0x99, 0x99, 0x12, 0x03, 0x19, 0x99, 0x03, 0x0f, 0x01, 0x00, 0x05, 0x0f, 0x03, 0x00, 0x03, 0x0f
    dc.b    0x1e, 0x0f, 0x19, 0x11, 0x0f, 0x1f, 0x00, 0x2a, 0x7f, 0xf1, 0x00, 0x00, 0x00, 0x00
spr_hud_life_track_animation0_frame0_tileset_data_size = .-spr_hud_life_track_animation0_frame0_tileset_data

    .align  2
spr_hud_life_track_animation0_frame1_tileset_data:
    dc.b    0x00, 0x01, 0xf5, 0xb4, 0x02, 0x00, 0x18, 0x00, 0x99, 0x99, 0x00, 0x13, 0x7f, 0xf1, 0x10, 0x1d
    dc.b    0x11, 0x91, 0x7f, 0xe1, 0x00, 0x1e, 0x7f, 0xf1, 0x1b, 0x0f, 0x11, 0x19, 0x00, 0x0c, 0xf4, 0x11
    dc.b    0x00, 0x00, 0x00, 0x00
spr_hud_life_track_animation0_frame1_tileset_data_size = .-spr_hud_life_track_animation0_frame1_tileset_data

    .align  2
spr_hud_ko_banner_animation0_frame0_tileset_data:
    dc.b    0x12, 0x00, 0x11, 0x11, 0x1a, 0x00, 0x22, 0x22, 0x21, 0x01, 0x33, 0x55, 0x55, 0x55, 0x25, 0x01
    dc.b    0x55, 0x11, 0x00, 0x00, 0x12, 0x01, 0x55, 0x00, 0x17, 0x01, 0x11, 0x00, 0x11, 0x01, 0x00, 0x11
    dc.b    0x22, 0x01, 0x22, 0x22, 0x22, 0x33, 0x06, 0x00, 0x00, 0x02, 0xfa, 0xab, 0x12, 0x00, 0x55, 0x55
    dc.b    0x0f, 0x3f, 0x12, 0x01, 0x55, 0x55, 0x12, 0x01, 0x00, 0x33, 0x22, 0x01, 0x11, 0x33, 0x22, 0x33
    dc.b    0x01, 0x05, 0x31, 0x01, 0x22, 0x22, 0x11, 0x22, 0x22, 0x33, 0x25, 0x01, 0x33, 0x22, 0x22, 0x22
    dc.b    0x04, 0x00, 0x03, 0x43, 0x11, 0x01, 0x33, 0x55, 0x21, 0x01, 0x33, 0x55, 0x55, 0x11, 0x21, 0x01
    dc.b    0x55, 0x55, 0x11, 0x00, 0x03, 0x5b, 0x12, 0x01, 0x33, 0x11, 0x21, 0x01, 0x22, 0x33, 0x11, 0x00
    dc.b    0x21, 0x01, 0x22, 0x22, 0x55, 0x11, 0x21, 0x01, 0x22, 0x33, 0x55, 0x00, 0x21, 0x01, 0x22, 0x11
    dc.b    0x11, 0x00, 0x21, 0x01, 0x33, 0x55, 0x11, 0x33, 0x21, 0x01, 0x22, 0x55, 0x11, 0x22, 0x21, 0x01
    dc.b    0x11, 0x11, 0x33, 0x33, 0x21, 0x01, 0x33, 0x33, 0x44, 0x33, 0x01, 0x18, 0x02, 0x01, 0x12, 0x01
    dc.b    0x11, 0x33, 0x11, 0x01, 0x00, 0x55, 0x03, 0x33, 0x00, 0x17, 0x00, 0x00, 0x11, 0x01, 0x00, 0x11
    dc.b    0x22, 0x01, 0x55, 0x00, 0x33, 0x00, 0x01, 0x05, 0x31, 0x01, 0x00, 0x11, 0x11, 0x55, 0x33, 0x11
    dc.b    0x11, 0x49, 0x33, 0x55, 0x31, 0x01, 0x11, 0x00, 0x55, 0x00, 0x00, 0x22, 0x21, 0x01, 0x22, 0x55
    dc.b    0x11, 0x00, 0x02, 0xc2, 0x04, 0x6f, 0x03, 0xd7, 0x00, 0x17, 0x00, 0x00, 0x12, 0x01, 0x11, 0x33
    dc.b    0x02, 0x43, 0x21, 0x01, 0x11, 0x11, 0x11, 0x00, 0x22, 0x01, 0x00, 0x00, 0x55, 0x33, 0x02, 0x0b
    dc.b    0x00, 0x02, 0x7e, 0xf5, 0x22, 0x01, 0x00, 0x00, 0x00, 0x55, 0x11, 0x01, 0x11, 0x55, 0x03, 0x43
    dc.b    0x22, 0x01, 0x00, 0x00, 0x00, 0x22, 0x02, 0x17, 0x0f, 0x3a, 0x21, 0x01, 0x00, 0x33, 0x11, 0x00
    dc.b    0x02, 0x76, 0x01, 0x5c, 0x02, 0x30, 0x21, 0x01, 0x00, 0x11, 0x55, 0x22, 0x21, 0x01, 0x55, 0x55
    dc.b    0x22, 0x44, 0x21, 0x01, 0x55, 0x22, 0x44, 0x33, 0x21, 0x01, 0x11, 0x33, 0x33, 0x11, 0x12, 0x01
    dc.b    0x33, 0x55, 0x21, 0x01, 0x11, 0x33, 0x11, 0x22, 0x21, 0x01, 0x00, 0x11, 0x11, 0x33, 0x22, 0x01
    dc.b    0x00, 0x00, 0x11, 0x22, 0x12, 0x01, 0x33, 0x33, 0x02, 0x4f, 0x00, 0x01, 0xf8, 0xa9, 0x32, 0x01
    dc.b    0x11, 0x11, 0x00, 0x11, 0x22, 0x22, 0x12, 0x01, 0x44, 0x22, 0x02, 0x07, 0x21, 0x01, 0x00, 0x22
    dc.b    0x55, 0x33, 0x21, 0x01, 0x11, 0x11, 0x22, 0x22, 0x00, 0x03, 0x7e, 0xc5, 0x02, 0x01, 0x03, 0x00
    dc.b    0x00, 0x0b, 0x7e, 0xc5, 0x15, 0x01, 0x22, 0x55, 0x21, 0x01, 0x33, 0x33, 0x33, 0x55, 0x21, 0x01
    dc.b    0x55, 0x55, 0x55, 0x11, 0x00, 0x03, 0x7e, 0x81, 0x12, 0x01, 0x33, 0x11, 0x00, 0x02, 0x7e, 0xc5
    dc.b    0x15, 0x01, 0x11, 0x22, 0x09, 0x30, 0x05, 0x00, 0x03, 0x0e, 0x12, 0x01, 0x55, 0x33, 0x02, 0x22
    dc.b    0x01, 0x59, 0x11, 0x01, 0x33, 0x22, 0x22, 0x01, 0x11, 0x00, 0x11, 0x22, 0x11, 0x01, 0x11, 0x33
    dc.b    0x04, 0xc3, 0x03, 0x7f, 0x02, 0x7b, 0x21, 0x01, 0x11, 0x44, 0x22, 0x22, 0x04, 0x36, 0x02, 0x5b
    dc.b    0x00, 0x02, 0x7e, 0x96, 0x21, 0x01, 0x22, 0x55, 0x55, 0x00, 0x00, 0x02, 0x7e, 0x79, 0x00, 0x03
    dc.b    0x7e, 0x69, 0x12, 0x01, 0x33, 0x00, 0x02, 0x94, 0x21, 0x01, 0x22, 0x11, 0x33, 0x33, 0x00, 0x0f
    dc.b    0x7e, 0x01, 0x11, 0x01, 0x11, 0x22, 0x03, 0x7f, 0x03, 0x33, 0x00, 0x02, 0x7e, 0x31, 0x02, 0xfa
    dc.b    0x00, 0x03, 0x7d, 0xd5, 0x04, 0x5b, 0x03, 0x01, 0x19, 0x01, 0x11, 0x33, 0x01, 0x48, 0x01, 0x01
    dc.b    0x03, 0xdb, 0x00, 0x01, 0x7e, 0xf2, 0x31, 0x01, 0x11, 0x33, 0x33, 0x55, 0x00, 0x11, 0x04, 0x2b
    dc.b    0x00, 0x01, 0x7e, 0x98, 0x21, 0x01, 0x00, 0x11, 0x33, 0x33, 0x03, 0xef, 0x07, 0xab, 0x03, 0x01
    dc.b    0x03, 0xfb, 0x21, 0x01, 0x33, 0x22, 0x22, 0x33, 0x07, 0xef, 0x04, 0x01, 0x0a, 0x00, 0x03, 0x7f
    dc.b    0x21, 0x01, 0x11, 0x55, 0x55, 0x55, 0x11, 0x3d, 0x00, 0x11, 0x01, 0x80, 0x02, 0xce, 0x21, 0x01
    dc.b    0x33, 0x11, 0x00, 0x11, 0x00, 0x02, 0x7d, 0xe1, 0x00, 0x00, 0x00, 0x00
spr_hud_ko_banner_animation0_frame0_tileset_data_size = .-spr_hud_ko_banner_animation0_frame0_tileset_data

    .align  2
ts_hud_life_track_data:
    dc.b    0x00, 0xbb, 0x11, 0x19, 0xb8, 0x2b, 0xb2, 0x29, 0xb2, 0x2b, 0xb2, 0x99, 0xb2, 0x22, 0x2b, 0x99
    dc.b    0xb2, 0x22, 0x22, 0xb9, 0xb2, 0x91, 0x92, 0x29, 0x00, 0xb2, 0x22, 0x22, 0x00, 0x00, 0x00, 0x00
    dc.b    0x11, 0x11, 0x11, 0x11, 0x91, 0x11, 0x11, 0x11, 0x99, 0x99, 0x99, 0x99, 0x99, 0x99, 0x99, 0x99
    dc.b    0x99, 0x99, 0x99, 0x99, 0x19, 0x99, 0x99, 0x99, 0x99, 0x99, 0x99, 0x99, 0x00, 0x00, 0x00, 0x00
    dc.b    0x91, 0x11, 0xbb, 0x00, 0x92, 0x29, 0xb2, 0x2b, 0x99, 0x2b, 0xb2, 0x2b, 0x99, 0xb2, 0x22, 0x2b
    dc.b    0x9b, 0x22, 0x22, 0x2b, 0x9b, 0x21, 0x19, 0x2b, 0x22, 0x22, 0x2b, 0x00, 0x00, 0x00, 0x00, 0x00
ts_hud_life_track_data_size = .-ts_hud_life_track_data

    .align  2
ts_hud_special_segment_data:
    dc.b    0x99, 0x99, 0x99, 0x99, 0x99, 0x99, 0x99, 0x99, 0x99, 0x99, 0x99, 0x99, 0x99, 0x99, 0x99, 0x99
    dc.b    0x99, 0x99, 0x99, 0x99, 0x99, 0x99, 0x99, 0x99, 0x99, 0x99, 0x99, 0x99, 0x99, 0x99, 0x99, 0x99
    dc.b    0x99, 0x99, 0x99, 0x99, 0x99, 0x99, 0x99, 0x99, 0x99, 0x99, 0x99, 0x99, 0x99, 0x99, 0x99, 0x99
    dc.b    0x99, 0x99, 0x99, 0x99, 0x99, 0x99, 0x99, 0x99, 0x99, 0x99, 0x99, 0x99, 0x99, 0x99, 0x99, 0x99
    dc.b    0xee, 0xee, 0xee, 0xee, 0xee, 0xee, 0xee, 0xee, 0xee, 0xee, 0xee, 0xee, 0xee, 0xee, 0xee, 0xee
    dc.b    0xee, 0xee, 0xee, 0xee, 0xee, 0xee, 0xee, 0xee, 0xee, 0xee, 0xee, 0xee, 0xee, 0xee, 0xee, 0xee
    dc.b    0xee, 0xee, 0xee, 0xee, 0xee, 0xee, 0xee, 0xee, 0xee, 0xee, 0xee, 0xee, 0xee, 0xee, 0xee, 0xee
    dc.b    0xee, 0xee, 0xee, 0xee, 0xee, 0xee, 0xee, 0xee, 0xee, 0xee, 0xee, 0xee, 0xee, 0xee, 0xee, 0xee
ts_hud_special_segment_data_size = .-ts_hud_special_segment_data

    .align  2
ts_hud_clock_data:
    dc.b    0x00, 0x00, 0x00, 0x00, 0x00, 0x00, 0x00, 0x00, 0x00, 0x00, 0x00, 0xbb, 0x00, 0x00, 0xb4, 0x50
    dc.b    0x00, 0x00, 0x44, 0x40, 0x00, 0x00, 0xb4, 0x70, 0x00, 0x00, 0x40, 0x05, 0x00, 0x0b, 0x55, 0x5b
    dc.b    0x00, 0x00, 0x00, 0x00, 0x00, 0x00, 0x00, 0x00, 0x44, 0x44, 0xbb, 0x00, 0x00, 0x00, 0x04, 0xb0
    dc.b    0x00, 0x45, 0x00, 0xb0, 0x04, 0xb4, 0x00, 0x50, 0xb0, 0x04, 0x00, 0x40, 0x00, 0xb5, 0x55, 0xb0
    dc.b    0x00, 0x00, 0x00, 0x00, 0x00, 0x00, 0x00, 0x00, 0x00, 0x00, 0x00, 0x0b, 0x00, 0x00, 0x00, 0xb4
    dc.b    0x00, 0x00, 0x0b, 0x40, 0x00, 0x00, 0xb4, 0x55, 0x00, 0x00, 0x6a, 0xaa, 0x00, 0x00, 0x66, 0xba
    dc.b    0x00, 0xbb, 0x00, 0x00, 0x0b, 0x55, 0xb0, 0x00, 0xb7, 0x05, 0xb0, 0x00, 0x00, 0x04, 0x00, 0x00
    dc.b    0x00, 0x5b, 0x00, 0x00, 0x55, 0x40, 0x00, 0x00, 0xaa, 0xb0, 0x00, 0x00, 0xab, 0xb0, 0x00, 0x00
    dc.b    0x00, 0x00, 0x00, 0x00, 0x00, 0x00, 0x00, 0x00, 0x00, 0x00, 0x00, 0xbb, 0x00, 0x00, 0x0b, 0x40
    dc.b    0x00, 0x00, 0x04, 0x00, 0x00, 0x00, 0xb7, 0x54, 0x00, 0x00, 0x44, 0xbb, 0x00, 0x00, 0xb9, 0xb6
    dc.b    0x00, 0x00, 0x00, 0x00, 0x0b, 0xbb, 0x00, 0x00, 0x57, 0x07, 0x40, 0x00, 0x00, 0x00, 0x0b, 0x00
    dc.b    0x75, 0x00, 0x04, 0x00, 0xb4, 0x00, 0x5b, 0x00, 0x45, 0x55, 0xb0, 0x00, 0xaa, 0xab, 0xb0, 0x00
    dc.b    0x00, 0x00, 0x00, 0x00, 0x00, 0x00, 0x00, 0x0b, 0x00, 0x00, 0x0b, 0xb4, 0x00, 0x00, 0x0b, 0x00
    dc.b    0x00, 0x00, 0x04, 0x05, 0x00, 0x00, 0x0b, 0xbb, 0x00, 0x00, 0x00, 0xb4, 0x00, 0x00, 0x00, 0xba
    dc.b    0x00, 0x00, 0x00, 0x00, 0xb4, 0x44, 0xbb, 0x00, 0x00, 0x00, 0x04, 0xb0, 0x00, 0x00, 0x00, 0xb0
    dc.b    0x5b, 0x40, 0x00, 0xb0, 0xb4, 0x50, 0x54, 0xb0, 0x55, 0x55, 0x4b, 0x00, 0xaa, 0x6a, 0xab, 0x00
    dc.b    0x00, 0x00, 0x00, 0x00, 0x00, 0x00, 0x00, 0x0b, 0x00, 0x00, 0x00, 0xb5, 0x00, 0x00, 0x0b, 0x40
    dc.b    0x00, 0x00, 0x0b, 0x00, 0x00, 0x00, 0xb4, 0x75, 0x00, 0x0b, 0xb4, 0x44, 0x00, 0x0b, 0xaa, 0xaa
    dc.b    0xb4, 0xb0, 0x00, 0x00, 0x50, 0x40, 0x00, 0x00, 0x05, 0xb0, 0x00, 0x00, 0x04, 0x0b, 0xb0, 0x00
    dc.b    0x50, 0xb0, 0x54, 0x00, 0xbb, 0x57, 0x54, 0x00, 0x45, 0x54, 0x54, 0x6b, 0xaa, 0xaa, 0x6b, 0xbb
    dc.b    0x00, 0x00, 0x00, 0x00, 0x00, 0x00, 0x00, 0x00, 0x00, 0x00, 0x00, 0x04, 0x00, 0x00, 0x0b, 0x45
    dc.b    0x00, 0x00, 0x0b, 0x50, 0x00, 0x00, 0x0b, 0x50, 0x00, 0x00, 0x04, 0x77, 0x00, 0x00, 0x0b, 0x44
    dc.b    0x00, 0x00, 0x00, 0x00, 0x00, 0x00, 0x0b, 0x44, 0x44, 0x54, 0x54, 0x44, 0x00, 0x00, 0x04, 0x00
    dc.b    0x00, 0x05, 0x4b, 0x00, 0x54, 0xbb, 0x00, 0x00, 0x55, 0x54, 0xb0, 0x00, 0x45, 0x55, 0x6b, 0x00
    dc.b    0x00, 0x00, 0x00, 0x00, 0x00, 0x00, 0x00, 0x00, 0x00, 0x00, 0x00, 0x00, 0x00, 0x00, 0x00, 0x00
    dc.b    0x00, 0x00, 0x00, 0xb4, 0x00, 0x00, 0x0b, 0x40, 0x00, 0x00, 0x0b, 0x77, 0x00, 0x00, 0xb4, 0x55
    dc.b    0x00, 0x00, 0x00, 0x00, 0x00, 0x00, 0x00, 0x00, 0x0b, 0x44, 0x54, 0x00, 0x45, 0x00, 0x0b, 0x00
    dc.b    0x00, 0x05, 0xb0, 0x00, 0x00, 0x4b, 0x00, 0x00, 0x75, 0x44, 0xb0, 0x00, 0x55, 0x55, 0x4b, 0x00
    dc.b    0x00, 0x00, 0x00, 0x00, 0x00, 0x00, 0x00, 0x00, 0x00, 0x00, 0x00, 0xbb, 0x00, 0x00, 0xb4, 0x50
    dc.b    0x00, 0x00, 0x45, 0x05, 0x00, 0x00, 0x00, 0x0b, 0x00, 0x00, 0x0b, 0xb4, 0x00, 0x00, 0xb6, 0x45
    dc.b    0x00, 0x00, 0x00, 0x00, 0x00, 0x0b, 0xbb, 0xb0, 0x44, 0x55, 0x00, 0x40, 0x00, 0x00, 0x05, 0xb0
    dc.b    0x40, 0x00, 0x7b, 0x00, 0x40, 0x05, 0xbb, 0x40, 0x00, 0x77, 0x54, 0x40, 0x55, 0x44, 0x4b, 0x00
    dc.b    0x00, 0x00, 0x00, 0x00, 0x00, 0x00, 0x00, 0x04, 0x00, 0x00, 0x00, 0x44, 0x00, 0x00, 0x00, 0xb4
    dc.b    0x00, 0x00, 0x0b, 0x50, 0x00, 0x00, 0xb5, 0x05, 0x00, 0x00, 0xb7, 0x75, 0x00, 0x00, 0xb6, 0x55
    dc.b    0x00, 0x00, 0x00, 0x00, 0x45, 0x54, 0xbb, 0x00, 0x50, 0x00, 0x0b, 0x00, 0x5b, 0x45, 0x05, 0xb0
    dc.b    0x5b, 0x04, 0x00, 0x40, 0xbb, 0x47, 0x00, 0x40, 0x55, 0x57, 0x74, 0x00, 0x55, 0x54, 0xbb, 0x00
    dc.b    0x00, 0x00, 0x00, 0x00, 0x00, 0x00, 0x00, 0x00, 0x00, 0x00, 0x00, 0xb4, 0x00, 0x00, 0x0b, 0x50
    dc.b    0x00, 0x00, 0xb5, 0x00, 0x00, 0x0b, 0x40, 0x0b, 0x00, 0x0b, 0x77, 0x44, 0x00, 0xb4, 0x55, 0x55
    dc.b    0x00, 0x00, 0x00, 0x00, 0xb4, 0x44, 0x00, 0x00, 0x70, 0x04, 0xbb, 0x00, 0x04, 0xb4, 0x05, 0xb0
    dc.b    0xbb, 0x70, 0x04, 0x00, 0x40, 0x00, 0x5b, 0x00, 0x07, 0x75, 0xb0, 0x00, 0x55, 0x5b, 0x00, 0x00
    dc.b    0x00, 0xb6, 0xaa, 0xb0, 0x00, 0xb6, 0xa6, 0x00, 0x00, 0xba, 0xa6, 0xbb, 0x00, 0xba, 0xaa, 0x66
    dc.b    0x00, 0xb6, 0xaa, 0xaa, 0x00, 0x0b, 0xb6, 0x6b, 0x00, 0x00, 0x00, 0x00, 0x00, 0x00, 0x00, 0x00
    dc.b    0x0b, 0x6a, 0xab, 0x00, 0xbb, 0xaa, 0x6b, 0x00, 0x6a, 0xa6, 0xb0, 0x00, 0xaa, 0x6b, 0x00, 0x00
    dc.b    0x6b, 0xb0, 0x00, 0x00, 0xb0, 0x00, 0x00, 0x00, 0x00, 0x00, 0x00, 0x00, 0x00, 0x00, 0x00, 0x00
    dc.b    0x00, 0x00, 0x0b, 0x6a, 0x00, 0x00, 0x0b, 0xaa, 0x00, 0x00, 0xb6, 0xaa, 0x00, 0x00, 0xb6, 0xa6
    dc.b    0x00, 0x00, 0x0b, 0x6b, 0x00, 0x00, 0x0b, 0xbb, 0x00, 0x00, 0x00, 0xb0, 0x00, 0x00, 0x00, 0x00
    dc.b    0x6b, 0x00, 0x00, 0x00, 0x60, 0x00, 0x00, 0x00, 0xb0, 0x00, 0x00, 0x00, 0xb0, 0x00, 0x00, 0x00
    dc.b    0x00, 0x00, 0x00, 0x00, 0x00, 0x00, 0x00, 0x00, 0x00, 0x00, 0x00, 0x00, 0x00, 0x00, 0x00, 0x00
    dc.b    0x00, 0x00, 0x0b, 0x6a, 0x00, 0x00, 0xbb, 0xaa, 0x00, 0x0b, 0x6a, 0xaa, 0x00, 0xb6, 0xaa, 0xaa
    dc.b    0x00, 0xba, 0xaa, 0xaa, 0x00, 0xb6, 0xa6, 0xbb, 0x00, 0x0b, 0xbb, 0x00, 0x00, 0x00, 0x00, 0x00
    dc.b    0xaa, 0xb0, 0x00, 0x00, 0x6b, 0xbb, 0xbb, 0xb0, 0x66, 0x66, 0x6b, 0xbb, 0xaa, 0xaa, 0xbb, 0x00
    dc.b    0x66, 0xbb, 0xb0, 0x00, 0xbb, 0x00, 0x00, 0x00, 0x00, 0x00, 0x00, 0x00, 0x00, 0x00, 0x00, 0x00
    dc.b    0x00, 0x00, 0x00, 0xbb, 0x00, 0x00, 0x00, 0x0b, 0x00, 0x00, 0xbb, 0xb6, 0x00, 0x0b, 0xba, 0xaa
    dc.b    0x00, 0xbb, 0xaa, 0x66, 0xbb, 0xbb, 0xbb, 0xbb, 0x06, 0xb0, 0x00, 0x00, 0x00, 0x00, 0x00, 0x00
    dc.b    0xbb, 0xba, 0xa6, 0x00, 0xb6, 0xaa, 0xab, 0x00, 0xaa, 0xaa, 0xbb, 0x00, 0xaa, 0x6b, 0xb0, 0x00
    dc.b    0x6b, 0xb0, 0x00, 0x00, 0xb0, 0x00, 0x00, 0x00, 0x00, 0x00, 0x00, 0x00, 0x00, 0x00, 0x00, 0x00
    dc.b    0x00, 0x0b, 0xaa, 0x6b, 0x00, 0x0b, 0xbb, 0xbb, 0x00, 0x00, 0x00, 0x0b, 0x00, 0x00, 0x00, 0x0b
    dc.b    0x00, 0x00, 0x00, 0x0b, 0x00, 0x00, 0x00, 0x0b, 0x00, 0x00, 0x00, 0x00, 0x00, 0x00, 0x00, 0x00
    dc.b    0x6a, 0xab, 0xb0, 0x00, 0xaa, 0x6b, 0x00, 0x00, 0xaa, 0xb0, 0x00, 0x00, 0xa6, 0xb0, 0x00, 0x00
    dc.b    0x6b, 0x00, 0x00, 0x00, 0xbb, 0x00, 0x00, 0x00, 0xb0, 0x00, 0x00, 0x00, 0x00, 0x00, 0x00, 0x00
    dc.b    0x00, 0x00, 0x0b, 0xb6, 0x00, 0x00, 0x00, 0x00, 0x00, 0x00, 0x0b, 0xbb, 0x00, 0xbb, 0x66, 0x6a
    dc.b    0x0b, 0xb6, 0xaa, 0xaa, 0xbb, 0xb6, 0x66, 0x6b, 0x00, 0x00, 0x00, 0x00, 0x00, 0x00, 0x00, 0x00
    dc.b    0xb6, 0xaa, 0x6b, 0x00, 0xb6, 0xaa, 0xb0, 0x00, 0xaa, 0xa6, 0xb0, 0x00, 0xaa, 0x6b, 0x00, 0x00
    dc.b    0x6b, 0xb0, 0x00, 0x00, 0xbb, 0x00, 0x00, 0x00, 0x00, 0x00, 0x00, 0x00, 0x00, 0x00, 0x00, 0x00
    dc.b    0x00, 0x0b, 0x6a, 0xaa, 0x0b, 0xb6, 0xaa, 0x6b, 0xbb, 0xba, 0xaa, 0xb0, 0xbb, 0xb6, 0xaa, 0x66
    dc.b    0x00, 0x0b, 0xaa, 0xaa, 0x00, 0x0b, 0xb6, 0x66, 0x00, 0x00, 0x00, 0x00, 0x00, 0x00, 0x00, 0x00
    dc.b    0x66, 0xaa, 0xab, 0x00, 0xbb, 0x6a, 0x6b, 0x00, 0xb6, 0xa6, 0xb0, 0x00, 0xaa, 0xab, 0x00, 0x00
    dc.b    0xa6, 0xb0, 0x00, 0x00, 0xbb, 0x00, 0x00, 0x00, 0x00, 0x00, 0x00, 0x00, 0x00, 0x00, 0x00, 0x00
    dc.b    0x00, 0x00, 0xb6, 0xaa, 0x00, 0x00, 0x0b, 0xaa, 0x00, 0x00, 0xb6, 0xa6, 0x00, 0x00, 0xba, 0xab
    dc.b    0x00, 0x00, 0xb6, 0x6b, 0x00, 0x00, 0xb6, 0xb0, 0x00, 0x00, 0xbb, 0x00, 0x00, 0x00, 0x00, 0x00
    dc.b    0xab, 0xbb, 0x00, 0x00, 0x6b, 0x00, 0x00, 0x00, 0xb0, 0x00, 0x00, 0x00, 0x00, 0x00, 0x00, 0x00
    dc.b    0x00, 0x00, 0x00, 0x00, 0x00, 0x00, 0x00, 0x00, 0x00, 0x00, 0x00, 0x00, 0x00, 0x00, 0x00, 0x00
    dc.b    0x00, 0x0b, 0xba, 0xaa, 0x00, 0xbb, 0xaa, 0xa6, 0x00, 0xba, 0xab, 0xbb, 0x0b, 0x6a, 0xab, 0x66
    dc.b    0x00, 0xba, 0xaa, 0xaa, 0x00, 0xbb, 0x66, 0x66, 0x00, 0x00, 0x00, 0x00, 0x00, 0x00, 0x00, 0x00
    dc.b    0xaa, 0x6b, 0x00, 0x00, 0xb6, 0x6b, 0x00, 0x00, 0xbb, 0xab, 0x00, 0x00, 0xaa, 0x6b, 0x00, 0x00
    dc.b    0xab, 0xb0, 0x00, 0x00, 0xbb, 0x00, 0x00, 0x00, 0x00, 0x00, 0x00, 0x00, 0x00, 0x00, 0x00, 0x00
    dc.b    0x00, 0xb6, 0xaa, 0xa6, 0x00, 0x0b, 0xbb, 0xb6, 0x00, 0x00, 0x0b, 0x6a, 0x00, 0x00, 0x0b, 0xaa
    dc.b    0x00, 0x00, 0xb6, 0x6b, 0x00, 0x00, 0xb6, 0xb0, 0x00, 0x0b, 0xbb, 0x00, 0x00, 0x00, 0x00, 0x00
    dc.b    0xaa, 0x6b, 0x00, 0x00, 0xa6, 0xb0, 0x00, 0x00, 0xab, 0x00, 0x00, 0x00, 0x6b, 0x00, 0x00, 0x00
    dc.b    0xb0, 0x00, 0x00, 0x00, 0x00, 0x00, 0x00, 0x00, 0x00, 0x00, 0x00, 0x00, 0x00, 0x00, 0x00, 0x00
ts_hud_clock_data_size = .-ts_hud_clock_data

    .align  2
ts_hud_message_font_data:
    dc.b    0x00, 0x00, 0x00, 0x00, 0x00, 0x00, 0x00, 0x00, 0x00, 0x00, 0x00, 0x00, 0x00, 0x00, 0x00, 0x06
    dc.b    0x00, 0x00, 0x00, 0x63, 0x00, 0x00, 0x00, 0x33, 0x00, 0x00, 0x06, 0x49, 0x00, 0x00, 0x04, 0x69
    dc.b    0x00, 0x00, 0x00, 0x00, 0x00, 0x00, 0x00, 0x00, 0x00, 0x00, 0x00, 0x00, 0x39, 0x00, 0x00, 0x00
    dc.b    0x34, 0x90, 0x00, 0x00, 0x44, 0x99, 0x00, 0x00, 0x95, 0x59, 0x00, 0x00, 0x04, 0x79, 0x00, 0x00
    dc.b    0x00, 0x00, 0x00, 0x00, 0x00, 0x00, 0x00, 0x00, 0x00, 0x00, 0x00, 0x00, 0x00, 0x03, 0x66, 0x33
    dc.b    0x00, 0x09, 0x63, 0x99, 0x00, 0x00, 0x33, 0x90, 0x00, 0x00, 0x34, 0x90, 0x00, 0x00, 0x44, 0x45
    dc.b    0x00, 0x00, 0x00, 0x00, 0x00, 0x00, 0x00, 0x00, 0x00, 0x00, 0x00, 0x00, 0x34, 0x49, 0x00, 0x00
    dc.b    0x99, 0x45, 0x90, 0x00, 0x00, 0x55, 0x90, 0x00, 0x00, 0x57, 0x90, 0x00, 0x55, 0x79, 0x90, 0x00
    dc.b    0x00, 0x00, 0x00, 0x00, 0x00, 0x00, 0x00, 0x00, 0x00, 0x00, 0x00, 0x00, 0x00, 0x00, 0x66, 0x33
    dc.b    0x00, 0x06, 0x63, 0x99, 0x00, 0x06, 0x39, 0x90, 0x00, 0x03, 0x39, 0x00, 0x00, 0x03, 0x39, 0x00
    dc.b    0x00, 0x00, 0x00, 0x00, 0x00, 0x00, 0x00, 0x00, 0x00, 0x00, 0x00, 0x00, 0x34, 0x49, 0x00, 0x00
    dc.b    0x99, 0x45, 0x90, 0x00, 0x00, 0x05, 0x90, 0x00, 0x00, 0x09, 0x90, 0x00, 0x00, 0x00, 0x00, 0x00
    dc.b    0x00, 0x00, 0x00, 0x00, 0x00, 0x00, 0x00, 0x00, 0x00, 0x00, 0x00, 0x00, 0x00, 0x03, 0x66, 0x33
    dc.b    0x00, 0x09, 0x63, 0x99, 0x00, 0x00, 0x33, 0x90, 0x00, 0x00, 0x34, 0x90, 0x00, 0x00, 0x44, 0x90
    dc.b    0x00, 0x00, 0x00, 0x00, 0x00, 0x00, 0x00, 0x00, 0x00, 0x00, 0x00, 0x00, 0x34, 0x49, 0x00, 0x00
    dc.b    0x93, 0x45, 0x90, 0x00, 0x00, 0x55, 0x90, 0x00, 0x00, 0x57, 0x90, 0x00, 0x00, 0x77, 0x90, 0x00
    dc.b    0x00, 0x00, 0x00, 0x00, 0x00, 0x00, 0x00, 0x00, 0x00, 0x00, 0x00, 0x00, 0x00, 0x03, 0x66, 0x33
    dc.b    0x00, 0x09, 0x63, 0x99, 0x00, 0x00, 0x33, 0x90, 0x00, 0x00, 0x34, 0x90, 0x00, 0x00, 0x44, 0x45
    dc.b    0x00, 0x00, 0x00, 0x00, 0x00, 0x00, 0x00, 0x00, 0x00, 0x00, 0x00, 0x00, 0x34, 0x49, 0x00, 0x00
    dc.b    0x99, 0x45, 0x90, 0x00, 0x00, 0x05, 0x90, 0x00, 0x00, 0x09, 0x90, 0x00, 0x59, 0x00, 0x00, 0x00
    dc.b    0x00, 0x00, 0x00, 0x00, 0x00, 0x00, 0x00, 0x00, 0x00, 0x00, 0x00, 0x00, 0x00, 0x03, 0x66, 0x33
    dc.b    0x00, 0x09, 0x63, 0x99, 0x00, 0x00, 0x33, 0x90, 0x00, 0x00, 0x34, 0x00, 0x00, 0x00, 0x34, 0x45
    dc.b    0x00, 0x00, 0x00, 0x00, 0x00, 0x00, 0x00, 0x00, 0x00, 0x00, 0x00, 0x00, 0x44, 0x49, 0x00, 0x00
    dc.b    0x99, 0x55, 0x90, 0x00, 0x00, 0x07, 0x90, 0x00, 0x00, 0x00, 0x00, 0x00, 0x57, 0x90, 0x00, 0x00
    dc.b    0x00, 0x00, 0x00, 0x00, 0x00, 0x00, 0x00, 0x00, 0x00, 0x00, 0x00, 0x00, 0x00, 0x00, 0x66, 0x33
    dc.b    0x00, 0x06, 0x64, 0x99, 0x00, 0x06, 0x39, 0x00, 0x00, 0x03, 0x39, 0x00, 0x00, 0x03, 0x49, 0x00
    dc.b    0x00, 0x00, 0x00, 0x00, 0x00, 0x00, 0x00, 0x00, 0x00, 0x00, 0x00, 0x00, 0x34, 0x49, 0x00, 0x00
    dc.b    0x99, 0x45, 0x90, 0x00, 0x00, 0x55, 0x90, 0x00, 0x00, 0x99, 0x90, 0x00, 0x00, 0x00, 0x00, 0x00
    dc.b    0x00, 0x00, 0x00, 0x00, 0x00, 0x00, 0x00, 0x00, 0x00, 0x00, 0x00, 0x00, 0x00, 0x03, 0x66, 0x39
    dc.b    0x00, 0x09, 0x63, 0x99, 0x00, 0x00, 0x33, 0x90, 0x00, 0x00, 0x34, 0x90, 0x00, 0x00, 0x44, 0x45
    dc.b    0x00, 0x00, 0x00, 0x00, 0x00, 0x00, 0x00, 0x00, 0x00, 0x00, 0x00, 0x00, 0x44, 0x45, 0x90, 0x00
    dc.b    0x94, 0x59, 0x90, 0x00, 0x05, 0x59, 0x00, 0x00, 0x05, 0x59, 0x00, 0x00, 0x55, 0x79, 0x00, 0x00
    dc.b    0x00, 0x00, 0x00, 0x00, 0x00, 0x00, 0x00, 0x00, 0x00, 0x00, 0x00, 0x00, 0x00, 0x00, 0x06, 0x33
    dc.b    0x00, 0x00, 0x09, 0x34, 0x00, 0x00, 0x00, 0x44, 0x00, 0x00, 0x00, 0x45, 0x00, 0x00, 0x00, 0x55
    dc.b    0x00, 0x00, 0x00, 0x00, 0x00, 0x00, 0x00, 0x00, 0x00, 0x00, 0x00, 0x00, 0x49, 0x00, 0x00, 0x00
    dc.b    0x99, 0x00, 0x00, 0x00, 0x90, 0x00, 0x00, 0x00, 0x90, 0x00, 0x00, 0x00, 0x90, 0x00, 0x00, 0x00
    dc.b    0x00, 0x00, 0x00, 0x00, 0x00, 0x00, 0x00, 0x00, 0x00, 0x00, 0x00, 0x00, 0x00, 0x00, 0x00, 0x33
    dc.b    0x00, 0x00, 0x00, 0x95, 0x00, 0x00, 0x00, 0x05, 0x00, 0x00, 0x00, 0x05, 0x00, 0x00, 0x00, 0x05
    dc.b    0x00, 0x00, 0x00, 0x00, 0x00, 0x00, 0x00, 0x00, 0x00, 0x00, 0x00, 0x00, 0x55, 0x90, 0x00, 0x00
    dc.b    0x59, 0x90, 0x00, 0x00, 0x59, 0x00, 0x00, 0x00, 0x59, 0x00, 0x00, 0x00, 0x79, 0x00, 0x00, 0x00
    dc.b    0x00, 0x00, 0x00, 0x00, 0x00, 0x00, 0x00, 0x00, 0x00, 0x00, 0x00, 0x00, 0x00, 0x03, 0x66, 0x39
    dc.b    0x00, 0x09, 0x63, 0x99, 0x00, 0x00, 0x33, 0x90, 0x00, 0x00, 0x34, 0x44, 0x00, 0x00, 0x34, 0x45
    dc.b    0x00, 0x00, 0x00, 0x00, 0x00, 0x00, 0x00, 0x00, 0x00, 0x00, 0x00, 0x00, 0x04, 0x44, 0x90, 0x00
    dc.b    0x04, 0x59, 0x90, 0x00, 0x45, 0x99, 0x00, 0x00, 0x59, 0x90, 0x00, 0x00, 0x99, 0x00, 0x00, 0x00
    dc.b    0x00, 0x00, 0x00, 0x00, 0x00, 0x00, 0x00, 0x00, 0x00, 0x00, 0x00, 0x00, 0x00, 0x03, 0x66, 0x39
    dc.b    0x00, 0x09, 0x63, 0x99, 0x00, 0x00, 0x33, 0x90, 0x00, 0x00, 0x34, 0x90, 0x00, 0x00, 0x44, 0x90
    dc.b    0x00, 0x00, 0x00, 0x00, 0x00, 0x00, 0x00, 0x00, 0x00, 0x00, 0x00, 0x00, 0x00, 0x00, 0x00, 0x00
    dc.b    0x00, 0x00, 0x00, 0x00, 0x00, 0x00, 0x00, 0x00, 0x00, 0x00, 0x00, 0x00, 0x00, 0x00, 0x00, 0x00
    dc.b    0x00, 0x00, 0x00, 0x00, 0x00, 0x00, 0x00, 0x00, 0x00, 0x00, 0x00, 0x00, 0x00, 0x03, 0x69, 0x00
    dc.b    0x00, 0x09, 0x33, 0x90, 0x00, 0x00, 0x33, 0x49, 0x00, 0x00, 0x34, 0x44, 0x00, 0x00, 0x44, 0x45
    dc.b    0x00, 0x00, 0x00, 0x00, 0x00, 0x00, 0x00, 0x00, 0x00, 0x00, 0x00, 0x00, 0x00, 0x04, 0x59, 0x00
    dc.b    0x00, 0x45, 0x99, 0x00, 0x04, 0x55, 0x90, 0x00, 0x45, 0x57, 0x90, 0x00, 0x55, 0x57, 0x90, 0x00
    dc.b    0x00, 0x00, 0x00, 0x00, 0x00, 0x00, 0x00, 0x00, 0x00, 0x00, 0x00, 0x00, 0x00, 0x06, 0x69, 0x00
    dc.b    0x00, 0x09, 0x63, 0x90, 0x00, 0x00, 0x33, 0x49, 0x00, 0x00, 0x34, 0x44, 0x00, 0x00, 0x44, 0x95
    dc.b    0x00, 0x00, 0x00, 0x00, 0x00, 0x00, 0x00, 0x00, 0x00, 0x00, 0x00, 0x00, 0x00, 0x44, 0x49, 0x00
    dc.b    0x00, 0x44, 0x99, 0x00, 0x00, 0x45, 0x90, 0x00, 0x90, 0x55, 0x90, 0x00, 0x59, 0x57, 0x90, 0x00
    dc.b    0x00, 0x00, 0x00, 0x00, 0x00, 0x00, 0x00, 0x00, 0x00, 0x00, 0x00, 0x00, 0x00, 0x00, 0x66, 0x33
    dc.b    0x00, 0x06, 0x63, 0x99, 0x00, 0x06, 0x39, 0x90, 0x00, 0x03, 0x39, 0x00, 0x00, 0x03, 0x49, 0x00
    dc.b    0x00, 0x00, 0x00, 0x00, 0x00, 0x00, 0x00, 0x00, 0x00, 0x00, 0x00, 0x00, 0x44, 0x59, 0x00, 0x00
    dc.b    0x94, 0x55, 0x90, 0x00, 0x00, 0x55, 0x90, 0x00, 0x00, 0x55, 0x90, 0x00, 0x00, 0x57, 0x90, 0x00
    dc.b    0x00, 0x00, 0x00, 0x00, 0x00, 0x00, 0x00, 0x00, 0x00, 0x00, 0x00, 0x00, 0x00, 0x03, 0x66, 0x33
    dc.b    0x00, 0x09, 0x63, 0x99, 0x00, 0x00, 0x33, 0x90, 0x00, 0x00, 0x34, 0x90, 0x00, 0x00, 0x44, 0x55
    dc.b    0x00, 0x00, 0x00, 0x00, 0x00, 0x00, 0x00, 0x00, 0x00, 0x00, 0x00, 0x00, 0x34, 0x49, 0x00, 0x00
    dc.b    0x99, 0x45, 0x90, 0x00, 0x00, 0x57, 0x90, 0x00, 0x00, 0x78, 0x90, 0x00, 0x77, 0x89, 0x90, 0x00
    dc.b    0x00, 0x00, 0x00, 0x00, 0x00, 0x00, 0x00, 0x00, 0x00, 0x00, 0x00, 0x00, 0x00, 0x00, 0x66, 0x33
    dc.b    0x00, 0x06, 0x63, 0x99, 0x00, 0x06, 0x39, 0x99, 0x00, 0x03, 0x39, 0x00, 0x00, 0x03, 0x49, 0x00
    dc.b    0x00, 0x00, 0x00, 0x00, 0x00, 0x00, 0x00, 0x00, 0x00, 0x00, 0x00, 0x00, 0x34, 0x49, 0x00, 0x00
    dc.b    0x94, 0x45, 0x90, 0x00, 0x99, 0x55, 0x90, 0x00, 0x00, 0x57, 0x90, 0x00, 0x00, 0x57, 0x90, 0x00
    dc.b    0x00, 0x00, 0x00, 0x00, 0x00, 0x00, 0x00, 0x00, 0x00, 0x00, 0x00, 0x00, 0x00, 0x03, 0x66, 0x33
    dc.b    0x00, 0x09, 0x63, 0x99, 0x00, 0x00, 0x33, 0x90, 0x00, 0x00, 0x34, 0x90, 0x00, 0x00, 0x34, 0x45
    dc.b    0x00, 0x00, 0x00, 0x00, 0x00, 0x00, 0x00, 0x00, 0x00, 0x00, 0x00, 0x00, 0x34, 0x49, 0x00, 0x00
    dc.b    0x99, 0x45, 0x90, 0x00, 0x00, 0x55, 0x90, 0x00, 0x00, 0x55, 0x90, 0x00, 0x55, 0x59, 0x00, 0x00
    dc.b    0x00, 0x00, 0x00, 0x00, 0x00, 0x00, 0x00, 0x00, 0x00, 0x00, 0x00, 0x00, 0x00, 0x00, 0x66, 0x33
    dc.b    0x00, 0x06, 0x64, 0x99, 0x00, 0x06, 0x39, 0x00, 0x00, 0x03, 0x34, 0x00, 0x00, 0x09, 0x34, 0x45
    dc.b    0x00, 0x00, 0x00, 0x00, 0x00, 0x00, 0x00, 0x00, 0x00, 0x00, 0x00, 0x00, 0x34, 0x49, 0x00, 0x00
    dc.b    0x99, 0x55, 0x90, 0x00, 0x00, 0x97, 0x90, 0x00, 0x00, 0x00, 0x00, 0x00, 0x55, 0x59, 0x00, 0x00
    dc.b    0x00, 0x00, 0x00, 0x00, 0x00, 0x00, 0x00, 0x00, 0x00, 0x00, 0x00, 0x00, 0x00, 0x06, 0x63, 0x33
    dc.b    0x00, 0x09, 0x99, 0x44, 0x00, 0x09, 0x00, 0x44, 0x00, 0x00, 0x00, 0x45, 0x00, 0x00, 0x00, 0x55
    dc.b    0x00, 0x00, 0x00, 0x00, 0x00, 0x00, 0x00, 0x00, 0x00, 0x00, 0x00, 0x00, 0x44, 0x49, 0x00, 0x00
    dc.b    0x99, 0x95, 0x90, 0x00, 0x90, 0x09, 0x90, 0x00, 0x90, 0x00, 0x00, 0x00, 0x90, 0x00, 0x00, 0x00
    dc.b    0x00, 0x00, 0x00, 0x00, 0x00, 0x00, 0x00, 0x00, 0x00, 0x00, 0x00, 0x00, 0x00, 0x03, 0x66, 0x39
    dc.b    0x00, 0x09, 0x63, 0x99, 0x00, 0x00, 0x33, 0x90, 0x00, 0x00, 0x34, 0x90, 0x00, 0x00, 0x44, 0x90
    dc.b    0x00, 0x00, 0x00, 0x00, 0x00, 0x00, 0x00, 0x00, 0x00, 0x00, 0x00, 0x00, 0x34, 0x44, 0x90, 0x00
    dc.b    0x94, 0x59, 0x90, 0x00, 0x05, 0x59, 0x00, 0x00, 0x05, 0x59, 0x00, 0x00, 0x05, 0x79, 0x00, 0x00
    dc.b    0x00, 0x00, 0x00, 0x00, 0x00, 0x00, 0x00, 0x00, 0x00, 0x00, 0x00, 0x00, 0x00, 0x03, 0x63, 0x69
    dc.b    0x00, 0x09, 0x63, 0x99, 0x00, 0x00, 0x33, 0x90, 0x00, 0x00, 0x34, 0x90, 0x00, 0x00, 0x04, 0x49
    dc.b    0x00, 0x00, 0x00, 0x00, 0x00, 0x00, 0x00, 0x00, 0x00, 0x00, 0x00, 0x00, 0x54, 0x45, 0x90, 0x00
    dc.b    0x94, 0x49, 0x90, 0x00, 0x04, 0x59, 0x00, 0x00, 0x05, 0x79, 0x00, 0x00, 0x47, 0x99, 0x00, 0x00
    dc.b    0x00, 0x00, 0x00, 0x00, 0x00, 0x00, 0x00, 0x00, 0x00, 0x00, 0x00, 0x00, 0x00, 0x03, 0x66, 0x39
    dc.b    0x00, 0x09, 0x63, 0x99, 0x00, 0x00, 0x33, 0x90, 0x00, 0x00, 0x33, 0x94, 0x00, 0x00, 0x34, 0x44
    dc.b    0x00, 0x00, 0x00, 0x00, 0x00, 0x00, 0x00, 0x00, 0x00, 0x00, 0x00, 0x00, 0x04, 0x44, 0x59, 0x00
    dc.b    0x09, 0x45, 0x99, 0x00, 0x00, 0x55, 0x90, 0x00, 0x49, 0x55, 0x90, 0x00, 0x55, 0x57, 0x90, 0x00
    dc.b    0x00, 0x00, 0x00, 0x00, 0x00, 0x00, 0x00, 0x00, 0x00, 0x00, 0x00, 0x00, 0x00, 0x06, 0x66, 0x90
    dc.b    0x00, 0x00, 0x63, 0x90, 0x00, 0x00, 0x03, 0x49, 0x00, 0x00, 0x00, 0x44, 0x00, 0x00, 0x00, 0x45
    dc.b    0x00, 0x00, 0x00, 0x00, 0x00, 0x00, 0x00, 0x00, 0x00, 0x00, 0x00, 0x00, 0x04, 0x45, 0x90, 0x00
    dc.b    0x04, 0x59, 0x90, 0x00, 0x45, 0x99, 0x00, 0x00, 0x49, 0x90, 0x00, 0x00, 0x59, 0x00, 0x00, 0x00
    dc.b    0x00, 0x00, 0x00, 0x00, 0x00, 0x00, 0x00, 0x00, 0x00, 0x00, 0x00, 0x00, 0x00, 0x03, 0x66, 0x90
    dc.b    0x00, 0x00, 0x63, 0x90, 0x00, 0x00, 0x03, 0x39, 0x00, 0x00, 0x00, 0x33, 0x00, 0x00, 0x00, 0x04
    dc.b    0x00, 0x00, 0x00, 0x00, 0x00, 0x00, 0x00, 0x00, 0x00, 0x00, 0x00, 0x00, 0x00, 0x44, 0x59, 0x00
    dc.b    0x00, 0x45, 0x99, 0x00, 0x04, 0x59, 0x90, 0x00, 0x45, 0x99, 0x00, 0x00, 0x59, 0x90, 0x00, 0x00
    dc.b    0x00, 0x00, 0x00, 0x00, 0x00, 0x00, 0x00, 0x00, 0x00, 0x00, 0x00, 0x00, 0x00, 0x00, 0x66, 0x33
    dc.b    0x00, 0x06, 0x69, 0x99, 0x00, 0x06, 0x90, 0x00, 0x00, 0x09, 0x90, 0x04, 0x00, 0x00, 0x00, 0x45
    dc.b    0x00, 0x00, 0x00, 0x00, 0x00, 0x00, 0x00, 0x00, 0x00, 0x00, 0x00, 0x00, 0x33, 0x44, 0x90, 0x00
    dc.b    0x94, 0x49, 0x90, 0x00, 0x45, 0x99, 0x00, 0x00, 0x59, 0x90, 0x00, 0x00, 0x99, 0x00, 0x00, 0x00
    dc.b    0x00, 0x00, 0x00, 0x00, 0x00, 0x00, 0x00, 0x00, 0x00, 0x00, 0x00, 0x00, 0x00, 0x00, 0x63, 0x34
    dc.b    0x00, 0x06, 0x33, 0x99, 0x00, 0x03, 0x39, 0x90, 0x00, 0x03, 0x49, 0x00, 0x00, 0x04, 0x49, 0x00
    dc.b    0x00, 0x00, 0x00, 0x00, 0x00, 0x00, 0x00, 0x00, 0x00, 0x00, 0x00, 0x00, 0x44, 0x39, 0x00, 0x00
    dc.b    0x94, 0x43, 0x90, 0x00, 0x00, 0x55, 0x90, 0x00, 0x00, 0x55, 0x90, 0x00, 0x00, 0x57, 0x90, 0x00
    dc.b    0x00, 0x00, 0x00, 0x00, 0x00, 0x00, 0x00, 0x00, 0x00, 0x00, 0x00, 0x00, 0x00, 0x00, 0x00, 0x06
    dc.b    0x00, 0x00, 0x06, 0x66, 0x00, 0x00, 0x00, 0x03, 0x00, 0x00, 0x00, 0x03, 0x00, 0x00, 0x00, 0x04
    dc.b    0x00, 0x00, 0x00, 0x00, 0x00, 0x00, 0x00, 0x00, 0x00, 0x00, 0x00, 0x00, 0x69, 0x00, 0x00, 0x00
    dc.b    0x39, 0x00, 0x00, 0x00, 0x39, 0x00, 0x00, 0x00, 0x49, 0x00, 0x00, 0x00, 0x49, 0x00, 0x00, 0x00
    dc.b    0x00, 0x00, 0x00, 0x00, 0x00, 0x00, 0x00, 0x00, 0x00, 0x00, 0x00, 0x00, 0x00, 0x00, 0x33, 0x34
    dc.b    0x00, 0x03, 0x33, 0x99, 0x00, 0x03, 0x49, 0x99, 0x00, 0x09, 0x90, 0x00, 0x00, 0x00, 0x00, 0x03
    dc.b    0x00, 0x00, 0x00, 0x00, 0x00, 0x00, 0x00, 0x00, 0x00, 0x00, 0x00, 0x00, 0x44, 0x49, 0x00, 0x00
    dc.b    0x93, 0x44, 0x90, 0x00, 0x99, 0x45, 0x90, 0x00, 0x03, 0x54, 0x90, 0x00, 0x45, 0x49, 0x90, 0x00
    dc.b    0x00, 0x00, 0x00, 0x00, 0x00, 0x00, 0x00, 0x00, 0x00, 0x00, 0x00, 0x00, 0x00, 0x00, 0x66, 0x33
    dc.b    0x00, 0x06, 0x66, 0x99, 0x00, 0x06, 0x60, 0x00, 0x00, 0x09, 0x00, 0x00, 0x00, 0x00, 0x04, 0x45
    dc.b    0x00, 0x00, 0x00, 0x00, 0x00, 0x00, 0x00, 0x00, 0x00, 0x00, 0x00, 0x00, 0x44, 0x49, 0x00, 0x00
    dc.b    0x94, 0x54, 0x90, 0x00, 0x00, 0x55, 0x90, 0x00, 0x03, 0x54, 0x90, 0x00, 0x55, 0x79, 0x90, 0x00
    dc.b    0x00, 0x00, 0x00, 0x00, 0x00, 0x00, 0x00, 0x00, 0x00, 0x00, 0x00, 0x00, 0x00, 0x00, 0x00, 0x00
    dc.b    0x00, 0x00, 0x00, 0x03, 0x00, 0x00, 0x00, 0x34, 0x00, 0x00, 0x03, 0x49, 0x00, 0x00, 0x34, 0x90
    dc.b    0x00, 0x00, 0x00, 0x00, 0x00, 0x00, 0x00, 0x00, 0x00, 0x00, 0x00, 0x00, 0x34, 0x49, 0x00, 0x00
    dc.b    0x44, 0x49, 0x00, 0x00, 0x94, 0x59, 0x00, 0x00, 0x05, 0x59, 0x00, 0x00, 0x05, 0x79, 0x00, 0x00
    dc.b    0x00, 0x00, 0x00, 0x00, 0x00, 0x00, 0x00, 0x00, 0x00, 0x00, 0x00, 0x00, 0x00, 0x06, 0x63, 0x34
    dc.b    0x00, 0x06, 0x36, 0x99, 0x00, 0x03, 0x46, 0x90, 0x00, 0x04, 0x46, 0x90, 0x00, 0x04, 0x44, 0x45
    dc.b    0x00, 0x00, 0x00, 0x00, 0x00, 0x00, 0x00, 0x00, 0x00, 0x00, 0x00, 0x00, 0x44, 0x45, 0x90, 0x00
    dc.b    0x99, 0x99, 0x90, 0x00, 0x00, 0x00, 0x00, 0x00, 0x00, 0x00, 0x00, 0x00, 0x55, 0x79, 0x00, 0x00
    dc.b    0x00, 0x00, 0x00, 0x00, 0x00, 0x00, 0x00, 0x00, 0x00, 0x00, 0x00, 0x00, 0x00, 0x00, 0x66, 0x33
    dc.b    0x00, 0x06, 0x63, 0x99, 0x00, 0x06, 0x39, 0x90, 0x00, 0x03, 0x39, 0x00, 0x00, 0x03, 0x44, 0x45
    dc.b    0x00, 0x00, 0x00, 0x00, 0x00, 0x00, 0x00, 0x00, 0x00, 0x00, 0x00, 0x00, 0x44, 0x49, 0x00, 0x00
    dc.b    0x93, 0x45, 0x90, 0x00, 0x00, 0x55, 0x90, 0x00, 0x00, 0x09, 0x90, 0x00, 0x55, 0x79, 0x00, 0x00
    dc.b    0x00, 0x00, 0x00, 0x00, 0x00, 0x00, 0x00, 0x00, 0x00, 0x00, 0x00, 0x00, 0x00, 0x06, 0x63, 0x33
    dc.b    0x00, 0x06, 0x39, 0x99, 0x00, 0x03, 0x39, 0x00, 0x00, 0x09, 0x99, 0x00, 0x00, 0x00, 0x00, 0x00
    dc.b    0x00, 0x00, 0x00, 0x00, 0x00, 0x00, 0x00, 0x00, 0x00, 0x00, 0x00, 0x00, 0x34, 0x44, 0x90, 0x00
    dc.b    0x94, 0x45, 0x90, 0x00, 0x04, 0x55, 0x90, 0x00, 0x45, 0x59, 0x90, 0x00, 0x55, 0x99, 0x00, 0x00
    dc.b    0x00, 0x00, 0x00, 0x00, 0x00, 0x00, 0x00, 0x00, 0x00, 0x00, 0x00, 0x00, 0x00, 0x00, 0x66, 0x33
    dc.b    0x00, 0x06, 0x63, 0x99, 0x00, 0x06, 0x39, 0x90, 0x00, 0x03, 0x43, 0x00, 0x00, 0x00, 0x44, 0x55
    dc.b    0x00, 0x00, 0x00, 0x00, 0x00, 0x00, 0x00, 0x00, 0x00, 0x00, 0x00, 0x00, 0x34, 0x49, 0x00, 0x00
    dc.b    0x94, 0x45, 0x90, 0x00, 0x00, 0x55, 0x90, 0x00, 0x04, 0x55, 0x90, 0x00, 0x55, 0x59, 0x90, 0x00
    dc.b    0x00, 0x00, 0x00, 0x00, 0x00, 0x00, 0x00, 0x00, 0x00, 0x00, 0x00, 0x00, 0x00, 0x00, 0x66, 0x33
    dc.b    0x00, 0x06, 0x63, 0x99, 0x00, 0x06, 0x39, 0x90, 0x00, 0x03, 0x33, 0x90, 0x00, 0x09, 0x44, 0x45
    dc.b    0x00, 0x00, 0x00, 0x00, 0x00, 0x00, 0x00, 0x00, 0x00, 0x00, 0x00, 0x00, 0x33, 0x49, 0x00, 0x00
    dc.b    0x94, 0x55, 0x90, 0x00, 0x00, 0x55, 0x90, 0x00, 0x03, 0x57, 0x90, 0x00, 0x55, 0x77, 0x90, 0x00
    dc.b    0x00, 0x00, 0x34, 0x55, 0x00, 0x00, 0x45, 0x99, 0x00, 0x00, 0x54, 0x90, 0x00, 0x04, 0x55, 0x59
    dc.b    0x00, 0x09, 0x99, 0x99, 0x00, 0x00, 0x00, 0x00, 0x00, 0x00, 0x00, 0x00, 0x00, 0x00, 0x00, 0x00
    dc.b    0x57, 0x75, 0x90, 0x00, 0x99, 0x77, 0x90, 0x00, 0x00, 0x58, 0x90, 0x00, 0x08, 0x88, 0x89, 0x00
    dc.b    0x00, 0x99, 0x99, 0x00, 0x00, 0x00, 0x00, 0x00, 0x00, 0x00, 0x00, 0x00, 0x00, 0x00, 0x00, 0x00
    dc.b    0x00, 0x00, 0x44, 0x99, 0x00, 0x00, 0x45, 0x90, 0x00, 0x00, 0x55, 0x90, 0x00, 0x05, 0x55, 0x77
    dc.b    0x00, 0x09, 0x99, 0x99, 0x00, 0x00, 0x00, 0x00, 0x00, 0x00, 0x00, 0x00, 0x00, 0x00, 0x00, 0x00
    dc.b    0x99, 0x77, 0x90, 0x00, 0x00, 0x78, 0x90, 0x00, 0x00, 0x88, 0x90, 0x00, 0x78, 0x89, 0x90, 0x00
    dc.b    0x99, 0x99, 0x00, 0x00, 0x00, 0x00, 0x00, 0x00, 0x00, 0x00, 0x00, 0x00, 0x00, 0x00, 0x00, 0x00
    dc.b    0x00, 0x03, 0x49, 0x00, 0x00, 0x04, 0x49, 0x00, 0x00, 0x04, 0x45, 0x00, 0x00, 0x09, 0x55, 0x77
    dc.b    0x00, 0x00, 0x99, 0x99, 0x00, 0x00, 0x00, 0x00, 0x00, 0x00, 0x00, 0x00, 0x00, 0x00, 0x00, 0x00
    dc.b    0x00, 0x00, 0x00, 0x00, 0x00, 0x07, 0x90, 0x00, 0x00, 0x78, 0x90, 0x00, 0x78, 0x89, 0x90, 0x00
    dc.b    0x99, 0x99, 0x00, 0x00, 0x00, 0x00, 0x00, 0x00, 0x00, 0x00, 0x00, 0x00, 0x00, 0x00, 0x00, 0x00
    dc.b    0x00, 0x00, 0x44, 0x90, 0x00, 0x00, 0x45, 0x90, 0x00, 0x00, 0x55, 0x90, 0x00, 0x05, 0x55, 0x77
    dc.b    0x00, 0x09, 0x99, 0x99, 0x00, 0x00, 0x00, 0x00, 0x00, 0x00, 0x00, 0x00, 0x00, 0x00, 0x00, 0x00
    dc.b    0x00, 0x77, 0x90, 0x00, 0x00, 0x78, 0x90, 0x00, 0x05, 0x88, 0x90, 0x00, 0x78, 0x89, 0x90, 0x00
    dc.b    0x99, 0x99, 0x00, 0x00, 0x00, 0x00, 0x00, 0x00, 0x00, 0x00, 0x00, 0x00, 0x00, 0x00, 0x00, 0x00
    dc.b    0x00, 0x00, 0x44, 0x99, 0x00, 0x00, 0x45, 0x90, 0x00, 0x00, 0x55, 0x90, 0x00, 0x05, 0x55, 0x77
    dc.b    0x00, 0x09, 0x99, 0x99, 0x00, 0x00, 0x00, 0x00, 0x00, 0x00, 0x00, 0x00, 0x00, 0x00, 0x00, 0x00
    dc.b    0x99, 0x00, 0x00, 0x00, 0x00, 0x08, 0x90, 0x00, 0x00, 0x88, 0x90, 0x00, 0x78, 0x89, 0x90, 0x00
    dc.b    0x99, 0x99, 0x00, 0x00, 0x00, 0x00, 0x00, 0x00, 0x00, 0x00, 0x00, 0x00, 0x00, 0x00, 0x00, 0x00
    dc.b    0x00, 0x00, 0x44, 0x90, 0x00, 0x00, 0x45, 0x00, 0x00, 0x00, 0x55, 0x90, 0x00, 0x05, 0x55, 0x79
    dc.b    0x00, 0x09, 0x99, 0x99, 0x00, 0x00, 0x00, 0x00, 0x00, 0x00, 0x00, 0x00, 0x00, 0x00, 0x00, 0x00
    dc.b    0x09, 0x90, 0x00, 0x00, 0x00, 0x00, 0x00, 0x00, 0x00, 0x00, 0x00, 0x00, 0x00, 0x00, 0x00, 0x00
    dc.b    0x00, 0x00, 0x00, 0x00, 0x00, 0x00, 0x00, 0x00, 0x00, 0x00, 0x00, 0x00, 0x00, 0x00, 0x00, 0x00
    dc.b    0x00, 0x04, 0x49, 0x00, 0x00, 0x04, 0x59, 0x00, 0x00, 0x05, 0x55, 0x90, 0x00, 0x09, 0x55, 0x77
    dc.b    0x00, 0x00, 0x99, 0x99, 0x00, 0x00, 0x00, 0x00, 0x00, 0x00, 0x00, 0x00, 0x00, 0x00, 0x00, 0x00
    dc.b    0x00, 0x00, 0x00, 0x00, 0x05, 0x77, 0x90, 0x00, 0x09, 0x78, 0x90, 0x00, 0x77, 0x88, 0x90, 0x00
    dc.b    0x99, 0x99, 0x90, 0x00, 0x00, 0x00, 0x00, 0x00, 0x00, 0x00, 0x00, 0x00, 0x00, 0x00, 0x00, 0x00
    dc.b    0x00, 0x00, 0x44, 0x99, 0x00, 0x00, 0x45, 0x90, 0x00, 0x00, 0x55, 0x90, 0x00, 0x05, 0x55, 0x79
    dc.b    0x00, 0x09, 0x99, 0x99, 0x00, 0x00, 0x00, 0x00, 0x00, 0x00, 0x00, 0x00, 0x00, 0x00, 0x00, 0x00
    dc.b    0x97, 0x79, 0x00, 0x00, 0x07, 0x79, 0x00, 0x00, 0x07, 0x89, 0x00, 0x00, 0x78, 0x88, 0x90, 0x00
    dc.b    0x09, 0x99, 0x90, 0x00, 0x00, 0x00, 0x00, 0x00, 0x00, 0x00, 0x00, 0x00, 0x00, 0x00, 0x00, 0x00
    dc.b    0x00, 0x00, 0x00, 0x55, 0x00, 0x00, 0x00, 0x57, 0x00, 0x00, 0x00, 0x77, 0x00, 0x00, 0x07, 0x78
    dc.b    0x00, 0x00, 0x09, 0x99, 0x00, 0x00, 0x00, 0x00, 0x00, 0x00, 0x00, 0x00, 0x00, 0x00, 0x00, 0x00
    dc.b    0x90, 0x00, 0x00, 0x00, 0x90, 0x00, 0x00, 0x00, 0x90, 0x00, 0x00, 0x00, 0x89, 0x00, 0x00, 0x00
    dc.b    0x99, 0x00, 0x00, 0x00, 0x00, 0x00, 0x00, 0x00, 0x00, 0x00, 0x00, 0x00, 0x00, 0x00, 0x00, 0x00
    dc.b    0x00, 0x00, 0x00, 0x07, 0x00, 0x04, 0x59, 0x07, 0x00, 0x05, 0x59, 0x08, 0x00, 0x09, 0x77, 0x88
    dc.b    0x00, 0x00, 0x99, 0x99, 0x00, 0x00, 0x00, 0x00, 0x00, 0x00, 0x00, 0x00, 0x00, 0x00, 0x00, 0x00
    dc.b    0x79, 0x00, 0x00, 0x00, 0x89, 0x00, 0x00, 0x00, 0x89, 0x00, 0x00, 0x00, 0x99, 0x00, 0x00, 0x00
    dc.b    0x90, 0x00, 0x00, 0x00, 0x00, 0x00, 0x00, 0x00, 0x00, 0x00, 0x00, 0x00, 0x00, 0x00, 0x00, 0x00
    dc.b    0x00, 0x00, 0x44, 0x55, 0x00, 0x00, 0x45, 0x99, 0x00, 0x00, 0x55, 0x90, 0x00, 0x05, 0x55, 0x79
    dc.b    0x00, 0x09, 0x99, 0x99, 0x00, 0x00, 0x00, 0x00, 0x00, 0x00, 0x00, 0x00, 0x00, 0x00, 0x00, 0x00
    dc.b    0x79, 0x00, 0x00, 0x00, 0x77, 0x90, 0x00, 0x00, 0x07, 0x79, 0x00, 0x00, 0x07, 0x88, 0x90, 0x00
    dc.b    0x09, 0x99, 0x90, 0x00, 0x00, 0x00, 0x00, 0x00, 0x00, 0x00, 0x00, 0x00, 0x00, 0x00, 0x00, 0x00
    dc.b    0x00, 0x00, 0x45, 0x90, 0x00, 0x00, 0x55, 0x90, 0x00, 0x00, 0x57, 0x90, 0x00, 0x05, 0x77, 0x77
    dc.b    0x00, 0x09, 0x99, 0x99, 0x00, 0x00, 0x00, 0x00, 0x00, 0x00, 0x00, 0x00, 0x00, 0x00, 0x00, 0x00
    dc.b    0x00, 0x00, 0x00, 0x00, 0x00, 0x08, 0x90, 0x00, 0x00, 0x77, 0x90, 0x00, 0x88, 0x79, 0x90, 0x00
    dc.b    0x99, 0x99, 0x00, 0x00, 0x00, 0x00, 0x00, 0x00, 0x00, 0x00, 0x00, 0x00, 0x00, 0x00, 0x00, 0x00
    dc.b    0x00, 0x00, 0x44, 0x95, 0x00, 0x00, 0x45, 0x99, 0x00, 0x00, 0x55, 0x90, 0x00, 0x05, 0x55, 0x50
    dc.b    0x00, 0x09, 0x99, 0x90, 0x00, 0x00, 0x00, 0x00, 0x00, 0x00, 0x00, 0x00, 0x00, 0x00, 0x00, 0x00
    dc.b    0x59, 0x77, 0x90, 0x00, 0x99, 0x77, 0x90, 0x00, 0x09, 0x78, 0x90, 0x00, 0x07, 0x88, 0x89, 0x00
    dc.b    0x09, 0x99, 0x99, 0x00, 0x00, 0x00, 0x00, 0x00, 0x00, 0x00, 0x00, 0x00, 0x00, 0x00, 0x00, 0x00
    dc.b    0x00, 0x00, 0x44, 0x90, 0x00, 0x00, 0x45, 0x90, 0x00, 0x00, 0x55, 0x90, 0x00, 0x05, 0x55, 0x90
    dc.b    0x00, 0x09, 0x99, 0x90, 0x00, 0x00, 0x00, 0x00, 0x00, 0x00, 0x00, 0x00, 0x00, 0x00, 0x00, 0x00
    dc.b    0x55, 0x77, 0x90, 0x00, 0x07, 0x77, 0x90, 0x00, 0x00, 0x78, 0x90, 0x00, 0x00, 0x08, 0x89, 0x00
    dc.b    0x00, 0x09, 0x99, 0x00, 0x00, 0x00, 0x00, 0x00, 0x00, 0x00, 0x00, 0x00, 0x00, 0x00, 0x00, 0x00
    dc.b    0x00, 0x04, 0x49, 0x00, 0x00, 0x04, 0x49, 0x00, 0x00, 0x04, 0x54, 0x90, 0x00, 0x09, 0x55, 0x77
    dc.b    0x00, 0x00, 0x99, 0x99, 0x00, 0x00, 0x00, 0x00, 0x00, 0x00, 0x00, 0x00, 0x00, 0x00, 0x00, 0x00
    dc.b    0x00, 0x77, 0x90, 0x00, 0x00, 0x78, 0x90, 0x00, 0x04, 0x87, 0x90, 0x00, 0x78, 0x79, 0x90, 0x00
    dc.b    0x99, 0x99, 0x00, 0x00, 0x00, 0x00, 0x00, 0x00, 0x00, 0x00, 0x00, 0x00, 0x00, 0x00, 0x00, 0x00
    dc.b    0x00, 0x00, 0x45, 0x99, 0x00, 0x00, 0x55, 0x90, 0x00, 0x00, 0x57, 0x90, 0x00, 0x05, 0x77, 0x89
    dc.b    0x00, 0x09, 0x99, 0x99, 0x00, 0x00, 0x00, 0x00, 0x00, 0x00, 0x00, 0x00, 0x00, 0x00, 0x00, 0x00
    dc.b    0x99, 0x99, 0x90, 0x00, 0x00, 0x00, 0x00, 0x00, 0x00, 0x00, 0x00, 0x00, 0x00, 0x00, 0x00, 0x00
    dc.b    0x00, 0x00, 0x00, 0x00, 0x00, 0x00, 0x00, 0x00, 0x00, 0x00, 0x00, 0x00, 0x00, 0x00, 0x00, 0x00
    dc.b    0x00, 0x04, 0x49, 0x00, 0x00, 0x04, 0x59, 0x00, 0x00, 0x05, 0x55, 0x99, 0x00, 0x09, 0x55, 0x77
    dc.b    0x00, 0x00, 0x99, 0x99, 0x00, 0x00, 0x00, 0x00, 0x00, 0x00, 0x00, 0x00, 0x00, 0x00, 0x00, 0x00
    dc.b    0x00, 0x77, 0x90, 0x00, 0x59, 0x75, 0x90, 0x00, 0x97, 0x89, 0x90, 0x00, 0x75, 0x98, 0x90, 0x00
    dc.b    0x99, 0x99, 0x00, 0x00, 0x00, 0x00, 0x00, 0x00, 0x00, 0x00, 0x00, 0x00, 0x00, 0x00, 0x00, 0x00
    dc.b    0x00, 0x00, 0x44, 0x99, 0x00, 0x00, 0x44, 0x90, 0x00, 0x00, 0x45, 0x90, 0x00, 0x04, 0x55, 0x79
    dc.b    0x00, 0x09, 0x99, 0x99, 0x00, 0x00, 0x00, 0x00, 0x00, 0x00, 0x00, 0x00, 0x00, 0x00, 0x00, 0x00
    dc.b    0x94, 0x59, 0x00, 0x00, 0x00, 0x77, 0x90, 0x00, 0x00, 0x78, 0x90, 0x00, 0x07, 0x88, 0x79, 0x00
    dc.b    0x09, 0x99, 0x99, 0x00, 0x00, 0x00, 0x00, 0x00, 0x00, 0x00, 0x00, 0x00, 0x00, 0x00, 0x00, 0x00
    dc.b    0x00, 0x00, 0x99, 0x99, 0x00, 0x03, 0x90, 0x00, 0x00, 0x04, 0x49, 0x00, 0x00, 0x09, 0x55, 0x77
    dc.b    0x00, 0x00, 0x99, 0x99, 0x00, 0x00, 0x00, 0x00, 0x00, 0x00, 0x00, 0x00, 0x00, 0x00, 0x00, 0x00
    dc.b    0x95, 0x77, 0x90, 0x00, 0x09, 0x77, 0x90, 0x00, 0x95, 0x78, 0x90, 0x00, 0x77, 0x89, 0x90, 0x00
    dc.b    0x99, 0x99, 0x00, 0x00, 0x00, 0x00, 0x00, 0x00, 0x00, 0x00, 0x00, 0x00, 0x00, 0x00, 0x00, 0x00
    dc.b    0x00, 0x00, 0x00, 0x55, 0x00, 0x00, 0x00, 0x57, 0x00, 0x00, 0x00, 0x77, 0x00, 0x00, 0x07, 0x78
    dc.b    0x00, 0x00, 0x09, 0x99, 0x00, 0x00, 0x00, 0x00, 0x00, 0x00, 0x00, 0x00, 0x00, 0x00, 0x00, 0x00
    dc.b    0x90, 0x00, 0x00, 0x00, 0x90, 0x00, 0x00, 0x00, 0x90, 0x00, 0x00, 0x00, 0x89, 0x00, 0x00, 0x00
    dc.b    0x99, 0x00, 0x00, 0x00, 0x00, 0x00, 0x00, 0x00, 0x00, 0x00, 0x00, 0x00, 0x00, 0x00, 0x00, 0x00
    dc.b    0x00, 0x00, 0x45, 0x90, 0x00, 0x00, 0x55, 0x90, 0x00, 0x00, 0x55, 0x90, 0x00, 0x00, 0x97, 0x78
    dc.b    0x00, 0x00, 0x09, 0x99, 0x00, 0x00, 0x00, 0x00, 0x00, 0x00, 0x00, 0x00, 0x00, 0x00, 0x00, 0x00
    dc.b    0x07, 0x79, 0x00, 0x00, 0x08, 0x89, 0x00, 0x00, 0x08, 0x59, 0x00, 0x00, 0x85, 0x99, 0x00, 0x00
    dc.b    0x99, 0x90, 0x00, 0x00, 0x00, 0x00, 0x00, 0x00, 0x00, 0x00, 0x00, 0x00, 0x00, 0x00, 0x00, 0x00
    dc.b    0x00, 0x00, 0x04, 0x49, 0x00, 0x00, 0x00, 0x55, 0x00, 0x00, 0x00, 0x57, 0x00, 0x00, 0x00, 0x08
    dc.b    0x00, 0x00, 0x00, 0x09, 0x00, 0x00, 0x00, 0x00, 0x00, 0x00, 0x00, 0x00, 0x00, 0x00, 0x00, 0x00
    dc.b    0x57, 0x90, 0x00, 0x00, 0x79, 0x00, 0x00, 0x00, 0x89, 0x00, 0x00, 0x00, 0x90, 0x00, 0x00, 0x00
    dc.b    0x90, 0x00, 0x00, 0x00, 0x00, 0x00, 0x00, 0x00, 0x00, 0x00, 0x00, 0x00, 0x00, 0x00, 0x00, 0x00
    dc.b    0x00, 0x00, 0x44, 0x45, 0x00, 0x00, 0x44, 0x59, 0x00, 0x00, 0x45, 0x99, 0x00, 0x00, 0x59, 0x90
    dc.b    0x00, 0x00, 0x99, 0x00, 0x00, 0x00, 0x00, 0x00, 0x00, 0x00, 0x00, 0x00, 0x00, 0x00, 0x00, 0x00
    dc.b    0x55, 0x77, 0x90, 0x00, 0x97, 0x77, 0x90, 0x00, 0x00, 0x78, 0x90, 0x00, 0x00, 0x08, 0x90, 0x00
    dc.b    0x00, 0x09, 0x90, 0x00, 0x00, 0x00, 0x00, 0x00, 0x00, 0x00, 0x00, 0x00, 0x00, 0x00, 0x00, 0x00
    dc.b    0x00, 0x00, 0x00, 0x45, 0x00, 0x00, 0x04, 0x59, 0x00, 0x00, 0x45, 0x99, 0x00, 0x04, 0x55, 0x90
    dc.b    0x00, 0x09, 0x99, 0x90, 0x00, 0x00, 0x00, 0x00, 0x00, 0x00, 0x00, 0x00, 0x00, 0x00, 0x00, 0x00
    dc.b    0x59, 0x00, 0x00, 0x00, 0x57, 0x90, 0x00, 0x00, 0x07, 0x89, 0x00, 0x00, 0x08, 0x88, 0x90, 0x00
    dc.b    0x09, 0x99, 0x90, 0x00, 0x00, 0x00, 0x00, 0x00, 0x00, 0x00, 0x00, 0x00, 0x00, 0x00, 0x00, 0x00
    dc.b    0x00, 0x00, 0x00, 0x04, 0x00, 0x00, 0x00, 0x05, 0x00, 0x00, 0x00, 0x05, 0x00, 0x00, 0x00, 0x57
    dc.b    0x00, 0x00, 0x00, 0x99, 0x00, 0x00, 0x00, 0x00, 0x00, 0x00, 0x00, 0x00, 0x00, 0x00, 0x00, 0x00
    dc.b    0x59, 0x00, 0x00, 0x00, 0x59, 0x00, 0x00, 0x00, 0x79, 0x00, 0x00, 0x00, 0x78, 0x90, 0x00, 0x00
    dc.b    0x99, 0x90, 0x00, 0x00, 0x00, 0x00, 0x00, 0x00, 0x00, 0x00, 0x00, 0x00, 0x00, 0x00, 0x00, 0x00
    dc.b    0x00, 0x00, 0x04, 0x59, 0x00, 0x00, 0x45, 0x99, 0x00, 0x04, 0x59, 0x90, 0x00, 0x05, 0x55, 0x77
    dc.b    0x00, 0x09, 0x99, 0x99, 0x00, 0x00, 0x00, 0x00, 0x00, 0x00, 0x00, 0x00, 0x00, 0x00, 0x00, 0x00
    dc.b    0x90, 0x00, 0x00, 0x00, 0x00, 0x05, 0x90, 0x00, 0x00, 0x57, 0x90, 0x00, 0x78, 0x79, 0x90, 0x00
    dc.b    0x99, 0x99, 0x00, 0x00, 0x00, 0x00, 0x00, 0x00, 0x00, 0x00, 0x00, 0x00, 0x00, 0x00, 0x00, 0x00
    dc.b    0x00, 0x04, 0x49, 0x00, 0x00, 0x04, 0x59, 0x00, 0x00, 0x03, 0x55, 0x00, 0x00, 0x00, 0x35, 0x57
    dc.b    0x00, 0x00, 0x09, 0x99, 0x00, 0x00, 0x00, 0x00, 0x00, 0x00, 0x00, 0x00, 0x00, 0x00, 0x00, 0x00
    dc.b    0x00, 0x77, 0x90, 0x00, 0x00, 0x78, 0x90, 0x00, 0x07, 0x84, 0x90, 0x00, 0x78, 0x49, 0x90, 0x00
    dc.b    0x99, 0x99, 0x00, 0x00, 0x00, 0x00, 0x00, 0x00, 0x00, 0x00, 0x00, 0x00, 0x00, 0x00, 0x00, 0x00
    dc.b    0x00, 0x00, 0x00, 0x04, 0x00, 0x00, 0x00, 0x05, 0x00, 0x00, 0x00, 0x05, 0x00, 0x00, 0x00, 0x57
    dc.b    0x00, 0x00, 0x00, 0x99, 0x00, 0x00, 0x00, 0x00, 0x00, 0x00, 0x00, 0x00, 0x00, 0x00, 0x00, 0x00
    dc.b    0x59, 0x00, 0x00, 0x00, 0x59, 0x00, 0x00, 0x00, 0x79, 0x00, 0x00, 0x00, 0x78, 0x90, 0x00, 0x00
    dc.b    0x99, 0x90, 0x00, 0x00, 0x00, 0x00, 0x00, 0x00, 0x00, 0x00, 0x00, 0x00, 0x00, 0x00, 0x00, 0x00
    dc.b    0x00, 0x00, 0x04, 0x55, 0x00, 0x00, 0x55, 0x59, 0x00, 0x04, 0x55, 0x99, 0x00, 0x05, 0x55, 0x77
    dc.b    0x00, 0x09, 0x99, 0x99, 0x00, 0x00, 0x00, 0x00, 0x00, 0x00, 0x00, 0x00, 0x00, 0x00, 0x00, 0x00
    dc.b    0x54, 0x99, 0x00, 0x00, 0x99, 0x00, 0x00, 0x00, 0x00, 0x00, 0x00, 0x00, 0x77, 0x88, 0x90, 0x00
    dc.b    0x99, 0x99, 0x90, 0x00, 0x00, 0x00, 0x00, 0x00, 0x00, 0x00, 0x00, 0x00, 0x00, 0x00, 0x00, 0x00
    dc.b    0x00, 0x00, 0x09, 0x99, 0x00, 0x04, 0x40, 0x00, 0x00, 0x04, 0x43, 0x00, 0x00, 0x09, 0x55, 0x77
    dc.b    0x00, 0x00, 0x99, 0x99, 0x00, 0x00, 0x00, 0x00, 0x00, 0x00, 0x00, 0x00, 0x00, 0x00, 0x00, 0x00
    dc.b    0x94, 0x75, 0x90, 0x00, 0x00, 0x78, 0x90, 0x00, 0x05, 0x85, 0x90, 0x00, 0x78, 0x59, 0x90, 0x00
    dc.b    0x99, 0x99, 0x00, 0x00, 0x00, 0x00, 0x00, 0x00, 0x00, 0x00, 0x00, 0x00, 0x00, 0x00, 0x00, 0x00
    dc.b    0x00, 0x04, 0x49, 0x00, 0x00, 0x04, 0x55, 0x77, 0x00, 0x09, 0x99, 0x99, 0x00, 0x00, 0x00, 0x00
    dc.b    0x00, 0x00, 0x00, 0x00, 0x00, 0x00, 0x00, 0x00, 0x00, 0x00, 0x00, 0x00, 0x00, 0x00, 0x00, 0x00
    dc.b    0x07, 0x79, 0x00, 0x00, 0x77, 0x77, 0x79, 0x00, 0x97, 0x79, 0x99, 0x00, 0x77, 0x88, 0x90, 0x00
    dc.b    0x99, 0x99, 0x90, 0x00, 0x00, 0x00, 0x00, 0x00, 0x00, 0x00, 0x00, 0x00, 0x00, 0x00, 0x00, 0x00
    dc.b    0x00, 0x09, 0x99, 0x99, 0x00, 0x04, 0x49, 0x00, 0x00, 0x04, 0x56, 0x90, 0x00, 0x09, 0x55, 0x77
    dc.b    0x00, 0x00, 0x99, 0x99, 0x00, 0x00, 0x00, 0x00, 0x00, 0x00, 0x00, 0x00, 0x00, 0x00, 0x00, 0x00
    dc.b    0x94, 0x77, 0x90, 0x00, 0x09, 0x78, 0x90, 0x00, 0x05, 0x88, 0x90, 0x00, 0x78, 0x89, 0x90, 0x00
    dc.b    0x99, 0x99, 0x00, 0x00, 0x00, 0x00, 0x00, 0x00, 0x00, 0x00, 0x00, 0x00, 0x00, 0x00, 0x00, 0x00
    dc.b    0x00, 0x04, 0x43, 0x99, 0x00, 0x04, 0x49, 0x00, 0x00, 0x04, 0x44, 0x00, 0x00, 0x09, 0x55, 0x57
    dc.b    0x00, 0x00, 0x99, 0x99, 0x00, 0x00, 0x00, 0x00, 0x00, 0x00, 0x00, 0x00, 0x00, 0x00, 0x00, 0x00
    dc.b    0x94, 0x77, 0x90, 0x00, 0x00, 0x78, 0x90, 0x00, 0x05, 0x88, 0x90, 0x00, 0x78, 0x89, 0x90, 0x00
    dc.b    0x99, 0x99, 0x00, 0x00, 0x00, 0x00, 0x00, 0x00, 0x00, 0x00, 0x00, 0x00, 0x00, 0x00, 0x00, 0x00
    dc.b    0x00, 0x00, 0x00, 0x04, 0x00, 0x00, 0x00, 0x05, 0x00, 0x00, 0x00, 0x07, 0x00, 0x00, 0x00, 0x07
    dc.b    0x00, 0x00, 0x00, 0x09, 0x00, 0x00, 0x00, 0x00, 0x00, 0x00, 0x00, 0x00, 0x00, 0x00, 0x00, 0x00
    dc.b    0x53, 0x90, 0x00, 0x00, 0x79, 0x00, 0x00, 0x00, 0x79, 0x00, 0x00, 0x00, 0x89, 0x00, 0x00, 0x00
    dc.b    0x99, 0x00, 0x00, 0x00, 0x00, 0x00, 0x00, 0x00, 0x00, 0x00, 0x00, 0x00, 0x00, 0x00, 0x00, 0x00
    dc.b    0x00, 0x04, 0x43, 0x99, 0x00, 0x04, 0x49, 0x00, 0x00, 0x04, 0x45, 0x90, 0x00, 0x09, 0x55, 0x77
    dc.b    0x00, 0x00, 0x99, 0x99, 0x00, 0x00, 0x00, 0x00, 0x00, 0x00, 0x00, 0x00, 0x00, 0x00, 0x00, 0x00
    dc.b    0x94, 0x77, 0x90, 0x00, 0x00, 0x78, 0x90, 0x00, 0x05, 0x88, 0x90, 0x00, 0x78, 0x89, 0x90, 0x00
    dc.b    0x99, 0x99, 0x00, 0x00, 0x00, 0x00, 0x00, 0x00, 0x00, 0x00, 0x00, 0x00, 0x00, 0x00, 0x00, 0x00
    dc.b    0x00, 0x00, 0x99, 0x99, 0x00, 0x04, 0x49, 0x00, 0x00, 0x04, 0x56, 0x90, 0x00, 0x09, 0x55, 0x77
    dc.b    0x00, 0x00, 0x99, 0x99, 0x00, 0x00, 0x00, 0x00, 0x00, 0x00, 0x00, 0x00, 0x00, 0x00, 0x00, 0x00
    dc.b    0x96, 0x77, 0x90, 0x00, 0x00, 0x78, 0x90, 0x00, 0x04, 0x87, 0x90, 0x00, 0x78, 0x79, 0x90, 0x00
    dc.b    0x99, 0x99, 0x00, 0x00, 0x00, 0x00, 0x00, 0x00, 0x00, 0x00, 0x00, 0x00, 0x00, 0x00, 0x00, 0x00
ts_hud_message_font_data_size = .-ts_hud_message_font_data

.section .rodata

    .align 2
spr_hud_energy_y_palette:
    dc.w    16
    dc.l    spr_hud_energy_y_palette_data

    .align 2
spr_hud_energy_y_animation0_frame0_tileset:
    dc.w    2
    dc.w    32
    dc.l    spr_hud_energy_y_animation0_frame0_tileset_data

    .align 2
spr_hud_energy_y_animation0_frame0:
    dc.w    1024
    dc.l    spr_hud_energy_y_animation0_frame0_tileset
    dc.l    0
    dc.w    0
    dc.w    3328
    dc.w    24584
    dc.w    0
    dc.w    3360
    dc.w    16392
    dc.w    0
    dc.w    3392
    dc.w    8200
    dc.w    0
    dc.w    3424
    dc.w    8

    .align 2
spr_hud_energy_y_animation0_frame2_tileset:
    dc.w    2
    dc.w    32
    dc.l    spr_hud_energy_y_animation0_frame2_tileset_data

    .align 2
spr_hud_energy_y_animation0_frame2:
    dc.w    1024
    dc.l    spr_hud_energy_y_animation0_frame2_tileset
    dc.l    0
    dc.w    0
    dc.w    3328
    dc.w    24584
    dc.w    0
    dc.w    3360
    dc.w    16392
    dc.w    0
    dc.w    3392
    dc.w    8200
    dc.w    0
    dc.w    3424
    dc.w    8

    .align 2
spr_hud_energy_y_animation0_frame3_tileset:
    dc.w    2
    dc.w    28
    dc.l    spr_hud_energy_y_animation0_frame3_tileset_data

    .align 2
spr_hud_energy_y_animation0_frame3:
    dc.w    1280
    dc.l    spr_hud_energy_y_animation0_frame3_tileset
    dc.l    0
    dc.w    0
    dc.w    3336
    dc.w    22536
    dc.w    0
    dc.w    3400
    dc.w    6152
    dc.w    0
    dc.w    3368
    dc.w    14344
    dc.w    773
    dc.w    0
    dc.w    30721
    dc.w    773
    dc.w    2152
    dc.w    3

    .align 2
spr_hud_energy_y_animation0_frame4_tileset:
    dc.w    2
    dc.w    28
    dc.l    spr_hud_energy_y_animation0_frame4_tileset_data

    .align 2
spr_hud_energy_y_animation0_frame4:
    dc.w    1024
    dc.l    spr_hud_energy_y_animation0_frame4_tileset
    dc.l    0
    dc.w    0
    dc.w    3328
    dc.w    24584
    dc.w    0
    dc.w    3360
    dc.w    16392
    dc.w    0
    dc.w    3392
    dc.w    8200
    dc.w    1028
    dc.w    3168
    dc.w    4

    .align 2
spr_hud_energy_y_animation0_frame5_tileset:
    dc.w    2
    dc.w    28
    dc.l    spr_hud_energy_y_animation0_frame5_tileset_data

    .align 2
spr_hud_energy_y_animation0_frame5:
    dc.w    1024
    dc.l    spr_hud_energy_y_animation0_frame5_tileset
    dc.l    0
    dc.w    0
    dc.w    3328
    dc.w    24584
    dc.w    0
    dc.w    3360
    dc.w    16392
    dc.w    0
    dc.w    3392
    dc.w    8200
    dc.w    1028
    dc.w    3168
    dc.w    4

    .align 2
spr_hud_energy_y_animation0_frame6_tileset:
    dc.w    2
    dc.w    24
    dc.l    spr_hud_energy_y_animation0_frame6_tileset_data

    .align 2
spr_hud_energy_y_animation0_frame6:
    dc.w    1280
    dc.l    spr_hud_energy_y_animation0_frame6_tileset
    dc.l    0
    dc.w    0
    dc.w    3336
    dc.w    22536
    dc.w    0
    dc.w    3368
    dc.w    14344
    dc.w    773
    dc.w    0
    dc.w    30721
    dc.w    773
    dc.w    3144
    dc.w    6148
    dc.w    773
    dc.w    2152
    dc.w    3

    .align 2
spr_hud_energy_y_animation0_frame7_tileset:
    dc.w    2
    dc.w    24
    dc.l    spr_hud_energy_y_animation0_frame7_tileset_data

    .align 2
spr_hud_energy_y_animation0_frame7:
    dc.w    1024
    dc.l    spr_hud_energy_y_animation0_frame7_tileset
    dc.l    0
    dc.w    0
    dc.w    3328
    dc.w    24584
    dc.w    0
    dc.w    3360
    dc.w    16392
    dc.w    1028
    dc.w    3136
    dc.w    8196
    dc.w    1028
    dc.w    3168
    dc.w    4

    .align 2
spr_hud_energy_y_animation0_frame8_tileset:
    dc.w    2
    dc.w    24
    dc.l    spr_hud_energy_y_animation0_frame8_tileset_data

    .align 2
spr_hud_energy_y_animation0_frame8:
    dc.w    1024
    dc.l    spr_hud_energy_y_animation0_frame8_tileset
    dc.l    0
    dc.w    0
    dc.w    3328
    dc.w    24584
    dc.w    0
    dc.w    3360
    dc.w    16392
    dc.w    1028
    dc.w    3136
    dc.w    8196
    dc.w    1028
    dc.w    3168
    dc.w    4

    .align 2
spr_hud_energy_y_animation0_frame9_tileset:
    dc.w    2
    dc.w    20
    dc.l    spr_hud_energy_y_animation0_frame9_tileset_data

    .align 2
spr_hud_energy_y_animation0_frame9:
    dc.w    1280
    dc.l    spr_hud_energy_y_animation0_frame9_tileset
    dc.l    0
    dc.w    0
    dc.w    3336
    dc.w    22536
    dc.w    773
    dc.w    0
    dc.w    30721
    dc.w    773
    dc.w    3144
    dc.w    6148
    dc.w    773
    dc.w    2152
    dc.w    3
    dc.w    773
    dc.w    3112
    dc.w    14340

    .align 2
spr_hud_energy_y_animation0_frame10_tileset:
    dc.w    2
    dc.w    20
    dc.l    spr_hud_energy_y_animation0_frame10_tileset_data

    .align 2
spr_hud_energy_y_animation0_frame10:
    dc.w    1024
    dc.l    spr_hud_energy_y_animation0_frame10_tileset
    dc.l    0
    dc.w    0
    dc.w    3328
    dc.w    24584
    dc.w    1028
    dc.w    3104
    dc.w    16388
    dc.w    1028
    dc.w    3136
    dc.w    8196
    dc.w    1028
    dc.w    3168
    dc.w    4

    .align 2
spr_hud_energy_y_animation0_frame11_tileset:
    dc.w    2
    dc.w    20
    dc.l    spr_hud_energy_y_animation0_frame11_tileset_data

    .align 2
spr_hud_energy_y_animation0_frame11:
    dc.w    1024
    dc.l    spr_hud_energy_y_animation0_frame11_tileset
    dc.l    0
    dc.w    0
    dc.w    3328
    dc.w    24584
    dc.w    1028
    dc.w    3104
    dc.w    16388
    dc.w    1028
    dc.w    3136
    dc.w    8196
    dc.w    1028
    dc.w    3168
    dc.w    4

    .align 2
spr_hud_energy_y_animation0_frame12_tileset:
    dc.w    2
    dc.w    16
    dc.l    spr_hud_energy_y_animation0_frame12_tileset_data

    .align 2
spr_hud_energy_y_animation0_frame12:
    dc.w    1024
    dc.l    spr_hud_energy_y_animation0_frame12_tileset
    dc.l    0
    dc.w    773
    dc.w    3168
    dc.w    4
    dc.w    773
    dc.w    3072
    dc.w    24580
    dc.w    773
    dc.w    3104
    dc.w    16388
    dc.w    773
    dc.w    3136
    dc.w    8196

    .align 2
spr_hud_energy_y_animation0_frames:
    dc.l    spr_hud_energy_y_animation0_frame0
    dc.l    spr_hud_energy_y_animation0_frame0
    dc.l    spr_hud_energy_y_animation0_frame2
    dc.l    spr_hud_energy_y_animation0_frame3
    dc.l    spr_hud_energy_y_animation0_frame4
    dc.l    spr_hud_energy_y_animation0_frame5
    dc.l    spr_hud_energy_y_animation0_frame6
    dc.l    spr_hud_energy_y_animation0_frame7
    dc.l    spr_hud_energy_y_animation0_frame8
    dc.l    spr_hud_energy_y_animation0_frame9
    dc.l    spr_hud_energy_y_animation0_frame10
    dc.l    spr_hud_energy_y_animation0_frame11
    dc.l    spr_hud_energy_y_animation0_frame12

    .align 2
spr_hud_energy_y_animation0:
    dc.w    3328
    dc.l    spr_hud_energy_y_animation0_frames

    .align 2
spr_hud_energy_y_animations:
    dc.l    spr_hud_energy_y_animation0

    .align 2
    .global spr_hud_energy_y
spr_hud_energy_y:
    dc.w    128
    dc.w    16
    dc.l    spr_hud_energy_y_palette
    dc.w    1
    dc.l    spr_hud_energy_y_animations
    dc.w    32
    dc.w    5

    .align 2
spr_hud_energy_r_animation0_frame0_tileset:
    dc.w    2
    dc.w    32
    dc.l    spr_hud_energy_r_animation0_frame0_tileset_data

    .align 2
spr_hud_energy_r_animation0_frame0:
    dc.w    1024
    dc.l    spr_hud_energy_r_animation0_frame0_tileset
    dc.l    0
    dc.w    0
    dc.w    3328
    dc.w    24584
    dc.w    0
    dc.w    3360
    dc.w    16392
    dc.w    0
    dc.w    3392
    dc.w    8200
    dc.w    0
    dc.w    3424
    dc.w    8

    .align 2
spr_hud_energy_r_animation0_frame1_tileset:
    dc.w    2
    dc.w    30
    dc.l    spr_hud_energy_r_animation0_frame1_tileset_data

    .align 2
spr_hud_energy_r_animation0_frame1:
    dc.w    1024
    dc.l    spr_hud_energy_r_animation0_frame1_tileset
    dc.l    0
    dc.w    0
    dc.w    3328
    dc.w    24584
    dc.w    0
    dc.w    3357
    dc.w    17160
    dc.w    0
    dc.w    3389
    dc.w    8968
    dc.w    0
    dc.w    2397
    dc.w    2822

    .align 2
spr_hud_energy_r_animation0_frame2_tileset:
    dc.w    2
    dc.w    28
    dc.l    spr_hud_energy_r_animation0_frame2_tileset_data

    .align 2
spr_hud_energy_r_animation0_frame2:
    dc.w    1024
    dc.l    spr_hud_energy_r_animation0_frame2_tileset
    dc.l    0
    dc.w    0
    dc.w    3328
    dc.w    24584
    dc.w    0
    dc.w    1371
    dc.w    5380
    dc.w    0
    dc.w    3355
    dc.w    17672
    dc.w    0
    dc.w    3387
    dc.w    9480

    .align 2
spr_hud_energy_r_animation0_frame3_tileset:
    dc.w    2
    dc.w    24
    dc.l    spr_hud_energy_r_animation0_frame3_tileset_data

    .align 2
spr_hud_energy_r_animation0_frame3:
    dc.w    768
    dc.l    spr_hud_energy_r_animation0_frame3_tileset
    dc.l    0
    dc.w    0
    dc.w    3328
    dc.w    24584
    dc.w    0
    dc.w    3360
    dc.w    16392
    dc.w    0
    dc.w    3392
    dc.w    8200

    .align 2
spr_hud_energy_r_animation0_frame4_tileset:
    dc.w    2
    dc.w    22
    dc.l    spr_hud_energy_r_animation0_frame4_tileset_data

    .align 2
spr_hud_energy_r_animation0_frame4:
    dc.w    768
    dc.l    spr_hud_energy_r_animation0_frame4_tileset
    dc.l    0
    dc.w    0
    dc.w    3360
    dc.w    16392
    dc.w    0
    dc.w    3328
    dc.w    24584
    dc.w    0
    dc.w    2368
    dc.w    10246

    .align 2
spr_hud_energy_r_animation0_frame5_tileset:
    dc.w    2
    dc.w    20
    dc.l    spr_hud_energy_r_animation0_frame5_tileset_data

    .align 2
spr_hud_energy_r_animation0_frame5:
    dc.w    768
    dc.l    spr_hud_energy_r_animation0_frame5_tileset
    dc.l    0
    dc.w    0
    dc.w    3360
    dc.w    16392
    dc.w    0
    dc.w    3328
    dc.w    24584
    dc.w    0
    dc.w    1344
    dc.w    12292

    .align 2
spr_hud_energy_r_animation0_frame6_tileset:
    dc.w    2
    dc.w    16
    dc.l    spr_hud_energy_r_animation0_frame6_tileset_data

    .align 2
spr_hud_energy_r_animation0_frame6:
    dc.w    512
    dc.l    spr_hud_energy_r_animation0_frame6_tileset
    dc.l    0
    dc.w    0
    dc.w    3328
    dc.w    24584
    dc.w    0
    dc.w    3360
    dc.w    16392

    .align 2
spr_hud_energy_r_animation0_frame7_tileset:
    dc.w    2
    dc.w    14
    dc.l    spr_hud_energy_r_animation0_frame7_tileset_data

    .align 2
spr_hud_energy_r_animation0_frame7:
    dc.w    512
    dc.l    spr_hud_energy_r_animation0_frame7_tileset
    dc.l    0
    dc.w    0
    dc.w    3328
    dc.w    24584
    dc.w    0
    dc.w    2336
    dc.w    18438

    .align 2
spr_hud_energy_r_animation0_frame8_tileset:
    dc.w    2
    dc.w    12
    dc.l    spr_hud_energy_r_animation0_frame8_tileset_data

    .align 2
spr_hud_energy_r_animation0_frame8:
    dc.w    512
    dc.l    spr_hud_energy_r_animation0_frame8_tileset
    dc.l    0
    dc.w    0
    dc.w    3328
    dc.w    24584
    dc.w    0
    dc.w    1312
    dc.w    20484

    .align 2
spr_hud_energy_r_animation0_frame9_tileset:
    dc.w    2
    dc.w    8
    dc.l    spr_hud_energy_r_animation0_frame9_tileset_data

    .align 2
spr_hud_energy_r_animation0_frame9:
    dc.w    256
    dc.l    spr_hud_energy_r_animation0_frame9_tileset
    dc.l    0
    dc.w    0
    dc.w    3328
    dc.w    24584

    .align 2
spr_hud_energy_r_animation0_frame10_tileset:
    dc.w    2
    dc.w    6
    dc.l    spr_hud_energy_r_animation0_frame10_tileset_data

    .align 2
spr_hud_energy_r_animation0_frame10:
    dc.w    256
    dc.l    spr_hud_energy_r_animation0_frame10_tileset
    dc.l    0
    dc.w    0
    dc.w    2304
    dc.w    26630

    .align 2
spr_hud_energy_r_animation0_frame11_tileset:
    dc.w    2
    dc.w    4
    dc.l    spr_hud_energy_r_animation0_frame11_tileset_data

    .align 2
spr_hud_energy_r_animation0_frame11:
    dc.w    256
    dc.l    spr_hud_energy_r_animation0_frame11_tileset
    dc.l    0
    dc.w    0
    dc.w    1280
    dc.w    28676

    .align 2
spr_hud_energy_r_animation0_frames:
    dc.l    spr_hud_energy_r_animation0_frame0
    dc.l    spr_hud_energy_r_animation0_frame1
    dc.l    spr_hud_energy_r_animation0_frame2
    dc.l    spr_hud_energy_r_animation0_frame3
    dc.l    spr_hud_energy_r_animation0_frame4
    dc.l    spr_hud_energy_r_animation0_frame5
    dc.l    spr_hud_energy_r_animation0_frame6
    dc.l    spr_hud_energy_r_animation0_frame7
    dc.l    spr_hud_energy_r_animation0_frame8
    dc.l    spr_hud_energy_r_animation0_frame9
    dc.l    spr_hud_energy_r_animation0_frame10
    dc.l    spr_hud_energy_r_animation0_frame11

    .align 2
spr_hud_energy_r_animation0:
    dc.w    3072
    dc.l    spr_hud_energy_r_animation0_frames

    .align 2
spr_hud_energy_r_animations:
    dc.l    spr_hud_energy_r_animation0

    .align 2
    .global spr_hud_energy_r
spr_hud_energy_r:
    dc.w    128
    dc.w    16
    dc.l    spr_hud_energy_y_palette
    dc.w    1
    dc.l    spr_hud_energy_r_animations
    dc.w    32
    dc.w    4

    .align 2
spr_hud_energy_y_p2_animation0_frame0_tileset:
    dc.w    2
    dc.w    32
    dc.l    spr_hud_energy_y_p2_animation0_frame0_tileset_data

    .align 2
spr_hud_energy_y_p2_animation0_frame0:
    dc.w    1024
    dc.l    spr_hud_energy_y_p2_animation0_frame0_tileset
    dc.l    0
    dc.w    0
    dc.w    3328
    dc.w    24584
    dc.w    0
    dc.w    3360
    dc.w    16392
    dc.w    0
    dc.w    3392
    dc.w    8200
    dc.w    0
    dc.w    3424
    dc.w    8

    .align 2
spr_hud_energy_y_p2_animation0_frame2_tileset:
    dc.w    2
    dc.w    32
    dc.l    spr_hud_energy_y_p2_animation0_frame2_tileset_data

    .align 2
spr_hud_energy_y_p2_animation0_frame2:
    dc.w    1024
    dc.l    spr_hud_energy_y_p2_animation0_frame2_tileset
    dc.l    0
    dc.w    0
    dc.w    3328
    dc.w    24584
    dc.w    0
    dc.w    3360
    dc.w    16392
    dc.w    0
    dc.w    3392
    dc.w    8200
    dc.w    0
    dc.w    3424
    dc.w    8

    .align 2
spr_hud_energy_y_p2_animation0_frame3_tileset:
    dc.w    2
    dc.w    28
    dc.l    spr_hud_energy_y_p2_animation0_frame3_tileset_data

    .align 2
spr_hud_energy_y_p2_animation0_frame3:
    dc.w    1280
    dc.l    spr_hud_energy_y_p2_animation0_frame3_tileset
    dc.l    0
    dc.w    0
    dc.w    3384
    dc.w    10248
    dc.w    773
    dc.w    2048
    dc.w    26627
    dc.w    773
    dc.w    120
    dc.w    1
    dc.w    0
    dc.w    3416
    dc.w    2056
    dc.w    0
    dc.w    3352
    dc.w    18440

    .align 2
spr_hud_energy_y_p2_animation0_frame4_tileset:
    dc.w    2
    dc.w    28
    dc.l    spr_hud_energy_y_p2_animation0_frame4_tileset_data

    .align 2
spr_hud_energy_y_p2_animation0_frame4:
    dc.w    1024
    dc.l    spr_hud_energy_y_p2_animation0_frame4_tileset
    dc.l    0
    dc.w    0
    dc.w    3360
    dc.w    16392
    dc.w    0
    dc.w    3392
    dc.w    8200
    dc.w    0
    dc.w    3424
    dc.w    8
    dc.w    1028
    dc.w    3072
    dc.w    24580

    .align 2
spr_hud_energy_y_p2_animation0_frame5_tileset:
    dc.w    2
    dc.w    28
    dc.l    spr_hud_energy_y_p2_animation0_frame5_tileset_data

    .align 2
spr_hud_energy_y_p2_animation0_frame5:
    dc.w    1024
    dc.l    spr_hud_energy_y_p2_animation0_frame5_tileset
    dc.l    0
    dc.w    0
    dc.w    3360
    dc.w    16392
    dc.w    0
    dc.w    3392
    dc.w    8200
    dc.w    0
    dc.w    3424
    dc.w    8
    dc.w    1028
    dc.w    3072
    dc.w    24580

    .align 2
spr_hud_energy_y_p2_animation0_frame6_tileset:
    dc.w    2
    dc.w    24
    dc.l    spr_hud_energy_y_p2_animation0_frame6_tileset_data

    .align 2
spr_hud_energy_y_p2_animation0_frame6:
    dc.w    1280
    dc.l    spr_hud_energy_y_p2_animation0_frame6_tileset
    dc.l    0
    dc.w    0
    dc.w    3384
    dc.w    10248
    dc.w    773
    dc.w    2080
    dc.w    18435
    dc.w    773
    dc.w    120
    dc.w    1
    dc.w    773
    dc.w    3072
    dc.w    24580
    dc.w    0
    dc.w    3416
    dc.w    2056

    .align 2
spr_hud_energy_y_p2_animation0_frame7_tileset:
    dc.w    2
    dc.w    24
    dc.l    spr_hud_energy_y_p2_animation0_frame7_tileset_data

    .align 2
spr_hud_energy_y_p2_animation0_frame7:
    dc.w    1024
    dc.l    spr_hud_energy_y_p2_animation0_frame7_tileset
    dc.l    0
    dc.w    0
    dc.w    3392
    dc.w    8200
    dc.w    0
    dc.w    3424
    dc.w    8
    dc.w    1028
    dc.w    3072
    dc.w    24580
    dc.w    1028
    dc.w    3104
    dc.w    16388

    .align 2
spr_hud_energy_y_p2_animation0_frame8_tileset:
    dc.w    2
    dc.w    24
    dc.l    spr_hud_energy_y_p2_animation0_frame8_tileset_data

    .align 2
spr_hud_energy_y_p2_animation0_frame8:
    dc.w    1024
    dc.l    spr_hud_energy_y_p2_animation0_frame8_tileset
    dc.l    0
    dc.w    0
    dc.w    3392
    dc.w    8200
    dc.w    0
    dc.w    3424
    dc.w    8
    dc.w    1028
    dc.w    3072
    dc.w    24580
    dc.w    1028
    dc.w    3104
    dc.w    16388

    .align 2
spr_hud_energy_y_p2_animation0_frame9_tileset:
    dc.w    2
    dc.w    20
    dc.l    spr_hud_energy_y_p2_animation0_frame9_tileset_data

    .align 2
spr_hud_energy_y_p2_animation0_frame9:
    dc.w    1280
    dc.l    spr_hud_energy_y_p2_animation0_frame9_tileset
    dc.l    0
    dc.w    773
    dc.w    2112
    dc.w    10243
    dc.w    773
    dc.w    120
    dc.w    1
    dc.w    773
    dc.w    3072
    dc.w    24580
    dc.w    773
    dc.w    3104
    dc.w    16388
    dc.w    0
    dc.w    3416
    dc.w    2056

    .align 2
spr_hud_energy_y_p2_animation0_frame10_tileset:
    dc.w    2
    dc.w    20
    dc.l    spr_hud_energy_y_p2_animation0_frame10_tileset_data

    .align 2
spr_hud_energy_y_p2_animation0_frame10:
    dc.w    1024
    dc.l    spr_hud_energy_y_p2_animation0_frame10_tileset
    dc.l    0
    dc.w    0
    dc.w    3424
    dc.w    8
    dc.w    1028
    dc.w    3072
    dc.w    24580
    dc.w    1028
    dc.w    3104
    dc.w    16388
    dc.w    1028
    dc.w    3136
    dc.w    8196

    .align 2
spr_hud_energy_y_p2_animation0_frame11_tileset:
    dc.w    2
    dc.w    20
    dc.l    spr_hud_energy_y_p2_animation0_frame11_tileset_data

    .align 2
spr_hud_energy_y_p2_animation0_frame11:
    dc.w    1024
    dc.l    spr_hud_energy_y_p2_animation0_frame11_tileset
    dc.l    0
    dc.w    0
    dc.w    3424
    dc.w    8
    dc.w    1028
    dc.w    3072
    dc.w    24580
    dc.w    1028
    dc.w    3104
    dc.w    16388
    dc.w    1028
    dc.w    3136
    dc.w    8196

    .align 2
spr_hud_energy_y_p2_animation0_frame12_tileset:
    dc.w    2
    dc.w    16
    dc.l    spr_hud_energy_y_p2_animation0_frame12_tileset_data

    .align 2
spr_hud_energy_y_p2_animation0_frame12:
    dc.w    1024
    dc.l    spr_hud_energy_y_p2_animation0_frame12_tileset
    dc.l    0
    dc.w    773
    dc.w    3168
    dc.w    4
    dc.w    773
    dc.w    3072
    dc.w    24580
    dc.w    773
    dc.w    3104
    dc.w    16388
    dc.w    773
    dc.w    3136
    dc.w    8196

    .align 2
spr_hud_energy_y_p2_animation0_frames:
    dc.l    spr_hud_energy_y_p2_animation0_frame0
    dc.l    spr_hud_energy_y_p2_animation0_frame0
    dc.l    spr_hud_energy_y_p2_animation0_frame2
    dc.l    spr_hud_energy_y_p2_animation0_frame3
    dc.l    spr_hud_energy_y_p2_animation0_frame4
    dc.l    spr_hud_energy_y_p2_animation0_frame5
    dc.l    spr_hud_energy_y_p2_animation0_frame6
    dc.l    spr_hud_energy_y_p2_animation0_frame7
    dc.l    spr_hud_energy_y_p2_animation0_frame8
    dc.l    spr_hud_energy_y_p2_animation0_frame9
    dc.l    spr_hud_energy_y_p2_animation0_frame10
    dc.l    spr_hud_energy_y_p2_animation0_frame11
    dc.l    spr_hud_energy_y_p2_animation0_frame12

    .align 2
spr_hud_energy_y_p2_animation0:
    dc.w    3328
    dc.l    spr_hud_energy_y_p2_animation0_frames

    .align 2
spr_hud_energy_y_p2_animations:
    dc.l    spr_hud_energy_y_p2_animation0

    .align 2
    .global spr_hud_energy_y_p2
spr_hud_energy_y_p2:
    dc.w    128
    dc.w    16
    dc.l    spr_hud_energy_y_palette
    dc.w    1
    dc.l    spr_hud_energy_y_p2_animations
    dc.w    32
    dc.w    5

    .align 2
spr_hud_energy_r_p2_animation0_frame0_tileset:
    dc.w    2
    dc.w    32
    dc.l    spr_hud_energy_r_p2_animation0_frame0_tileset_data

    .align 2
spr_hud_energy_r_p2_animation0_frame0:
    dc.w    1024
    dc.l    spr_hud_energy_r_p2_animation0_frame0_tileset
    dc.l    0
    dc.w    0
    dc.w    3328
    dc.w    24584
    dc.w    0
    dc.w    3360
    dc.w    16392
    dc.w    0
    dc.w    3392
    dc.w    8200
    dc.w    0
    dc.w    3424
    dc.w    8

    .align 2
spr_hud_energy_r_p2_animation0_frame1_tileset:
    dc.w    2
    dc.w    30
    dc.l    spr_hud_energy_r_p2_animation0_frame1_tileset_data

    .align 2
spr_hud_energy_r_p2_animation0_frame1:
    dc.w    1024
    dc.l    spr_hud_energy_r_p2_animation0_frame1_tileset
    dc.l    0
    dc.w    0
    dc.w    3337
    dc.w    22280
    dc.w    0
    dc.w    3401
    dc.w    5896
    dc.w    0
    dc.w    2408
    dc.w    6
    dc.w    0
    dc.w    3369
    dc.w    14088

    .align 2
spr_hud_energy_r_p2_animation0_frame2_tileset:
    dc.w    2
    dc.w    28
    dc.l    spr_hud_energy_r_p2_animation0_frame2_tileset_data

    .align 2
spr_hud_energy_r_p2_animation0_frame2:
    dc.w    1024
    dc.l    spr_hud_energy_r_p2_animation0_frame2_tileset
    dc.l    0
    dc.w    0
    dc.w    3345
    dc.w    20232
    dc.w    0
    dc.w    3409
    dc.w    3848
    dc.w    0
    dc.w    3377
    dc.w    12040
    dc.w    0
    dc.w    1392
    dc.w    4

    .align 2
spr_hud_energy_r_p2_animation0_frame3_tileset:
    dc.w    2
    dc.w    24
    dc.l    spr_hud_energy_r_p2_animation0_frame3_tileset_data

    .align 2
spr_hud_energy_r_p2_animation0_frame3:
    dc.w    768
    dc.l    spr_hud_energy_r_p2_animation0_frame3_tileset
    dc.l    0
    dc.w    0
    dc.w    3360
    dc.w    16392
    dc.w    0
    dc.w    3392
    dc.w    8200
    dc.w    0
    dc.w    3424
    dc.w    8

    .align 2
spr_hud_energy_r_p2_animation0_frame4_tileset:
    dc.w    2
    dc.w    22
    dc.l    spr_hud_energy_r_p2_animation0_frame4_tileset_data

    .align 2
spr_hud_energy_r_p2_animation0_frame4:
    dc.w    768
    dc.l    spr_hud_energy_r_p2_animation0_frame4_tileset
    dc.l    0
    dc.w    0
    dc.w    3401
    dc.w    5896
    dc.w    0
    dc.w    2408
    dc.w    6
    dc.w    0
    dc.w    3369
    dc.w    14088

    .align 2
spr_hud_energy_r_p2_animation0_frame5_tileset:
    dc.w    2
    dc.w    20
    dc.l    spr_hud_energy_r_p2_animation0_frame5_tileset_data

    .align 2
spr_hud_energy_r_p2_animation0_frame5:
    dc.w    768
    dc.l    spr_hud_energy_r_p2_animation0_frame5_tileset
    dc.l    0
    dc.w    0
    dc.w    3409
    dc.w    3848
    dc.w    0
    dc.w    3377
    dc.w    12040
    dc.w    0
    dc.w    1392
    dc.w    4

    .align 2
spr_hud_energy_r_p2_animation0_frame6_tileset:
    dc.w    2
    dc.w    16
    dc.l    spr_hud_energy_r_p2_animation0_frame6_tileset_data

    .align 2
spr_hud_energy_r_p2_animation0_frame6:
    dc.w    512
    dc.l    spr_hud_energy_r_p2_animation0_frame6_tileset
    dc.l    0
    dc.w    0
    dc.w    3392
    dc.w    8200
    dc.w    0
    dc.w    3424
    dc.w    8

    .align 2
spr_hud_energy_r_p2_animation0_frame7_tileset:
    dc.w    2
    dc.w    14
    dc.l    spr_hud_energy_r_p2_animation0_frame7_tileset_data

    .align 2
spr_hud_energy_r_p2_animation0_frame7:
    dc.w    512
    dc.l    spr_hud_energy_r_p2_animation0_frame7_tileset
    dc.l    0
    dc.w    0
    dc.w    3400
    dc.w    6152
    dc.w    0
    dc.w    2408
    dc.w    6

    .align 2
spr_hud_energy_r_p2_animation0_frame8_tileset:
    dc.w    2
    dc.w    12
    dc.l    spr_hud_energy_r_p2_animation0_frame8_tileset_data

    .align 2
spr_hud_energy_r_p2_animation0_frame8:
    dc.w    512
    dc.l    spr_hud_energy_r_p2_animation0_frame8_tileset
    dc.l    0
    dc.w    0
    dc.w    3408
    dc.w    4104
    dc.w    0
    dc.w    1392
    dc.w    4

    .align 2
spr_hud_energy_r_p2_animation0_frame9_tileset:
    dc.w    2
    dc.w    8
    dc.l    spr_hud_energy_r_p2_animation0_frame9_tileset_data

    .align 2
spr_hud_energy_r_p2_animation0_frame9:
    dc.w    256
    dc.l    spr_hud_energy_r_p2_animation0_frame9_tileset
    dc.l    0
    dc.w    0
    dc.w    3424
    dc.w    8

    .align 2
spr_hud_energy_r_p2_animation0_frame10_tileset:
    dc.w    2
    dc.w    6
    dc.l    spr_hud_energy_r_p2_animation0_frame10_tileset_data

    .align 2
spr_hud_energy_r_p2_animation0_frame10:
    dc.w    256
    dc.l    spr_hud_energy_r_p2_animation0_frame10_tileset
    dc.l    0
    dc.w    0
    dc.w    2408
    dc.w    6

    .align 2
spr_hud_energy_r_p2_animation0_frame11_tileset:
    dc.w    2
    dc.w    4
    dc.l    spr_hud_energy_r_p2_animation0_frame11_tileset_data

    .align 2
spr_hud_energy_r_p2_animation0_frame11:
    dc.w    256
    dc.l    spr_hud_energy_r_p2_animation0_frame11_tileset
    dc.l    0
    dc.w    0
    dc.w    1392
    dc.w    4

    .align 2
spr_hud_energy_r_p2_animation0_frames:
    dc.l    spr_hud_energy_r_p2_animation0_frame0
    dc.l    spr_hud_energy_r_p2_animation0_frame1
    dc.l    spr_hud_energy_r_p2_animation0_frame2
    dc.l    spr_hud_energy_r_p2_animation0_frame3
    dc.l    spr_hud_energy_r_p2_animation0_frame4
    dc.l    spr_hud_energy_r_p2_animation0_frame5
    dc.l    spr_hud_energy_r_p2_animation0_frame6
    dc.l    spr_hud_energy_r_p2_animation0_frame7
    dc.l    spr_hud_energy_r_p2_animation0_frame8
    dc.l    spr_hud_energy_r_p2_animation0_frame9
    dc.l    spr_hud_energy_r_p2_animation0_frame10
    dc.l    spr_hud_energy_r_p2_animation0_frame11

    .align 2
spr_hud_energy_r_p2_animation0:
    dc.w    3072
    dc.l    spr_hud_energy_r_p2_animation0_frames

    .align 2
spr_hud_energy_r_p2_animations:
    dc.l    spr_hud_energy_r_p2_animation0

    .align 2
    .global spr_hud_energy_r_p2
spr_hud_energy_r_p2:
    dc.w    128
    dc.w    16
    dc.l    spr_hud_energy_y_palette
    dc.w    1
    dc.l    spr_hud_energy_r_p2_animations
    dc.w    32
    dc.w    4

    .align 2
spr_hud_ko_animation0_frame0_tileset:
    dc.w    2
    dc.w    8
    dc.l    spr_hud_ko_animation0_frame0_tileset_data

    .align 2
spr_hud_ko_animation0_frame0:
    dc.w    256
    dc.l    spr_hud_ko_animation0_frame0_tileset
    dc.l    0
    dc.w    773
    dc.w    3337
    dc.w    1800

    .align 2
spr_hud_ko_animation0_frames:
    dc.l    spr_hud_ko_animation0_frame0

    .align 2
spr_hud_ko_animation0:
    dc.w    256
    dc.l    spr_hud_ko_animation0_frames

    .align 2
spr_hud_ko_animations:
    dc.l    spr_hud_ko_animation0

    .align 2
    .global spr_hud_ko
spr_hud_ko:
    dc.w    48
    dc.w    24
    dc.l    spr_hud_energy_y_palette
    dc.w    1
    dc.l    spr_hud_ko_animations
    dc.w    8
    dc.w    1

    .align 2
spr_hud_energy_segment_palette:
    dc.w    16
    dc.l    spr_hud_energy_segment_palette_data

    .align 2
spr_hud_energy_segment_animation0_frame0_tileset:
    dc.w    0
    dc.w    2
    dc.l    spr_hud_energy_segment_animation0_frame0_tileset_data

    .align 2
spr_hud_energy_segment_animation0_frame0:
    dc.w    33024
    dc.l    spr_hud_energy_segment_animation0_frame0_tileset
    dc.l    0
    dc.w    0
    dc.w    1024
    dc.w    2

    .align 2
spr_hud_energy_segment_animation0_frames:
    dc.l    spr_hud_energy_segment_animation0_frame0

    .align 2
spr_hud_energy_segment_animation0:
    dc.w    256
    dc.l    spr_hud_energy_segment_animation0_frames

    .align 2
spr_hud_energy_segment_animations:
    dc.l    spr_hud_energy_segment_animation0

    .align 2
    .global spr_hud_energy_segment
spr_hud_energy_segment:
    dc.w    16
    dc.w    8
    dc.l    spr_hud_energy_segment_palette
    dc.w    1
    dc.l    spr_hud_energy_segment_animations
    dc.w    2
    dc.w    1

    .align 2
spr_hud_damage_segment_animation0_frame0_tileset:
    dc.w    0
    dc.w    2
    dc.l    spr_hud_damage_segment_animation0_frame0_tileset_data

    .align 2
spr_hud_damage_segment_animation0_frame0:
    dc.w    33024
    dc.l    spr_hud_damage_segment_animation0_frame0_tileset
    dc.l    0
    dc.w    0
    dc.w    1024
    dc.w    2

    .align 2
spr_hud_damage_segment_animation0_frames:
    dc.l    spr_hud_damage_segment_animation0_frame0

    .align 2
spr_hud_damage_segment_animation0:
    dc.w    256
    dc.l    spr_hud_damage_segment_animation0_frames

    .align 2
spr_hud_damage_segment_animations:
    dc.l    spr_hud_damage_segment_animation0

    .align 2
    .global spr_hud_damage_segment
spr_hud_damage_segment:
    dc.w    16
    dc.w    8
    dc.l    spr_hud_energy_segment_palette
    dc.w    1
    dc.l    spr_hud_damage_segment_animations
    dc.w    2
    dc.w    1

    .align 2
spr_hud_clock_digit_animation0_frame0_tileset:
    dc.w    0
    dc.w    4
    dc.l    spr_hud_clock_digit_animation0_frame0_tileset_data

    .align 2
spr_hud_clock_digit_animation0_frame0:
    dc.w    33024
    dc.l    spr_hud_clock_digit_animation0_frame0_tileset
    dc.l    0
    dc.w    0
    dc.w    1280
    dc.w    4

    .align 2
spr_hud_clock_digit_animation0_frame1_tileset:
    dc.w    0
    dc.w    4
    dc.l    spr_hud_clock_digit_animation0_frame1_tileset_data

    .align 2
spr_hud_clock_digit_animation0_frame1:
    dc.w    33024
    dc.l    spr_hud_clock_digit_animation0_frame1_tileset
    dc.l    0
    dc.w    0
    dc.w    1280
    dc.w    4

    .align 2
spr_hud_clock_digit_animation0_frame2_tileset:
    dc.w    0
    dc.w    4
    dc.l    spr_hud_clock_digit_animation0_frame2_tileset_data

    .align 2
spr_hud_clock_digit_animation0_frame2:
    dc.w    33024
    dc.l    spr_hud_clock_digit_animation0_frame2_tileset
    dc.l    0
    dc.w    0
    dc.w    1280
    dc.w    4

    .align 2
spr_hud_clock_digit_animation0_frame3_tileset:
    dc.w    0
    dc.w    4
    dc.l    spr_hud_clock_digit_animation0_frame3_tileset_data

    .align 2
spr_hud_clock_digit_animation0_frame3:
    dc.w    33024
    dc.l    spr_hud_clock_digit_animation0_frame3_tileset
    dc.l    0
    dc.w    0
    dc.w    1280
    dc.w    4

    .align 2
spr_hud_clock_digit_animation0_frame4_tileset:
    dc.w    0
    dc.w    4
    dc.l    spr_hud_clock_digit_animation0_frame4_tileset_data

    .align 2
spr_hud_clock_digit_animation0_frame4:
    dc.w    33024
    dc.l    spr_hud_clock_digit_animation0_frame4_tileset
    dc.l    0
    dc.w    0
    dc.w    1280
    dc.w    4

    .align 2
spr_hud_clock_digit_animation0_frame5_tileset:
    dc.w    0
    dc.w    4
    dc.l    spr_hud_clock_digit_animation0_frame5_tileset_data

    .align 2
spr_hud_clock_digit_animation0_frame5:
    dc.w    33024
    dc.l    spr_hud_clock_digit_animation0_frame5_tileset
    dc.l    0
    dc.w    0
    dc.w    1280
    dc.w    4

    .align 2
spr_hud_clock_digit_animation0_frame6_tileset:
    dc.w    0
    dc.w    4
    dc.l    spr_hud_clock_digit_animation0_frame6_tileset_data

    .align 2
spr_hud_clock_digit_animation0_frame6:
    dc.w    33024
    dc.l    spr_hud_clock_digit_animation0_frame6_tileset
    dc.l    0
    dc.w    0
    dc.w    1280
    dc.w    4

    .align 2
spr_hud_clock_digit_animation0_frame7_tileset:
    dc.w    0
    dc.w    4
    dc.l    spr_hud_clock_digit_animation0_frame7_tileset_data

    .align 2
spr_hud_clock_digit_animation0_frame7:
    dc.w    33024
    dc.l    spr_hud_clock_digit_animation0_frame7_tileset
    dc.l    0
    dc.w    0
    dc.w    1280
    dc.w    4

    .align 2
spr_hud_clock_digit_animation0_frame8_tileset:
    dc.w    0
    dc.w    4
    dc.l    spr_hud_clock_digit_animation0_frame8_tileset_data

    .align 2
spr_hud_clock_digit_animation0_frame8:
    dc.w    33024
    dc.l    spr_hud_clock_digit_animation0_frame8_tileset
    dc.l    0
    dc.w    0
    dc.w    1280
    dc.w    4

    .align 2
spr_hud_clock_digit_animation0_frame9_tileset:
    dc.w    0
    dc.w    4
    dc.l    spr_hud_clock_digit_animation0_frame9_tileset_data

    .align 2
spr_hud_clock_digit_animation0_frame9:
    dc.w    33024
    dc.l    spr_hud_clock_digit_animation0_frame9_tileset
    dc.l    0
    dc.w    0
    dc.w    1280
    dc.w    4

    .align 2
spr_hud_clock_digit_animation0_frames:
    dc.l    spr_hud_clock_digit_animation0_frame0
    dc.l    spr_hud_clock_digit_animation0_frame1
    dc.l    spr_hud_clock_digit_animation0_frame2
    dc.l    spr_hud_clock_digit_animation0_frame3
    dc.l    spr_hud_clock_digit_animation0_frame4
    dc.l    spr_hud_clock_digit_animation0_frame5
    dc.l    spr_hud_clock_digit_animation0_frame6
    dc.l    spr_hud_clock_digit_animation0_frame7
    dc.l    spr_hud_clock_digit_animation0_frame8
    dc.l    spr_hud_clock_digit_animation0_frame9

    .align 2
spr_hud_clock_digit_animation0:
    dc.w    2560
    dc.l    spr_hud_clock_digit_animation0_frames

    .align 2
spr_hud_clock_digit_animations:
    dc.l    spr_hud_clock_digit_animation0

    .align 2
    .global spr_hud_clock_digit
spr_hud_clock_digit:
    dc.w    16
    dc.w    16
    dc.l    spr_hud_energy_y_palette
    dc.w    1
    dc.l    spr_hud_clock_digit_animations
    dc.w    4
    dc.w    1

    .align 2
spr_hud_portrait_ryo_palette:
    dc.w    16
    dc.l    spr_hud_portrait_ryo_palette_data

    .align 2
spr_hud_portrait_ryo_animation0_frame0_tileset:
    dc.w    2
    dc.w    16
    dc.l    spr_hud_portrait_ryo_animation0_frame0_tileset_data

    .align 2
spr_hud_portrait_ryo_animation0_frame0:
    dc.w    33024
    dc.l    spr_hud_portrait_ryo_animation0_frame0_tileset
    dc.l    0
    dc.w    0
    dc.w    3840
    dc.w    16

    .align 2
spr_hud_portrait_ryo_animation0_frames:
    dc.l    spr_hud_portrait_ryo_animation0_frame0

    .align 2
spr_hud_portrait_ryo_animation0:
    dc.w    256
    dc.l    spr_hud_portrait_ryo_animation0_frames

    .align 2
spr_hud_portrait_ryo_animations:
    dc.l    spr_hud_portrait_ryo_animation0

    .align 2
    .global spr_hud_portrait_ryo
spr_hud_portrait_ryo:
    dc.w    32
    dc.w    32
    dc.l    spr_hud_portrait_ryo_palette
    dc.w    1
    dc.l    spr_hud_portrait_ryo_animations
    dc.w    16
    dc.w    1

    .align 2
spr_hud_portrait_ken_palette:
    dc.w    16
    dc.l    spr_hud_portrait_ken_palette_data

    .align 2
spr_hud_portrait_ken_animation0_frame0_tileset:
    dc.w    0
    dc.w    9
    dc.l    spr_hud_portrait_ken_animation0_frame0_tileset_data

    .align 2
spr_hud_portrait_ken_animation0_frame0:
    dc.w    256
    dc.l    spr_hud_portrait_ken_animation0_frame0_tileset
    dc.l    0
    dc.w    2048
    dc.w    2568
    dc.w    9

    .align 2
spr_hud_portrait_ken_animation0_frames:
    dc.l    spr_hud_portrait_ken_animation0_frame0

    .align 2
spr_hud_portrait_ken_animation0:
    dc.w    256
    dc.l    spr_hud_portrait_ken_animation0_frames

    .align 2
spr_hud_portrait_ken_animations:
    dc.l    spr_hud_portrait_ken_animation0

    .align 2
    .global spr_hud_portrait_ken
spr_hud_portrait_ken:
    dc.w    32
    dc.w    32
    dc.l    spr_hud_portrait_ken_palette
    dc.w    1
    dc.l    spr_hud_portrait_ken_animations
    dc.w    9
    dc.w    1

    .align 2
spr_hud_portrait_musgo_palette:
    dc.w    16
    dc.l    spr_hud_portrait_musgo_palette_data

    .align 2
spr_hud_portrait_musgo_animation0_frame0_tileset:
    dc.w    2
    dc.w    9
    dc.l    spr_hud_portrait_musgo_animation0_frame0_tileset_data

    .align 2
spr_hud_portrait_musgo_animation0_frame0:
    dc.w    256
    dc.l    spr_hud_portrait_musgo_animation0_frame0_tileset
    dc.l    0
    dc.w    2048
    dc.w    2568
    dc.w    9

    .align 2
spr_hud_portrait_musgo_animation0_frames:
    dc.l    spr_hud_portrait_musgo_animation0_frame0

    .align 2
spr_hud_portrait_musgo_animation0:
    dc.w    256
    dc.l    spr_hud_portrait_musgo_animation0_frames

    .align 2
spr_hud_portrait_musgo_animations:
    dc.l    spr_hud_portrait_musgo_animation0

    .align 2
    .global spr_hud_portrait_musgo
spr_hud_portrait_musgo:
    dc.w    32
    dc.w    32
    dc.l    spr_hud_portrait_musgo_palette
    dc.w    1
    dc.l    spr_hud_portrait_musgo_animations
    dc.w    9
    dc.w    1

    .align 2
spr_select_roster_palette:
    dc.w    16
    dc.l    spr_select_roster_palette_data

    .align 2
spr_select_roster_animation0_frame0_tileset:
    dc.w    2
    dc.w    9
    dc.l    spr_select_roster_animation0_frame0_tileset_data

    .align 2
spr_select_roster_animation0_frame0:
    dc.w    33024
    dc.l    spr_select_roster_animation0_frame0_tileset
    dc.l    0
    dc.w    0
    dc.w    2560
    dc.w    9

    .align 2
spr_select_roster_animation0_frame1_tileset:
    dc.w    2
    dc.w    9
    dc.l    spr_select_roster_animation0_frame1_tileset_data

    .align 2
spr_select_roster_animation0_frame1:
    dc.w    33024
    dc.l    spr_select_roster_animation0_frame1_tileset
    dc.l    0
    dc.w    0
    dc.w    2560
    dc.w    9

    .align 2
spr_select_roster_animation0_frame2_tileset:
    dc.w    2
    dc.w    9
    dc.l    spr_select_roster_animation0_frame2_tileset_data

    .align 2
spr_select_roster_animation0_frame2:
    dc.w    33024
    dc.l    spr_select_roster_animation0_frame2_tileset
    dc.l    0
    dc.w    0
    dc.w    2560
    dc.w    9

    .align 2
spr_select_roster_animation0_frames:
    dc.l    spr_select_roster_animation0_frame0
    dc.l    spr_select_roster_animation0_frame1
    dc.l    spr_select_roster_animation0_frame2

    .align 2
spr_select_roster_animation0:
    dc.w    768
    dc.l    spr_select_roster_animation0_frames

    .align 2
spr_select_roster_animations:
    dc.l    spr_select_roster_animation0

    .align 2
    .global spr_select_roster
spr_select_roster:
    dc.w    24
    dc.w    24
    dc.l    spr_select_roster_palette
    dc.w    1
    dc.l    spr_select_roster_animations
    dc.w    9
    dc.w    1

    .align 2
spr_hud_life_track_palette:
    dc.w    16
    dc.l    spr_hud_life_track_palette_data

    .align 2
spr_hud_life_track_animation0_frame0_tileset:
    dc.w    2
    dc.w    8
    dc.l    spr_hud_life_track_animation0_frame0_tileset_data

    .align 2
spr_hud_life_track_animation0_frame0:
    dc.w    512
    dc.l    spr_hud_life_track_animation0_frame0_tileset
    dc.l    0
    dc.w    773
    dc.w    3072
    dc.w    8196
    dc.w    773
    dc.w    3104
    dc.w    4

    .align 2
spr_hud_life_track_animation0_frame1_tileset:
    dc.w    2
    dc.w    8
    dc.l    spr_hud_life_track_animation0_frame1_tileset_data

    .align 2
spr_hud_life_track_animation0_frame1:
    dc.w    512
    dc.l    spr_hud_life_track_animation0_frame1_tileset
    dc.l    0
    dc.w    773
    dc.w    3072
    dc.w    8196
    dc.w    773
    dc.w    3104
    dc.w    4

    .align 2
spr_hud_life_track_animation0_frames:
    dc.l    spr_hud_life_track_animation0_frame0
    dc.l    spr_hud_life_track_animation0_frame1

    .align 2
spr_hud_life_track_animation0:
    dc.w    512
    dc.l    spr_hud_life_track_animation0_frames

    .align 2
spr_hud_life_track_animations:
    dc.l    spr_hud_life_track_animation0

    .align 2
    .global spr_hud_life_track
spr_hud_life_track:
    dc.w    64
    dc.w    16
    dc.l    spr_hud_life_track_palette
    dc.w    1
    dc.l    spr_hud_life_track_animations
    dc.w    8
    dc.w    2

    .align 2
spr_hud_ko_banner_palette:
    dc.w    16
    dc.l    spr_hud_ko_banner_palette_data

    .align 2
spr_hud_ko_banner_animation0_frame0_tileset:
    dc.w    2
    dc.w    45
    dc.l    spr_hud_ko_banner_animation0_frame0_tileset_data

    .align 2
spr_hud_ko_banner_animation0_frame0:
    dc.w    1024
    dc.l    spr_hud_ko_banner_animation0_frame0_tileset
    dc.l    0
    dc.w    2056
    dc.w    3902
    dc.w    528
    dc.w    2056
    dc.w    3846
    dc.w    14864
    dc.w    2056
    dc.w    2854
    dc.w    8716
    dc.w    1570
    dc.w    50
    dc.w    9729

    .align 2
spr_hud_ko_banner_animation0_frames:
    dc.l    spr_hud_ko_banner_animation0_frame0

    .align 2
spr_hud_ko_banner_animation0:
    dc.w    256
    dc.l    spr_hud_ko_banner_animation0_frames

    .align 2
spr_hud_ko_banner_animations:
    dc.l    spr_hud_ko_banner_animation0

    .align 2
    .global spr_hud_ko_banner
spr_hud_ko_banner:
    dc.w    96
    dc.w    48
    dc.l    spr_hud_ko_banner_palette
    dc.w    1
    dc.l    spr_hud_ko_banner_animations
    dc.w    45
    dc.w    4

    .align 2
    .global ts_hud_life_track
ts_hud_life_track:
    dc.w    0
    dc.w    3
    dc.l    ts_hud_life_track_data

    .align 2
    .global ts_hud_special_segment
ts_hud_special_segment:
    dc.w    0
    dc.w    4
    dc.l    ts_hud_special_segment_data

    .align 2
    .global ts_hud_clock
ts_hud_clock:
    dc.w    0
    dc.w    40
    dc.l    ts_hud_clock_data

    .align 2
    .global ts_hud_message_font
ts_hud_message_font:
    dc.w    0
    dc.w    144
    dc.l    ts_hud_message_font_data

