.section .rodata

.section .rodata_bin

    .align  2
spr_ken_pal1_palette_data:
    dc.b    0x0e, 0x0e, 0x00, 0x4e, 0x00, 0x0e, 0x00, 0x0c, 0x00, 0x6e, 0x00, 0x00, 0x00, 0x08, 0x08, 0xce
    dc.b    0x04, 0x6a, 0x00, 0x06, 0x08, 0xae, 0x06, 0x8c, 0x0c, 0xee, 0x04, 0x46, 0x00, 0xce, 0x06, 0xee
spr_ken_pal1_palette_data_size = .-spr_ken_pal1_palette_data

    .align  2
spr_ken_pal2_palette_data:
    dc.b    0x0e, 0x0e, 0x0e, 0x40, 0x0e, 0x00, 0x0c, 0x00, 0x0e, 0x60, 0x00, 0x00, 0x00, 0x08, 0x08, 0xce
    dc.b    0x0a, 0x64, 0x00, 0x06, 0x08, 0xae, 0x06, 0x8c, 0x0c, 0xee, 0x04, 0x46, 0x0e, 0xc0, 0x06, 0xee
spr_ken_pal2_palette_data_size = .-spr_ken_pal2_palette_data

.section .rodata_binf

    .align  524288

    .align  2
spr_ken_pal1_animation0_frame0_tileset_data:
    dc.b    0x10, 0x00, 0x00, 0x00, 0x00, 0x00, 0x00, 0x00, 0x00, 0x00, 0x00, 0x00, 0x00, 0x00, 0x00, 0x00
    dc.b    0x00, 0x00, 0x00, 0x00, 0x00, 0x00, 0x00, 0x00, 0x00, 0x00, 0x00, 0x00, 0x00, 0x00, 0x00, 0x00
spr_ken_pal1_animation0_frame0_tileset_data_size = .-spr_ken_pal1_animation0_frame0_tileset_data

    .align  2
spr_ken_100_animation0_frame0_tileset_data:
    dc.b    0xf0, 0x00, 0x44, 0x44, 0x44, 0x12, 0x14, 0x44, 0x44, 0x11, 0x24, 0x44, 0x44, 0x41, 0x92, 0x44
    dc.b    0x44, 0x41, 0x39, 0x21, 0x44, 0x41, 0x62, 0x32, 0x14, 0x41, 0x63, 0x13, 0x21, 0x44, 0x96, 0x21
    dc.b    0xf0, 0x00, 0x32, 0x14, 0x09, 0x62, 0x14, 0x44, 0x09, 0x96, 0x21, 0x44, 0x00, 0x99, 0x63, 0x22
    dc.b    0x00, 0x09, 0x99, 0x63, 0x00, 0x00, 0x99, 0x99, 0x00, 0x00, 0x09, 0x96, 0x00, 0x00, 0x00, 0x96
    dc.b    0x30, 0x1d, 0x00, 0x00, 0x00, 0x09, 0x00, 0x00, 0x00, 0x00, 0xb1, 0x01, 0x22, 0x12, 0x36, 0x96
    dc.b    0x21, 0x42, 0x26, 0x96, 0x21, 0x41, 0x26, 0x93, 0x11, 0x41, 0x26, 0x92, 0x14, 0x41, 0x26, 0x32
    dc.b    0x44, 0x41, 0xf0, 0x00, 0x26, 0x22, 0x44, 0x42, 0x26, 0x11, 0x44, 0x42, 0x33, 0x11, 0x44, 0x22
    dc.b    0x31, 0x41, 0x22, 0x21, 0x44, 0x11, 0x31, 0x14, 0x41, 0x12, 0x63, 0x22, 0x21, 0x11, 0x66, 0x32
    dc.b    0x44, 0x44, 0xf0, 0x00, 0x63, 0x63, 0x24, 0x44, 0x66, 0x36, 0x62, 0x44, 0x96, 0x63, 0x36, 0x24
    dc.b    0x09, 0x63, 0x22, 0x32, 0x00, 0x96, 0x32, 0x22, 0x00, 0x09, 0x63, 0x22, 0x00, 0x00, 0x96, 0x32
    dc.b    0x00, 0x00, 0x30, 0x10, 0x09, 0x63, 0x00, 0x00, 0x00, 0x99, 0x7f, 0xc1, 0x36, 0x01, 0x90, 0x00
    dc.b    0x00, 0x00, 0x69, 0x00, 0xf0, 0x00, 0x69, 0x90, 0x00, 0x00, 0x69, 0x39, 0x00, 0x00, 0x39, 0x26
    dc.b    0x00, 0x00, 0x36, 0x23, 0x90, 0x00, 0x66, 0x22, 0x69, 0x00, 0x33, 0x22, 0x66, 0x90, 0x22, 0x12
    dc.b    0x36, 0x69, 0x11, 0x11, 0xf0, 0x00, 0x26, 0x36, 0x41, 0x11, 0x23, 0x23, 0x44, 0x11, 0x12, 0x22
    dc.b    0x44, 0x41, 0x11, 0x22, 0x44, 0x44, 0x11, 0x12, 0x44, 0x44, 0x41, 0x12, 0x14, 0x44, 0x41, 0x13
    dc.b    0x11, 0x44, 0x41, 0x18, 0xf0, 0x00, 0x22, 0x44, 0x41, 0x88, 0x32, 0x24, 0x48, 0x8b, 0x63, 0x32
    dc.b    0x88, 0xbb, 0x08, 0x88, 0x8b, 0xb8, 0x00, 0x88, 0xbb, 0xbb, 0x00, 0x8b, 0xaa, 0xc7, 0x00, 0x8a
    dc.b    0xcc, 0xcc, 0x08, 0xb7, 0x90, 0x16, 0xcc, 0xcc, 0x0b, 0xa7, 0xcc, 0xcc, 0x0a, 0xab, 0x8b, 0xbb
    dc.b    0x0b, 0xac, 0xad, 0x77, 0x00, 0x8b, 0x8d, 0xbb, 0x7f, 0x69, 0x01, 0x57, 0x34, 0x01, 0x60, 0x00
    dc.b    0x00, 0x00, 0x36, 0x00, 0x01, 0x07, 0x05, 0x00, 0xe1, 0x01, 0x80, 0x00, 0x00, 0x00, 0xb0, 0x00
    dc.b    0x00, 0x00, 0xb8, 0x00, 0x00, 0x00, 0x88, 0x00, 0x00, 0x00, 0xab, 0x80, 0x00, 0x00, 0x7a, 0xb8
    dc.b    0x00, 0x00, 0xc7, 0xab, 0x80, 0x00, 0xd3, 0x01, 0xbb, 0xbb, 0xb8, 0x00, 0x8a, 0x8a, 0xb8, 0x00
    dc.b    0xdb, 0xd8, 0x80, 0x00, 0x00, 0x02, 0x14, 0x44, 0x00, 0x01, 0x44, 0x44, 0x00, 0x21, 0x44, 0x44
    dc.b    0x00, 0x14, 0xf0, 0x00, 0x41, 0x22, 0x00, 0x11, 0x21, 0x22, 0x00, 0x21, 0x33, 0x11, 0x00, 0x21
    dc.b    0x23, 0x31, 0x00, 0x31, 0x12, 0x33, 0x00, 0x02, 0x11, 0x23, 0x00, 0x03, 0x11, 0x12, 0x00, 0x00
    dc.b    0x31, 0x11, 0xc0, 0x18, 0x00, 0x00, 0x32, 0x11, 0x00, 0x00, 0x03, 0x21, 0x00, 0x00, 0x00, 0x31
    dc.b    0x00, 0x00, 0x00, 0x32, 0x00, 0x00, 0x00, 0x02, 0x00, 0x00, 0x00, 0x03, 0x7f, 0x01, 0x01, 0xa1
    dc.b    0x01, 0x01, 0xf0, 0x00, 0x41, 0x12, 0x22, 0x66, 0x41, 0x33, 0x62, 0x22, 0x44, 0x12, 0x36, 0x99
    dc.b    0x44, 0x44, 0x12, 0x66, 0x33, 0x22, 0x11, 0x11, 0x33, 0x33, 0x66, 0x66, 0x13, 0x63, 0x22, 0x36
    dc.b    0x11, 0x36, 0xf0, 0x00, 0x31, 0x11, 0x32, 0x13, 0x63, 0x21, 0x33, 0x21, 0x26, 0x32, 0x23, 0x32
    dc.b    0x12, 0x36, 0x12, 0x33, 0x22, 0x33, 0x11, 0x22, 0x33, 0x22, 0x11, 0x12, 0x23, 0x33, 0x11, 0x11
    dc.b    0x22, 0x36, 0x92, 0x01, 0x11, 0x11, 0x12, 0x23, 0x21, 0x11, 0x11, 0x22, 0x21, 0x11, 0x11, 0x11
    dc.b    0x32, 0x11, 0x11, 0x11, 0x03, 0x21, 0x42, 0x34, 0x00, 0x21, 0x11, 0x11, 0x00, 0x32, 0x11, 0x11
    dc.b    0x91, 0x0a, 0x00, 0x8a, 0x00, 0x08, 0xbb, 0xa7, 0x0b, 0xbb, 0xab, 0xbb, 0x0b, 0x8a, 0x87, 0xd7
    dc.b    0x08, 0xdb, 0xdb, 0xda, 0x92, 0xff, 0x23, 0x33, 0x66, 0x66, 0x33, 0x36, 0x66, 0x99, 0x66, 0x99
    dc.b    0x99, 0x00, 0x36, 0x69, 0x90, 0x00, 0x99, 0x99, 0x51, 0x05, 0x23, 0x69, 0x00, 0x00, 0x66, 0x99
    dc.b    0x00, 0x00, 0x99, 0x90, 0xf0, 0x00, 0x90, 0x00, 0x11, 0x23, 0x69, 0x00, 0x21, 0x12, 0x36, 0x90
    dc.b    0x32, 0x22, 0x36, 0x90, 0x66, 0x33, 0x66, 0x90, 0x22, 0x36, 0x66, 0x99, 0x32, 0x22, 0x36, 0x69
    dc.b    0x66, 0x66, 0x66, 0x69, 0xf0, 0x00, 0x36, 0x66, 0x66, 0x99, 0x22, 0x33, 0x66, 0x66, 0x22, 0x22
    dc.b    0x22, 0x36, 0x11, 0x12, 0x22, 0x23, 0x11, 0x11, 0x11, 0x23, 0x11, 0x11, 0x12, 0x88, 0x11, 0x13
    dc.b    0x8b, 0xbb, 0x23, 0x88, 0xd1, 0x3f, 0xaa, 0x7a, 0x88, 0xba, 0x77, 0x7c, 0xa7, 0xcc, 0xc7, 0x7c
    dc.b    0x7c, 0xcc, 0xcc, 0x77, 0xbb, 0xa7, 0xcc, 0xa8, 0xda, 0xcc, 0x7a, 0x8d, 0xdb, 0xaa, 0xb8, 0xd0
    dc.b    0xa0, 0x16, 0x90, 0x09, 0x96, 0x14, 0x00, 0x00, 0x99, 0x32, 0x00, 0x00, 0x96, 0x92, 0x00, 0x00
    dc.b    0x09, 0x69, 0x00, 0x00, 0x00, 0x93, 0x7e, 0x53, 0x10, 0x03, 0x90, 0x00, 0x7e, 0x9d, 0x10, 0x07
    dc.b    0x39, 0x00, 0x7e, 0xfb, 0x50, 0x01, 0x78, 0x00, 0x00, 0x00, 0xcb, 0x00, 0x00, 0x00, 0x7b, 0x00
    dc.b    0x7e, 0xf9, 0x10, 0x16, 0xd0, 0x00, 0x7f, 0x2e, 0xb2, 0x01, 0x00, 0x01, 0x00, 0x00, 0x00, 0x23
    dc.b    0x00, 0x00, 0x02, 0x39, 0x00, 0x00, 0x33, 0x68, 0x00, 0x00, 0x26, 0x8b, 0x00, 0x00, 0x29, 0x8b
    dc.b    0x12, 0x01, 0x29, 0x88, 0x12, 0x01, 0x3d, 0x88, 0xb2, 0x6b, 0x63, 0xd8, 0x00, 0x00, 0x93, 0xd8
    dc.b    0x00, 0x00, 0x96, 0xd8, 0x00, 0x00, 0x09, 0x3d, 0x00, 0x00, 0x09, 0x33, 0x00, 0x00, 0x00, 0x63
    dc.b    0x12, 0x6b, 0x00, 0x06, 0x00, 0x10, 0x7f, 0x93, 0xf0, 0x00, 0x06, 0x33, 0x00, 0x63, 0x11, 0x11
    dc.b    0x11, 0x41, 0x44, 0x44, 0x13, 0x99, 0x99, 0x99, 0x99, 0x88, 0x88, 0x88, 0x8b, 0xa7, 0x77, 0x77
    dc.b    0xb7, 0xcc, 0xcc, 0xc7, 0xa7, 0xcc, 0xcc, 0xc7, 0xf0, 0x00, 0xaa, 0xcc, 0xcc, 0x7a, 0xba, 0xa7
    dc.b    0x77, 0xab, 0x8b, 0xba, 0x7c, 0xcc, 0x88, 0xac, 0xcc, 0xcc, 0x8a, 0x7c, 0xcc, 0xcc, 0xba, 0xa7
    dc.b    0x77, 0x77, 0xbb, 0xaa, 0xab, 0xb8, 0x8b, 0xaa, 0xf0, 0x00, 0xbb, 0xaa, 0x8b, 0xba, 0xa7, 0x77
    dc.b    0x88, 0xba, 0xa7, 0xcc, 0xd8, 0x8b, 0xa7, 0x77, 0xd8, 0x8b, 0xbb, 0xaa, 0x3d, 0x88, 0x8b, 0xbb
    dc.b    0x3d, 0x8a, 0xbb, 0xba, 0x63, 0xd8, 0x77, 0xaa, 0x6b, 0x3e, 0x96, 0x38, 0x88, 0x88, 0x99, 0x63
    dc.b    0x32, 0x22, 0x99, 0x96, 0x63, 0x33, 0xf0, 0x00, 0x32, 0x22, 0x23, 0x66, 0x11, 0x11, 0x23, 0x62
    dc.b    0x44, 0x41, 0x12, 0x64, 0x14, 0x44, 0x42, 0x64, 0xd3, 0x44, 0x41, 0x62, 0x8d, 0x34, 0x44, 0x33
    dc.b    0x78, 0xd4, 0x41, 0x26, 0x7b, 0xd3, 0xf0, 0x00, 0x41, 0x21, 0xab, 0x8d, 0x22, 0x24, 0xb8, 0xdd
    dc.b    0x62, 0x24, 0x7a, 0xdd, 0x92, 0x44, 0xcc, 0x78, 0xd1, 0x44, 0xc7, 0x7b, 0xd2, 0x14, 0xab, 0x88
    dc.b    0xd2, 0x21, 0x88, 0xdd, 0xd2, 0x21, 0xf0, 0x00, 0xa7, 0x77, 0x77, 0x7b, 0xcc, 0xcc, 0xcc, 0xc7
    dc.b    0xcc, 0xcc, 0xcc, 0xcc, 0x77, 0xcc, 0xcc, 0xcc, 0x77, 0x77, 0x77, 0x7a, 0xaa, 0xaa, 0xab, 0xb8
    dc.b    0xab, 0xbb, 0xb8, 0x88, 0xbb, 0x88, 0x72, 0x36, 0x88, 0x83, 0x88, 0x83, 0x21, 0x14, 0x11, 0x11
    dc.b    0x11, 0x11, 0x22, 0x22, 0x22, 0x22, 0x42, 0x01, 0x00, 0xee, 0x00, 0x00, 0xee, 0xee, 0x00, 0x0e
    dc.b    0xf0, 0x00, 0x63, 0xee, 0xee, 0xee, 0x11, 0xee, 0xee, 0xef, 0x4e, 0xee, 0xee, 0xee, 0x4e, 0xee
    dc.b    0xee, 0xef, 0x4e, 0x2e, 0xee, 0xef, 0x44, 0x4e, 0xbe, 0xef, 0x14, 0x4e, 0x8e, 0xee, 0x32, 0x44
    dc.b    0xf0, 0x00, 0x8e, 0xee, 0x63, 0x14, 0x4e, 0xee, 0x26, 0x24, 0x44, 0x8e, 0x42, 0x62, 0x44, 0x4b
    dc.b    0x44, 0x36, 0x24, 0x42, 0x44, 0x13, 0x31, 0x44, 0x44, 0x41, 0x63, 0x14, 0x44, 0x44, 0x16, 0x32
    dc.b    0xf0, 0x00, 0x14, 0x44, 0x42, 0x69, 0x55, 0x55, 0x55, 0x55, 0xb5, 0x88, 0x85, 0xd8, 0x7d, 0x88
    dc.b    0x8d, 0x5d, 0x7d, 0xd8, 0xdd, 0x55, 0xbd, 0xdd, 0xd5, 0x5d, 0x85, 0x55, 0x55, 0x55, 0x85, 0x59
    dc.b    0x90, 0x1e, 0x22, 0x36, 0x31, 0x44, 0x44, 0x16, 0x44, 0x44, 0x11, 0x26, 0x11, 0x11, 0x12, 0x39
    dc.b    0x22, 0x22, 0x36, 0x93, 0x7d, 0x21, 0x02, 0x00, 0x10, 0x01, 0x00, 0x03, 0x7d, 0xff, 0xb0, 0x01
    dc.b    0x00, 0x31, 0x00, 0x00, 0x03, 0x14, 0x00, 0x00, 0x01, 0x14, 0x00, 0x00, 0x31, 0x44, 0x00, 0x00
    dc.b    0x14, 0x44, 0x00, 0x00, 0x09, 0x99, 0x7d, 0x3b, 0x11, 0xe9, 0x00, 0x55, 0xa1, 0x01, 0x00, 0x00
    dc.b    0x61, 0x33, 0x00, 0x00, 0x19, 0x43, 0x00, 0x00, 0x29, 0x44, 0x00, 0x02, 0x99, 0x44, 0x00, 0x02
    dc.b    0x99, 0x14, 0xf0, 0x00, 0x00, 0x29, 0x69, 0x14, 0x00, 0x29, 0x29, 0x11, 0x00, 0x96, 0x19, 0x11
    dc.b    0x00, 0x31, 0x41, 0x93, 0x03, 0x24, 0x44, 0x42, 0x31, 0x14, 0x44, 0x44, 0x31, 0x44, 0x44, 0x44
    dc.b    0x11, 0x44, 0x52, 0x01, 0x44, 0x44, 0x14, 0x44, 0x44, 0x41, 0x44, 0x44, 0x44, 0x11, 0xf0, 0x00
    dc.b    0x41, 0x11, 0x44, 0x44, 0x11, 0x11, 0x44, 0x44, 0x11, 0x12, 0x96, 0x66, 0x66, 0x66, 0x99, 0x99
    dc.b    0x99, 0x99, 0x55, 0x55, 0x93, 0x31, 0x26, 0x95, 0x55, 0x55, 0x11, 0x11, 0x69, 0x55, 0xc1, 0x01
    dc.b    0x33, 0x22, 0x11, 0x33, 0x13, 0x33, 0x11, 0x13, 0x41, 0x22, 0x33, 0x36, 0x44, 0x11, 0x13, 0x36
    dc.b    0x44, 0x44, 0x11, 0x19, 0x44, 0x44, 0x44, 0x19, 0xf0, 0x00, 0x11, 0x44, 0x44, 0x19, 0x11, 0x11
    dc.b    0x11, 0x19, 0x93, 0x33, 0x33, 0x39, 0x39, 0x99, 0x99, 0x99, 0x12, 0x33, 0x99, 0x99, 0x11, 0x22
    dc.b    0x36, 0x99, 0x11, 0x22, 0x33, 0x69, 0x12, 0x22, 0x11, 0x01, 0x33, 0x36, 0x72, 0x2f, 0x22, 0x22
    dc.b    0x33, 0x36, 0x22, 0x23, 0x33, 0x66, 0x22, 0x33, 0x36, 0x66, 0x66, 0x66, 0x21, 0xab, 0x11, 0x11
    dc.b    0x11, 0x13, 0x01, 0x00, 0xf0, 0x00, 0x65, 0x55, 0x55, 0x96, 0x95, 0x55, 0x55, 0x53, 0x55, 0x56
    dc.b    0x55, 0x59, 0x55, 0x53, 0x95, 0x55, 0x55, 0x56, 0x65, 0x55, 0x55, 0x52, 0x35, 0x55, 0x55, 0x52
    dc.b    0x25, 0x55, 0x55, 0x52, 0x11, 0x01, 0x15, 0x55, 0x11, 0x0b, 0x55, 0x59, 0x15, 0x01, 0x25, 0x55
    dc.b    0x61, 0x01, 0x95, 0x56, 0x25, 0x55, 0x69, 0x56, 0x25, 0x55, 0x69, 0x96, 0x31, 0x44, 0x41, 0x29
    dc.b    0x69, 0x09, 0x62, 0x44, 0xd5, 0x5d, 0x8b, 0xbd, 0xf0, 0x00, 0x22, 0x36, 0x94, 0x1a, 0x44, 0x16
    dc.b    0x94, 0x1b, 0x11, 0x26, 0x91, 0x2d, 0x12, 0x39, 0x32, 0x3d, 0x36, 0x93, 0x33, 0x96, 0x99, 0x66
    dc.b    0x99, 0x53, 0x66, 0x99, 0x55, 0x50, 0x69, 0x55, 0xa1, 0xf8, 0x55, 0x90, 0x55, 0x55, 0x99, 0x90
    dc.b    0x55, 0x96, 0x26, 0x66, 0x62, 0x22, 0x33, 0x36, 0x21, 0x13, 0x22, 0x22, 0x16, 0x31, 0xf0, 0x00
    dc.b    0x44, 0x11, 0x61, 0x44, 0x41, 0x11, 0x91, 0x41, 0x11, 0x12, 0x51, 0x11, 0x11, 0x69, 0x51, 0x12
    dc.b    0x99, 0x96, 0x59, 0x99, 0x66, 0x33, 0x52, 0x21, 0x12, 0x23, 0x54, 0x11, 0x11, 0x23, 0x43, 0x01
    dc.b    0x54, 0x44, 0x11, 0x22, 0x54, 0x44, 0x11, 0x12, 0x26, 0x01, 0x44, 0x44, 0x41, 0x12, 0xf0, 0x00
    dc.b    0x44, 0x12, 0xdb, 0xb8, 0xd9, 0xa7, 0x55, 0xdd, 0x1b, 0x7c, 0xbd, 0x91, 0x2b, 0x7c, 0xd9, 0x61
    dc.b    0x8b, 0xa7, 0x96, 0x22, 0x8b, 0xbb, 0x62, 0x28, 0x88, 0x8a, 0x23, 0x88, 0x8b, 0xa7, 0xf0, 0x00
    dc.b    0x30, 0xdd, 0x55, 0x55, 0x00, 0xd5, 0x55, 0xdd, 0x0d, 0x8a, 0xa7, 0x78, 0xdd, 0xd7, 0xcc, 0xc7
    dc.b    0xd8, 0xdd, 0xdd, 0x87, 0xd7, 0xda, 0xcc, 0xcc, 0xda, 0xdd, 0xdd, 0x87, 0x6d, 0xdb, 0x60, 0x01
    dc.b    0xcc, 0xcb, 0x39, 0xdd, 0xdd, 0x8b, 0x19, 0xd8, 0x7b, 0xb8, 0x99, 0x90, 0x7d, 0x6d, 0x32, 0x01
    dc.b    0x66, 0x99, 0x00, 0x00, 0x36, 0x99, 0x21, 0x01, 0x36, 0x96, 0x90, 0x00, 0xa1, 0x01, 0x36, 0x66
    dc.b    0x69, 0x00, 0x33, 0x66, 0x69, 0x00, 0x23, 0x63, 0x69, 0x90, 0x23, 0x63, 0x66, 0x90, 0x23, 0x33
    dc.b    0x66, 0x99, 0x72, 0x01, 0x23, 0x32, 0x66, 0x99, 0x23, 0x22, 0x36, 0x99, 0x77, 0xab, 0x00, 0x00
    dc.b    0xcc, 0x7b, 0x01, 0x05, 0xf0, 0x00, 0xb8, 0x88, 0x00, 0x00, 0x7c, 0xc7, 0x80, 0x00, 0xcc, 0xcc
    dc.b    0x7a, 0x00, 0x8a, 0xcc, 0xaa, 0xb0, 0xdd, 0xda, 0xab, 0xb0, 0xdd, 0x8d, 0xbb, 0x80, 0x8d, 0xdd
    dc.b    0xb8, 0x80, 0xb5, 0x55, 0x60, 0x01, 0x88, 0x80, 0xa5, 0x55, 0x88, 0x00, 0xb5, 0x58, 0x80, 0x00
    dc.b    0xa5, 0x00, 0x7d, 0x93, 0x00, 0x1c, 0x00, 0x00, 0x1e, 0x0f, 0x90, 0x00, 0x13, 0x00, 0xee, 0xee
    dc.b    0xf0, 0x00, 0xee, 0xfe, 0xee, 0xee, 0xee, 0xff, 0xee, 0xff, 0xef, 0xcf, 0xee, 0xef, 0xfc, 0xcf
    dc.b    0xff, 0xff, 0xcf, 0xee, 0xee, 0xe8, 0x85, 0x88, 0xef, 0xcb, 0xb8, 0x55, 0xef, 0xca, 0xac, 0xc5
    dc.b    0xf0, 0x00, 0xff, 0xce, 0xa7, 0xab, 0xff, 0xff, 0xa7, 0xab, 0xfe, 0xef, 0x7c, 0x7b, 0xfd, 0xe7
    dc.b    0xa8, 0xdd, 0xe8, 0xe7, 0xa7, 0x73, 0x88, 0x8d, 0xdd, 0xd2, 0x88, 0x88, 0x8d, 0x24, 0x28, 0xbb
    dc.b    0xff, 0x51, 0xbd, 0x34, 0x42, 0xbb, 0xb8, 0x64, 0x36, 0x55, 0x55, 0xd2, 0x55, 0x58, 0xac, 0xcc
    dc.b    0xd8, 0xd8, 0xcc, 0xa8, 0x88, 0xd8, 0xcc, 0xcc, 0x8d, 0x57, 0x77, 0xc8, 0x58, 0x7a, 0xdd, 0xaa
    dc.b    0xf0, 0x00, 0xee, 0x00, 0x00, 0x00, 0xef, 0xfe, 0xe0, 0x00, 0xee, 0xff, 0xfe, 0x00, 0xee, 0xec
    dc.b    0xff, 0xe0, 0xee, 0xec, 0xfc, 0xfe, 0x8e, 0xcf, 0xec, 0xcf, 0xef, 0xfe, 0xec, 0xfe, 0x8e, 0xe8
    dc.b    0xf0, 0x00, 0xff, 0xee, 0x5d, 0xee, 0x0e, 0xe0, 0x8a, 0x00, 0x0e, 0x00, 0x87, 0x00, 0xe0, 0x00
    dc.b    0xdd, 0x00, 0x00, 0x00, 0x20, 0x00, 0x00, 0x00, 0x22, 0x00, 0x00, 0x00, 0x24, 0x20, 0x00, 0x00
    dc.b    0xf0, 0x00, 0x24, 0x17, 0x00, 0x00, 0x41, 0x44, 0x70, 0x00, 0x42, 0x44, 0x70, 0x00, 0x42, 0x42
    dc.b    0xcb, 0x00, 0x34, 0x42, 0xca, 0x00, 0xa4, 0x43, 0x7a, 0x00, 0x84, 0x2a, 0xab, 0x00, 0x74, 0x3b
    dc.b    0x30, 0x00, 0xb8, 0x00, 0x83, 0xba, 0xaa, 0xb0, 0x00, 0x00, 0x00, 0x00
spr_ken_100_animation0_frame0_tileset_data_size = .-spr_ken_100_animation0_frame0_tileset_data

    .align  2
spr_ken_100_animation0_frame1_tileset_data:
    dc.b    0xf0, 0x00, 0x32, 0x44, 0x44, 0x11, 0x63, 0x34, 0x44, 0x41, 0x66, 0x32, 0x44, 0x44, 0x93, 0x63
    dc.b    0x14, 0x44, 0x96, 0x13, 0x31, 0x44, 0x09, 0x61, 0x13, 0x14, 0x09, 0x63, 0x41, 0x31, 0x00, 0x96
    dc.b    0x50, 0x01, 0x31, 0x41, 0x00, 0x09, 0x63, 0x11, 0x00, 0x00, 0x99, 0x33, 0xfc, 0x40, 0x10, 0x01
    dc.b    0x00, 0x99, 0xfc, 0x42, 0x01, 0x01, 0x00, 0x21, 0x00, 0x00, 0xf0, 0x00, 0x12, 0x14, 0x12, 0x96
    dc.b    0x11, 0x14, 0x12, 0x96, 0x11, 0x44, 0x12, 0x93, 0x14, 0x44, 0x12, 0x93, 0x44, 0x44, 0x13, 0x93
    dc.b    0x44, 0x41, 0x13, 0x33, 0x44, 0x11, 0x13, 0x33, 0x11, 0x11, 0xc1, 0x01, 0x12, 0x33, 0x11, 0x11
    dc.b    0x22, 0x26, 0x22, 0x21, 0x11, 0x36, 0x33, 0x22, 0x22, 0x11, 0x63, 0x21, 0x11, 0x14, 0x96, 0x31
    dc.b    0x11, 0x44, 0x99, 0x66, 0xd0, 0x14, 0x61, 0x14, 0x09, 0x63, 0x66, 0x11, 0x00, 0x96, 0x36, 0x31
    dc.b    0x00, 0x09, 0x63, 0x33, 0x00, 0x00, 0x96, 0x23, 0x00, 0x00, 0x09, 0x32, 0x00, 0x00, 0x00, 0x63
    dc.b    0x7f, 0xc1, 0xf0, 0x00, 0x69, 0x00, 0x00, 0x00, 0x39, 0x00, 0x00, 0x00, 0x39, 0x90, 0x00, 0x00
    dc.b    0x39, 0x99, 0x00, 0x00, 0x69, 0x69, 0x00, 0x00, 0x99, 0x66, 0x90, 0x00, 0x96, 0x66, 0x69, 0x00
    dc.b    0x66, 0x33, 0xf1, 0x01, 0x66, 0x90, 0x62, 0x33, 0x33, 0x60, 0x22, 0x23, 0x33, 0x36, 0x12, 0x22
    dc.b    0x33, 0x33, 0x11, 0x22, 0x23, 0x33, 0x41, 0x12, 0x22, 0x33, 0x44, 0x41, 0x12, 0x22, 0x44, 0x44
    dc.b    0x11, 0x22, 0x31, 0x01, 0x14, 0x44, 0x41, 0x12, 0x11, 0x44, 0xf0, 0x00, 0x41, 0x28, 0x21, 0x14
    dc.b    0x12, 0x88, 0x22, 0x11, 0x88, 0x8b, 0x08, 0x88, 0x88, 0xbb, 0x00, 0x88, 0x8b, 0xbb, 0x00, 0x88
    dc.b    0xba, 0xaa, 0x00, 0x8b, 0xa7, 0x77, 0x00, 0xba, 0xcc, 0xcc, 0xc0, 0x12, 0x00, 0xaa, 0xcc, 0xcc
    dc.b    0x08, 0xaa, 0x77, 0x77, 0x0b, 0xac, 0xcc, 0x77, 0x0b, 0x78, 0x88, 0xbb, 0x08, 0xa7, 0xad, 0xaa
    dc.b    0x00, 0x88, 0x8d, 0x8d, 0x7f, 0xad, 0x00, 0x01, 0xfc, 0x45, 0x40, 0x01, 0x00, 0x00, 0x33, 0x60
    dc.b    0x00, 0x00, 0x23, 0x30, 0xff, 0x53, 0x52, 0x01, 0x23, 0x00, 0x00, 0x00, 0x30, 0x00, 0x00, 0x00
    dc.b    0x80, 0x00, 0x70, 0x03, 0xb8, 0x00, 0x00, 0x00, 0xbb, 0x00, 0x00, 0x00, 0x8b, 0x80, 0x00, 0x00
    dc.b    0xb8, 0x80, 0xfc, 0x3d, 0xe0, 0x1f, 0xc7, 0x7b, 0x80, 0x00, 0xc7, 0x7a, 0xb0, 0x00, 0x77, 0x7a
    dc.b    0xa8, 0x00, 0x7a, 0xaa, 0xab, 0x00, 0x8b, 0xb8, 0xbb, 0x00, 0xda, 0xad, 0xa8, 0x00, 0x88, 0xd8
    dc.b    0x8d, 0x00, 0x7f, 0x20, 0x10, 0x01, 0x00, 0x03, 0xfc, 0x58, 0x30, 0x01, 0x00, 0x32, 0x00, 0x00
    dc.b    0x00, 0x24, 0xfd, 0xc2, 0x10, 0x01, 0x02, 0x44, 0xfd, 0xc3, 0x30, 0x01, 0x24, 0x44, 0x00, 0x00
    dc.b    0x14, 0x44, 0xfc, 0x2b, 0x01, 0x01, 0x90, 0x01, 0x44, 0x41, 0x00, 0x01, 0x11, 0x12, 0x00, 0x01
    dc.b    0x22, 0x13, 0x00, 0x01, 0x33, 0x21, 0x00, 0x01, 0x23, 0x32, 0x7e, 0xd7, 0x12, 0x03, 0x00, 0x55
    dc.b    0xe0, 0x02, 0x09, 0x66, 0x00, 0x00, 0x62, 0x22, 0x00, 0x00, 0x21, 0x44, 0x00, 0x02, 0x19, 0x44
    dc.b    0x00, 0x01, 0x39, 0x14, 0x00, 0x01, 0x99, 0x14, 0x00, 0x13, 0x69, 0x14, 0x00, 0x19, 0xfd, 0xb8
    dc.b    0xc1, 0x01, 0x46, 0x31, 0x03, 0x24, 0x44, 0x19, 0x03, 0x14, 0x44, 0x11, 0x32, 0x14, 0x44, 0x11
    dc.b    0x21, 0x44, 0x44, 0x11, 0x14, 0x44, 0x41, 0x11, 0x44, 0x44, 0x10, 0x01, 0x41, 0x12, 0xfb, 0xbd
    dc.b    0x22, 0x01, 0x11, 0x22, 0x44, 0x41, 0x41, 0xdb, 0x44, 0x11, 0x12, 0x22, 0x44, 0x11, 0x22, 0x23
    dc.b    0xa0, 0x01, 0x11, 0x12, 0x33, 0x33, 0x22, 0x11, 0x12, 0x36, 0x33, 0x32, 0x11, 0x11, 0x33, 0x33
    dc.b    0x33, 0x22, 0x13, 0x33, 0x33, 0x66, 0xfd, 0xae, 0xf0, 0x00, 0x96, 0x32, 0x99, 0x55, 0x55, 0x55
    dc.b    0x11, 0x12, 0x69, 0x55, 0x32, 0x11, 0x12, 0x23, 0x22, 0x32, 0x11, 0x11, 0x41, 0x23, 0x32, 0x23
    dc.b    0x44, 0x11, 0x33, 0x36, 0x44, 0x41, 0x11, 0x33, 0x21, 0x01, 0x44, 0x44, 0x44, 0x12, 0x31, 0x22
    dc.b    0x11, 0x44, 0x44, 0x12, 0x11, 0x11, 0xb4, 0x01, 0x33, 0x33, 0x39, 0x99, 0x99, 0x99, 0x12, 0x69
    dc.b    0x99, 0x99, 0x12, 0x22, 0x36, 0x99, 0x22, 0x22, 0x23, 0x69, 0x22, 0x22, 0x23, 0x36, 0xf0, 0x00
    dc.b    0x33, 0x36, 0x22, 0x23, 0x33, 0x36, 0x22, 0x33, 0x33, 0x66, 0x33, 0x33, 0x36, 0x69, 0x33, 0x66
    dc.b    0x66, 0x90, 0x66, 0x99, 0x99, 0x00, 0x36, 0x99, 0x00, 0x00, 0x69, 0x99, 0x00, 0x00, 0x61, 0x3f
    dc.b    0x23, 0x36, 0x90, 0x00, 0x22, 0x36, 0x90, 0x00, 0x69, 0x99, 0x90, 0x00, 0x32, 0x00, 0x11, 0x11
    dc.b    0x11, 0x26, 0x55, 0x55, 0xc2, 0x01, 0x65, 0x55, 0x55, 0x59, 0x35, 0x55, 0x25, 0x55, 0x65, 0x55
    dc.b    0x12, 0x55, 0x95, 0x55, 0x33, 0x55, 0x55, 0x55, 0x66, 0x55, 0x55, 0x55, 0x12, 0x55, 0x12, 0x01
    dc.b    0x11, 0x55, 0x01, 0x56, 0x01, 0x01, 0x11, 0x01, 0x63, 0x55, 0x51, 0x01, 0x95, 0x55, 0x63, 0x55
    dc.b    0x99, 0x55, 0x63, 0x55, 0x69, 0x99, 0x92, 0xab, 0x63, 0x14, 0x69, 0x99, 0x66, 0x31, 0x69, 0x00
    dc.b    0x96, 0x31, 0x90, 0x00, 0x96, 0x63, 0x00, 0x00, 0x09, 0x63, 0x30, 0x15, 0x00, 0x66, 0x00, 0x00
    dc.b    0x00, 0x96, 0x7e, 0x23, 0xf0, 0x00, 0x00, 0x04, 0x00, 0x00, 0x00, 0x43, 0x00, 0x00, 0x04, 0x3d
    dc.b    0x00, 0x00, 0x04, 0x98, 0x00, 0x00, 0x16, 0xdb, 0x00, 0x00, 0x49, 0xdb, 0x00, 0x00, 0x4d, 0x88
    dc.b    0x00, 0x00, 0x1d, 0x88, 0x22, 0x01, 0x00, 0x00, 0x2d, 0x88, 0x90, 0x01, 0x3d, 0x88, 0x00, 0x00
    dc.b    0x3d, 0xd8, 0x00, 0x00, 0x63, 0xd8, 0x00, 0x00, 0x93, 0xdd, 0x00, 0x00, 0x96, 0x2d, 0x7e, 0x3b
    dc.b    0x01, 0x01, 0x14, 0x3b, 0x00, 0x93, 0x00, 0x11, 0x7d, 0xe3, 0xf0, 0x00, 0x00, 0x44, 0x44, 0x44
    dc.b    0x44, 0x99, 0x99, 0x96, 0x39, 0x88, 0x88, 0x88, 0xd8, 0xb7, 0xcc, 0xca, 0x8a, 0x7c, 0xcc, 0xcc
    dc.b    0xb7, 0x7c, 0xcc, 0xcc, 0xb7, 0x77, 0xcc, 0xca, 0xba, 0xa7, 0xd1, 0x0b, 0x77, 0xab, 0xbb, 0xaa
    dc.b    0x7c, 0xcc, 0x8b, 0xa7, 0xcc, 0xcc, 0xba, 0x7c, 0xcc, 0x77, 0xba, 0x7c, 0x7a, 0xb8, 0xba, 0x7a
    dc.b    0xbb, 0x77, 0xba, 0xab, 0xa7, 0xcc, 0xf0, 0x00, 0x8b, 0xba, 0x77, 0xcc, 0x88, 0xba, 0xa7, 0x77
    dc.b    0xd8, 0xbb, 0xba, 0xaa, 0xd8, 0x88, 0xbb, 0xaa, 0x2d, 0x7a, 0xbb, 0xbb, 0x32, 0xa7, 0xab, 0xbb
    dc.b    0x33, 0xdd, 0x88, 0x88, 0x63, 0x22, 0x99, 0x3f, 0x11, 0x11, 0x66, 0x32, 0x22, 0x11, 0x96, 0x33
    dc.b    0x32, 0x22, 0x99, 0x66, 0x33, 0x33, 0x09, 0x96, 0x66, 0x33, 0xf0, 0x00, 0x41, 0x12, 0x33, 0x93
    dc.b    0x34, 0x44, 0x13, 0x61, 0xd6, 0x44, 0x41, 0x32, 0x8d, 0x64, 0x41, 0x23, 0x78, 0x64, 0x41, 0x13
    dc.b    0x7b, 0x62, 0x41, 0x22, 0xb8, 0xd3, 0x12, 0x24, 0xb8, 0xd6, 0xb0, 0x01, 0x22, 0x44, 0xca, 0x8d
    dc.b    0x61, 0x44, 0xcc, 0xad, 0x61, 0x44, 0x7a, 0xb8, 0x93, 0x44, 0x8d, 0xdd, 0x93, 0x44, 0xcc, 0xcc
    dc.b    0xc7, 0x7b, 0xfc, 0x3f, 0x01, 0x01, 0xd5, 0x00, 0xc7, 0x77, 0x77, 0x77, 0x7a, 0xaa, 0xaa, 0xaa
    dc.b    0xaa, 0xab, 0xaa, 0xab, 0xbb, 0xbb, 0xbb, 0xb8, 0x88, 0x88, 0x88, 0x88, 0x88, 0x24, 0x88, 0x82
    dc.b    0x11, 0x11, 0x42, 0x38, 0x22, 0x22, 0x22, 0x22, 0x33, 0x33, 0x33, 0x33, 0x00, 0x02, 0xfc, 0x3f
    dc.b    0x40, 0x01, 0xee, 0xee, 0x00, 0xee, 0xee, 0xee, 0x11, 0xee, 0xfc, 0x43, 0x00, 0x01, 0xfc, 0x40
    dc.b    0xf0, 0x00, 0xee, 0xfe, 0x2e, 0x2e, 0xee, 0xfe, 0x31, 0x4e, 0xbe, 0xff, 0x33, 0x4e, 0x2e, 0xef
    dc.b    0x13, 0x14, 0x2e, 0xbe, 0x41, 0x61, 0x4e, 0x2e, 0x44, 0x36, 0x11, 0x22, 0x44, 0x26, 0x31, 0x15
    dc.b    0xf0, 0x00, 0x11, 0x22, 0x35, 0x5d, 0x55, 0x55, 0x55, 0x88, 0xb5, 0x88, 0x85, 0x58, 0x78, 0xdd
    dc.b    0xdd, 0x55, 0xab, 0xdd, 0xd5, 0x55, 0xab, 0x55, 0x55, 0x55, 0xbb, 0x55, 0x55, 0x5d, 0x88, 0x55
    dc.b    0x72, 0x01, 0x62, 0x62, 0x82, 0x44, 0x41, 0x26, 0x44, 0x44, 0x41, 0x13, 0x11, 0x11, 0x11, 0x12
    dc.b    0x10, 0x02, 0x11, 0x29, 0xfc, 0x46, 0xf0, 0x00, 0x33, 0x66, 0x69, 0x33, 0x11, 0x12, 0x91, 0x1b
    dc.b    0x11, 0x12, 0x91, 0x18, 0x11, 0x29, 0x92, 0x2d, 0x12, 0x39, 0x32, 0x69, 0x36, 0x93, 0x36, 0x99
    dc.b    0x69, 0x33, 0x99, 0x50, 0x99, 0x99, 0xf0, 0x00, 0x55, 0x50, 0x95, 0x55, 0x59, 0x99, 0x55, 0x59
    dc.b    0x69, 0x66, 0x59, 0x61, 0x23, 0x32, 0x92, 0x11, 0x22, 0x21, 0x21, 0x13, 0x32, 0x41, 0x63, 0x33
    dc.b    0x24, 0x11, 0x53, 0x31, 0x41, 0x11, 0xe1, 0x01, 0x52, 0x41, 0x11, 0x11, 0x53, 0x11, 0x11, 0x26
    dc.b    0x59, 0x11, 0x26, 0x99, 0x55, 0x36, 0x99, 0x63, 0x55, 0x99, 0x62, 0x23, 0x55, 0x21, 0x12, 0x22
    dc.b    0x55, 0x11, 0x11, 0x22, 0x21, 0x01, 0x55, 0x41, 0x11, 0x12, 0x40, 0x01, 0x55, 0x44, 0x11, 0x12
    dc.b    0x51, 0x44, 0x11, 0x12, 0xfc, 0x49, 0x01, 0x01, 0xf0, 0x00, 0x41, 0x11, 0x14, 0x44, 0x41, 0x11
    dc.b    0x24, 0x44, 0x41, 0x11, 0x31, 0x44, 0x44, 0x11, 0x8d, 0x11, 0x6b, 0xa7, 0xd3, 0x36, 0x8b, 0xaa
    dc.b    0x33, 0x98, 0x88, 0x88, 0x99, 0x98, 0x88, 0x55, 0xf0, 0x00, 0x00, 0x05, 0xdd, 0xdd, 0x00, 0xd8
    dc.b    0xac, 0xcc, 0x08, 0x7d, 0xdd, 0xd8, 0x08, 0x78, 0xac, 0xcc, 0x9d, 0xbd, 0xdd, 0xdb, 0x39, 0xd8
    dc.b    0xa7, 0x7c, 0x23, 0x9d, 0xdd, 0x8b, 0x12, 0x98, 0x60, 0x01, 0x8b, 0xaa, 0x12, 0x90, 0xdd, 0xd0
    dc.b    0x12, 0x90, 0x00, 0x00, 0x26, 0x90, 0xf9, 0xc9, 0x52, 0x01, 0x66, 0x69, 0x00, 0x00, 0x33, 0x66
    dc.b    0x90, 0x00, 0x33, 0x36, 0x11, 0x01, 0x33, 0x33, 0x51, 0x01, 0x69, 0x00, 0x23, 0x33, 0x69, 0x00
    dc.b    0x23, 0x32, 0x36, 0x00, 0x21, 0x01, 0x22, 0x32, 0x36, 0x90, 0x42, 0x01, 0x22, 0x31, 0x33, 0x99
    dc.b    0x22, 0x21, 0x23, 0x99, 0xf0, 0x00, 0x13, 0x96, 0x22, 0x11, 0x13, 0x96, 0xc7, 0xab, 0x00, 0x00
    dc.b    0xaa, 0xab, 0x00, 0x00, 0xdd, 0x88, 0x80, 0x00, 0x87, 0xcc, 0xc7, 0x00, 0xdd, 0xd7, 0xc7, 0xa0
    dc.b    0xa8, 0x8d, 0x77, 0xb0, 0xb0, 0x21, 0xcd, 0x8d, 0xdb, 0xba, 0xcd, 0xdd, 0xda, 0x7a, 0xcd, 0xdd
    dc.b    0x5b, 0xab, 0xc5, 0x55, 0x5b, 0xb0, 0x75, 0x58, 0x88, 0x00, 0x55, 0x88, 0x7c, 0x87, 0x14, 0x01
    dc.b    0x90, 0x00, 0xf0, 0x00, 0x21, 0x23, 0x32, 0x13, 0x32, 0x12, 0x33, 0x21, 0x02, 0x11, 0x23, 0x32
    dc.b    0x03, 0x21, 0x12, 0x33, 0x00, 0x21, 0x11, 0x23, 0x00, 0x32, 0x11, 0x22, 0x00, 0x02, 0x21, 0x12
    dc.b    0x00, 0x03, 0x21, 0x01, 0x22, 0x11, 0x00, 0x00, 0x50, 0x01, 0x32, 0x21, 0x00, 0x00, 0x02, 0x21
    dc.b    0x00, 0x00, 0x03, 0x22, 0x7d, 0x4d, 0x01, 0x01, 0x1c, 0x30, 0x00, 0x03, 0x12, 0x01, 0x00, 0x0b
    dc.b    0xf0, 0x00, 0x00, 0x08, 0x33, 0x22, 0x33, 0x36, 0x33, 0x32, 0x22, 0x33, 0x12, 0x33, 0x22, 0x22
    dc.b    0x21, 0x23, 0x33, 0x32, 0x32, 0x23, 0x33, 0x36, 0x33, 0x22, 0x23, 0x33, 0x23, 0x32, 0x22, 0x23
    dc.b    0x80, 0x02, 0x12, 0x22, 0x33, 0x32, 0x11, 0x22, 0x23, 0x33, 0x11, 0x12, 0x22, 0x22, 0x11, 0x11
    dc.b    0x12, 0x22, 0x7e, 0xb3, 0xf0, 0x00, 0x21, 0x11, 0x11, 0x11, 0x22, 0x11, 0x11, 0x11, 0x32, 0x11
    dc.b    0x12, 0x38, 0x00, 0x00, 0x00, 0x8b, 0x00, 0x00, 0x08, 0xbb, 0x00, 0x00, 0x8b, 0xba, 0x00, 0x8b
    dc.b    0xba, 0x7c, 0x88, 0xbb, 0xe2, 0xc7, 0xa7, 0x77, 0xbb, 0xab, 0xb8, 0x88, 0xda, 0x87, 0xd7, 0xda
    dc.b    0xdb, 0xda, 0xd7, 0xdb, 0x69, 0x00, 0x00, 0x00, 0x36, 0x90, 0x00, 0x00, 0x33, 0x90, 0x00, 0x00
    dc.b    0x23, 0x69, 0x03, 0xc9, 0x14, 0xc5, 0x22, 0x36, 0xf0, 0x00, 0x22, 0x23, 0x30, 0x00, 0x22, 0x22
    dc.b    0x30, 0x00, 0x11, 0x12, 0x80, 0x00, 0x11, 0x28, 0x80, 0x00, 0x38, 0x8a, 0x80, 0x00, 0x8b, 0xba
    dc.b    0xab, 0x00, 0xbb, 0xaa, 0x7b, 0xb0, 0xa7, 0x77, 0xcc, 0x70, 0x7c, 0xa0, 0x7c, 0xc7, 0x77, 0xb0
    dc.b    0xcc, 0xc7, 0xb8, 0x80, 0x77, 0x77, 0x8d, 0x00, 0xa7, 0xc7, 0xd0, 0x00, 0x7c, 0xca, 0xd0, 0x00
    dc.b    0xaa, 0x8d, 0x13, 0x00, 0xee, 0xee, 0x00, 0x02, 0xfc, 0x5f, 0x50, 0x02, 0xfe, 0xcf, 0xee, 0xef
    dc.b    0xcc, 0xfe, 0xff, 0xfc, 0xce, 0xee, 0xfc, 0x61, 0x70, 0x02, 0xec, 0xca, 0xac, 0xc5, 0xec, 0xfa
    dc.b    0x77, 0xab, 0xff, 0xea, 0x77, 0xab, 0xfe, 0xe7, 0xfc, 0x64, 0xf0, 0x00, 0xc7, 0x7d, 0x55, 0x55
    dc.b    0x55, 0xd6, 0xd8, 0x8d, 0x7c, 0xd9, 0x88, 0xdd, 0x5c, 0x79, 0xdd, 0xd5, 0x5c, 0x85, 0xd5, 0x55
    dc.b    0xc7, 0x75, 0x55, 0xac, 0xad, 0xad, 0xba, 0xad, 0xdb, 0x58, 0x8d, 0xe3, 0xdd, 0xd8, 0x55, 0xbd
    dc.b    0x41, 0x8b, 0xaa, 0xbd, 0x24, 0x2b, 0x8d, 0xd9, 0x64, 0x1b, 0xb8, 0xd1, 0x30, 0x01, 0xee, 0x00
    dc.b    0x00, 0x00, 0xff, 0xfe, 0xfc, 0x64, 0xf0, 0x00, 0xee, 0xef, 0xff, 0xe0, 0xeb, 0xec, 0xfc, 0xfe
    dc.b    0x8e, 0xfc, 0xec, 0xce, 0xef, 0xcb, 0xec, 0xfe, 0x8e, 0xe8, 0xff, 0xe0, 0x5d, 0x8e, 0xee, 0xe0
    dc.b    0x8a, 0x5e, 0xe0, 0x00, 0x87, 0x00, 0xc2, 0x01, 0x00, 0x00, 0xdd, 0x00, 0x00, 0x00, 0xea, 0xab
    dc.b    0x00, 0x00, 0xe1, 0x7a, 0xb0, 0x00, 0x22, 0x17, 0xa0, 0x00, 0x22, 0x17, 0xab, 0x00, 0x24, 0x17
    dc.b    0x11, 0x01, 0x94, 0x2a, 0xb0, 0x00, 0xb8, 0x00, 0x94, 0x2b, 0xb8, 0x00, 0x94, 0x98, 0x88, 0x00
    dc.b    0x94, 0x8b, 0xaa, 0x80, 0x14, 0xb7, 0xcc, 0xab, 0x16, 0xac, 0xcc, 0xab, 0x00, 0x00, 0x00, 0x00
spr_ken_100_animation0_frame1_tileset_data_size = .-spr_ken_100_animation0_frame1_tileset_data

    .align  2
spr_ken_100_animation0_frame2_tileset_data:
    dc.b    0x1f, 0x00, 0x00, 0x00, 0x10, 0x01, 0x00, 0x03, 0xfa, 0x0c, 0x72, 0x01, 0x02, 0x36, 0x00, 0x00
    dc.b    0x02, 0x68, 0x00, 0x00, 0x36, 0x8b, 0x00, 0x00, 0x39, 0x8b, 0x32, 0x01, 0x3d, 0x8b, 0x00, 0x00
    dc.b    0x3d, 0x88, 0x01, 0x05, 0x12, 0x01, 0x2d, 0x8b, 0xf2, 0x01, 0x29, 0xd8, 0x00, 0x00, 0x23, 0x9d
    dc.b    0x00, 0x00, 0x63, 0x6d, 0x00, 0x00, 0x93, 0x29, 0x00, 0x00, 0x06, 0x26, 0x00, 0x00, 0x06, 0x22
    dc.b    0x00, 0x00, 0x09, 0x63, 0x00, 0x00, 0x00, 0x96, 0x12, 0x01, 0x00, 0x09, 0x0c, 0x00, 0xf0, 0x00
    dc.b    0x01, 0x14, 0x44, 0x44, 0x23, 0x33, 0x32, 0x22, 0x68, 0x88, 0x88, 0x88, 0x8b, 0xbb, 0xbb, 0xbb
    dc.b    0xbb, 0xa7, 0x77, 0x7b, 0xba, 0xac, 0xcc, 0xc7, 0xba, 0xa7, 0x77, 0xaa, 0xaa, 0xa7, 0xf0, 0x00
    dc.b    0xcc, 0xcc, 0xba, 0x77, 0xcc, 0xcc, 0xba, 0x7c, 0xcc, 0xcc, 0xb7, 0x7c, 0xcc, 0xc7, 0xa7, 0x77
    dc.b    0xaa, 0x88, 0xa7, 0x7a, 0xbb, 0xcc, 0xaa, 0x7a, 0x7c, 0xcc, 0xba, 0xaa, 0x7c, 0xcc, 0x20, 0x01
    dc.b    0x8b, 0xaa, 0x77, 0x77, 0xfd, 0xcc, 0xfd, 0x3f, 0xaa, 0xaa, 0xd8, 0x88, 0xbb, 0xbb, 0x9d, 0xbb
    dc.b    0xaa, 0xab, 0x2d, 0x77, 0xab, 0xbb, 0x23, 0xdd, 0x88, 0x88, 0x32, 0x22, 0x11, 0x11, 0x63, 0x22
    dc.b    0x21, 0x14, 0x66, 0x32, 0x11, 0x11, 0xf0, 0x00, 0x23, 0x60, 0x00, 0x00, 0x44, 0x23, 0x66, 0x63
    dc.b    0x24, 0x42, 0x36, 0x21, 0x86, 0x44, 0x26, 0x24, 0xb8, 0x34, 0x12, 0x64, 0xb8, 0x94, 0x12, 0x62
    dc.b    0xb8, 0x93, 0x41, 0x26, 0x78, 0xd6, 0xf0, 0x00, 0x12, 0x43, 0xc7, 0x8d, 0x22, 0x41, 0xc7, 0xbd
    dc.b    0x34, 0x41, 0xaa, 0xbd, 0x61, 0x44, 0x8d, 0xdd, 0x62, 0x44, 0xcc, 0xcc, 0x77, 0xbd, 0xcc, 0xcc
    dc.b    0xcc, 0x7b, 0xcc, 0xcc, 0xcc, 0xc7, 0xf0, 0x00, 0x77, 0x77, 0x77, 0x7a, 0x77, 0x77, 0x7a, 0xbb
    dc.b    0xaa, 0xaa, 0xbb, 0xbb, 0xbb, 0xbb, 0xbb, 0x88, 0xbb, 0xbb, 0xb8, 0x86, 0xbb, 0x88, 0x86, 0x24
    dc.b    0x88, 0x63, 0x24, 0x44, 0x11, 0x44, 0x11, 0x00, 0x44, 0x44, 0x19, 0x3f, 0x11, 0x11, 0x00, 0x02
    dc.b    0xfa, 0x0e, 0x00, 0x01, 0xfd, 0xcf, 0xf0, 0x00, 0x22, 0xee, 0xee, 0xee, 0x1e, 0xee, 0xfe, 0xef
    dc.b    0x4e, 0xee, 0xee, 0xee, 0xee, 0xe1, 0xef, 0xfe, 0xe2, 0x1e, 0xef, 0xfe, 0x44, 0x1e, 0xfe, 0xff
    dc.b    0x64, 0xee, 0x1e, 0xff, 0x31, 0xe2, 0xf0, 0x00, 0x1e, 0xef, 0x26, 0x14, 0x4e, 0xee, 0x12, 0x61
    dc.b    0x43, 0x85, 0x41, 0x39, 0x55, 0xdd, 0x55, 0x55, 0x58, 0x88, 0x58, 0x88, 0x55, 0xdd, 0xd5, 0xdd
    dc.b    0xd5, 0x55, 0x85, 0xdd, 0xdd, 0x55, 0xc2, 0x01, 0xbd, 0x55, 0x55, 0x5b, 0x8d, 0x55, 0x55, 0x55
    dc.b    0x8d, 0x63, 0x23, 0x62, 0x24, 0x44, 0x11, 0x63, 0x44, 0x44, 0x44, 0x36, 0x44, 0x44, 0x44, 0x16
    dc.b    0x3f, 0xfe, 0x41, 0x26, 0x11, 0x11, 0x12, 0x26, 0x00, 0x15, 0x00, 0x00, 0x10, 0x01, 0x00, 0x03
    dc.b    0xf8, 0xac, 0x32, 0x01, 0x00, 0x31, 0x00, 0x00, 0x00, 0x24, 0xf0, 0x00, 0x03, 0x44, 0x00, 0x00
    dc.b    0x02, 0x44, 0x00, 0x00, 0x21, 0x44, 0x00, 0x00, 0x24, 0x44, 0x00, 0x00, 0x44, 0x44, 0x00, 0x03
    dc.b    0x44, 0x44, 0x00, 0x02, 0x44, 0x44, 0x00, 0x01, 0x44, 0x44, 0xf0, 0x00, 0x00, 0x99, 0x66, 0x32
    dc.b    0x00, 0x09, 0x96, 0x66, 0x00, 0x00, 0x99, 0x96, 0x00, 0x00, 0x05, 0x55, 0x00, 0x00, 0x09, 0x95
    dc.b    0x00, 0x00, 0x03, 0x31, 0x00, 0x00, 0x22, 0x33, 0x00, 0x01, 0xf0, 0x00, 0x14, 0x13, 0x00, 0x01
    dc.b    0x94, 0x12, 0x00, 0x11, 0x94, 0x41, 0x00, 0x19, 0x94, 0x44, 0x01, 0x29, 0x91, 0x44, 0x01, 0x99
    dc.b    0x91, 0x44, 0x22, 0x92, 0x91, 0x44, 0x09, 0x61, 0x91, 0x14, 0x70, 0x01, 0x03, 0x11, 0x13, 0x11
    dc.b    0x02, 0x44, 0x12, 0x96, 0x31, 0x44, 0x41, 0x16, 0x24, 0x44, 0xfd, 0xc8, 0x11, 0x01, 0x44, 0x44
    dc.b    0x12, 0x01, 0x11, 0x12, 0x23, 0x01, 0x11, 0x22, 0x44, 0x41, 0x22, 0x01, 0x12, 0x22, 0x44, 0x11
    dc.b    0xf0, 0x00, 0x41, 0x11, 0x22, 0x23, 0x41, 0x12, 0x22, 0x23, 0x11, 0x22, 0x22, 0x33, 0x21, 0x11
    dc.b    0x11, 0x11, 0x32, 0x21, 0x11, 0x11, 0x66, 0x33, 0x33, 0x33, 0x99, 0x96, 0x66, 0x66, 0x55, 0x59
    dc.b    0xf0, 0x00, 0x33, 0x21, 0x95, 0x55, 0x55, 0x55, 0x11, 0x95, 0x55, 0x55, 0x33, 0x11, 0x19, 0x55
    dc.b    0x23, 0x33, 0x21, 0x19, 0x22, 0x23, 0x33, 0x35, 0x11, 0x22, 0x36, 0x95, 0x41, 0x11, 0x23, 0x55
    dc.b    0xf0, 0x00, 0x44, 0x41, 0x19, 0x55, 0x44, 0x44, 0x45, 0x55, 0x44, 0x44, 0x15, 0x55, 0x11, 0x11
    dc.b    0x15, 0x55, 0x63, 0x33, 0x35, 0x55, 0x99, 0x99, 0x95, 0x55, 0x36, 0x99, 0x95, 0x55, 0x22, 0x36
    dc.b    0xa1, 0x01, 0x95, 0x55, 0x22, 0x23, 0x65, 0x55, 0x22, 0x22, 0x36, 0x55, 0x22, 0x22, 0x33, 0x69
    dc.b    0x22, 0x22, 0x33, 0x66, 0x22, 0x23, 0x41, 0x01, 0x36, 0x69, 0x22, 0x33, 0x36, 0x69, 0x23, 0x33
    dc.b    0xf0, 0x00, 0x66, 0x69, 0x33, 0x33, 0x66, 0x90, 0x33, 0x36, 0x66, 0x90, 0x33, 0x66, 0x69, 0x00
    dc.b    0x11, 0x11, 0x11, 0x12, 0x11, 0x11, 0x12, 0x22, 0x33, 0x33, 0x33, 0x33, 0x66, 0x66, 0x66, 0x69
    dc.b    0x33, 0x00, 0x11, 0x11, 0x22, 0x69, 0x55, 0x55, 0xf0, 0x00, 0x59, 0x63, 0x55, 0x55, 0x55, 0x62
    dc.b    0x55, 0x25, 0x55, 0x56, 0x55, 0x99, 0x55, 0x56, 0x55, 0x33, 0x55, 0x55, 0x59, 0x22, 0x95, 0x55
    dc.b    0x56, 0x11, 0x65, 0x55, 0x53, 0x11, 0x25, 0x55, 0xa1, 0x01, 0x53, 0x11, 0x15, 0x55, 0x56, 0x33
    dc.b    0x69, 0x55, 0x99, 0x99, 0x99, 0x55, 0x99, 0x63, 0x11, 0x55, 0x99, 0x62, 0x14, 0x55, 0x01, 0x05
    dc.b    0xe0, 0x01, 0x99, 0x63, 0x11, 0x54, 0x99, 0x63, 0x11, 0x44, 0x99, 0x66, 0x31, 0x44, 0x99, 0x96
    dc.b    0x31, 0x44, 0x00, 0x96, 0x63, 0x14, 0x00, 0x09, 0x63, 0x14, 0x00, 0x00, 0x96, 0x31, 0xf7, 0x61
    dc.b    0x11, 0x01, 0x09, 0x63, 0xf0, 0x00, 0x63, 0x11, 0x44, 0x44, 0x96, 0x31, 0x14, 0x44, 0x09, 0x33
    dc.b    0x11, 0x44, 0x00, 0x61, 0x31, 0x14, 0x00, 0x93, 0x13, 0x14, 0x00, 0x09, 0x31, 0x31, 0x00, 0x00
    dc.b    0x93, 0x12, 0x00, 0x00, 0x30, 0x03, 0x96, 0x14, 0x00, 0x00, 0x09, 0x61, 0x7e, 0x29, 0x00, 0x27
    dc.b    0x00, 0x00, 0x71, 0x01, 0x41, 0x21, 0x41, 0x26, 0x41, 0x11, 0x41, 0x26, 0x44, 0x14, 0x41, 0x26
    dc.b    0x44, 0x44, 0x11, 0x01, 0x41, 0x23, 0xf0, 0x00, 0x14, 0x44, 0x41, 0x23, 0x31, 0x11, 0x11, 0x23
    dc.b    0x11, 0x11, 0x11, 0x22, 0x32, 0x22, 0x11, 0x13, 0x63, 0x32, 0x22, 0x21, 0x96, 0x32, 0x11, 0x11
    dc.b    0x09, 0x66, 0x21, 0x14, 0x00, 0x93, 0x70, 0x01, 0x63, 0x14, 0x00, 0x96, 0x33, 0x31, 0x00, 0x09
    dc.b    0x33, 0x33, 0x00, 0x00, 0x93, 0x33, 0xf8, 0x5b, 0x10, 0x18, 0x00, 0x93, 0x7f, 0xaf, 0x12, 0x01
    dc.b    0x36, 0x90, 0xf0, 0x00, 0x36, 0x99, 0x00, 0x00, 0x36, 0x96, 0x90, 0x00, 0x36, 0x66, 0x69, 0x00
    dc.b    0x36, 0x63, 0x66, 0x90, 0x33, 0x62, 0x36, 0x90, 0x33, 0x32, 0x33, 0x69, 0x33, 0x22, 0x23, 0x36
    dc.b    0x22, 0x22, 0x20, 0x01, 0x22, 0x33, 0x11, 0x22, 0x7e, 0xe7, 0x40, 0x01, 0x44, 0x11, 0x22, 0x22
    dc.b    0x44, 0x44, 0x11, 0x22, 0xf7, 0x2c, 0x20, 0x01, 0x41, 0x12, 0x21, 0x44, 0xfb, 0x5f, 0xf0, 0x00
    dc.b    0x32, 0x22, 0x44, 0x18, 0x33, 0x22, 0x21, 0x88, 0x00, 0x88, 0x88, 0x88, 0x00, 0x88, 0x88, 0x8b
    dc.b    0x00, 0x08, 0x88, 0xbb, 0x00, 0x08, 0x8b, 0xaa, 0x00, 0x08, 0xba, 0x77, 0x00, 0x0b, 0xd0, 0x10
    dc.b    0xac, 0xcc, 0x00, 0x0a, 0xcc, 0xcc, 0x00, 0x87, 0xcc, 0xcc, 0x00, 0xa7, 0xcc, 0xc7, 0x00, 0xa7
    dc.b    0x88, 0x8b, 0x00, 0x8a, 0x7b, 0xda, 0x00, 0x08, 0x88, 0xd8, 0x7f, 0xaf, 0x10, 0x01, 0x60, 0x00
    dc.b    0xfa, 0xed, 0x10, 0x02, 0x36, 0x00, 0xfa, 0xe3, 0x20, 0x01, 0x00, 0x00, 0x22, 0x20, 0xfa, 0x36
    dc.b    0x10, 0x01, 0x20, 0x00, 0xf7, 0x2a, 0xf0, 0x00, 0x88, 0x80, 0x00, 0x00, 0x88, 0xb8, 0x00, 0x00
    dc.b    0xbb, 0x88, 0x00, 0x00, 0xbb, 0xb8, 0x80, 0x00, 0xbb, 0xbb, 0x80, 0x00, 0xaa, 0xab, 0x80, 0x00
    dc.b    0x77, 0x7a, 0xb8, 0x00, 0xcc, 0x77, 0xf0, 0x00, 0xb8, 0x00, 0xcc, 0xc7, 0xa8, 0x00, 0xcc, 0xcc
    dc.b    0x7b, 0x80, 0x77, 0xaa, 0xaa, 0x80, 0xbd, 0xbb, 0xd8, 0x80, 0xad, 0xaa, 0xda, 0x80, 0xd8, 0x8d
    dc.b    0x88, 0xd0, 0x22, 0x62, 0x11, 0xd9, 0xf0, 0x00, 0x26, 0x62, 0x16, 0x93, 0x39, 0x33, 0x29, 0x62
    dc.b    0x69, 0x33, 0x95, 0x0d, 0x93, 0x69, 0x59, 0x0d, 0x55, 0x55, 0x93, 0x9d, 0x55, 0x99, 0x92, 0x29
    dc.b    0x96, 0x39, 0x61, 0x23, 0x22, 0x66, 0xf0, 0x00, 0x24, 0x13, 0x23, 0x62, 0x44, 0x12, 0x32, 0x24
    dc.b    0x44, 0x12, 0x21, 0x14, 0x41, 0x12, 0x24, 0x44, 0x11, 0x12, 0x64, 0x11, 0x11, 0x39, 0x94, 0x11
    dc.b    0x39, 0x99, 0x56, 0x99, 0x96, 0x66, 0x31, 0x01, 0x59, 0x92, 0x22, 0x36, 0x55, 0x21, 0x22, 0x01
    dc.b    0x12, 0x33, 0x55, 0x41, 0x30, 0x02, 0x55, 0x44, 0x11, 0x32, 0x54, 0x44, 0xf6, 0xad, 0x03, 0x01
    dc.b    0x15, 0x01, 0x41, 0x12, 0x21, 0x01, 0x14, 0x44, 0x44, 0x12, 0xf0, 0x00, 0x31, 0xd8, 0x8d, 0xd8
    dc.b    0x2d, 0xdd, 0xdd, 0x8a, 0xdd, 0xbc, 0xcc, 0xcd, 0x7d, 0xdd, 0xd8, 0xc7, 0x7d, 0xb7, 0xcc, 0xaa
    dc.b    0xad, 0xdd, 0xdd, 0x7a, 0xdd, 0xba, 0xcc, 0x7b, 0x9d, 0xdd, 0x73, 0x01, 0xd8, 0xa8, 0x90, 0xba
    dc.b    0xaa, 0x85, 0x99, 0xdd, 0xdd, 0x55, 0x99, 0x00, 0x00, 0x00, 0x12, 0x01, 0x99, 0x90, 0x30, 0x01
    dc.b    0x99, 0x99, 0x00, 0x00, 0x96, 0x99, 0xf7, 0x35, 0x01, 0x01, 0x71, 0x01, 0x66, 0x69, 0x90, 0x00
    dc.b    0x63, 0x36, 0x90, 0x00, 0x33, 0x36, 0x90, 0x00, 0x33, 0x23, 0x11, 0x01, 0x69, 0x00, 0x21, 0x01
    dc.b    0x23, 0x23, 0x39, 0x90, 0x31, 0x01, 0x23, 0x13, 0x39, 0x90, 0x22, 0x12, 0x51, 0x9b, 0x39, 0x69
    dc.b    0x22, 0x11, 0x39, 0x39, 0x21, 0x11, 0x36, 0x36, 0xf0, 0x00, 0x7c, 0xc7, 0xa0, 0x00, 0xda, 0xcc
    dc.b    0xca, 0x00, 0xdd, 0x7a, 0xab, 0x00, 0x5d, 0x8a, 0x7a, 0xa0, 0x5d, 0x5a, 0x7b, 0xb0, 0x5d, 0x5b
    dc.b    0xbb, 0x80, 0x55, 0xbb, 0xb8, 0x00, 0x58, 0x88, 0x10, 0x28, 0x80, 0x00, 0x7e, 0x85, 0x01, 0x00
    dc.b    0xe1, 0x01, 0x90, 0x00, 0x00, 0x00, 0x00, 0x14, 0x44, 0x41, 0x00, 0x44, 0x41, 0x11, 0x00, 0x11
    dc.b    0x11, 0x12, 0x00, 0x21, 0x12, 0x32, 0x00, 0x31, 0x12, 0x32, 0x00, 0x01, 0x12, 0x23, 0x20, 0x01
    dc.b    0x00, 0x02, 0x11, 0x22, 0xf6, 0x9d, 0x30, 0x01, 0x21, 0x12, 0x00, 0x00, 0x22, 0x11, 0xf6, 0x9d
    dc.b    0x10, 0x01, 0x02, 0x11, 0xfc, 0x6c, 0x30, 0x01, 0x03, 0x21, 0x00, 0x00, 0x00, 0x22, 0xf6, 0x9b
    dc.b    0x12, 0x01, 0x00, 0x03, 0x0f, 0x00, 0x32, 0x03, 0x00, 0x08, 0x00, 0x00, 0x00, 0x0b, 0x02, 0x00
    dc.b    0xf0, 0x00, 0x12, 0x22, 0x23, 0x33, 0x12, 0x22, 0x22, 0x33, 0x11, 0x12, 0x22, 0x23, 0x22, 0x31
    dc.b    0x11, 0x22, 0x23, 0x33, 0x33, 0x33, 0x22, 0x23, 0x66, 0x69, 0x32, 0x22, 0x33, 0x33, 0x33, 0x22
    dc.b    0xf0, 0x00, 0x23, 0x32, 0x33, 0x32, 0x22, 0x33, 0x23, 0x33, 0x22, 0x23, 0x22, 0x33, 0x32, 0x23
    dc.b    0x22, 0x33, 0x33, 0x22, 0x12, 0x23, 0x33, 0x22, 0x11, 0x22, 0x33, 0x33, 0x11, 0x12, 0x22, 0x33
    dc.b    0x30, 0x01, 0x11, 0x11, 0x22, 0x22, 0x11, 0x11, 0xf6, 0x9b, 0x00, 0x02, 0xfc, 0x5d, 0x11, 0x57
    dc.b    0x32, 0x21, 0xf0, 0x00, 0x08, 0x88, 0x00, 0x00, 0x88, 0xba, 0x00, 0x08, 0x8b, 0xa7, 0x00, 0x08
    dc.b    0xa7, 0x7c, 0x00, 0x8b, 0x77, 0x77, 0x88, 0xa7, 0x77, 0x77, 0xbb, 0xab, 0xbb, 0xb8, 0x7d, 0x7d
    dc.b    0xac, 0xd8, 0x23, 0x3f, 0xbd, 0xbd, 0xb7, 0xd8, 0x21, 0xdb, 0x36, 0x66, 0x90, 0x00, 0x52, 0xeb
    dc.b    0x69, 0x99, 0x00, 0x00, 0x22, 0x39, 0x00, 0x00, 0x23, 0x69, 0x90, 0x01, 0x36, 0x69, 0x00, 0x00
    dc.b    0x23, 0x36, 0x90, 0x00, 0x22, 0x23, 0x90, 0x00, 0x32, 0x23, 0x90, 0x00, 0x36, 0x33, 0xf8, 0xa3
    dc.b    0x50, 0x01, 0x23, 0x36, 0x66, 0x90, 0x22, 0x23, 0x66, 0x90, 0x33, 0x33, 0x7d, 0x57, 0xf0, 0x00
    dc.b    0x22, 0x22, 0x33, 0x60, 0x12, 0x22, 0x22, 0x00, 0x11, 0x11, 0x80, 0x00, 0x12, 0x28, 0xb8, 0x00
    dc.b    0x28, 0xba, 0x7b, 0x00, 0x8b, 0x77, 0x7a, 0x00, 0xac, 0x77, 0xa8, 0x00, 0xcc, 0xc7, 0xcc, 0x90
    dc.b    0x8d, 0x00, 0xcc, 0xc7, 0x80, 0x00, 0x77, 0x77, 0xb0, 0x00, 0xaa, 0x77, 0xb0, 0x00, 0x8a, 0xc7
    dc.b    0x80, 0x00, 0x7c, 0xc8, 0x00, 0x00, 0xbb, 0x80, 0x13, 0x00, 0xee, 0xee, 0x80, 0x03, 0xee, 0xfe
    dc.b    0xee, 0xef, 0xfe, 0xff, 0xef, 0xff, 0xee, 0xcf, 0xee, 0xef, 0xfc, 0xcf, 0xff, 0xfc, 0xf8, 0xac
    dc.b    0xf0, 0x00, 0xfc, 0xfa, 0xac, 0xc5, 0xff, 0xaa, 0x77, 0xab, 0xff, 0xa7, 0x77, 0xab, 0xfb, 0xa7
    dc.b    0x7c, 0x7b, 0xfb, 0xa7, 0xa8, 0xdd, 0x55, 0xdd, 0xd7, 0x7d, 0x88, 0x5c, 0xc5, 0xd1, 0x8d, 0x5c
    dc.b    0xf0, 0x00, 0xac, 0x54, 0xdd, 0x77, 0xd7, 0x54, 0x55, 0xa7, 0x7d, 0x52, 0xba, 0xdd, 0xa5, 0xd2
    dc.b    0xbd, 0x8a, 0x5b, 0xd9, 0x5d, 0xd5, 0xa7, 0x89, 0x44, 0x47, 0x77, 0x89, 0x14, 0x4a, 0x7b, 0x86
    dc.b    0x89, 0x41, 0x14, 0x4b, 0xb8, 0xd6, 0x24, 0x48, 0xdd, 0x91, 0x24, 0x4b, 0x8d, 0x94, 0x24, 0x18
    dc.b    0xd9, 0x21, 0x00, 0x01, 0xfc, 0x45, 0x00, 0x01, 0xf8, 0xaa, 0x00, 0x04, 0xfc, 0x46, 0xf0, 0x00
    dc.b    0xe7, 0xcb, 0xef, 0xce, 0x8e, 0xe8, 0xef, 0xf0, 0x5d, 0x8e, 0xfe, 0xe0, 0x8a, 0xee, 0xe0, 0x00
    dc.b    0x87, 0xe0, 0x00, 0x00, 0xdd, 0xe0, 0x00, 0x00, 0xee, 0x20, 0x00, 0x00, 0x24, 0x27, 0x51, 0x01
    dc.b    0x00, 0x00, 0x24, 0x2c, 0x70, 0x00, 0x24, 0x4c, 0xc7, 0x00, 0xf0, 0x00, 0x14, 0x47, 0x7a, 0x00
    dc.b    0x14, 0x17, 0xab, 0x00, 0x44, 0x1b, 0x88, 0x00, 0x44, 0x28, 0x88, 0x00, 0x41, 0x6b, 0x7b, 0x00
    dc.b    0x46, 0x8a, 0xc7, 0xb0, 0x48, 0xac, 0xcc, 0x70, 0x4b, 0xac, 0x50, 0x00, 0xcc, 0x7b, 0x2b, 0xa7
    dc.b    0x77, 0xab, 0xdb, 0xbb, 0xaa, 0xbb, 0x00, 0x00, 0x00, 0x00
spr_ken_100_animation0_frame2_tileset_data_size = .-spr_ken_100_animation0_frame2_tileset_data

    .align  2
spr_ken_100_animation0_frame3_tileset_data:
    dc.b    0x00, 0x0d, 0xf4, 0xd5, 0xf0, 0x00, 0x00, 0x21, 0x00, 0x00, 0x01, 0x12, 0x00, 0x00, 0x11, 0x8b
    dc.b    0x00, 0x02, 0x18, 0xbb, 0x00, 0x01, 0x8b, 0xab, 0x00, 0x33, 0x8b, 0x7b, 0x00, 0x39, 0x8b, 0xa7
    dc.b    0x00, 0x3d, 0x8b, 0xba, 0x71, 0x01, 0x00, 0x6d, 0x88, 0xba, 0x00, 0x3d, 0x88, 0xb7, 0x00, 0x3d
    dc.b    0x8b, 0xa7, 0x00, 0x2d, 0xf0, 0x00, 0x8b, 0xaa, 0x00, 0x3d, 0xd8, 0xba, 0x00, 0x36, 0xdd, 0x8b
    dc.b    0x00, 0x93, 0x6d, 0x88, 0x00, 0x96, 0x2d, 0xd8, 0x00, 0x09, 0x32, 0xd8, 0x00, 0x09, 0x62, 0xdd
    dc.b    0x00, 0x09, 0x63, 0x2d, 0x20, 0x01, 0x00, 0x00, 0x96, 0x2d, 0xf5, 0x06, 0x30, 0x01, 0x09, 0x63
    dc.b    0x00, 0x00, 0x09, 0x66, 0xf4, 0xcf, 0x0a, 0x00, 0xf0, 0x00, 0x22, 0x14, 0x41, 0x23, 0x14, 0x44
    dc.b    0x44, 0x44, 0x88, 0x88, 0x88, 0x24, 0xb7, 0xcc, 0x7b, 0x82, 0x7c, 0xcc, 0xcc, 0xb8, 0x77, 0xcc
    dc.b    0xc7, 0xab, 0xa7, 0x77, 0xaa, 0xb8, 0xaa, 0xcc, 0xf0, 0x00, 0xcc, 0x78, 0x7c, 0xcc, 0xcc, 0xc7
    dc.b    0xcc, 0xcc, 0x77, 0x7a, 0x77, 0x77, 0x77, 0xaa, 0x77, 0xaa, 0x88, 0x8d, 0x7a, 0xbb, 0xcc, 0xcc
    dc.b    0x7a, 0x7c, 0xcc, 0xcc, 0xaa, 0x7c, 0xcc, 0xcc, 0x20, 0x01, 0xaa, 0x77, 0x77, 0x77, 0xf6, 0x35
    dc.b    0xc0, 0x01, 0xaa, 0xaa, 0x88, 0xbb, 0xbb, 0xbb, 0xbb, 0xaa, 0xab, 0xbb, 0x77, 0xab, 0xbb, 0xbb
    dc.b    0xdd, 0x88, 0x88, 0x88, 0x22, 0x22, 0x21, 0x11, 0x22, 0x21, 0xf5, 0x7f, 0x2b, 0x3f, 0x63, 0x22
    dc.b    0x11, 0x11, 0xf0, 0x00, 0x20, 0x00, 0x00, 0x00, 0x12, 0x22, 0x00, 0xee, 0x44, 0x12, 0x3e, 0xee
    dc.b    0x44, 0x41, 0x33, 0x4e, 0x24, 0x41, 0x33, 0xee, 0x64, 0x42, 0x23, 0x31, 0x91, 0x42, 0x21, 0x3e
    dc.b    0xd3, 0x42, 0xf0, 0x00, 0x14, 0x23, 0x8d, 0x12, 0x44, 0x43, 0xbd, 0x31, 0x44, 0x42, 0xbd, 0x61
    dc.b    0x44, 0x44, 0xdd, 0x61, 0x44, 0x41, 0xcc, 0x77, 0xbd, 0x55, 0xcc, 0xcc, 0x7b, 0x58, 0xcc, 0xcc
    dc.b    0xc7, 0xd5, 0xe1, 0x00, 0x77, 0x77, 0x7a, 0x85, 0x77, 0x7a, 0xbb, 0xbd, 0xaa, 0xbb, 0xbb, 0x8d
    dc.b    0xbb, 0xbb, 0x88, 0x8d, 0xbb, 0xb8, 0x82, 0x21, 0x88, 0x82, 0x11, 0x44, 0x21, 0x14, 0x44, 0x44
    dc.b    0x01, 0x6b, 0x12, 0x00, 0x11, 0x11, 0x04, 0x38, 0x00, 0x01, 0xf6, 0x44, 0xf0, 0x00, 0x00, 0xee
    dc.b    0xee, 0xee, 0x0e, 0xee, 0xee, 0xef, 0xee, 0xee, 0xff, 0xff, 0xee, 0xee, 0xee, 0xef, 0xee, 0xfe
    dc.b    0xef, 0xff, 0xff, 0xee, 0xee, 0xee, 0x1e, 0xef, 0xfe, 0xec, 0x1e, 0xfe, 0xf0, 0x00, 0xfe, 0xfc
    dc.b    0xef, 0xee, 0xff, 0xcf, 0xee, 0x1e, 0xff, 0xff, 0x31, 0x1e, 0xef, 0xfb, 0x32, 0x1e, 0xee, 0xfb
    dc.b    0x23, 0x24, 0x85, 0x55, 0x36, 0x55, 0xdd, 0x88, 0x55, 0x58, 0x88, 0x8d, 0xf0, 0x00, 0x88, 0x55
    dc.b    0xdd, 0xdd, 0xdd, 0xd5, 0x55, 0x55, 0xdd, 0xdd, 0x55, 0xba, 0x55, 0x55, 0x5b, 0xbd, 0x55, 0x55
    dc.b    0x55, 0x5d, 0x21, 0x13, 0x62, 0x44, 0x14, 0x41, 0x63, 0x44, 0x44, 0x44, 0xbe, 0xff, 0x16, 0x14
    dc.b    0x44, 0x41, 0x16, 0x34, 0x44, 0x41, 0x13, 0x61, 0x44, 0x11, 0x23, 0x62, 0x11, 0x12, 0x26, 0x92
    dc.b    0x11, 0x22, 0x26, 0x92, 0x00, 0x1c, 0x00, 0x00, 0x12, 0x01, 0x00, 0x02, 0x52, 0x01, 0x00, 0x01
    dc.b    0x00, 0x00, 0x00, 0x24, 0x00, 0x00, 0x00, 0x14, 0x16, 0x01, 0x02, 0x14, 0x70, 0x01, 0x99, 0x66
    dc.b    0x00, 0x00, 0x00, 0x99, 0x00, 0x00, 0x00, 0x55, 0x00, 0x00, 0x00, 0x05, 0xf5, 0x65, 0xf0, 0x00
    dc.b    0x02, 0x42, 0x00, 0x00, 0x11, 0x41, 0x00, 0x00, 0x19, 0x41, 0x00, 0x01, 0x19, 0x44, 0x00, 0x01
    dc.b    0x99, 0x44, 0x00, 0x12, 0x99, 0x14, 0x00, 0x19, 0x39, 0x14, 0x02, 0x29, 0x29, 0x14, 0x92, 0x01
    dc.b    0x00, 0x91, 0x19, 0x11, 0x00, 0x34, 0x42, 0x31, 0x00, 0x14, 0x41, 0x29, 0x02, 0x14, 0x44, 0x11
    dc.b    0x01, 0x44, 0x12, 0x01, 0x24, 0x44, 0x31, 0x01, 0x14, 0x44, 0x44, 0x11, 0x44, 0x44, 0x34, 0x01
    dc.b    0x41, 0x11, 0x44, 0x44, 0x41, 0x12, 0x13, 0x01, 0x11, 0x22, 0x12, 0x01, 0x44, 0x41, 0x30, 0x02
    dc.b    0x63, 0x22, 0x11, 0x11, 0x66, 0x63, 0xfc, 0x44, 0xf0, 0x00, 0x93, 0x32, 0x19, 0x55, 0x55, 0x55
    dc.b    0x31, 0x19, 0x55, 0x55, 0x23, 0x31, 0x11, 0x95, 0x22, 0x33, 0x32, 0x11, 0x12, 0x22, 0x33, 0x33
    dc.b    0x41, 0x12, 0x23, 0x69, 0x44, 0x11, 0x12, 0x35, 0xf0, 0x00, 0x44, 0x44, 0x11, 0x65, 0x44, 0x44
    dc.b    0x44, 0x55, 0x44, 0x44, 0x41, 0x55, 0x11, 0x11, 0x11, 0x55, 0x66, 0x33, 0x33, 0x55, 0x69, 0x99
    dc.b    0x99, 0x55, 0x13, 0x69, 0x99, 0x55, 0x12, 0x23, 0x30, 0x02, 0x69, 0x55, 0x12, 0x22, 0x36, 0x95
    dc.b    0xf8, 0x8e, 0x04, 0x01, 0x00, 0x02, 0xf6, 0x42, 0xd0, 0x01, 0x33, 0x66, 0x23, 0x33, 0x36, 0x69
    dc.b    0x33, 0x66, 0x66, 0x69, 0x22, 0x33, 0x66, 0x99, 0x33, 0x36, 0x69, 0x90, 0x33, 0x66, 0x69, 0x90
    dc.b    0x11, 0x11, 0x11, 0x22, 0xfc, 0x4d, 0x43, 0x00, 0x66, 0x66, 0x11, 0x11, 0x12, 0x26, 0x55, 0x55
    dc.b    0xf0, 0x00, 0x55, 0x96, 0x95, 0x55, 0x55, 0x56, 0x55, 0x52, 0x95, 0x55, 0x55, 0x59, 0x95, 0x55
    dc.b    0x55, 0x53, 0x39, 0x55, 0x55, 0x92, 0x42, 0x55, 0x55, 0x61, 0x41, 0x95, 0x55, 0x61, 0x44, 0x25
    dc.b    0xb2, 0x01, 0x55, 0x64, 0x11, 0x19, 0x55, 0x63, 0x69, 0x99, 0x55, 0x99, 0x96, 0x22, 0x55, 0x62
    dc.b    0x24, 0x44, 0x55, 0x62, 0x21, 0x44, 0x55, 0x93, 0xf0, 0x00, 0x95, 0x93, 0x21, 0x44, 0x69, 0x96
    dc.b    0x31, 0x44, 0x69, 0x96, 0x32, 0x14, 0x69, 0x99, 0x63, 0x14, 0x90, 0x09, 0x63, 0x21, 0x90, 0x09
    dc.b    0x66, 0x22, 0x00, 0x09, 0x96, 0x32, 0x00, 0x00, 0x10, 0x03, 0x96, 0x62, 0x7e, 0x43, 0xf0, 0x02
    dc.b    0x00, 0x96, 0x96, 0x33, 0x24, 0x44, 0x96, 0x33, 0x21, 0x44, 0x09, 0x31, 0x22, 0x24, 0x09, 0x63
    dc.b    0x11, 0x44, 0x00, 0x96, 0x31, 0x14, 0x00, 0x09, 0x92, 0x11, 0x00, 0x00, 0x96, 0x21, 0xfa, 0xcc
    dc.b    0x00, 0x01, 0xf3, 0x6d, 0x01, 0x01, 0x00, 0x27, 0x00, 0x00, 0x61, 0x01, 0x41, 0x44, 0x12, 0x36
    dc.b    0x44, 0x44, 0x13, 0x36, 0x44, 0x41, 0x23, 0x63, 0xf0, 0x00, 0x44, 0x11, 0x23, 0x33, 0x11, 0x11
    dc.b    0x22, 0x33, 0x11, 0x11, 0x22, 0x22, 0x22, 0x11, 0x11, 0x22, 0x32, 0x22, 0x21, 0x11, 0x62, 0x11
    dc.b    0x11, 0x14, 0x92, 0x11, 0x14, 0x44, 0x96, 0x21, 0xf0, 0x18, 0x14, 0x44, 0x96, 0x62, 0x11, 0x44
    dc.b    0x06, 0x66, 0x11, 0x14, 0x06, 0x36, 0x61, 0x11, 0x00, 0x63, 0x63, 0x11, 0x00, 0x06, 0x32, 0x31
    dc.b    0x00, 0x00, 0x06, 0x32, 0x00, 0x00, 0x00, 0x63, 0x7f, 0xc1, 0xf0, 0x00, 0x33, 0x99, 0x00, 0x00
    dc.b    0x36, 0x69, 0x00, 0x00, 0x36, 0x39, 0x00, 0x00, 0x66, 0x36, 0x90, 0x00, 0x66, 0x33, 0x60, 0x00
    dc.b    0x63, 0x33, 0x36, 0x00, 0x33, 0x33, 0x36, 0x00, 0x22, 0x23, 0x90, 0x02, 0x33, 0x90, 0x12, 0x22
    dc.b    0x33, 0x69, 0x11, 0x22, 0x23, 0x36, 0x41, 0x12, 0x22, 0x36, 0x44, 0x11, 0x22, 0x23, 0xf7, 0x31
    dc.b    0x01, 0x01, 0x60, 0x01, 0x14, 0x44, 0x41, 0x23, 0x11, 0x44, 0x41, 0x28, 0x21, 0x14, 0x12, 0x8b
    dc.b    0xf7, 0x34, 0x10, 0x04, 0x88, 0xb8, 0xf7, 0x35, 0x41, 0x01, 0x00, 0x8a, 0xac, 0xc7, 0x00, 0xba
    dc.b    0xcc, 0xcc, 0x41, 0x01, 0x08, 0xa7, 0xcc, 0xcc, 0x0b, 0xa7, 0x77, 0x77, 0x60, 0x10, 0x0b, 0x78
    dc.b    0x8d, 0xbb, 0x0b, 0xa7, 0x7d, 0x7a, 0x00, 0x8b, 0x8d, 0x88, 0x7f, 0xaf, 0x12, 0x01, 0x90, 0x00
    dc.b    0x32, 0x01, 0x69, 0x00, 0x00, 0x00, 0x36, 0x00, 0x14, 0x0f, 0x30, 0x00, 0x00, 0x06, 0xf3, 0x7b
    dc.b    0x01, 0x03, 0x00, 0x02, 0xf3, 0x80, 0xf0, 0x00, 0x77, 0xab, 0x80, 0x00, 0xc7, 0x7b, 0x80, 0x00
    dc.b    0xcc, 0x7a, 0xb8, 0x00, 0x77, 0x7a, 0xb8, 0x00, 0x77, 0xab, 0xb8, 0x00, 0xdb, 0xda, 0x88, 0x00
    dc.b    0xda, 0xdb, 0x80, 0x00, 0xdd, 0xd0, 0xf0, 0x00, 0x00, 0x00, 0x22, 0x26, 0x92, 0x29, 0x23, 0x69
    dc.b    0x33, 0x96, 0x36, 0x93, 0x39, 0x50, 0x69, 0x99, 0x55, 0x90, 0x95, 0x55, 0x59, 0x30, 0x55, 0x59
    dc.b    0x99, 0x19, 0x59, 0x63, 0x96, 0x43, 0xf0, 0x00, 0x32, 0x26, 0x62, 0x41, 0x23, 0x36, 0x24, 0x41
    dc.b    0x63, 0x32, 0x44, 0x41, 0x52, 0x11, 0x44, 0x11, 0x56, 0x44, 0x41, 0x11, 0x55, 0x21, 0x11, 0x13
    dc.b    0x55, 0x51, 0x13, 0x99, 0x55, 0x59, 0xa1, 0x01, 0x99, 0x66, 0x55, 0x55, 0x22, 0x23, 0x55, 0x55
    dc.b    0x62, 0x23, 0x95, 0x55, 0x51, 0x23, 0x25, 0x55, 0x51, 0x23, 0x45, 0x55, 0x43, 0x01, 0x51, 0x13
    dc.b    0x45, 0x59, 0x11, 0x12, 0x44, 0x44, 0x12, 0x01, 0x41, 0x11, 0x00, 0x01, 0x7e, 0x37, 0xf0, 0x00
    dc.b    0x14, 0x44, 0x44, 0x41, 0x24, 0x44, 0x44, 0x41, 0x21, 0x44, 0x44, 0x41, 0x62, 0x14, 0x44, 0x41
    dc.b    0x6d, 0xdb, 0xcc, 0xcc, 0xd7, 0xdd, 0xdd, 0x8c, 0xd7, 0xdb, 0x7c, 0xca, 0xda, 0xdd, 0xc4, 0x01
    dc.b    0xdd, 0xd7, 0x0d, 0xdb, 0xaa, 0x77, 0x00, 0xdd, 0xdd, 0x8a, 0x90, 0x0b, 0xaa, 0xa8, 0x90, 0x0d
    dc.b    0xdd, 0xd5, 0x39, 0x00, 0x00, 0x00, 0x29, 0x00, 0x50, 0x01, 0x99, 0x00, 0x00, 0x00, 0x99, 0x90
    dc.b    0x00, 0x00, 0x69, 0x90, 0xf7, 0x6d, 0x01, 0x01, 0x11, 0xe1, 0x39, 0x69, 0x72, 0x01, 0x90, 0x00
    dc.b    0x26, 0x39, 0x90, 0x00, 0x23, 0x36, 0x90, 0x00, 0x23, 0x23, 0x99, 0x00, 0x31, 0x01, 0x69, 0x00
    dc.b    0x23, 0x23, 0x69, 0x90, 0x41, 0x01, 0x13, 0x23, 0x69, 0x99, 0x11, 0x13, 0x39, 0x69, 0x41, 0x01
    dc.b    0x14, 0x12, 0x39, 0x66, 0x14, 0x12, 0x36, 0x63, 0xf1, 0xa6, 0x8d, 0xcc, 0x7a, 0x00, 0x7d, 0xdc
    dc.b    0xcc, 0xa0, 0xa5, 0xdd, 0xaa, 0xb0, 0xa5, 0xd5, 0xa7, 0xaa, 0xb5, 0xd5, 0xa7, 0xbb, 0x85, 0x55
    dc.b    0xbb, 0xb8, 0x55, 0xd8, 0xbb, 0x80, 0x5d, 0xd8, 0x00, 0x27, 0x00, 0x00, 0x03, 0xe7, 0x01, 0x01
    dc.b    0x00, 0x01, 0xfa, 0x73, 0x34, 0x01, 0x11, 0x14, 0x00, 0x00, 0x11, 0x11, 0x52, 0x01, 0x31, 0x12
    dc.b    0x00, 0x00, 0x31, 0x11, 0x00, 0x00, 0x01, 0x11, 0x12, 0x01, 0x03, 0x11, 0x10, 0x01, 0x00, 0x11
    dc.b    0xf3, 0x03, 0x01, 0x01, 0x00, 0x01, 0xf3, 0x05, 0x02, 0x01, 0x00, 0x1b, 0x00, 0x00, 0xf0, 0x00
    dc.b    0x44, 0x11, 0x12, 0x23, 0x41, 0x11, 0x22, 0x33, 0x11, 0x11, 0x11, 0x11, 0x12, 0x22, 0x22, 0x22
    dc.b    0x11, 0x22, 0x23, 0x33, 0x21, 0x12, 0x32, 0x22, 0x22, 0x11, 0x23, 0x22, 0x22, 0x21, 0xb0, 0x01
    dc.b    0x13, 0x33, 0x12, 0x22, 0x12, 0x33, 0x11, 0x23, 0x21, 0x23, 0x11, 0x12, 0x32, 0x22, 0x11, 0x11
    dc.b    0x23, 0x32, 0x11, 0x11, 0x12, 0x33, 0xf3, 0x4d, 0x10, 0x02, 0x11, 0x12, 0x7c, 0x9f, 0xf0, 0x00
    dc.b    0x21, 0x11, 0x11, 0x11, 0x31, 0x11, 0x11, 0x11, 0x01, 0x11, 0x11, 0x12, 0x00, 0x00, 0x00, 0x88
    dc.b    0x00, 0x00, 0x08, 0x8b, 0x00, 0x00, 0x08, 0xb7, 0x00, 0x00, 0x8b, 0xa7, 0x00, 0x00, 0xd1, 0x3f
    dc.b    0x8a, 0x77, 0x00, 0x08, 0xba, 0x77, 0x00, 0x08, 0xa7, 0x77, 0x00, 0x8b, 0xaa, 0xaa, 0x00, 0xba
    dc.b    0xbb, 0xbb, 0x0b, 0xcd, 0xcd, 0xca, 0x08, 0xbd, 0xad, 0x7b, 0xf0, 0x00, 0x36, 0x66, 0x99, 0x00
    dc.b    0x36, 0x69, 0x99, 0x00, 0x12, 0x23, 0x69, 0x00, 0x23, 0x36, 0x99, 0x00, 0x66, 0x69, 0x99, 0x00
    dc.b    0x33, 0x36, 0x69, 0x00, 0x22, 0x33, 0x69, 0x00, 0x22, 0x23, 0x20, 0x01, 0x69, 0x90, 0x36, 0x66
    dc.b    0x7d, 0x6d, 0x30, 0x01, 0x23, 0x33, 0x66, 0x90, 0x22, 0x23, 0xf2, 0xff, 0xf0, 0x00, 0x33, 0x33
    dc.b    0x33, 0x69, 0x23, 0x33, 0x33, 0x69, 0x12, 0x22, 0x23, 0x30, 0x11, 0x12, 0x22, 0x30, 0x11, 0x11
    dc.b    0x28, 0x00, 0x11, 0x38, 0x8b, 0x80, 0x38, 0x8b, 0xa7, 0xb0, 0x8b, 0xba, 0x71, 0x03, 0x77, 0x80
    dc.b    0xaa, 0xc7, 0x7a, 0xd0, 0xcc, 0xcc, 0x78, 0x00, 0xcc, 0xcc, 0xa8, 0x00, 0x21, 0x01, 0x77, 0x77
    dc.b    0x7b, 0x00, 0x72, 0x7f, 0xaa, 0xa7, 0x7b, 0x00, 0x88, 0xac, 0x78, 0x00, 0xd7, 0xcc, 0x80, 0x00
    dc.b    0xdb, 0xb8, 0x12, 0x00, 0xee, 0xee, 0x90, 0x01, 0xee, 0xfe, 0xee, 0xfe, 0xef, 0xfe, 0xef, 0xff
    dc.b    0xff, 0xee, 0xff, 0xcf, 0xef, 0xff, 0xfc, 0xcf, 0xff, 0xfc, 0xf5, 0x11, 0x50, 0x05, 0xec, 0xfb
    dc.b    0xb8, 0x55, 0xfc, 0xfb, 0xac, 0xc5, 0xcf, 0xaa, 0xfc, 0x63, 0x20, 0x01, 0x55, 0x55, 0x57, 0x7d
    dc.b    0xfc, 0x68, 0xf0, 0x00, 0xcc, 0x54, 0xdd, 0x77, 0xb7, 0x54, 0x55, 0xa7, 0x78, 0x52, 0xba, 0xdd
    dc.b    0xa5, 0xd6, 0xbd, 0x8a, 0x5a, 0xd9, 0x5d, 0xd5, 0xaa, 0x89, 0x44, 0x2a, 0x7a, 0x89, 0x44, 0x4a
    dc.b    0x7b, 0x89, 0xf0, 0x00, 0x14, 0x4b, 0xb8, 0xd9, 0x34, 0x48, 0xdd, 0x93, 0x61, 0x4b, 0x8d, 0x91
    dc.b    0x62, 0x18, 0xd9, 0x31, 0x92, 0x1d, 0x93, 0x1d, 0x92, 0x29, 0x6d, 0xdb, 0x33, 0x96, 0xd7, 0xdd
    dc.b    0x39, 0x50, 0x11, 0x41, 0xd7, 0xdb, 0x00, 0x01, 0xf8, 0xa6, 0x00, 0x01, 0xf5, 0x0b, 0x00, 0x02
    dc.b    0xf8, 0xa7, 0x30, 0x02, 0x8a, 0xfc, 0xec, 0xce, 0xef, 0xcb, 0xfc, 0x5f, 0x40, 0x01, 0xff, 0xe0
    dc.b    0x8a, 0xee, 0xe0, 0x00, 0x87, 0xbb, 0xfc, 0x61, 0x30, 0x01, 0xee, 0xe0, 0x00, 0x00, 0xe4, 0x27
    dc.b    0xfc, 0x63, 0x21, 0x01, 0x24, 0x1c, 0xca, 0x00, 0x40, 0x09, 0x14, 0x17, 0x7b, 0x00, 0x14, 0x17
    dc.b    0xb8, 0x00, 0xfc, 0x64, 0x00, 0x03, 0xfc, 0x6e, 0x80, 0x00, 0xdd, 0xdd, 0x88, 0x88, 0xcc, 0xcc
    dc.b    0x8d, 0xcc, 0xdd, 0x8c, 0x7d, 0xdc, 0x7c, 0xca, 0xa5, 0xdd, 0x00, 0x00, 0x00, 0x00
spr_ken_100_animation0_frame3_tileset_data_size = .-spr_ken_100_animation0_frame3_tileset_data

    .align  2
spr_ken_101_animation0_frame0_tileset_data:
    dc.b    0x00, 0x0d, 0xf1, 0x3e, 0x0d, 0x00, 0x92, 0x01, 0x00, 0x22, 0x00, 0x00, 0x02, 0xdd, 0x00, 0x00
    dc.b    0x2d, 0x8a, 0x00, 0x00, 0x28, 0x77, 0x00, 0x02, 0x8a, 0x7a, 0x82, 0x01, 0x88, 0xbb, 0x00, 0x02
    dc.b    0x8b, 0xba, 0x00, 0x08, 0xb7, 0xaa, 0x00, 0x88, 0x7a, 0xa7, 0x00, 0x8b, 0xc0, 0x16, 0x08, 0x8b
    dc.b    0xaa, 0xbb, 0x08, 0xba, 0xa7, 0x77, 0x0b, 0xaa, 0x77, 0xcc, 0x8b, 0x7a, 0x77, 0xcc, 0xb7, 0x7a
    dc.b    0xa7, 0x7c, 0xb7, 0x7b, 0xa7, 0x7c, 0x7f, 0xc6, 0xd2, 0x01, 0x00, 0x63, 0x22, 0x11, 0x21, 0x11
    dc.b    0x14, 0x44, 0xdd, 0xdd, 0xd6, 0x34, 0x8b, 0xbb, 0xbd, 0xdd, 0x7a, 0xa7, 0xcc, 0x7b, 0xaa, 0x7c
    dc.b    0xcc, 0xcc, 0xa7, 0x7c, 0xf0, 0x00, 0xaa, 0x77, 0xcc, 0xcc, 0xbb, 0xba, 0x77, 0x77, 0x77, 0x7a
    dc.b    0xbb, 0xaa, 0xcc, 0xcc, 0x7b, 0x8b, 0x77, 0x7c, 0xc7, 0xb8, 0x77, 0x77, 0x77, 0xbd, 0xbb, 0xa7
    dc.b    0x7a, 0xd9, 0xaa, 0x8b, 0x71, 0x01, 0xab, 0xd6, 0xc7, 0xbd, 0x8d, 0x66, 0xcc, 0x78, 0xd6, 0x33
    dc.b    0xcc, 0xc7, 0x86, 0x33, 0x00, 0x11, 0x7f, 0xc6, 0xf0, 0x00, 0x00, 0x03, 0x00, 0x00, 0x00, 0x11
    dc.b    0x63, 0x32, 0x26, 0x31, 0x11, 0x11, 0x13, 0x62, 0x44, 0x44, 0x11, 0x63, 0x44, 0x44, 0x44, 0x26
    dc.b    0x34, 0x44, 0x44, 0x22, 0xd3, 0x44, 0x44, 0x42, 0xf0, 0x00, 0xad, 0x14, 0x44, 0x42, 0xcd, 0x61
    dc.b    0x44, 0x11, 0xcb, 0xd1, 0x11, 0x11, 0x7a, 0xd1, 0x11, 0x11, 0xab, 0xd1, 0x11, 0x11, 0xb8, 0xd1
    dc.b    0x11, 0x21, 0xbd, 0x61, 0x12, 0x21, 0x8d, 0x31, 0xf6, 0x33, 0x23, 0x21, 0xd3, 0x32, 0x32, 0x11
    dc.b    0x33, 0x26, 0x22, 0x44, 0x36, 0x62, 0x24, 0x44, 0x63, 0x22, 0x44, 0x44, 0x32, 0x21, 0x11, 0x11
    dc.b    0x32, 0x22, 0x11, 0x11, 0x33, 0x32, 0x22, 0x11, 0x51, 0x01, 0x00, 0xee, 0x00, 0x00, 0x0e, 0xee
    dc.b    0x00, 0x0e, 0xee, 0xee, 0x12, 0x01, 0x00, 0xee, 0xf0, 0x00, 0x16, 0xee, 0xee, 0xfe, 0x18, 0xee
    dc.b    0xee, 0xfe, 0x13, 0xbe, 0xbe, 0xfe, 0x11, 0xbe, 0xae, 0xea, 0x11, 0x1a, 0xae, 0xeb, 0x31, 0x13
    dc.b    0xae, 0xab, 0x61, 0x41, 0xba, 0xab, 0x26, 0x14, 0xf0, 0x00, 0x17, 0xaa, 0x22, 0x34, 0x42, 0xaa
    dc.b    0x21, 0x63, 0x44, 0xbb, 0x21, 0x16, 0x14, 0x47, 0x11, 0x11, 0x61, 0x44, 0x11, 0x14, 0x16, 0x14
    dc.b    0x11, 0x14, 0x16, 0x34, 0x11, 0x44, 0x12, 0x64, 0x41, 0x57, 0x14, 0x44, 0x41, 0x62, 0x44, 0x44
    dc.b    0x44, 0x63, 0x10, 0x02, 0x44, 0x44, 0xf2, 0xd6, 0x01, 0x01, 0xf0, 0x00, 0x11, 0x36, 0x11, 0x12
    dc.b    0x22, 0x39, 0x0b, 0x77, 0xba, 0x77, 0x08, 0xa7, 0xbb, 0xa7, 0x00, 0xba, 0xab, 0xaa, 0x00, 0x8b
    dc.b    0xab, 0x8a, 0x00, 0x08, 0xaa, 0x88, 0x00, 0x00, 0x8b, 0xb8, 0x60, 0x15, 0x00, 0x00, 0x08, 0x85
    dc.b    0x00, 0x00, 0x00, 0xd5, 0x00, 0x00, 0x00, 0x05, 0x7f, 0x30, 0x12, 0x01, 0x00, 0x06, 0x01, 0x99
    dc.b    0x12, 0x01, 0x00, 0x02, 0x31, 0xde, 0x00, 0x91, 0x00, 0x00, 0x00, 0x62, 0x22, 0x05, 0x00, 0x00
    dc.b    0x00, 0x92, 0x02, 0x07, 0xf0, 0x00, 0xcc, 0xcc, 0x78, 0x63, 0x7c, 0xcc, 0x7b, 0x63, 0x7c, 0xcc
    dc.b    0xcb, 0x66, 0xa7, 0x7c, 0xc7, 0x96, 0x85, 0xd8, 0x85, 0x59, 0x5d, 0xdd, 0x8d, 0x56, 0x55, 0xdd
    dc.b    0xd5, 0x59, 0x55, 0x55, 0xf0, 0x00, 0xb7, 0xcc, 0x55, 0xd5, 0x57, 0xc8, 0x55, 0xd8, 0x55, 0x7a
    dc.b    0x05, 0xdd, 0x85, 0x57, 0x0d, 0x5d, 0xd5, 0x77, 0x09, 0xb5, 0x57, 0x77, 0x02, 0xd7, 0x77, 0xbb
    dc.b    0x22, 0x9d, 0xdd, 0xdd, 0xf0, 0x00, 0x29, 0x31, 0x19, 0x64, 0x29, 0x21, 0x11, 0x99, 0x63, 0x11
    dc.b    0x44, 0x42, 0x62, 0x11, 0x44, 0x44, 0x31, 0x14, 0x41, 0x44, 0x11, 0x44, 0x11, 0x44, 0x21, 0x44
    dc.b    0x11, 0x44, 0x21, 0x42, 0xf0, 0x00, 0x24, 0x44, 0x14, 0x12, 0x44, 0x44, 0x12, 0x31, 0x44, 0x44
    dc.b    0x26, 0x11, 0x44, 0x44, 0x61, 0x14, 0x44, 0x44, 0x11, 0x44, 0x44, 0x44, 0x24, 0x44, 0x44, 0x41
    dc.b    0x24, 0x44, 0x44, 0x44, 0xf0, 0x00, 0x21, 0x44, 0x44, 0x44, 0x22, 0x24, 0x44, 0x44, 0x33, 0x33
    dc.b    0x22, 0x21, 0x33, 0x33, 0x32, 0x22, 0x33, 0x33, 0x33, 0x32, 0x62, 0x22, 0x22, 0x33, 0x96, 0x63
    dc.b    0x32, 0x22, 0x66, 0x33, 0xf0, 0x00, 0x66, 0x66, 0x99, 0x63, 0x32, 0x21, 0xc7, 0x55, 0x55, 0x55
    dc.b    0x8a, 0x75, 0x55, 0x55, 0xdd, 0xd7, 0x32, 0x23, 0xcc, 0x77, 0x33, 0x36, 0x8d, 0xdd, 0x33, 0x69
    dc.b    0x77, 0xd3, 0x13, 0x35, 0xf0, 0x00, 0x8d, 0x34, 0x41, 0x25, 0xd1, 0x44, 0x41, 0x15, 0x44, 0x11
    dc.b    0x13, 0x35, 0x99, 0x99, 0x99, 0x95, 0x23, 0x39, 0x99, 0x95, 0x44, 0x23, 0x69, 0x95, 0x44, 0x41
    dc.b    0x66, 0x95, 0x44, 0x41, 0xf0, 0x00, 0x26, 0x95, 0x44, 0x41, 0x26, 0x65, 0x44, 0x11, 0x23, 0x65
    dc.b    0x44, 0x11, 0x23, 0x66, 0x41, 0x12, 0x23, 0x36, 0x41, 0x12, 0x33, 0x66, 0x21, 0x12, 0x33, 0x69
    dc.b    0x23, 0x22, 0x33, 0x69, 0xf0, 0x00, 0x12, 0x33, 0x36, 0x99, 0x12, 0x33, 0x36, 0x90, 0x12, 0x33
    dc.b    0x69, 0x90, 0x22, 0x36, 0x99, 0x00, 0x11, 0x11, 0x22, 0x23, 0x22, 0x22, 0x22, 0x36, 0x22, 0x22
    dc.b    0x33, 0x69, 0x36, 0x66, 0x81, 0x00, 0x66, 0x69, 0x22, 0x23, 0x69, 0x91, 0x66, 0x69, 0x96, 0x33
    dc.b    0x11, 0x11, 0x23, 0x99, 0x55, 0x55, 0xfd, 0x01, 0x55, 0x99, 0x55, 0x55, 0x56, 0x21, 0x55, 0x55
    dc.b    0x55, 0x66, 0x55, 0x55, 0x55, 0x63, 0x55, 0x56, 0x55, 0x53, 0x55, 0x53, 0x55, 0x56, 0x55, 0x52
    dc.b    0x55, 0x55, 0x55, 0x59, 0x95, 0x55, 0x80, 0x01, 0x55, 0x50, 0x95, 0x55, 0x90, 0x50, 0x05, 0x55
    dc.b    0x90, 0x00, 0x09, 0x53, 0x00, 0x00, 0x00, 0x93, 0xef, 0xeb, 0x01, 0x01, 0x04, 0x00, 0xf0, 0x00
    dc.b    0x91, 0x3d, 0xd2, 0x9b, 0x91, 0x62, 0x29, 0x97, 0x31, 0x92, 0x92, 0x97, 0x11, 0x99, 0x22, 0x95
    dc.b    0x19, 0x92, 0x99, 0xb5, 0x99, 0x55, 0x0d, 0x55, 0x55, 0x59, 0x00, 0x05, 0x55, 0x31, 0xf0, 0x00
    dc.b    0x66, 0x00, 0x32, 0x11, 0x11, 0x60, 0x11, 0x22, 0x33, 0x36, 0x33, 0x31, 0x14, 0x42, 0x31, 0x14
    dc.b    0x44, 0x44, 0x11, 0x14, 0x69, 0x99, 0x26, 0x99, 0x96, 0x33, 0x99, 0x63, 0x24, 0x11, 0x32, 0x01
    dc.b    0x96, 0x31, 0x44, 0x44, 0x56, 0x21, 0x21, 0x01, 0x56, 0x31, 0x14, 0x44, 0x42, 0x01, 0x56, 0x32
    dc.b    0x11, 0x44, 0x56, 0x32, 0x11, 0x14, 0xf0, 0x00, 0x11, 0x11, 0x66, 0x22, 0x36, 0x11, 0x32, 0x36
    dc.b    0x31, 0x11, 0x33, 0x62, 0x11, 0x11, 0x36, 0x91, 0x11, 0x32, 0x69, 0x21, 0x13, 0x32, 0x99, 0x21
    dc.b    0x33, 0x21, 0x09, 0x22, 0x63, 0x14, 0xf0, 0x00, 0x09, 0x26, 0x61, 0x44, 0x77, 0xa0, 0x00, 0x00
    dc.b    0xcc, 0x70, 0x00, 0x00, 0x5d, 0xd5, 0x00, 0x00, 0xdd, 0x8d, 0x50, 0x00, 0xdd, 0xd8, 0xd5, 0x00
    dc.b    0x5d, 0xdd, 0xdb, 0xa0, 0x55, 0x58, 0xf0, 0x00, 0x77, 0xcc, 0x55, 0xdc, 0xc7, 0x7c, 0x00, 0xdc
    dc.b    0xc7, 0xdd, 0x00, 0xda, 0xad, 0xaa, 0x60, 0xda, 0xad, 0x7d, 0x16, 0x0d, 0xd8, 0xb7, 0x92, 0x60
    dc.b    0x0d, 0x88, 0x69, 0x90, 0x00, 0x00, 0xf0, 0x00, 0x36, 0x60, 0x00, 0x00, 0x12, 0x66, 0x00, 0x00
    dc.b    0x44, 0x23, 0x60, 0x00, 0x44, 0x13, 0x60, 0x00, 0x44, 0x11, 0x66, 0x00, 0x44, 0x44, 0x26, 0x60
    dc.b    0x44, 0x44, 0x12, 0x66, 0x44, 0x44, 0xa1, 0x5d, 0x41, 0x26, 0x44, 0x44, 0x44, 0x13, 0x14, 0x44
    dc.b    0x44, 0x12, 0x11, 0x11, 0x11, 0x11, 0x22, 0x11, 0x11, 0x12, 0x21, 0x11, 0x02, 0x01, 0x60, 0x0a
    dc.b    0x14, 0x11, 0x44, 0x41, 0x41, 0x22, 0x22, 0x12, 0x12, 0x22, 0x21, 0x14, 0x7e, 0x9e, 0xd0, 0x0f
    dc.b    0xa0, 0x00, 0x00, 0x00, 0xc7, 0x00, 0x00, 0x00, 0x7c, 0x70, 0x00, 0x00, 0xd7, 0x70, 0x00, 0x00
    dc.b    0x77, 0x80, 0x00, 0x00, 0x78, 0x00, 0x00, 0x00, 0x80, 0x00, 0x7e, 0x80, 0x12, 0x01, 0x60, 0x00
    dc.b    0x32, 0x01, 0x66, 0x00, 0x00, 0x00, 0x36, 0x00, 0x16, 0x01, 0x13, 0x90, 0x31, 0xc6, 0x26, 0x90
    dc.b    0x00, 0x00, 0x26, 0x99, 0x92, 0x05, 0x63, 0x22, 0x00, 0x09, 0x66, 0x32, 0x00, 0x00, 0x96, 0x63
    dc.b    0x00, 0x00, 0x99, 0x66, 0x00, 0x00, 0x99, 0x63, 0x05, 0x01, 0x10, 0x01, 0x06, 0x63, 0x7e, 0x63
    dc.b    0x14, 0x32, 0x00, 0x06, 0x12, 0x01, 0x00, 0x08, 0xf0, 0x00, 0x00, 0xbb, 0x00, 0x00, 0x0a, 0x77
    dc.b    0x00, 0x00, 0xa7, 0x77, 0x00, 0x0a, 0x77, 0xcc, 0x00, 0xba, 0x7c, 0xcc, 0x0b, 0xbb, 0xbb, 0xb8
    dc.b    0xdb, 0xad, 0xad, 0xad, 0x0d, 0xdd, 0xdd, 0xdd, 0xf0, 0x00, 0x14, 0x44, 0x12, 0x26, 0x21, 0x11
    dc.b    0x22, 0x39, 0x33, 0x22, 0x23, 0x66, 0x63, 0x33, 0x66, 0x63, 0x33, 0x22, 0x23, 0x31, 0x11, 0x11
    dc.b    0x13, 0x11, 0x24, 0x41, 0x24, 0x12, 0x24, 0x41, 0xf0, 0x00, 0x44, 0x13, 0x24, 0x44, 0x11, 0x36
    dc.b    0x21, 0x41, 0x11, 0x33, 0x31, 0x41, 0x11, 0x22, 0x32, 0x41, 0x12, 0x22, 0x62, 0x11, 0x22, 0x28
    dc.b    0x86, 0x22, 0x28, 0x88, 0x88, 0x88, 0x8b, 0xa8, 0xa1, 0x01, 0xbb, 0xbb, 0xbb, 0xab, 0xaa, 0xaa
    dc.b    0xab, 0xbb, 0x77, 0x77, 0xaa, 0xb8, 0xcc, 0xc7, 0x7b, 0x80, 0xcc, 0xc7, 0x7b, 0x00, 0xf0, 0x00
    dc.b    0x88, 0x8a, 0xab, 0x00, 0x87, 0x77, 0xb0, 0x00, 0xdd, 0xdd, 0x00, 0x00, 0x96, 0x90, 0x00, 0x00
    dc.b    0x62, 0x69, 0x00, 0x00, 0x22, 0x69, 0x00, 0x00, 0x11, 0x69, 0x00, 0x00, 0x12, 0x69, 0x20, 0x01
    dc.b    0x00, 0x00, 0x23, 0x69, 0xfb, 0xae, 0x32, 0x01, 0x63, 0x69, 0x00, 0x00, 0x33, 0x69, 0x10, 0x01
    dc.b    0x33, 0x00, 0xf3, 0x20, 0x01, 0x00, 0x01, 0xa1, 0x05, 0x01, 0x0d, 0x00, 0x60, 0x01, 0x09, 0x26
    dc.b    0x61, 0x41, 0x00, 0x69, 0x61, 0x41, 0x00, 0x09, 0x61, 0x11, 0xf2, 0x91, 0x14, 0x01, 0x93, 0x11
    dc.b    0x30, 0x01, 0x93, 0x31, 0x00, 0x00, 0x06, 0x31, 0xfb, 0x8d, 0x01, 0x01, 0x01, 0x91, 0x00, 0x15
    dc.b    0x00, 0x00, 0x53, 0x01, 0x22, 0x22, 0x11, 0x14, 0x22, 0x21, 0x44, 0x44, 0x12, 0x11, 0x21, 0x01
    dc.b    0x14, 0x44, 0x11, 0x21, 0x41, 0x01, 0x14, 0x41, 0x11, 0x22, 0x11, 0x41, 0x11, 0x12, 0xf0, 0x00
    dc.b    0x21, 0x41, 0x11, 0x11, 0x21, 0x41, 0x31, 0x11, 0x21, 0x41, 0x63, 0x21, 0x12, 0x11, 0x08, 0x33
    dc.b    0x11, 0x22, 0x08, 0x88, 0x88, 0x88, 0x00, 0x88, 0x88, 0x88, 0x00, 0xb8, 0x8b, 0xbb, 0x71, 0x01
    dc.b    0x00, 0xd8, 0xba, 0xaa, 0x00, 0xdb, 0xa7, 0x77, 0x00, 0x8b, 0x77, 0xcc, 0x00, 0x8a, 0x11, 0x07
    dc.b    0xa8, 0x8b, 0x21, 0xf1, 0x00, 0x0d, 0x8b, 0xb8, 0x34, 0x01, 0x26, 0x69, 0x00, 0x00, 0x26, 0x39
    dc.b    0x21, 0x01, 0x26, 0x26, 0x90, 0x00, 0x11, 0x01, 0x23, 0x16, 0x24, 0x01, 0x60, 0x00, 0x23, 0x13
    dc.b    0x34, 0x8d, 0x23, 0x23, 0x00, 0x00, 0x23, 0x30, 0xf0, 0x00, 0x88, 0x00, 0x00, 0x00, 0xab, 0xb0
    dc.b    0x00, 0x00, 0x77, 0x7b, 0x00, 0x00, 0xcc, 0xcc, 0xa0, 0x00, 0xcc, 0xcc, 0xca, 0x00, 0x77, 0x77
    dc.b    0x77, 0xb0, 0xda, 0x8b, 0x88, 0xab, 0xdb, 0xad, 0x15, 0x65, 0xbd, 0xb8, 0x41, 0x02, 0x00, 0xee
    dc.b    0xee, 0xee, 0xee, 0xee, 0xee, 0xff, 0xf0, 0x00, 0xee, 0xee, 0xee, 0xfe, 0xee, 0xee, 0xef, 0xce
    dc.b    0xef, 0xfc, 0xcc, 0xee, 0xee, 0xef, 0xff, 0xee, 0xef, 0xee, 0xe8, 0x58, 0xef, 0xfe, 0xe8, 0xd5
    dc.b    0xef, 0xfe, 0x7c, 0xc5, 0xef, 0xea, 0xf0, 0x00, 0xc7, 0xab, 0xee, 0xea, 0x77, 0xab, 0xee, 0x77
    dc.b    0xcc, 0x7b, 0xed, 0x77, 0xab, 0xdd, 0xbd, 0xda, 0xc7, 0x7d, 0xb8, 0xdd, 0xdd, 0xd1, 0xbd, 0x8b
    dc.b    0xbb, 0x8d, 0x7b, 0xb8, 0xca, 0xbd, 0xf0, 0x00, 0x7b, 0x88, 0xca, 0x78, 0x77, 0xab, 0x7a, 0x7b
    dc.b    0x47, 0x7b, 0xac, 0xc7, 0x47, 0xc7, 0xbc, 0xc7, 0x44, 0xc7, 0xbc, 0x7a, 0x44, 0xc7, 0xb7, 0x7b
    dc.b    0x44, 0xca, 0xb7, 0xa8, 0x44, 0x7b, 0x77, 0xa7, 0x8a, 0xbd, 0x11, 0x78, 0xab, 0xd3, 0x11, 0x8b
    dc.b    0x8d, 0x32, 0x11, 0x88, 0xd2, 0x2b, 0xf0, 0x00, 0xee, 0x00, 0x00, 0x00, 0xfc, 0xfe, 0xe0, 0x00
    dc.b    0xef, 0xcf, 0xfe, 0x00, 0xef, 0xce, 0xfc, 0xe0, 0xbf, 0xfe, 0xef, 0xce, 0x8e, 0xfe, 0xef, 0xce
    dc.b    0xbf, 0xeb, 0xef, 0xfe, 0xee, 0x8b, 0x50, 0x02, 0xef, 0xee, 0x5d, 0x5e, 0xee, 0xe0, 0x8c, 0xe0
    dc.b    0x00, 0x00, 0xf9, 0x03, 0xb4, 0x01, 0xee, 0xe0, 0x00, 0x00, 0x2e, 0xe0, 0x00, 0x00, 0x2e, 0x00
    dc.b    0x00, 0x00, 0x11, 0x30, 0x00, 0x00, 0x31, 0x20, 0x00, 0x00, 0xd1, 0x10, 0x52, 0x01, 0xd1, 0x30
    dc.b    0x00, 0x00, 0xd2, 0x60, 0x00, 0x00, 0xd2, 0x00, 0x30, 0x01, 0x33, 0x00, 0x00, 0x00, 0x26, 0x00
    dc.b    0xee, 0x94, 0x20, 0x00, 0xa0, 0x00, 0x00, 0x00, 0x00, 0x00, 0x00, 0x00
spr_ken_101_animation0_frame0_tileset_data_size = .-spr_ken_101_animation0_frame0_tileset_data

    .align  2
spr_ken_102_animation0_frame0_tileset_data:
    dc.b    0xa1, 0x01, 0x00, 0x02, 0x11, 0x14, 0x00, 0x28, 0x88, 0xbb, 0x02, 0xdb, 0xba, 0xaa, 0x2d, 0x8b
    dc.b    0xa7, 0xcc, 0x2d, 0xba, 0x7c, 0xcc, 0xf0, 0x00, 0xd8, 0xba, 0x77, 0xcc, 0xd8, 0xbb, 0x77, 0x77
    dc.b    0xd8, 0x8b, 0xa7, 0x7a, 0xdb, 0xa8, 0xbb, 0xaa, 0xda, 0x7a, 0xa7, 0xcc, 0xda, 0x7a, 0x7c, 0xcc
    dc.b    0xda, 0x7a, 0x7c, 0x77, 0xda, 0x7b, 0xa1, 0x01, 0x77, 0xa8, 0xdb, 0xab, 0xab, 0xda, 0xdb, 0xbb
    dc.b    0xbb, 0xa7, 0xd8, 0xbb, 0x8a, 0x7c, 0x0d, 0xb8, 0xb7, 0x7c, 0x0d, 0x88, 0xb0, 0x01, 0xaa, 0x77
    dc.b    0x00, 0xd8, 0xbb, 0xaa, 0x00, 0xd8, 0xa7, 0x77, 0x00, 0x0d, 0xa7, 0x77, 0x00, 0x09, 0xdc, 0xc7
    dc.b    0x00, 0x00, 0x9d, 0xdd, 0xfe, 0x98, 0x30, 0x01, 0x09, 0x96, 0x00, 0x00, 0x09, 0x99, 0xf5, 0xfb
    dc.b    0x01, 0x03, 0xf0, 0x00, 0x96, 0x61, 0x00, 0x06, 0x22, 0x23, 0x44, 0x44, 0x41, 0x12, 0x88, 0xd6
    dc.b    0x34, 0x44, 0xab, 0x8d, 0xd6, 0x44, 0xcc, 0x7b, 0xdd, 0x64, 0xcc, 0xc7, 0x8d, 0x68, 0xcc, 0xc7
    dc.b    0xbd, 0x6a, 0xf0, 0x00, 0xcc, 0x7a, 0x8d, 0xda, 0x77, 0xab, 0x8d, 0xd5, 0xbb, 0x88, 0xd5, 0x55
    dc.b    0xaa, 0xb8, 0x55, 0xd8, 0x7a, 0xb8, 0x5d, 0x88, 0x7a, 0x8d, 0x5d, 0x8d, 0xbd, 0xba, 0x75, 0x5d
    dc.b    0xda, 0xcc, 0xf0, 0x00, 0xcc, 0x75, 0x7c, 0xcc, 0xcc, 0x7a, 0xcc, 0xcc, 0xc7, 0x7a, 0xcc, 0xcc
    dc.b    0x77, 0xab, 0xcc, 0xc7, 0x7a, 0xab, 0xcc, 0x77, 0xaa, 0xb8, 0x77, 0x7a, 0xab, 0xbd, 0xaa, 0xaa
    dc.b    0xbb, 0x8d, 0xf0, 0x00, 0xaa, 0xbb, 0xb8, 0xd1, 0x7a, 0xb8, 0x8d, 0x11, 0xbb, 0x8d, 0xd1, 0x11
    dc.b    0x8d, 0xd3, 0x22, 0x22, 0x33, 0x33, 0x33, 0x32, 0x66, 0x33, 0x33, 0x33, 0x99, 0x99, 0x99, 0x99
    dc.b    0x55, 0x59, 0xf0, 0x00, 0x63, 0x21, 0x95, 0x55, 0x55, 0x55, 0x11, 0x26, 0x95, 0x55, 0x21, 0x11
    dc.b    0x22, 0x36, 0x33, 0x93, 0xee, 0xee, 0x13, 0x61, 0xee, 0xee, 0x48, 0x88, 0xee, 0xbe, 0x8a, 0xcc
    dc.b    0xfb, 0xee, 0xf0, 0x00, 0xa5, 0x55, 0x5c, 0xef, 0x55, 0x8d, 0x5d, 0xce, 0x58, 0x8d, 0x5d, 0x7e
    dc.b    0xd8, 0xd5, 0x5a, 0xdc, 0x5d, 0xd5, 0xdc, 0xd7, 0xd5, 0x55, 0x7a, 0xdd, 0xdd, 0xd5, 0xad, 0x26
    dc.b    0xdd, 0x55, 0xc2, 0x01, 0xd1, 0x12, 0xd5, 0x55, 0x11, 0x11, 0x55, 0x51, 0x44, 0x41, 0xd5, 0x54
    dc.b    0x44, 0x41, 0xb8, 0xd4, 0x44, 0x44, 0xbd, 0x44, 0x44, 0x44, 0xd4, 0x44, 0x03, 0x00, 0x14, 0x00
    dc.b    0x11, 0x11, 0x10, 0x01, 0x22, 0x11, 0xef, 0x3d, 0x21, 0x3f, 0x33, 0x33, 0x33, 0x66, 0x33, 0x00
    dc.b    0x11, 0x11, 0x12, 0x69, 0x55, 0x55, 0xf0, 0x00, 0x55, 0x59, 0xee, 0xef, 0xff, 0xff, 0xef, 0xef
    dc.b    0xee, 0xee, 0xff, 0xef, 0xfb, 0x8d, 0xff, 0xef, 0xce, 0x8b, 0xfe, 0xef, 0xce, 0xb7, 0xee, 0xdf
    dc.b    0xeb, 0xac, 0xee, 0xde, 0xeb, 0xaa, 0xf0, 0x00, 0xee, 0x8e, 0xba, 0xa7, 0x8b, 0xbe, 0xdd, 0xaa
    dc.b    0x14, 0xa7, 0xa8, 0xdd, 0x34, 0x47, 0x77, 0xd8, 0x31, 0x44, 0xaa, 0xaa, 0x32, 0x14, 0x4a, 0xaa
    dc.b    0x23, 0x14, 0x4a, 0xa7, 0x13, 0x24, 0xf0, 0x00, 0x41, 0xa7, 0x12, 0x34, 0x44, 0xa7, 0x12, 0x31
    dc.b    0x44, 0xa7, 0x11, 0x32, 0x44, 0xba, 0x41, 0x63, 0x41, 0x8b, 0x41, 0x26, 0x24, 0x2b, 0x41, 0x13
    dc.b    0x64, 0x1b, 0x11, 0x12, 0x91, 0x1b, 0x10, 0x01, 0x11, 0x23, 0xf3, 0x02, 0x10, 0x03, 0x22, 0x39
    dc.b    0xf3, 0x03, 0x20, 0x01, 0x99, 0x95, 0x55, 0x00, 0xef, 0xe2, 0x6f, 0x00, 0x96, 0x69, 0x96, 0x12
    dc.b    0x33, 0x23, 0x21, 0x12, 0x22, 0x12, 0x00, 0x00, 0x12, 0x01, 0x00, 0x03, 0x12, 0x01, 0x00, 0x31
    dc.b    0x10, 0x02, 0x03, 0x21, 0xef, 0x39, 0xb1, 0x01, 0x00, 0x03, 0x11, 0x44, 0x00, 0x02, 0x44, 0x44
    dc.b    0x00, 0x31, 0x44, 0x44, 0x00, 0x24, 0x44, 0x44, 0x00, 0x14, 0x44, 0x44, 0x02, 0x14, 0xf0, 0x00
    dc.b    0x44, 0x41, 0x02, 0x11, 0x44, 0x41, 0x03, 0x11, 0x11, 0x12, 0x00, 0x02, 0x14, 0x42, 0x00, 0x21
    dc.b    0x94, 0x44, 0x02, 0x13, 0x91, 0x44, 0x31, 0x69, 0x61, 0x44, 0x16, 0x99, 0x14, 0x44, 0xa0, 0x01
    dc.b    0x19, 0x29, 0x11, 0x44, 0x96, 0x19, 0x11, 0x11, 0x32, 0x46, 0x31, 0x11, 0x24, 0x44, 0x19, 0x33
    dc.b    0x11, 0x44, 0x41, 0x13, 0xf1, 0x7e, 0x01, 0x01, 0x12, 0x01, 0x11, 0x12, 0x71, 0x01, 0x11, 0x22
    dc.b    0x44, 0x41, 0x11, 0x22, 0x44, 0x11, 0x12, 0x22, 0x41, 0x11, 0x22, 0x22, 0x21, 0x01, 0x11, 0x12
    dc.b    0x22, 0x33, 0x20, 0x02, 0x11, 0x22, 0x23, 0x36, 0xf1, 0x7b, 0xf0, 0x00, 0x23, 0x21, 0x11, 0x13
    dc.b    0x12, 0x33, 0x22, 0x36, 0x41, 0x13, 0x33, 0x69, 0x44, 0x11, 0x13, 0x35, 0x44, 0x44, 0x12, 0x65
    dc.b    0x44, 0x44, 0x12, 0x95, 0x44, 0x44, 0x12, 0x55, 0x11, 0x11, 0xb0, 0x02, 0x12, 0x55, 0x33, 0x33
    dc.b    0x33, 0x55, 0x99, 0x99, 0x99, 0x55, 0x26, 0x99, 0x99, 0x95, 0x22, 0x23, 0x69, 0x95, 0x22, 0x22
    dc.b    0x36, 0x95, 0xf5, 0x43, 0x01, 0x01, 0x00, 0x01, 0xf5, 0x47, 0x10, 0x01, 0x36, 0x69, 0xf5, 0x49
    dc.b    0x50, 0x02, 0x69, 0x00, 0x36, 0x66, 0x69, 0x00, 0x69, 0x99, 0x90, 0x00, 0xf1, 0x8b, 0x61, 0x01
    dc.b    0x55, 0x52, 0x55, 0x55, 0x55, 0x51, 0x95, 0x55, 0x55, 0x53, 0x65, 0x55, 0x61, 0x01, 0x55, 0x92
    dc.b    0x65, 0x55, 0x55, 0x62, 0x35, 0x55, 0x55, 0x32, 0x25, 0x55, 0x74, 0x01, 0x55, 0x33, 0x35, 0x55
    dc.b    0x55, 0x99, 0x95, 0x55, 0x55, 0x66, 0x35, 0x55, 0x55, 0x63, 0x50, 0x01, 0x99, 0x66, 0x35, 0x55
    dc.b    0x99, 0x96, 0x31, 0x44, 0x99, 0x96, 0xf5, 0x5d, 0x20, 0x01, 0x00, 0x09, 0x66, 0x31, 0xec, 0xbf
    dc.b    0x00, 0x01, 0xf1, 0x97, 0xf0, 0x00, 0x00, 0x00, 0x09, 0x66, 0x00, 0x00, 0x00, 0x96, 0xd7, 0xc7
    dc.b    0x21, 0x00, 0x8d, 0xdd, 0x22, 0x1a, 0xb8, 0x89, 0x22, 0x1a, 0xab, 0xb9, 0x24, 0x17, 0x77, 0xb8
    dc.b    0x24, 0x17, 0x7c, 0xa8, 0x21, 0x01, 0x94, 0x2a, 0xcc, 0x7d, 0xf0, 0x00, 0x94, 0x2b, 0x77, 0xbd
    dc.b    0x94, 0x8b, 0xaa, 0x8d, 0x94, 0x8a, 0x8d, 0xd9, 0x14, 0x8a, 0xb8, 0xd1, 0x16, 0x8b, 0x8d, 0x11
    dc.b    0x68, 0x88, 0xd3, 0x36, 0x8b, 0xb8, 0x33, 0x90, 0xd8, 0xbb, 0x22, 0xd1, 0x99, 0x90, 0xd8, 0x88
    dc.b    0xf0, 0x00, 0x00, 0x0d, 0xa0, 0x00, 0x00, 0x0d, 0xca, 0x00, 0x00, 0xdb, 0xca, 0x00, 0x00, 0xd7
    dc.b    0x7a, 0xb0, 0x00, 0xd7, 0xab, 0xb0, 0x00, 0xd7, 0xba, 0x77, 0x00, 0x0d, 0xa7, 0xcc, 0x70, 0x05
    dc.b    0xf0, 0x00, 0x7c, 0xcc, 0xc0, 0xd5, 0xa7, 0x77, 0xad, 0x55, 0xaa, 0xaa, 0xd8, 0x55, 0xbb, 0xbd
    dc.b    0xbb, 0xb5, 0x88, 0xdb, 0xaa, 0x7a, 0x8d, 0xba, 0xa7, 0x7a, 0x8b, 0xba, 0x77, 0x7a, 0xd7, 0xcc
    dc.b    0xf0, 0x00, 0x00, 0x00, 0x77, 0x88, 0x7c, 0x00, 0xdd, 0x87, 0x78, 0x7c, 0x77, 0xd7, 0x87, 0x87
    dc.b    0xd7, 0x7d, 0x8b, 0xdc, 0xb8, 0x88, 0x88, 0x7c, 0x77, 0x8b, 0x7c, 0xc7, 0x88, 0x8a, 0x7c, 0x7a
    dc.b    0xf0, 0x00, 0x55, 0xdd, 0xbb, 0x80, 0x5d, 0x55, 0x55, 0x50, 0x5d, 0xd8, 0x8d, 0x50, 0xdd, 0xd8
    dc.b    0x8d, 0x50, 0x55, 0xd8, 0xd5, 0x00, 0xb5, 0x55, 0x55, 0x00, 0xa7, 0x7a, 0xb0, 0x00, 0x77, 0x7a
    dc.b    0x10, 0x04, 0x80, 0x00, 0x7e, 0xec, 0x14, 0x01, 0xa0, 0x00, 0x00, 0x15, 0x00, 0x00, 0x10, 0x01
    dc.b    0x00, 0x0e, 0xed, 0xfc, 0x00, 0x01, 0xf1, 0xbc, 0x31, 0x00, 0x0e, 0xee, 0xff, 0xff, 0xee, 0xee
    dc.b    0xf0, 0x00, 0xee, 0xff, 0xee, 0xee, 0xfe, 0xfe, 0xeb, 0xef, 0xfe, 0xff, 0xbe, 0xef, 0xfe, 0xfc
    dc.b    0xce, 0xff, 0xee, 0xfc, 0xdc, 0xee, 0xed, 0xfe, 0xd7, 0xee, 0xed, 0xee, 0xad, 0xce, 0xe8, 0xeb
    dc.b    0x21, 0x1e, 0xcd, 0x78, 0xbb, 0xed, 0x11, 0x1e, 0xee, 0xe0, 0x11, 0x18, 0xee, 0xe0, 0xf0, 0x00
    dc.b    0xfe, 0xee, 0xef, 0xef, 0xee, 0xee, 0xcf, 0xef, 0xef, 0xcc, 0xff, 0xee, 0xff, 0xff, 0xee, 0x8e
    dc.b    0xee, 0xe5, 0x58, 0xef, 0xb8, 0xd5, 0x55, 0xee, 0xe8, 0xba, 0xc5, 0x55, 0xeb, 0x77, 0x95, 0x42
    dc.b    0xaa, 0xb8, 0xba, 0xcc, 0x7a, 0xb8, 0xba, 0xaa, 0x77, 0xad, 0xaa, 0x77, 0x7b, 0xd0, 0xda, 0xa7
    dc.b    0x7d, 0xa2, 0x11, 0x23, 0xee, 0x00, 0xf0, 0x00, 0x00, 0x00, 0xce, 0xfe, 0xe0, 0x00, 0xce, 0xef
    dc.b    0xee, 0x00, 0xfe, 0xef, 0xee, 0x00, 0xe8, 0xef, 0xee, 0x00, 0x8e, 0xfe, 0xee, 0x00, 0xde, 0xe0
    dc.b    0xe0, 0x00, 0x70, 0x0e, 0x00, 0x00, 0x34, 0x19, 0x70, 0x00, 0x00, 0x00, 0xd0, 0x00, 0xa0, 0x14
    dc.b    0x96, 0x33, 0x21, 0x14, 0x96, 0x33, 0x31, 0x11, 0x09, 0x62, 0x33, 0x11, 0x00, 0x93, 0x22, 0x31
    dc.b    0x00, 0x06, 0x32, 0x32, 0x7f, 0x84, 0xf0, 0x00, 0x44, 0x44, 0x11, 0x20, 0x44, 0x44, 0x11, 0x28
    dc.b    0x44, 0x44, 0x12, 0x88, 0x11, 0x41, 0x28, 0x8b, 0x11, 0x11, 0x88, 0x8b, 0x08, 0x88, 0x8b, 0xb8
    dc.b    0x08, 0x88, 0xbb, 0xbb, 0x08, 0x8b, 0x61, 0x01, 0xaa, 0xaa, 0x08, 0xba, 0x77, 0x77, 0x00, 0xba
    dc.b    0xcc, 0xcc, 0x00, 0xaa, 0x01, 0x05, 0x75, 0x25, 0xcc, 0xc7, 0x00, 0xb7, 0x88, 0x8b, 0x00, 0x8a
    dc.b    0x7a, 0xda, 0x00, 0x08, 0x88, 0xd8, 0x01, 0xc6, 0x10, 0x03, 0xbb, 0x00, 0xec, 0x22, 0x01, 0x03
    dc.b    0xc0, 0x02, 0xab, 0x80, 0x00, 0x00, 0xc7, 0x7b, 0x00, 0x00, 0xc7, 0x7a, 0xb0, 0x00, 0x77, 0x77
    dc.b    0xa8, 0x00, 0x77, 0x77, 0xaa, 0xb0, 0xb8, 0xbb, 0x8b, 0xb0, 0xf5, 0x06, 0x00, 0x02, 0x7d, 0xfd
    dc.b    0xf0, 0x00, 0x11, 0x33, 0x24, 0x11, 0x33, 0x32, 0x41, 0x11, 0x33, 0x14, 0x11, 0x11, 0x24, 0x11
    dc.b    0x11, 0x11, 0x31, 0x11, 0x26, 0x99, 0xd1, 0x26, 0x99, 0x66, 0x53, 0x69, 0x96, 0x33, 0x56, 0x96
    dc.b    0x90, 0x02, 0x22, 0x33, 0x59, 0x21, 0x12, 0x22, 0x51, 0x11, 0x12, 0x22, 0x54, 0x11, 0x11, 0x22
    dc.b    0x54, 0x41, 0x11, 0x22, 0xee, 0x4e, 0x10, 0x02, 0x14, 0x44, 0x7e, 0x29, 0x15, 0x01, 0x41, 0x11
    dc.b    0x00, 0x01, 0xeb, 0x52, 0x20, 0x01, 0x44, 0x11, 0x90, 0x00, 0xef, 0x5c, 0x70, 0x01, 0x29, 0x00
    dc.b    0x00, 0x00, 0x19, 0x00, 0x00, 0x00, 0x16, 0x90, 0x00, 0x00, 0x12, 0x90, 0xf8, 0xcb, 0x10, 0x01
    dc.b    0x66, 0x90, 0xf8, 0x21, 0x32, 0x01, 0x33, 0x69, 0x00, 0x00, 0x33, 0x39, 0x10, 0x01, 0x33, 0x36
    dc.b    0xf5, 0x27, 0x31, 0x01, 0x23, 0x36, 0x90, 0x00, 0x23, 0x33, 0x30, 0x01, 0x69, 0x00, 0x23, 0x23
    dc.b    0x69, 0x00, 0xf5, 0x28, 0xf0, 0x00, 0x36, 0x90, 0x22, 0x12, 0x36, 0x99, 0x22, 0x11, 0x33, 0x69
    dc.b    0x21, 0x11, 0x23, 0x69, 0x21, 0x41, 0x23, 0x66, 0x21, 0x14, 0x44, 0x11, 0x31, 0x11, 0x11, 0x22
    dc.b    0x31, 0x22, 0x13, 0x33, 0x30, 0x01, 0x31, 0x33, 0x21, 0x33, 0x31, 0x23, 0xf1, 0xa3, 0x01, 0x01
    dc.b    0x21, 0x01, 0x32, 0x11, 0x23, 0x32, 0xf0, 0x00, 0x02, 0x11, 0x12, 0x33, 0x03, 0x21, 0x12, 0x23
    dc.b    0x03, 0x22, 0x11, 0x22, 0x03, 0x22, 0x11, 0x12, 0x00, 0x22, 0x11, 0x11, 0x00, 0x32, 0x21, 0x11
    dc.b    0x00, 0x02, 0x21, 0x11, 0x11, 0x23, 0x41, 0x04, 0x33, 0x33, 0x21, 0x11, 0x23, 0x66, 0x32, 0x11
    dc.b    0x50, 0x02, 0x22, 0x22, 0x33, 0x33, 0x66, 0x69, 0x33, 0x32, 0x23, 0x33, 0xf1, 0xa4, 0x61, 0x04
    dc.b    0x12, 0x33, 0x33, 0x22, 0x22, 0x33, 0x33, 0x66, 0x32, 0x22, 0x33, 0x36, 0x92, 0x65, 0x22, 0x33
    dc.b    0x32, 0x22, 0x22, 0x23, 0x33, 0x33, 0x12, 0x22, 0x22, 0x23, 0x11, 0x12, 0x22, 0x22, 0x69, 0x90
    dc.b    0x12, 0x01, 0x36, 0x90, 0x03, 0x6b, 0x00, 0x02, 0xf1, 0xbe, 0x01, 0x03, 0x01, 0x07, 0x03, 0x75
    dc.b    0x01, 0x07, 0x01, 0x77, 0x01, 0x01, 0x40, 0x02, 0x23, 0x30, 0x00, 0x00, 0x32, 0x44, 0x44, 0x41
    dc.b    0xee, 0xa1, 0xf0, 0x00, 0x96, 0x63, 0x14, 0x44, 0x96, 0x61, 0x21, 0x14, 0x09, 0x66, 0x12, 0x11
    dc.b    0x00, 0x96, 0x34, 0x21, 0x00, 0x96, 0x31, 0x41, 0x00, 0x09, 0x32, 0x11, 0x00, 0x09, 0x93, 0x32
    dc.b    0x00, 0x09, 0x10, 0x01, 0x96, 0x33, 0x7d, 0xe3, 0x10, 0x03, 0x99, 0x63, 0x7c, 0x59, 0xf0, 0x00
    dc.b    0x00, 0x96, 0x12, 0x14, 0x12, 0x36, 0x11, 0x14, 0x11, 0x36, 0x11, 0x44, 0x11, 0x23, 0x14, 0x44
    dc.b    0x11, 0x23, 0x44, 0x44, 0x41, 0x23, 0x44, 0x44, 0x11, 0x22, 0x14, 0x41, 0x11, 0x22, 0x21, 0x51
    dc.b    0x11, 0x11, 0x12, 0x22, 0xf0, 0x00, 0x22, 0x11, 0x12, 0x22, 0x22, 0x22, 0x11, 0x11, 0x21, 0x11
    dc.b    0x14, 0x41, 0x11, 0x14, 0x44, 0x44, 0x31, 0x14, 0x44, 0x44, 0x33, 0x11, 0x44, 0x44, 0x33, 0x21
    dc.b    0x14, 0x44, 0x69, 0x00, 0x15, 0x01, 0x00, 0x00, 0x03, 0x5b, 0x91, 0x01, 0x23, 0x66, 0x00, 0x00
    dc.b    0x22, 0x36, 0x00, 0x00, 0x22, 0x23, 0x30, 0x00, 0x12, 0x22, 0x33, 0x00, 0x11, 0x22, 0xc0, 0x02
    dc.b    0x23, 0x60, 0x11, 0x12, 0x23, 0x36, 0x41, 0x12, 0x22, 0x33, 0x44, 0x11, 0x22, 0x20, 0x44, 0x11
    dc.b    0x22, 0x30, 0x21, 0x11, 0x11, 0x12, 0x32, 0x11, 0xeb, 0x83, 0x20, 0x02, 0x11, 0x11, 0x00, 0x31
    dc.b    0xf8, 0x78, 0x10, 0x03, 0x00, 0x8b, 0xf1, 0x44, 0x90, 0x02, 0x8b, 0xa7, 0x00, 0x88, 0x8b, 0xa7
    dc.b    0x00, 0xbb, 0xba, 0xbb, 0x00, 0xbd, 0xa8, 0x7d, 0x00, 0x8d, 0xbd, 0xad, 0x7e, 0xa7, 0x60, 0x01
    dc.b    0x22, 0x22, 0x23, 0x30, 0x11, 0x11, 0x12, 0x80, 0x11, 0x11, 0x28, 0x80, 0xf8, 0x9e, 0xf0, 0x00
    dc.b    0xba, 0xab, 0x8b, 0xbb, 0xaa, 0xaa, 0xbb, 0xba, 0xa7, 0x7a, 0xba, 0x77, 0xcc, 0x7a, 0xa7, 0xcc
    dc.b    0xcc, 0x7b, 0x7c, 0xcc, 0xcc, 0x78, 0x77, 0x77, 0x7a, 0xad, 0x88, 0x8a, 0xcc, 0x7d, 0x43, 0x1f
    dc.b    0x7d, 0xa7, 0xcc, 0xad, 0x7d, 0xba, 0xa8, 0xd0, 0xc3, 0x0f, 0xd8, 0x88, 0xba, 0xa7, 0x0d, 0x8b
    dc.b    0xba, 0x77, 0x00, 0xdb, 0xba, 0xaa, 0x00, 0x0d, 0xba, 0x7c, 0x00, 0x00, 0xd7, 0x7c, 0x00, 0x00
    dc.b    0x08, 0xba, 0x90, 0x01, 0x7a, 0x77, 0x7a, 0xb8, 0xa7, 0x77, 0xaa, 0x80, 0xaa, 0x7a, 0xb8, 0x00
    dc.b    0xc7, 0xab, 0x80, 0x00, 0xca, 0xb8, 0x7e, 0x77, 0x03, 0x00, 0x00, 0x00, 0x00, 0x00
spr_ken_102_animation0_frame0_tileset_data_size = .-spr_ken_102_animation0_frame0_tileset_data

    .align  2
spr_ken_102_animation0_frame1_tileset_data:
    dc.b    0x00, 0x0d, 0xea, 0x29, 0x72, 0x01, 0x00, 0x02, 0x00, 0x00, 0x00, 0x2d, 0x00, 0x00, 0x02, 0xd8
    dc.b    0x00, 0x00, 0x02, 0xdb, 0x32, 0x03, 0x0d, 0x8b, 0x00, 0x00, 0x0d, 0x88, 0x52, 0x01, 0x0d, 0xba
    dc.b    0x00, 0x00, 0x0d, 0xaa, 0x00, 0x00, 0x0d, 0xa7, 0x01, 0x05, 0x01, 0x09, 0x12, 0x0f, 0x0d, 0xbb
    dc.b    0x32, 0x01, 0x00, 0xdb, 0x00, 0x00, 0x00, 0xd8, 0x3e, 0x37, 0x00, 0x08, 0x00, 0x00, 0x00, 0x0d
    dc.b    0x04, 0x00, 0xf0, 0x00, 0x21, 0x11, 0x44, 0x48, 0x88, 0x8b, 0xb8, 0x88, 0xbb, 0xaa, 0xaa, 0x87
    dc.b    0xba, 0x7c, 0xc7, 0x87, 0xa7, 0xcc, 0xc7, 0xa7, 0xa7, 0xcc, 0x7b, 0xa5, 0xa7, 0x77, 0x78, 0xd5
    dc.b    0xaa, 0x77, 0xf0, 0x00, 0xab, 0x55, 0xbb, 0xab, 0xb8, 0x5d, 0xa7, 0xaa, 0xb5, 0x5d, 0x7c, 0x7b
    dc.b    0xd5, 0x55, 0xcc, 0x78, 0xda, 0x7c, 0x7c, 0xa8, 0xb7, 0x7c, 0x77, 0x88, 0xa7, 0xcc, 0xaa, 0x8b
    dc.b    0x77, 0xcc, 0xf0, 0x00, 0xb8, 0xba, 0x7c, 0xcc, 0xb8, 0xb7, 0x7c, 0xcc, 0x88, 0xa7, 0x7c, 0xcc
    dc.b    0x8b, 0xa7, 0xcc, 0xc7, 0x8b, 0xa7, 0x77, 0x77, 0x8a, 0x7a, 0x77, 0xaa, 0x87, 0x77, 0x77, 0x77
    dc.b    0xda, 0xcc, 0x79, 0x3d, 0xcc, 0x77, 0x9d, 0x7c, 0xc7, 0xab, 0x99, 0x8b, 0xbb, 0xdd, 0x99, 0x66
    dc.b    0x33, 0x33, 0xf0, 0x00, 0x8b, 0xb0, 0x00, 0x00, 0xa7, 0xc7, 0xaa, 0xb0, 0x77, 0xcc, 0xcc, 0x7b
    dc.b    0x75, 0x55, 0x55, 0xc7, 0x55, 0xdd, 0xd5, 0x5c, 0x5d, 0xd8, 0x8d, 0x5c, 0x5d, 0xd8, 0x8d, 0x57
    dc.b    0x55, 0xd8, 0xf0, 0x00, 0x8d, 0x57, 0xdd, 0x55, 0x55, 0x58, 0xdd, 0x88, 0xd5, 0x56, 0xdd, 0x88
    dc.b    0xd5, 0x53, 0x55, 0xdd, 0xd5, 0x52, 0xb5, 0x55, 0x55, 0x61, 0xcc, 0x77, 0xd5, 0x21, 0xcc, 0x77
    dc.b    0xbd, 0x44, 0x41, 0x01, 0xcc, 0x7a, 0xbd, 0x44, 0xc7, 0x7a, 0x8d, 0x44, 0xf0, 0x00, 0x77, 0x7b
    dc.b    0xd6, 0x44, 0x77, 0xab, 0xd2, 0x44, 0x7a, 0xa8, 0xd4, 0x44, 0xaa, 0xb8, 0xd4, 0x44, 0x7b, 0x8d
    dc.b    0x44, 0x44, 0xb8, 0xd1, 0x11, 0x11, 0xdd, 0x11, 0x11, 0x11, 0x22, 0x11, 0x11, 0x00, 0x22, 0x22
    dc.b    0x02, 0x38, 0x00, 0x01, 0xf8, 0xd6, 0x00, 0x01, 0xeb, 0xa2, 0x04, 0x01, 0xf0, 0x00, 0x21, 0xee
    dc.b    0xee, 0xef, 0xb1, 0xee, 0xbe, 0xef, 0xb1, 0x88, 0x8e, 0xef, 0xa1, 0x18, 0x8e, 0xef, 0xb3, 0x41
    dc.b    0x8e, 0xee, 0x86, 0x34, 0x1b, 0xee, 0x33, 0x61, 0x4b, 0xee, 0x22, 0x36, 0x90, 0x01, 0x14, 0xbe
    dc.b    0x22, 0x23, 0x31, 0x4a, 0x21, 0x12, 0x32, 0x41, 0x11, 0x11, 0x23, 0x14, 0x11, 0x11, 0x13, 0x21
    dc.b    0xf9, 0x40, 0x10, 0x01, 0x11, 0x32, 0xfe, 0xcf, 0x01, 0x01, 0xf0, 0x00, 0x41, 0x13, 0x44, 0x44
    dc.b    0x44, 0x16, 0x44, 0x44, 0x44, 0x12, 0x44, 0x44, 0x44, 0x11, 0x44, 0x44, 0x11, 0x11, 0x11, 0x11
    dc.b    0x11, 0x12, 0x11, 0x12, 0x22, 0x33, 0x22, 0x22, 0x33, 0x39, 0x20, 0x12, 0x33, 0x36, 0x66, 0x93
    dc.b    0x7f, 0x39, 0x08, 0x00, 0x12, 0x01, 0x00, 0x03, 0x12, 0x01, 0x00, 0x31, 0x10, 0x02, 0x03, 0x21
    dc.b    0xeb, 0xac, 0x00, 0x09, 0xfc, 0x73, 0x01, 0x01, 0x00, 0x03, 0xfc, 0x7c, 0x80, 0x01, 0x03, 0x12
    dc.b    0x21, 0x33, 0x03, 0x13, 0x32, 0x13, 0x00, 0x00, 0x09, 0x99, 0x00, 0x00, 0x00, 0x59, 0xf5, 0x5f
    dc.b    0x50, 0x08, 0x09, 0x33, 0x00, 0x00, 0x06, 0x63, 0x00, 0x06, 0x22, 0x23, 0xfc, 0x70, 0x00, 0x08
    dc.b    0xfc, 0x79, 0x00, 0x01, 0xed, 0xff, 0x01, 0x01, 0x12, 0x01, 0x11, 0x12, 0x00, 0x05, 0xfc, 0x81
    dc.b    0x01, 0x01, 0x01, 0x77, 0x01, 0x01, 0x20, 0x02, 0x11, 0x22, 0x23, 0x36, 0xee, 0x02, 0x11, 0x04
    dc.b    0x33, 0x21, 0x20, 0x01, 0x32, 0x22, 0x66, 0x63, 0xfb, 0xc2, 0x30, 0x01, 0x55, 0x55, 0x96, 0x32
    dc.b    0x39, 0x55, 0xee, 0x05, 0x20, 0x0d, 0x21, 0x11, 0x22, 0x36, 0xfc, 0x7a, 0x00, 0x09, 0xfc, 0x88
    dc.b    0x00, 0x02, 0xf1, 0xd4, 0x01, 0x01, 0x00, 0x01, 0xf1, 0xd8, 0x10, 0x01, 0x36, 0x69, 0xf1, 0xda
    dc.b    0x00, 0x03, 0xfc, 0x91, 0x00, 0x02, 0xee, 0x1f, 0x80, 0x01, 0x33, 0x69, 0x00, 0x00, 0x23, 0x69
    dc.b    0x00, 0x00, 0x33, 0x33, 0x33, 0x36, 0x66, 0x33, 0x66, 0x99, 0xee, 0x21, 0x03, 0x00, 0x10, 0x04
    dc.b    0x55, 0x59, 0xfc, 0x88, 0x41, 0x01, 0x55, 0x66, 0x36, 0x55, 0x55, 0x33, 0x26, 0x55, 0x60, 0x03
    dc.b    0x55, 0x32, 0x16, 0x55, 0x55, 0x32, 0x19, 0x55, 0x55, 0x33, 0x39, 0x55, 0xfc, 0x8b, 0x04, 0x01
    dc.b    0x00, 0x03, 0xfc, 0x8e, 0x00, 0x01, 0xf1, 0xee, 0x20, 0x01, 0x00, 0x09, 0x66, 0x31, 0xe9, 0x50
    dc.b    0x00, 0x01, 0xee, 0x28, 0x00, 0x02, 0xfc, 0x91, 0x00, 0x01, 0xe9, 0x1d, 0xf0, 0x00, 0x00, 0x09
    dc.b    0x24, 0x44, 0x44, 0x11, 0x33, 0x44, 0x44, 0x11, 0x63, 0x24, 0x44, 0x41, 0x66, 0x31, 0x44, 0x41
    dc.b    0x66, 0x12, 0x11, 0x44, 0x96, 0x61, 0x21, 0x14, 0x09, 0x63, 0x42, 0x11, 0xd1, 0x25, 0x09, 0x63
    dc.b    0x14, 0x11, 0x00, 0x93, 0x21, 0x11, 0x00, 0x99, 0x33, 0x22, 0x00, 0x99, 0x63, 0x32, 0x00, 0x09
    dc.b    0x66, 0x32, 0x00, 0x09, 0x96, 0x31, 0x00, 0x09, 0x12, 0x27, 0x99, 0x63, 0x01, 0x25, 0x03, 0x27
    dc.b    0x00, 0x17, 0x00, 0x00, 0xc1, 0xdf, 0x21, 0x41, 0x23, 0x66, 0x11, 0x41, 0x13, 0x66, 0x14, 0x41
    dc.b    0x12, 0x36, 0x44, 0x41, 0x12, 0x36, 0x44, 0x44, 0x12, 0x33, 0x44, 0x41, 0x12, 0x23, 0x30, 0x01
    dc.b    0x11, 0x11, 0x22, 0x22, 0x11, 0x22, 0xf4, 0x43, 0x70, 0x01, 0x22, 0x21, 0x11, 0x11, 0x11, 0x11
    dc.b    0x44, 0x11, 0x11, 0x44, 0x44, 0x41, 0x11, 0x44, 0xfe, 0x17, 0x10, 0x01, 0x32, 0x11, 0xfe, 0x18
    dc.b    0x80, 0x01, 0x33, 0x31, 0x11, 0x44, 0x62, 0x33, 0x11, 0x44, 0x93, 0x22, 0x31, 0x11, 0x06, 0x32
    dc.b    0x32, 0x11, 0x7d, 0xcb, 0x05, 0x01, 0x0c, 0x00, 0x16, 0x01, 0x90, 0x00, 0x00, 0x02, 0xec, 0xba
    dc.b    0x50, 0x01, 0x36, 0x60, 0x00, 0x00, 0x23, 0x60, 0x00, 0x00, 0x22, 0x33, 0xfe, 0x0c, 0xf0, 0x00
    dc.b    0x12, 0x23, 0x30, 0x00, 0x12, 0x22, 0x36, 0x00, 0x11, 0x22, 0x33, 0x60, 0x11, 0x22, 0x23, 0x30
    dc.b    0x41, 0x12, 0x22, 0x00, 0x41, 0x12, 0x23, 0x00, 0x44, 0x11, 0x20, 0x00, 0x44, 0x11, 0xf0, 0x00
    dc.b    0x28, 0x00, 0x44, 0x12, 0x88, 0x00, 0x41, 0x28, 0x8b, 0x80, 0x11, 0x88, 0x8b, 0xbb, 0x88, 0x8b
    dc.b    0xb8, 0xb8, 0x88, 0xbb, 0xbb, 0x88, 0x8b, 0xaa, 0xaa, 0xb8, 0xba, 0x77, 0x77, 0xab, 0xf0, 0x2d
    dc.b    0xba, 0xcc, 0xcc, 0xc7, 0xaa, 0xcc, 0xcc, 0xc7, 0xaa, 0x77, 0x77, 0x77, 0xba, 0xcc, 0xc7, 0x77
    dc.b    0xb7, 0x88, 0x8b, 0xb8, 0x8a, 0x7a, 0xda, 0xad, 0x08, 0x88, 0xd8, 0xd8, 0x00, 0x00, 0x00, 0x00
    dc.b    0xf0, 0x00, 0x80, 0x00, 0x00, 0x00, 0x7b, 0x00, 0x00, 0x00, 0x7a, 0xb0, 0x00, 0x00, 0x77, 0xa8
    dc.b    0x00, 0x00, 0x77, 0xaa, 0xb0, 0x00, 0xbb, 0x8b, 0xb0, 0x00, 0xaa, 0xda, 0x80, 0x00, 0x8d, 0x88
    dc.b    0x19, 0x19, 0xd0, 0x00, 0x33, 0x00, 0x0e, 0xee, 0xe0, 0x00, 0xee, 0xee, 0xf0, 0x00, 0xef, 0xff
    dc.b    0xee, 0xef, 0xfe, 0xef, 0xff, 0xcc, 0xee, 0xee, 0xef, 0xfe, 0xbd, 0xee, 0xef, 0xcf, 0xe5, 0xe8
    dc.b    0xee, 0xfc, 0xe5, 0x55, 0xfe, 0xfc, 0xea, 0xc5, 0xfe, 0xfc, 0xea, 0xaa, 0xf0, 0x00, 0xfe, 0xff
    dc.b    0xea, 0x77, 0xee, 0xef, 0xea, 0x77, 0xe8, 0xee, 0xaa, 0x77, 0x8d, 0xee, 0xba, 0xc7, 0xaa, 0xed
    dc.b    0xdd, 0xac, 0xaa, 0xad, 0x88, 0xdd, 0xab, 0xbb, 0xbb, 0x88, 0x4b, 0xba, 0xf0, 0x00, 0xaa, 0xbb
    dc.b    0x4b, 0xaa, 0x77, 0x7b, 0x44, 0xaa, 0x77, 0xca, 0x44, 0xaa, 0x7c, 0xc7, 0x14, 0x4a, 0x7c, 0xc7
    dc.b    0x24, 0x4b, 0xa7, 0x78, 0x34, 0x18, 0xba, 0x8d, 0x62, 0x42, 0xb8, 0xdd, 0x2b, 0x5b, 0x36, 0x41
    dc.b    0x8d, 0xdd, 0xf0, 0x00, 0xe0, 0x00, 0x00, 0x00, 0xee, 0xee, 0x00, 0x00, 0xfe, 0xff, 0xfe, 0x00
    dc.b    0xcf, 0xef, 0xcc, 0xe0, 0xfc, 0xee, 0xfc, 0xfe, 0xfc, 0xee, 0xff, 0xfe, 0xef, 0x8e, 0xfe, 0xfe
    dc.b    0x8e, 0xde, 0xf0, 0x00, 0xee, 0xe0, 0x55, 0xd5, 0xe0, 0xe0, 0xb8, 0x70, 0x00, 0x00, 0xb8, 0x7e
    dc.b    0x00, 0x00, 0xad, 0xde, 0x00, 0x00, 0x5e, 0xee, 0xaa, 0xab, 0x5e, 0x1e, 0x7c, 0xc7, 0x7e, 0x12
    dc.b    0x77, 0x7a, 0xf0, 0x00, 0xd2, 0x11, 0xaa, 0xaa, 0xd2, 0x41, 0xaa, 0x77, 0x82, 0x41, 0xba, 0x77
    dc.b    0x83, 0x41, 0xbb, 0xaa, 0x89, 0x41, 0xbb, 0xba, 0x89, 0x42, 0x8b, 0xbb, 0xd9, 0x42, 0x88, 0x8b
    dc.b    0xd9, 0x4d, 0x60, 0x15, 0xdd, 0xdd, 0xd3, 0x40, 0x00, 0x00, 0x91, 0x40, 0x00, 0x00, 0x11, 0x00
    dc.b    0x7f, 0x5b, 0x01, 0x49, 0x05, 0x01, 0x07, 0x00, 0xb1, 0xfb, 0xbb, 0x00, 0x00, 0x00, 0xaa, 0xbb
    dc.b    0xbb, 0xb0, 0x77, 0xcc, 0xcc, 0x7a, 0xcc, 0xcc, 0xcc, 0xcc, 0x7c, 0xcc, 0xcc, 0xc7, 0x77, 0x7c
    dc.b    0x93, 0x19, 0x77, 0x7b, 0xba, 0xaa, 0xaa, 0xaa, 0xbb, 0xba, 0xaa, 0xab, 0x88, 0x8b, 0xbb, 0x88
    dc.b    0xdd, 0xdd, 0x88, 0xdd, 0xe2, 0x01, 0x00, 0x21, 0x44, 0x44, 0x00, 0x21, 0x14, 0x44, 0x00, 0x31
    dc.b    0x11, 0x11, 0x00, 0x31, 0x22, 0x13, 0x00, 0x31, 0x33, 0x21, 0x00, 0x31, 0x23, 0x32, 0x00, 0x32
    dc.b    0x12, 0x33, 0x11, 0x01, 0x11, 0x23, 0x61, 0x01, 0x00, 0x02, 0x11, 0x12, 0x00, 0x03, 0x21, 0x12
    dc.b    0x00, 0x03, 0x22, 0x11, 0x11, 0x01, 0x00, 0x00, 0x00, 0x02, 0xee, 0x57, 0x12, 0x01, 0x00, 0x32
    dc.b    0x10, 0x16, 0x00, 0x03, 0x7e, 0xf1, 0x60, 0x04, 0x11, 0x12, 0x22, 0x33, 0x11, 0x11, 0x23, 0x33
    dc.b    0x22, 0x21, 0x11, 0x23, 0xec, 0x72, 0x71, 0x0a, 0x21, 0x33, 0x32, 0x23, 0x21, 0x33, 0x32, 0x22
    dc.b    0x32, 0x12, 0x33, 0x22, 0x32, 0x12, 0x50, 0x06, 0x33, 0x33, 0x23, 0x32, 0x22, 0x33, 0x22, 0x33
    dc.b    0x22, 0x22, 0xee, 0x57, 0x12, 0x00, 0x11, 0x11, 0x00, 0x01, 0xf5, 0x8f, 0xf0, 0x00, 0x12, 0x38
    dc.b    0x00, 0x00, 0x88, 0x8b, 0x00, 0x00, 0x8b, 0xbb, 0x00, 0x00, 0x8b, 0xba, 0x00, 0x08, 0xbb, 0xa7
    dc.b    0x00, 0x8b, 0xa7, 0x7c, 0x88, 0x8b, 0xa7, 0x77, 0xbb, 0xba, 0xbb, 0x88, 0x43, 0x3f, 0xbd, 0xa8
    dc.b    0x7d, 0x7d, 0x8d, 0xbd, 0xad, 0x7d, 0x60, 0x04, 0x66, 0x99, 0x99, 0x00, 0x33, 0x69, 0x90, 0x00
    dc.b    0x66, 0x99, 0x90, 0x00, 0xec, 0x7d, 0x00, 0x01, 0xed, 0xd2, 0x22, 0x09, 0x90, 0x00, 0x22, 0x33
    dc.b    0x31, 0x09, 0x66, 0x66, 0x90, 0x00, 0x36, 0x66, 0x11, 0x07, 0x69, 0x00, 0x10, 0x01, 0x33, 0x33
    dc.b    0xed, 0xcc, 0x10, 0x03, 0x22, 0x23, 0xee, 0x54, 0x10, 0x02, 0x38, 0x8b, 0xee, 0x57, 0xf0, 0x00
    dc.b    0xaa, 0x00, 0xba, 0xa7, 0x7a, 0x00, 0x77, 0xcc, 0x7a, 0x00, 0xcc, 0xcc, 0x7b, 0x00, 0xcc, 0xcc
    dc.b    0x78, 0x00, 0x77, 0x7a, 0xad, 0x00, 0x8a, 0xcc, 0x7d, 0x00, 0xa7, 0xcc, 0xad, 0x00, 0x10, 0x03
    dc.b    0xba, 0xa8, 0x7e, 0x85, 0xf0, 0x00, 0xb8, 0x88, 0x8b, 0xa7, 0x7a, 0xbb, 0xa7, 0xcc, 0x7b, 0xba
    dc.b    0x7c, 0xcc, 0xab, 0xbb, 0xbb, 0xba, 0xbb, 0xbb, 0xa7, 0x77, 0xab, 0xba, 0xaa, 0xa7, 0xb8, 0x8b
    dc.b    0xbb, 0xaa, 0xdd, 0x88, 0x3d, 0x9f, 0x8b, 0xbb, 0xdd, 0xdd, 0xdd, 0xdd, 0x41, 0x01, 0xcc, 0xcc
    dc.b    0xc7, 0xab, 0xcc, 0xcc, 0xcc, 0xc5, 0xcd, 0x1f, 0xaa, 0x77, 0x77, 0x75, 0x77, 0x77, 0x77, 0xa5
    dc.b    0x77, 0x7a, 0xaa, 0xb5, 0xaa, 0xaa, 0xbb, 0xb8, 0xb8, 0x88, 0x8d, 0xdd, 0xdd, 0xdd, 0xd0, 0x00
    dc.b    0xc1, 0x0b, 0x55, 0x55, 0x55, 0x5d, 0xdd, 0x88, 0x8d, 0x55, 0xd8, 0x88, 0xdd, 0x55, 0xdd, 0xdd
    dc.b    0xd5, 0x5b, 0x55, 0x55, 0x55, 0x5a, 0x55, 0x55, 0x55, 0x5b, 0x10, 0x0f, 0xdd, 0x00, 0x7f, 0x21
    dc.b    0xf0, 0x0f, 0x88, 0xdd, 0x5b, 0xa0, 0x55, 0x55, 0x87, 0xcc, 0x8a, 0x77, 0x77, 0x77, 0x7c, 0xb8
    dc.b    0xdd, 0x7a, 0x7c, 0x7b, 0xda, 0x7b, 0xa7, 0xcc, 0xad, 0xbd, 0xdb, 0x77, 0x77, 0xd0, 0x0d, 0xd8
    dc.b    0x7f, 0xe0, 0xd0, 0x05, 0x41, 0x11, 0x13, 0x91, 0x11, 0x11, 0x23, 0x91, 0x22, 0x23, 0x39, 0x22
    dc.b    0x23, 0x33, 0x93, 0x26, 0x66, 0x69, 0x33, 0x69, 0x66, 0x93, 0x39, 0x95, 0x99, 0x99, 0xed, 0x04
    dc.b    0x20, 0x04, 0x21, 0x12, 0x22, 0x12, 0xfb, 0x8f, 0x60, 0x01, 0x52, 0x41, 0x11, 0x11, 0x51, 0x11
    dc.b    0x12, 0x69, 0x51, 0x12, 0x69, 0x96, 0xfb, 0x93, 0x00, 0x07, 0xfb, 0x95, 0x00, 0x02, 0xe9, 0xea
    dc.b    0x10, 0x02, 0x14, 0x44, 0x7c, 0x33, 0x15, 0x01, 0x41, 0x11, 0xb0, 0x07, 0x14, 0x44, 0x44, 0x11
    dc.b    0x1d, 0xdd, 0x11, 0x00, 0x1d, 0xd2, 0x26, 0x00, 0xd3, 0x23, 0x90, 0x00, 0x96, 0x99, 0x00, 0x00
    dc.b    0x99, 0x00, 0x7d, 0x31, 0x12, 0x01, 0x39, 0x00, 0x14, 0x01, 0x29, 0x00, 0x10, 0x01, 0x26, 0x90
    dc.b    0xf4, 0x62, 0x10, 0x01, 0x66, 0x90, 0xf3, 0xb8, 0x00, 0x01, 0xfb, 0x97, 0x02, 0x01, 0x10, 0x01
    dc.b    0x33, 0x36, 0x7e, 0xe3, 0x00, 0x01, 0xfb, 0x98, 0x01, 0x01, 0x00, 0x01, 0xfb, 0x99, 0x00, 0x01
    dc.b    0xf0, 0xc2, 0x00, 0x05, 0xfb, 0x9a, 0x00, 0x00, 0x00, 0x00
spr_ken_102_animation0_frame1_tileset_data_size = .-spr_ken_102_animation0_frame1_tileset_data

    .align  2
spr_ken_104_animation0_frame0_tileset_data:
    dc.b    0x00, 0x0d, 0xe6, 0xb4, 0x09, 0x00, 0x12, 0x01, 0x00, 0x09, 0x10, 0x01, 0x00, 0x96, 0xee, 0x3b
    dc.b    0x12, 0x01, 0x09, 0x33, 0x18, 0x15, 0x00, 0x03, 0x12, 0x01, 0x00, 0x0d, 0xd0, 0x01, 0x00, 0xdb
    dc.b    0x00, 0x00, 0x0d, 0x87, 0x00, 0x00, 0xdb, 0x7c, 0x00, 0x0d, 0x8b, 0xba, 0x00, 0x0d, 0x7d, 0x78
    dc.b    0x00, 0x0d, 0xad, 0x7d, 0x00, 0x00, 0xdd, 0xdd, 0xe6, 0xf6, 0x71, 0x01, 0x93, 0x32, 0x00, 0x00
    dc.b    0x93, 0x22, 0x00, 0x00, 0x93, 0x21, 0x00, 0x09, 0x63, 0x21, 0x21, 0x01, 0x00, 0x96, 0x62, 0x21
    dc.b    0xf0, 0x00, 0x09, 0x63, 0x62, 0x21, 0x96, 0x63, 0x62, 0x11, 0x96, 0x33, 0x62, 0x11, 0x93, 0x33
    dc.b    0x62, 0x11, 0x63, 0x33, 0x32, 0x14, 0x33, 0x33, 0x22, 0x14, 0x33, 0x33, 0x21, 0x44, 0x33, 0x33
    dc.b    0x31, 0x01, 0x11, 0x44, 0x33, 0x32, 0x14, 0x44, 0xf0, 0x00, 0x33, 0x31, 0x44, 0x41, 0x33, 0x24
    dc.b    0x44, 0x41, 0x0d, 0x24, 0x41, 0x11, 0x0d, 0x88, 0x83, 0x22, 0xd8, 0x88, 0x88, 0x88, 0x88, 0xbb
    dc.b    0xbb, 0x88, 0xba, 0x77, 0x7b, 0xb8, 0xa7, 0xcc, 0xf0, 0x00, 0xc7, 0xb8, 0xcc, 0xcc, 0xc7, 0xa8
    dc.b    0xcc, 0xcc, 0xc7, 0xab, 0xaa, 0x77, 0x77, 0x7b, 0x78, 0x78, 0x8c, 0xcb, 0x7d, 0xb8, 0x77, 0x78
    dc.b    0xdd, 0x8d, 0xd8, 0x80, 0x21, 0x44, 0x41, 0x12, 0x31, 0x01, 0x11, 0x44, 0x41, 0x12, 0x14, 0x44
    dc.b    0xe1, 0x0d, 0x11, 0x22, 0x44, 0x44, 0x11, 0x22, 0x44, 0x41, 0x12, 0x22, 0x44, 0x41, 0x22, 0x21
    dc.b    0x44, 0x11, 0x22, 0x41, 0x11, 0x12, 0x24, 0x11, 0x11, 0x12, 0x41, 0x12, 0x11, 0x14, 0xe0, 0x01
    dc.b    0x12, 0x23, 0x44, 0x41, 0x22, 0x33, 0x44, 0x11, 0x23, 0x39, 0x41, 0x12, 0x23, 0x99, 0x41, 0x22
    dc.b    0x36, 0x90, 0x11, 0x22, 0x36, 0x90, 0x12, 0x23, 0x39, 0x00, 0x12, 0x23, 0xeb, 0x45, 0x21, 0x01
    dc.b    0x23, 0x39, 0x00, 0x00, 0x00, 0x12, 0x00, 0x00, 0x92, 0x25, 0x23, 0x32, 0x23, 0x90, 0x23, 0x22
    dc.b    0x23, 0x90, 0x22, 0x22, 0x33, 0x90, 0x22, 0x12, 0x39, 0x00, 0x21, 0x22, 0x52, 0x01, 0x12, 0x33
    dc.b    0x90, 0x00, 0x22, 0x39, 0x00, 0x00, 0x23, 0x90, 0x32, 0x01, 0x39, 0x00, 0x00, 0x00, 0x90, 0x00
    dc.b    0x00, 0x24, 0x00, 0x00, 0xf0, 0x00, 0x0d, 0x77, 0xcc, 0xcd, 0x5d, 0xdd, 0xb8, 0xd7, 0x5d, 0x77
    dc.b    0xcc, 0xcd, 0x5d, 0xd8, 0xb8, 0xdd, 0x5d, 0x77, 0xcc, 0xad, 0x5d, 0x8b, 0xb8, 0xdd, 0x0d, 0x77
    dc.b    0xcc, 0xbd, 0x00, 0xdd, 0x30, 0x17, 0xdd, 0xd5, 0x00, 0x05, 0x55, 0x55, 0x7e, 0xf3, 0x05, 0x01
    dc.b    0x12, 0x01, 0x00, 0x96, 0x10, 0x01, 0x00, 0x93, 0x7e, 0xe9, 0x00, 0x02, 0x7e, 0xe7, 0x01, 0xfb
    dc.b    0xf0, 0x00, 0x96, 0x32, 0x8a, 0xb8, 0x11, 0x16, 0xd7, 0x7b, 0x81, 0x11, 0xcd, 0x77, 0xb6, 0x11
    dc.b    0xcd, 0x7a, 0xb8, 0x31, 0x7d, 0xab, 0xb8, 0x63, 0xdb, 0xbb, 0x85, 0x99, 0x58, 0x88, 0xd3, 0x55
    dc.b    0xf0, 0x00, 0x58, 0xdd, 0x63, 0x35, 0xdd, 0xd6, 0x32, 0x12, 0x00, 0x62, 0x22, 0x22, 0x00, 0x21
    dc.b    0x23, 0x21, 0x03, 0x91, 0x22, 0x32, 0x03, 0x94, 0x12, 0x23, 0x33, 0x94, 0x41, 0x12, 0x39, 0x94
    dc.b    0xf0, 0x00, 0x44, 0x41, 0x39, 0x91, 0x44, 0x44, 0x99, 0x93, 0x44, 0x44, 0x96, 0x39, 0x99, 0x93
    dc.b    0x96, 0x66, 0x63, 0x39, 0x63, 0x22, 0x22, 0x22, 0x63, 0x33, 0x33, 0x21, 0x33, 0x21, 0x11, 0x44
    dc.b    0xd1, 0x01, 0x33, 0x14, 0x44, 0x44, 0x63, 0x32, 0x21, 0x14, 0x32, 0x21, 0x14, 0x44, 0x32, 0x21
    dc.b    0x44, 0x44, 0x32, 0x11, 0x44, 0x44, 0x22, 0x14, 0x44, 0x41, 0x21, 0x14, 0x00, 0x01, 0xea, 0x7a
    dc.b    0x01, 0xfd, 0xf0, 0x00, 0x11, 0x91, 0x92, 0x14, 0x62, 0x19, 0x92, 0x11, 0x16, 0x61, 0x19, 0x93
    dc.b    0x11, 0x16, 0x61, 0x19, 0x22, 0x22, 0x26, 0x91, 0x33, 0x33, 0x33, 0x69, 0x59, 0x63, 0x33, 0x66
    dc.b    0x55, 0x55, 0xf0, 0x00, 0x96, 0x66, 0x3d, 0x55, 0x55, 0x55, 0x23, 0x65, 0x55, 0x55, 0x11, 0x26
    dc.b    0x99, 0x55, 0x21, 0x11, 0x26, 0x55, 0x33, 0x33, 0x3d, 0x55, 0x36, 0x66, 0x65, 0x55, 0x22, 0x36
    dc.b    0x65, 0x5d, 0xf0, 0x00, 0x44, 0x23, 0x65, 0x5d, 0x41, 0x23, 0xd5, 0x5d, 0x22, 0x33, 0xd5, 0x5d
    dc.b    0x99, 0x33, 0xd5, 0x5d, 0x23, 0x99, 0xd5, 0x5d, 0x12, 0x26, 0xd5, 0x59, 0x41, 0x13, 0xd5, 0x59
    dc.b    0x41, 0x12, 0x11, 0x01, 0xd5, 0x56, 0xe1, 0xfd, 0x11, 0x12, 0xd5, 0x56, 0x11, 0x22, 0x36, 0x56
    dc.b    0x11, 0x22, 0x66, 0x66, 0x12, 0x23, 0x66, 0x36, 0x12, 0x26, 0x63, 0x36, 0x22, 0x36, 0x32, 0x39
    dc.b    0x22, 0x33, 0x22, 0x39, 0x20, 0x02, 0x44, 0x44, 0x44, 0x11, 0xe7, 0x7e, 0xb3, 0x00, 0x92, 0x22
    dc.b    0x22, 0x33, 0x19, 0x33, 0x33, 0x33, 0x11, 0x93, 0x33, 0x22, 0x91, 0x93, 0x22, 0x23, 0x91, 0x96
    dc.b    0x66, 0x95, 0x55, 0x55, 0xd1, 0x01, 0x96, 0x32, 0xd5, 0x56, 0x21, 0x11, 0xd5, 0x55, 0x32, 0x22
    dc.b    0x6d, 0x55, 0x63, 0x32, 0x66, 0x55, 0x53, 0x22, 0x33, 0x55, 0x52, 0x11, 0x22, 0x55, 0x52, 0x14
    dc.b    0x92, 0x01, 0x22, 0xd5, 0x59, 0x11, 0x22, 0xd5, 0x55, 0x99, 0x99, 0xd5, 0x55, 0x33, 0x99, 0xd5
    dc.b    0x55, 0x32, 0x69, 0xd5, 0x80, 0x01, 0x69, 0x95, 0x55, 0x32, 0x69, 0x9d, 0x55, 0x32, 0x99, 0x99
    dc.b    0x66, 0x62, 0x90, 0x09, 0x66, 0x63, 0xea, 0x80, 0x12, 0x01, 0x96, 0x66, 0x10, 0x23, 0x09, 0x66
    dc.b    0x7e, 0xdc, 0x52, 0x01, 0x00, 0x0b, 0x00, 0x00, 0x00, 0x87, 0x00, 0x00, 0x00, 0xb7, 0x10, 0x01
    dc.b    0x00, 0xba, 0xec, 0x12, 0x12, 0x03, 0x00, 0x88, 0x32, 0x0d, 0x00, 0x8a, 0x00, 0x00, 0x00, 0xbc
    dc.b    0x01, 0x05, 0x01, 0x09, 0x10, 0x1b, 0x0d, 0xdd, 0x7f, 0xc9, 0xa1, 0x01, 0x00, 0x26, 0x00, 0x00
    dc.b    0x22, 0x61, 0x00, 0xa2, 0x16, 0x1d, 0xba, 0xb1, 0x62, 0x1d, 0x77, 0xb1, 0x61, 0x48, 0xcc, 0xb1
    dc.b    0xf0, 0x00, 0x64, 0x4b, 0xc7, 0xb1, 0x64, 0x4b, 0x77, 0x81, 0x64, 0x4b, 0xa7, 0x81, 0x61, 0x4b
    dc.b    0xba, 0x81, 0x62, 0x48, 0xbb, 0x82, 0x16, 0x41, 0x77, 0xb8, 0x16, 0x24, 0xcc, 0x78, 0x11, 0x64
    dc.b    0x84, 0x27, 0xcc, 0x78, 0x21, 0x61, 0x77, 0xab, 0x81, 0x16, 0xaa, 0xaa, 0x82, 0x11, 0xdd, 0xd8
    dc.b    0x88, 0x11, 0x20, 0x01, 0x00, 0x0e, 0x00, 0x00, 0xf4, 0x47, 0x02, 0x01, 0x11, 0x01, 0xee, 0xfe
    dc.b    0x22, 0x01, 0x00, 0x0e, 0xef, 0xfe, 0xf0, 0x00, 0xef, 0xeb, 0x00, 0x0e, 0xde, 0xeb, 0x00, 0x1e
    dc.b    0x8e, 0xeb, 0x11, 0xdd, 0xbe, 0xaa, 0x1d, 0xbb, 0xaa, 0x7a, 0xd8, 0xb7, 0xc7, 0xaa, 0x88, 0x8a
    dc.b    0x7a, 0xa7, 0x77, 0xa8, 0x8a, 0xab, 0x82, 0x01, 0xa7, 0x77, 0xa8, 0x88, 0xcc, 0xc7, 0xb8, 0xb7
    dc.b    0xcc, 0xcc, 0x78, 0xa7, 0xcc, 0xcc, 0x78, 0x7c, 0xf0, 0x00, 0xab, 0x7c, 0x7c, 0xc7, 0xa8, 0xa7
    dc.b    0xa7, 0x7a, 0xb8, 0xba, 0x8a, 0xab, 0x88, 0xbb, 0x3b, 0xb8, 0x8a, 0x88, 0x48, 0x88, 0xaa, 0xa8
    dc.b    0x42, 0xba, 0xaa, 0xb1, 0x64, 0x2b, 0xab, 0x14, 0x42, 0x00, 0x16, 0x42, 0x91, 0x11, 0x0e, 0xee
    dc.b    0xee, 0xee, 0xf0, 0x00, 0xef, 0xee, 0xee, 0xff, 0xfe, 0xef, 0xef, 0xff, 0xfc, 0xcc, 0xee, 0xee
    dc.b    0xef, 0xff, 0xee, 0xef, 0xee, 0xee, 0xee, 0xff, 0xee, 0xde, 0xef, 0xcf, 0xe8, 0xbb, 0xef, 0xcf
    dc.b    0xeb, 0xaa, 0xf0, 0x00, 0xee, 0xce, 0xea, 0x7c, 0xee, 0xfe, 0xaa, 0xa7, 0xbe, 0xee, 0xa7, 0x77
    dc.b    0xbe, 0xed, 0xdb, 0x7c, 0xa7, 0xb8, 0x8d, 0xda, 0x77, 0xbb, 0x88, 0xdd, 0x77, 0xa8, 0x88, 0x8d
    dc.b    0x88, 0xa7, 0xf0, 0x00, 0x77, 0x8d, 0xa7, 0x77, 0xaa, 0x83, 0x77, 0x77, 0x78, 0x62, 0x7c, 0xcc
    dc.b    0x78, 0x22, 0xcc, 0xcc, 0xb8, 0x12, 0xcc, 0xc7, 0x82, 0x13, 0xcc, 0x7b, 0x14, 0x19, 0x77, 0xb8
    dc.b    0x44, 0x39, 0xf0, 0x00, 0xab, 0x81, 0x42, 0x92, 0xb8, 0x14, 0x49, 0x21, 0x84, 0x44, 0x92, 0x11
    dc.b    0x44, 0x49, 0x21, 0x14, 0x44, 0x92, 0x11, 0x44, 0x49, 0x21, 0x14, 0x44, 0x92, 0x14, 0x44, 0x44
    dc.b    0x96, 0x66, 0xf0, 0x00, 0x32, 0x21, 0x96, 0x66, 0x62, 0x22, 0x09, 0x66, 0x63, 0x22, 0x09, 0x63
    dc.b    0x66, 0x32, 0x09, 0x63, 0x36, 0x66, 0x00, 0x96, 0x33, 0x21, 0x00, 0x96, 0x33, 0x32, 0x00, 0x96
    dc.b    0x66, 0x33, 0x51, 0x03, 0x00, 0x96, 0x33, 0x33, 0x00, 0x93, 0x33, 0x22, 0x00, 0x93, 0x12, 0x05
    dc.b    0x33, 0x32, 0x61, 0x01, 0x32, 0x21, 0x00, 0x93, 0x22, 0x11, 0x00, 0x93, 0x22, 0x22, 0x00, 0x92
    dc.b    0xf0, 0x00, 0x22, 0x23, 0x00, 0x92, 0x22, 0x33, 0x00, 0x93, 0x23, 0x33, 0x00, 0x00, 0x63, 0x33
    dc.b    0x00, 0x00, 0x0d, 0x83, 0x00, 0x00, 0x0d, 0x88, 0x00, 0x00, 0x0d, 0x8b, 0x00, 0x00, 0xd8, 0xba
    dc.b    0x61, 0x07, 0x00, 0x0d, 0x8b, 0xa7, 0x00, 0x0d, 0xba, 0xa7, 0x00, 0x0d, 0x8a, 0xaa, 0x02, 0x0b
    dc.b    0x11, 0xba, 0x00, 0xdd, 0xf0, 0x00, 0x12, 0x21, 0x14, 0x44, 0x11, 0x21, 0x14, 0x44, 0x11, 0x12
    dc.b    0x11, 0x44, 0x22, 0x11, 0x11, 0x44, 0x62, 0x11, 0x31, 0x41, 0x11, 0x12, 0x31, 0x41, 0x11, 0x23
    dc.b    0x31, 0x13, 0x22, 0x33, 0xf0, 0x00, 0x11, 0x23, 0x33, 0x22, 0x11, 0x32, 0x22, 0x21, 0x12, 0x32
    dc.b    0x22, 0x11, 0x23, 0x31, 0x21, 0x12, 0x23, 0x21, 0x11, 0x23, 0x33, 0x21, 0x12, 0x23, 0x32, 0x21
    dc.b    0x22, 0x33, 0x32, 0x11, 0x71, 0x01, 0x23, 0x33, 0x22, 0x14, 0x33, 0x33, 0x22, 0x14, 0x33, 0x32
    dc.b    0x21, 0x14, 0x33, 0x22, 0xf0, 0x00, 0x21, 0x44, 0x32, 0x22, 0x11, 0x44, 0x22, 0x22, 0x11, 0x44
    dc.b    0x88, 0x88, 0x88, 0x00, 0xbb, 0xbb, 0x80, 0x00, 0x77, 0x77, 0x80, 0x00, 0x7c, 0xcc, 0xa8, 0x00
    dc.b    0x7c, 0xcc, 0xca, 0x80, 0xd4, 0x01, 0x77, 0x77, 0x77, 0xb8, 0xaa, 0xab, 0x88, 0x8b, 0xba, 0x7c
    dc.b    0xcb, 0xcb, 0x8a, 0xa7, 0xad, 0x7d, 0xdd, 0xdd, 0xdd, 0xdd, 0x44, 0x13, 0x00, 0x00, 0x44, 0x42
    dc.b    0x52, 0x01, 0x14, 0x12, 0x00, 0x00, 0x21, 0x12, 0x00, 0x00, 0x21, 0x10, 0x32, 0x01, 0x11, 0x10
    dc.b    0x00, 0x00, 0x11, 0x20, 0x1c, 0x01, 0x41, 0x20, 0x12, 0x01, 0x41, 0x00, 0x00, 0x0e, 0xe4, 0x05
    dc.b    0xf0, 0x00, 0xb8, 0x80, 0x00, 0x00, 0xcb, 0xc8, 0x00, 0x00, 0x7d, 0xbd, 0x00, 0x00, 0xdd, 0xd0
    dc.b    0x00, 0x00, 0xee, 0xed, 0xaa, 0x77, 0xee, 0xee, 0xdd, 0xba, 0xfe, 0xfe, 0xee, 0xdd, 0xce, 0xfe
    dc.b    0xf0, 0x00, 0xee, 0xee, 0xfe, 0xee, 0xe8, 0xee, 0xee, 0xe8, 0xe8, 0xee, 0xe8, 0xe8, 0xab, 0xe0
    dc.b    0x55, 0xaa, 0xb8, 0x00, 0xc5, 0x55, 0xd0, 0x0e, 0xaa, 0xb8, 0x73, 0x33, 0x77, 0xa8, 0x76, 0x32
    dc.b    0xf2, 0x01, 0x77, 0x7d, 0xd3, 0x21, 0x75, 0x56, 0x62, 0x1d, 0xc5, 0x56, 0x21, 0x4d, 0xcc, 0x73
    dc.b    0x14, 0x4d, 0xdd, 0xd2, 0x14, 0x4d, 0x66, 0x92, 0x14, 0x4d, 0x36, 0x92, 0x14, 0x4d, 0x29, 0x32
    dc.b    0x71, 0x01, 0x39, 0x22, 0x14, 0x42, 0x93, 0x22, 0x11, 0x41, 0x93, 0x22, 0x21, 0x44, 0x22, 0x22
    dc.b    0xa1, 0x00, 0x21, 0x14, 0x21, 0x12, 0x22, 0x11, 0x11, 0x11, 0x12, 0x21, 0x44, 0x44, 0x11, 0x22
    dc.b    0x44, 0x44, 0x41, 0x11, 0x44, 0x44, 0x00, 0x01, 0xfa, 0x53, 0xf0, 0x01, 0x7a, 0x55, 0xdd, 0xd8
    dc.b    0xa8, 0x55, 0x55, 0xdd, 0x8d, 0x55, 0x55, 0x55, 0xed, 0x55, 0x55, 0x58, 0xee, 0x05, 0x55, 0x5b
    dc.b    0xee, 0x00, 0x05, 0x8a, 0xee, 0x00, 0x00, 0xdb, 0xe0, 0x00, 0x7c, 0x21, 0xf0, 0x00, 0x22, 0x2d
    dc.b    0xdd, 0x88, 0x18, 0x87, 0xa8, 0xba, 0x8c, 0xca, 0x8a, 0xcc, 0xac, 0x7b, 0xb7, 0xcc, 0x7c, 0xab
    dc.b    0xa7, 0x77, 0x77, 0xab, 0xaa, 0x77, 0x7a, 0xa8, 0xba, 0xaa, 0xaa, 0xb8, 0xf0, 0x00, 0x8b, 0xba
    dc.b    0xbb, 0xbb, 0xbb, 0xa7, 0xbb, 0xaa, 0xaa, 0xaa, 0x87, 0x77, 0x77, 0xaa, 0xd7, 0x7a, 0xab, 0x88
    dc.b    0xd7, 0x7b, 0xb8, 0x88, 0x1d, 0xa8, 0x8a, 0xb8, 0x1d, 0xaa, 0xab, 0xbd, 0x40, 0x01, 0x44, 0xdb
    dc.b    0xbb, 0xdd, 0x44, 0x1d, 0xdd, 0x11, 0xf4, 0x42, 0x10, 0x01, 0x11, 0x13, 0xe4, 0xd1, 0xf0, 0x00
    dc.b    0x12, 0x30, 0x11, 0x11, 0x22, 0x30, 0x21, 0x11, 0x23, 0x30, 0x8d, 0x55, 0x50, 0x00, 0xd5, 0x5a
    dc.b    0xab, 0x00, 0x5b, 0x77, 0xcc, 0x7b, 0xbb, 0xa7, 0x7c, 0xcc, 0x7a, 0xba, 0x77, 0xcc, 0xf0, 0x00
    dc.b    0x77, 0xab, 0xa7, 0x77, 0xa7, 0x77, 0xaa, 0xa7, 0xba, 0x77, 0x7a, 0xaa, 0xdb, 0xa7, 0x77, 0x7a
    dc.b    0x8d, 0xba, 0xa7, 0xcc, 0xbb, 0xd8, 0xba, 0x77, 0xca, 0x8d, 0x88, 0xa7, 0xc7, 0xab, 0xf0, 0x00
    dc.b    0xdd, 0x88, 0x7a, 0xab, 0x88, 0xba, 0xaa, 0xb8, 0x8b, 0xaa, 0xab, 0x8b, 0xba, 0x77, 0xba, 0xa7
    dc.b    0x77, 0x7a, 0x77, 0x77, 0x7a, 0xab, 0xaa, 0xab, 0x88, 0x80, 0xbb, 0x88, 0x00, 0x00, 0x10, 0x01
    dc.b    0x88, 0x80, 0xea, 0xa5, 0x12, 0x01, 0xd2, 0x00, 0x00, 0x02, 0xe7, 0xb9, 0x01, 0x01, 0x09, 0x00
    dc.b    0xf0, 0x00, 0x11, 0x12, 0x21, 0x11, 0x22, 0x22, 0x11, 0x12, 0x33, 0x21, 0x11, 0x22, 0x32, 0x11
    dc.b    0x12, 0x22, 0x21, 0x12, 0x22, 0x33, 0x12, 0x22, 0x65, 0x00, 0x36, 0x65, 0x55, 0x00, 0x55, 0x55
    dc.b    0xf0, 0x00, 0x93, 0x21, 0x55, 0x62, 0x33, 0x12, 0x22, 0x33, 0x32, 0x29, 0x11, 0x23, 0x32, 0x19
    dc.b    0x12, 0x33, 0x21, 0x49, 0x23, 0x32, 0x14, 0x49, 0x22, 0x11, 0x44, 0x49, 0x11, 0x14, 0x44, 0x49
    dc.b    0xb0, 0x01, 0x14, 0x44, 0x44, 0x49, 0x44, 0x44, 0x41, 0x29, 0x44, 0x44, 0x29, 0x92, 0x12, 0x99
    dc.b    0x93, 0x21, 0x99, 0x32, 0x11, 0x44, 0x32, 0x21, 0x7e, 0xc1, 0x21, 0x01, 0x12, 0x22, 0x11, 0x14
    dc.b    0x72, 0x00, 0x11, 0x22, 0x21, 0x14, 0x21, 0x22, 0x21, 0x11, 0x21, 0x12, 0x21, 0x11, 0x22, 0x11
    dc.b    0x7e, 0x51, 0x32, 0x21, 0x12, 0x21, 0x32, 0x21, 0x11, 0x21, 0x63, 0x22, 0x11, 0x22, 0x22, 0x30
    dc.b    0x12, 0x01, 0x10, 0x00, 0xf0, 0x00, 0x21, 0x00, 0x00, 0x00, 0x91, 0x00, 0x00, 0x00, 0x69, 0x10
    dc.b    0x00, 0x00, 0x39, 0x10, 0x00, 0x00, 0x29, 0x22, 0x00, 0x00, 0x22, 0x99, 0x00, 0x00, 0x12, 0x20
    dc.b    0x00, 0x00, 0x11, 0x23, 0xf2, 0x01, 0x00, 0x00, 0x41, 0x12, 0x00, 0x00, 0x44, 0x12, 0x00, 0x00
    dc.b    0x44, 0x11, 0x30, 0x00, 0x44, 0x41, 0x20, 0x00, 0x44, 0x41, 0x23, 0x00, 0x44, 0x41, 0x13, 0x00
    dc.b    0x44, 0x44, 0x12, 0x00, 0x40, 0x01, 0x41, 0x30, 0x44, 0x44, 0x41, 0x20, 0x14, 0x44, 0xf3, 0x9d
    dc.b    0x49, 0x89, 0x11, 0x44, 0x44, 0x42, 0x11, 0x44, 0x44, 0x41, 0x69, 0x0f, 0x0d, 0xaa, 0x5d, 0xdd
    dc.b    0xdb, 0xa7, 0xa5, 0x55, 0xdb, 0xa7, 0x7c, 0xcc, 0xf0, 0x00, 0xdd, 0x50, 0x00, 0x00, 0x55, 0x55
    dc.b    0x55, 0x00, 0xa5, 0xd8, 0x8d, 0x55, 0x7b, 0x00, 0x00, 0x00, 0xcc, 0xa0, 0x00, 0x00, 0xcc, 0xc7
    dc.b    0xa0, 0x00, 0x7c, 0xcc, 0xca, 0x00, 0x77, 0x7c, 0xf0, 0x00, 0xcc, 0x70, 0xaa, 0x77, 0xcc, 0xcc
    dc.b    0x77, 0x77, 0x7c, 0xcc, 0xcc, 0x77, 0x77, 0x7a, 0x7c, 0xcc, 0x77, 0xa0, 0xba, 0x77, 0xab, 0x80
    dc.b    0xaa, 0xaa, 0xb8, 0x00, 0x7a, 0xab, 0x80, 0x00, 0x52, 0x25, 0xaa, 0xb8, 0x00, 0x00, 0xa8, 0x80
    dc.b    0x00, 0x00, 0x80, 0x00, 0x00, 0x00, 0x00, 0x00
spr_ken_104_animation0_frame0_tileset_data_size = .-spr_ken_104_animation0_frame0_tileset_data

    .align  2
spr_ken_105_animation0_frame0_tileset_data:
    dc.b    0x00, 0x0d, 0xe2, 0xb0, 0x0d, 0x00, 0x12, 0x01, 0x00, 0x09, 0x1a, 0x01, 0x00, 0x93, 0x1e, 0x01
    dc.b    0x00, 0x9d, 0x12, 0x01, 0x00, 0x0d, 0x00, 0x11, 0x00, 0x00, 0xf0, 0x00, 0x00, 0x03, 0x22, 0x11
    dc.b    0x00, 0x32, 0x21, 0x11, 0x03, 0x33, 0xdd, 0xdd, 0x33, 0xdd, 0x88, 0xba, 0x3d, 0xba, 0xab, 0xa7
    dc.b    0x3d, 0xa7, 0xab, 0x77, 0xdb, 0xa7, 0xab, 0x7c, 0xdb, 0xa7, 0xf0, 0x00, 0xaa, 0x7c, 0xdb, 0xaa
    dc.b    0xaa, 0x7c, 0xdb, 0xba, 0xab, 0xa7, 0xd8, 0xbb, 0xbb, 0xba, 0xdb, 0xa7, 0xba, 0xc7, 0x8a, 0x77
    dc.b    0xac, 0xcc, 0xb7, 0x77, 0xa7, 0x7c, 0xba, 0xaa, 0xba, 0x77, 0x70, 0x01, 0xbb, 0xab, 0x88, 0x88
    dc.b    0x8b, 0xba, 0xa7, 0x77, 0x8a, 0x7c, 0xcc, 0xcc, 0x87, 0xcc, 0xea, 0x21, 0x4c, 0x38, 0xbb, 0xbb
    dc.b    0xaa, 0xaa, 0x8b, 0xbb, 0xbb, 0xbb, 0x14, 0x03, 0x00, 0x0e, 0xf0, 0x00, 0x00, 0x09, 0x11, 0x11
    dc.b    0x23, 0x99, 0x44, 0x44, 0x44, 0x19, 0xdd, 0xd4, 0x44, 0x41, 0xaa, 0xbd, 0xd1, 0x44, 0x77, 0x77
    dc.b    0xbd, 0x14, 0xcc, 0xc7, 0x7b, 0xd4, 0xcc, 0xcc, 0x7a, 0xd4, 0xf0, 0x00, 0xcc, 0xcc, 0x7b, 0xd4
    dc.b    0xcc, 0xc7, 0xab, 0xd4, 0x77, 0xaa, 0xb8, 0xd4, 0xaa, 0xbb, 0x8d, 0xd1, 0xab, 0x88, 0x8d, 0xd1
    dc.b    0xc7, 0xb8, 0xdd, 0x31, 0xcc, 0x7b, 0xd3, 0x21, 0x77, 0x78, 0xf6, 0x37, 0xd3, 0x22, 0x88, 0x8d
    dc.b    0xd3, 0x33, 0xaa, 0xdd, 0x66, 0x66, 0xcc, 0x7b, 0xd6, 0x66, 0xcc, 0xcc, 0xcd, 0x55, 0xcc, 0xcc
    dc.b    0x85, 0xdd, 0xa7, 0x77, 0x5d, 0x88, 0xbb, 0xbb, 0x5d, 0xdd, 0x62, 0x03, 0x0e, 0xee, 0x00, 0x00
    dc.b    0xee, 0xee, 0x0e, 0xee, 0xee, 0xee, 0xe0, 0xee, 0xf0, 0x00, 0xee, 0xee, 0xee, 0xfe, 0x22, 0xef
    dc.b    0xff, 0xfe, 0x21, 0xee, 0xee, 0xfc, 0xee, 0x1e, 0xfc, 0xcf, 0x92, 0x1e, 0xee, 0xee, 0x29, 0x21
    dc.b    0x18, 0xee, 0x12, 0x91, 0x44, 0x88, 0x41, 0x29, 0xf0, 0x00, 0x14, 0x4b, 0x44, 0x13, 0x91, 0x44
    dc.b    0x44, 0x12, 0x39, 0x14, 0x44, 0x12, 0x33, 0x91, 0x41, 0x12, 0x32, 0x39, 0x11, 0x22, 0x21, 0x23
    dc.b    0x11, 0x22, 0x21, 0x12, 0x12, 0x22, 0x11, 0x41, 0x52, 0x01, 0x22, 0x32, 0x11, 0x44, 0x23, 0x22
    dc.b    0x14, 0x44, 0x33, 0x22, 0xa0, 0x1b, 0x63, 0x22, 0x22, 0x88, 0x53, 0x33, 0x88, 0x77, 0xd5, 0x55
    dc.b    0x55, 0x55, 0x88, 0x85, 0xd8, 0x88, 0xdd, 0xd5, 0xdd, 0xdd, 0x7f, 0x01, 0x03, 0x00, 0x12, 0x01
    dc.b    0x00, 0x06, 0x10, 0x03, 0x00, 0x62, 0x7e, 0xf7, 0x03, 0x01, 0x16, 0x01, 0x00, 0x96, 0x12, 0x01
    dc.b    0x09, 0x66, 0x13, 0x01, 0x09, 0x63, 0xe0, 0x01, 0xd8, 0xbb, 0xbb, 0xbb, 0x9d, 0x7a, 0xab, 0xbb
    dc.b    0x0d, 0xb7, 0x7a, 0xaa, 0x00, 0xdd, 0xdd, 0xdd, 0x00, 0x62, 0x22, 0x22, 0x00, 0x96, 0x63, 0x33
    dc.b    0x00, 0x09, 0x66, 0x66, 0xf2, 0xd8, 0x12, 0x01, 0x05, 0x55, 0xf0, 0x00, 0x22, 0x22, 0x00, 0x63
    dc.b    0x33, 0x11, 0x06, 0x11, 0x22, 0x31, 0x06, 0x29, 0x11, 0x23, 0x61, 0x99, 0x91, 0x12, 0x62, 0x96
    dc.b    0x94, 0x41, 0x19, 0x66, 0x94, 0x44, 0x19, 0x63, 0x94, 0x44, 0xd1, 0x01, 0x29, 0x33, 0x91, 0x44
    dc.b    0x96, 0x33, 0x93, 0x14, 0x66, 0x32, 0x39, 0x99, 0x63, 0x32, 0x22, 0x22, 0x63, 0x32, 0x22, 0x11
    dc.b    0x63, 0x32, 0x21, 0x14, 0x33, 0x22, 0x31, 0x01, 0x21, 0x44, 0x33, 0x22, 0x11, 0x44, 0x20, 0x01
    dc.b    0x32, 0x22, 0x11, 0x44, 0xfb, 0xff, 0x51, 0x01, 0x14, 0x44, 0x22, 0x21, 0x14, 0x44, 0xbb, 0xbb
    dc.b    0xb5, 0xdd, 0xf0, 0x00, 0xb8, 0x88, 0x85, 0x55, 0xdd, 0xdd, 0xd5, 0x55, 0x22, 0x22, 0x11, 0x11
    dc.b    0x32, 0x22, 0x22, 0x22, 0x66, 0x63, 0x33, 0x32, 0x66, 0x32, 0x22, 0x23, 0x55, 0x93, 0x32, 0x21
    dc.b    0x55, 0x55, 0xf0, 0x00, 0x55, 0x93, 0x69, 0x55, 0x55, 0x55, 0x12, 0x69, 0x55, 0x55, 0x11, 0x12
    dc.b    0x26, 0x95, 0x21, 0x11, 0x11, 0x22, 0x22, 0x22, 0x21, 0x11, 0x12, 0x23, 0x22, 0x22, 0x41, 0x12
    dc.b    0x33, 0x36, 0xf0, 0x00, 0x44, 0x41, 0x11, 0x36, 0x44, 0x44, 0x41, 0x26, 0x44, 0x44, 0x41, 0x39
    dc.b    0x99, 0x93, 0x32, 0x39, 0x23, 0x39, 0x99, 0x99, 0x11, 0x12, 0x36, 0x65, 0x44, 0x12, 0x23, 0x65
    dc.b    0x44, 0x11, 0x14, 0x01, 0x23, 0x55, 0x21, 0x01, 0x23, 0x69, 0x41, 0x12, 0x92, 0x00, 0x23, 0x90
    dc.b    0x41, 0x12, 0x26, 0x90, 0x41, 0x22, 0x36, 0x90, 0xdd, 0xdd, 0x5d, 0xdd, 0xdd, 0xdd, 0x55, 0x55
    dc.b    0x50, 0x02, 0xd8, 0xba, 0x11, 0x11, 0x12, 0xdd, 0x22, 0x21, 0x11, 0x11, 0xe7, 0x42, 0x63, 0x12
    dc.b    0x11, 0x12, 0x23, 0x36, 0x32, 0x11, 0x11, 0x12, 0x59, 0x93, 0x33, 0x33, 0x92, 0x01, 0x23, 0x55
    dc.b    0x55, 0x55, 0x33, 0x55, 0x95, 0x55, 0x36, 0x55, 0x95, 0x55, 0x69, 0x55, 0x65, 0x55, 0x95, 0x55
    dc.b    0x70, 0x01, 0x95, 0x59, 0x65, 0x55, 0x55, 0x56, 0x65, 0x55, 0x55, 0xdd, 0x55, 0x55, 0x55, 0x99
    dc.b    0xea, 0x37, 0x11, 0x01, 0x59, 0x95, 0xd0, 0x09, 0x55, 0x63, 0x99, 0x65, 0x56, 0x63, 0x99, 0x65
    dc.b    0x56, 0x33, 0x09, 0x96, 0x66, 0x33, 0x00, 0x96, 0x66, 0x33, 0x00, 0x99, 0x66, 0x63, 0x00, 0x09
    dc.b    0x66, 0x63, 0x7e, 0x17, 0x01, 0xd5, 0x00, 0x02, 0x7e, 0x1d, 0x12, 0x01, 0x09, 0x32, 0x10, 0x01
    dc.b    0x96, 0x22, 0xfa, 0xb2, 0x01, 0x01, 0x52, 0x01, 0x92, 0x22, 0x00, 0x09, 0x32, 0x22, 0x00, 0x09
    dc.b    0x32, 0x23, 0x50, 0x01, 0x62, 0x23, 0x00, 0x00, 0xd2, 0x33, 0x00, 0x00, 0x0d, 0x33, 0xfc, 0xcf
    dc.b    0xf0, 0x00, 0x0d, 0xbb, 0x00, 0x00, 0xdb, 0xa7, 0x00, 0x00, 0xda, 0x77, 0x00, 0x0d, 0xb7, 0x7c
    dc.b    0x00, 0x0d, 0xa7, 0xcc, 0x00, 0xdb, 0x77, 0xcc, 0x00, 0xda, 0x7c, 0xcc, 0x08, 0xbb, 0xa8, 0xa8
    dc.b    0x41, 0xf7, 0x08, 0xcb, 0xcb, 0xca, 0x08, 0x7d, 0x7b, 0x7b, 0x21, 0x01, 0x09, 0x66, 0x32, 0x21
    dc.b    0x21, 0x01, 0x99, 0x66, 0x32, 0x11, 0xf0, 0x00, 0x39, 0x36, 0x32, 0x11, 0x36, 0x36, 0x32, 0x11
    dc.b    0x36, 0x33, 0x32, 0x21, 0x23, 0x32, 0x33, 0x21, 0x23, 0x32, 0x33, 0x22, 0x23, 0x32, 0x23, 0x22
    dc.b    0x23, 0x32, 0x22, 0x22, 0x33, 0x32, 0x81, 0x01, 0x21, 0x21, 0x33, 0x33, 0x21, 0x11, 0x33, 0x33
    dc.b    0x22, 0x11, 0x33, 0x33, 0x21, 0x14, 0x33, 0x32, 0x11, 0x01, 0x11, 0x44, 0xf0, 0x00, 0x33, 0x22
    dc.b    0x14, 0x44, 0x33, 0x21, 0x14, 0x44, 0x83, 0x21, 0x44, 0x41, 0xbb, 0x88, 0x80, 0x00, 0x77, 0xbb
    dc.b    0x80, 0x00, 0x77, 0x7b, 0xb0, 0x00, 0xcc, 0x77, 0xb0, 0x00, 0xcc, 0xc7, 0x11, 0x01, 0xa0, 0x00
    dc.b    0xe1, 0x01, 0xcc, 0x77, 0x70, 0x00, 0xb8, 0xba, 0x80, 0x00, 0xc8, 0xcc, 0xc0, 0x00, 0x7d, 0xa7
    dc.b    0xa0, 0x00, 0xdd, 0xd8, 0x80, 0x00, 0x14, 0x44, 0x44, 0x12, 0x14, 0x44, 0x41, 0x12, 0xf0, 0x00
    dc.b    0x44, 0x44, 0x41, 0x22, 0x44, 0x44, 0x11, 0x23, 0x44, 0x44, 0x12, 0x23, 0x14, 0x41, 0x22, 0x36
    dc.b    0x11, 0x12, 0x22, 0x39, 0x11, 0x22, 0x12, 0x69, 0x22, 0x21, 0x43, 0x90, 0x11, 0x14, 0xf0, 0x00
    dc.b    0x19, 0x00, 0x14, 0x44, 0x19, 0x00, 0x44, 0x41, 0x39, 0x00, 0x44, 0x41, 0x90, 0x00, 0x44, 0x13
    dc.b    0x90, 0x00, 0x44, 0x19, 0x00, 0x00, 0x44, 0x29, 0x00, 0x00, 0x41, 0x39, 0x00, 0x00, 0x32, 0x01
    dc.b    0x12, 0x90, 0x00, 0x00, 0x13, 0x90, 0x00, 0x14, 0x00, 0x00, 0x12, 0x01, 0x23, 0x90, 0x10, 0x01
    dc.b    0x33, 0x90, 0xe4, 0xd8, 0x01, 0x01, 0x12, 0x01, 0x90, 0x00, 0x00, 0x30, 0x00, 0x00, 0xf0, 0x00
    dc.b    0x96, 0x66, 0x32, 0x22, 0x96, 0x66, 0x33, 0x22, 0x09, 0x66, 0x63, 0x22, 0x00, 0x96, 0x63, 0x32
    dc.b    0x00, 0x99, 0x66, 0x33, 0x00, 0x96, 0x96, 0x63, 0x09, 0x66, 0x32, 0x26, 0x09, 0x66, 0x31, 0x01
    dc.b    0x66, 0x32, 0x09, 0x66, 0x66, 0x66, 0x40, 0x01, 0x00, 0x96, 0x66, 0x63, 0x00, 0x96, 0x63, 0x33
    dc.b    0xfc, 0x11, 0x71, 0x01, 0x33, 0x23, 0x00, 0x96, 0x33, 0x33, 0x00, 0x09, 0x33, 0x36, 0x00, 0x09
    dc.b    0x66, 0x66, 0x20, 0x01, 0x00, 0x00, 0x06, 0x66, 0xee, 0x95, 0x03, 0x01, 0x99, 0x3f, 0x08, 0xbb
    dc.b    0x00, 0x00, 0x08, 0x7c, 0x00, 0x00, 0x08, 0x77, 0x00, 0x00, 0x08, 0xba, 0x00, 0x00, 0x00, 0xdd
    dc.b    0xf0, 0x00, 0x33, 0x21, 0x11, 0x44, 0x23, 0x22, 0x11, 0x44, 0x12, 0x22, 0x21, 0x14, 0x21, 0x22
    dc.b    0x22, 0x11, 0x22, 0x12, 0x22, 0x21, 0x32, 0x21, 0x22, 0x22, 0x63, 0x22, 0x22, 0x22, 0x22, 0x23
    dc.b    0xf0, 0x00, 0x22, 0x32, 0x63, 0x33, 0x23, 0x32, 0x33, 0x32, 0x33, 0x22, 0x32, 0x23, 0x33, 0x22
    dc.b    0x22, 0x33, 0x32, 0x21, 0x23, 0x33, 0x32, 0x21, 0x33, 0x63, 0x22, 0x11, 0x66, 0x33, 0x22, 0x11
    dc.b    0x20, 0x03, 0x66, 0x32, 0x21, 0x11, 0x7e, 0x0f, 0xf0, 0x00, 0x21, 0x14, 0x83, 0x32, 0x11, 0x11
    dc.b    0x88, 0x88, 0x88, 0x80, 0x8b, 0xbb, 0xaa, 0xb0, 0xaa, 0xa7, 0x7c, 0x7b, 0xc7, 0x77, 0xcc, 0xc7
    dc.b    0x77, 0x77, 0xcc, 0xcc, 0xaa, 0xa7, 0x7c, 0xcc, 0x90, 0x01, 0xdb, 0xa7, 0x77, 0xcc, 0x0d, 0xaa
    dc.b    0x77, 0x77, 0x0d, 0xba, 0xaa, 0x77, 0x00, 0xdd, 0x8a, 0xa8, 0x00, 0x00, 0x7d, 0x83, 0x10, 0x01
    dc.b    0x44, 0x13, 0xfd, 0x48, 0x01, 0x01, 0x92, 0x01, 0x11, 0x12, 0x00, 0x00, 0x11, 0x22, 0x00, 0x00
    dc.b    0x22, 0x22, 0x00, 0x00, 0x22, 0x12, 0x00, 0x00, 0x21, 0x10, 0x52, 0x01, 0x21, 0x40, 0x00, 0x00
    dc.b    0x11, 0x40, 0x00, 0x00, 0x14, 0x40, 0x18, 0x01, 0x44, 0x40, 0x20, 0x08, 0x41, 0x10, 0x00, 0x00
    dc.b    0xe0, 0x28, 0x10, 0x03, 0xb0, 0x00, 0xf7, 0xc6, 0x85, 0x13, 0xab, 0xbb, 0xbb, 0x00, 0x7c, 0xc7
    dc.b    0xb7, 0x70, 0x77, 0x7a, 0x8a, 0xa0, 0x88, 0x8d, 0xd8, 0x00, 0x13, 0x00, 0xee, 0xee, 0x10, 0x02
    dc.b    0xee, 0xff, 0xf1, 0xcd, 0xf0, 0x00, 0xff, 0xfc, 0xcc, 0xfe, 0xee, 0xff, 0xff, 0xee, 0xff, 0xee
    dc.b    0xee, 0x5d, 0xce, 0xef, 0xee, 0xd5, 0xee, 0xff, 0xeb, 0xc5, 0xeb, 0xfe, 0xea, 0xab, 0xdf, 0xfe
    dc.b    0xa7, 0xab, 0x8f, 0xea, 0xf0, 0x00, 0xcc, 0x7a, 0xb8, 0xea, 0xab, 0x55, 0xba, 0xbd, 0xc7, 0x5d
    dc.b    0x4a, 0x7a, 0xd7, 0x77, 0x44, 0xad, 0x8d, 0xdd, 0x14, 0x4a, 0x88, 0x88, 0x94, 0x44, 0xbb, 0xab
    dc.b    0x29, 0x14, 0xba, 0x77, 0xf0, 0x00, 0x23, 0x94, 0x4a, 0x77, 0x12, 0x91, 0x4b, 0x7c, 0x42, 0x39
    dc.b    0x44, 0xac, 0x41, 0x29, 0x14, 0xb7, 0x41, 0x29, 0x14, 0x17, 0x88, 0x23, 0x94, 0x4a, 0x7a, 0x88
    dc.b    0x94, 0x4b, 0x55, 0xcc, 0x55, 0x41, 0x84, 0x48, 0x85, 0xcb, 0x84, 0x4d, 0xd5, 0xc7, 0x84, 0x4d
    dc.b    0x11, 0x43, 0xee, 0x00, 0xf0, 0x00, 0xe0, 0x00, 0xff, 0xef, 0xfe, 0x00, 0xef, 0xfe, 0xff, 0xe0
    dc.b    0xee, 0xcf, 0xef, 0xfe, 0x8e, 0xcf, 0xee, 0xfe, 0xef, 0xfe, 0xbe, 0xfe, 0xee, 0xe8, 0xee, 0xe0
    dc.b    0x55, 0x50, 0xee, 0x00, 0x30, 0x01, 0x8a, 0x00, 0x00, 0x00, 0x87, 0x00, 0xe7, 0x1c, 0x30, 0x02
    dc.b    0x50, 0x00, 0x00, 0x00, 0x11, 0x00, 0xf1, 0xd1, 0xa4, 0x01, 0x00, 0x00, 0x83, 0x10, 0x00, 0x00
    dc.b    0x8d, 0x12, 0x00, 0x00, 0xb8, 0x34, 0x00, 0x00, 0xa8, 0xd4, 0x00, 0x00, 0x78, 0xd4, 0x01, 0x07
    dc.b    0x72, 0x01, 0xbd, 0xd1, 0x00, 0x00, 0x8d, 0xd1, 0x00, 0x00, 0xdd, 0x21, 0x00, 0x00, 0xdd, 0x10
    dc.b    0xa0, 0x01, 0x55, 0x55, 0xc7, 0x84, 0x55, 0x57, 0xca, 0x84, 0xaa, 0x77, 0x7d, 0x91, 0xdd, 0xdd
    dc.b    0xd3, 0x91, 0x11, 0x11, 0x23, 0x91, 0xf9, 0xf3, 0xf0, 0x00, 0x39, 0x31, 0x66, 0x66, 0x99, 0x22
    dc.b    0x22, 0x23, 0x69, 0x23, 0x33, 0x66, 0x92, 0x50, 0x55, 0x55, 0x55, 0x00, 0x55, 0x59, 0x32, 0x20
    dc.b    0x59, 0x32, 0x11, 0x20, 0x51, 0x11, 0x23, 0x33, 0xf0, 0x00, 0x51, 0x23, 0x31, 0x41, 0x53, 0x31
    dc.b    0x14, 0x44, 0x53, 0x11, 0x44, 0x44, 0x51, 0x11, 0x39, 0x99, 0x52, 0x29, 0x93, 0x33, 0x59, 0x93
    dc.b    0x22, 0x11, 0x56, 0x32, 0x21, 0x14, 0x63, 0x22, 0x31, 0x01, 0x11, 0x44, 0x63, 0x22, 0x11, 0x14
    dc.b    0x21, 0x01, 0x33, 0x32, 0x21, 0x11, 0x00, 0x01, 0x7d, 0xe7, 0xf0, 0x00, 0x22, 0x11, 0x32, 0x33
    dc.b    0x32, 0x11, 0x32, 0x23, 0x32, 0x21, 0x33, 0x22, 0x33, 0x21, 0x63, 0x22, 0x23, 0x32, 0x4d, 0xd2
    dc.b    0x10, 0x00, 0x1d, 0x21, 0x00, 0x00, 0x16, 0x20, 0x00, 0x00, 0x10, 0x01, 0x16, 0x00, 0xe3, 0x22
    dc.b    0x01, 0x01, 0x0f, 0x00, 0x01, 0x11, 0xf0, 0x00, 0x12, 0x00, 0x00, 0x00, 0x41, 0x20, 0x00, 0x00
    dc.b    0x99, 0x92, 0x00, 0x00, 0x22, 0x92, 0x00, 0x00, 0x11, 0x20, 0x00, 0x00, 0x44, 0x10, 0x00, 0x00
    dc.b    0x44, 0x42, 0x00, 0x00, 0x44, 0x41, 0xf0, 0x00, 0x00, 0x00, 0x44, 0x44, 0x20, 0x00, 0x44, 0x44
    dc.b    0x10, 0x00, 0x44, 0x44, 0x12, 0x00, 0x14, 0x44, 0x41, 0x00, 0x14, 0x44, 0x41, 0x20, 0x14, 0x44
    dc.b    0x41, 0x10, 0x11, 0x44, 0x44, 0x12, 0x40, 0x00, 0x11, 0x44, 0x44, 0x11, 0x11, 0x14, 0x44, 0x41
    dc.b    0x00, 0x00, 0x00, 0x00
spr_ken_105_animation0_frame0_tileset_data_size = .-spr_ken_105_animation0_frame0_tileset_data

    .align  2
spr_ken_105_animation0_frame1_tileset_data:
    dc.b    0x80, 0x05, 0x66, 0x66, 0x33, 0x32, 0x66, 0x66, 0x66, 0x33, 0x96, 0x66, 0x66, 0x66, 0x09, 0x96
    dc.b    0x66, 0x66, 0xdf, 0x5d, 0x10, 0x01, 0x09, 0x66, 0xe6, 0xc0, 0x30, 0x01, 0x06, 0x32, 0x00, 0x00
    dc.b    0x03, 0x22, 0xe0, 0x09, 0x01, 0x03, 0x01, 0x01, 0x12, 0x0b, 0x06, 0x22, 0x36, 0x01, 0x06, 0x33
    dc.b    0x00, 0x00, 0x06, 0x63, 0x09, 0x00, 0x10, 0x01, 0x00, 0x08, 0xe5, 0xf8, 0x03, 0x01, 0x01, 0x07
    dc.b    0xf0, 0x00, 0x00, 0x00, 0x22, 0x22, 0x22, 0x21, 0x32, 0x22, 0x21, 0x11, 0x33, 0x32, 0x22, 0x22
    dc.b    0x66, 0x66, 0x63, 0x32, 0x33, 0x22, 0x11, 0x11, 0x99, 0x99, 0x66, 0x66, 0x32, 0x22, 0x22, 0x26
    dc.b    0xf0, 0x00, 0x66, 0x33, 0x33, 0x33, 0x22, 0x22, 0x22, 0x23, 0x21, 0x11, 0x12, 0x23, 0x11, 0x11
    dc.b    0x22, 0x33, 0x11, 0x12, 0x22, 0x33, 0x12, 0x22, 0x23, 0x32, 0x22, 0x22, 0x33, 0x22, 0x22, 0x23
    dc.b    0x12, 0x04, 0x32, 0x22, 0xa1, 0x00, 0x22, 0x21, 0x33, 0x33, 0x22, 0x11, 0x33, 0x22, 0x21, 0x11
    dc.b    0x22, 0x21, 0x11, 0x12, 0x23, 0x36, 0x68, 0x88, 0x88, 0x88, 0xf0, 0x00, 0x8b, 0xbb, 0x8b, 0xbb
    dc.b    0xaa, 0xaa, 0x8b, 0xaa, 0x77, 0x7a, 0xba, 0xa7, 0x77, 0xcc, 0xa7, 0xcc, 0x77, 0xcc, 0xac, 0xcc
    dc.b    0x77, 0xcc, 0x7c, 0xc7, 0x77, 0x77, 0x77, 0x77, 0xaa, 0xa7, 0xf0, 0x00, 0xb7, 0x7a, 0xbb, 0xbb
    dc.b    0xdd, 0xdd, 0xdd, 0xdd, 0x11, 0x14, 0x44, 0x10, 0x21, 0x11, 0x44, 0x41, 0x21, 0x21, 0x14, 0x44
    dc.b    0x12, 0x62, 0x14, 0x44, 0x23, 0x62, 0x14, 0x41, 0x66, 0x32, 0xc1, 0x01, 0x14, 0x42, 0x63, 0x22
    dc.b    0x44, 0x12, 0x33, 0x21, 0x44, 0x23, 0x32, 0x24, 0x41, 0x23, 0x32, 0x14, 0x12, 0x23, 0x22, 0x14
    dc.b    0x12, 0x12, 0x22, 0x11, 0xf0, 0x00, 0x22, 0x12, 0x21, 0x11, 0x21, 0x12, 0x21, 0x12, 0x21, 0x10
    dc.b    0x11, 0x12, 0x11, 0x10, 0x11, 0x22, 0x11, 0x10, 0x12, 0x21, 0x11, 0x10, 0x22, 0x21, 0x11, 0x10
    dc.b    0x22, 0x11, 0x11, 0x10, 0x18, 0x7c, 0x80, 0x00, 0x10, 0x01, 0xa0, 0x00, 0xf6, 0x51, 0x20, 0x01
    dc.b    0xcc, 0x7a, 0xb0, 0x00, 0xea, 0x1f, 0x31, 0x3f, 0x77, 0xcc, 0xa7, 0x77, 0xab, 0x77, 0x10, 0x37
    dc.b    0x00, 0x00, 0x00, 0x00, 0x30, 0x01, 0xcc, 0xa0, 0x00, 0x00, 0x77, 0xb0, 0xe5, 0xf2, 0x01, 0xbb
    dc.b    0x00, 0x01, 0xf4, 0x02, 0xa2, 0x00, 0x11, 0x22, 0x11, 0x12, 0x23, 0x32, 0x22, 0x66, 0x32, 0x11
    dc.b    0x66, 0x32, 0x11, 0x11, 0x63, 0x22, 0x23, 0x66, 0x55, 0x55, 0x51, 0x01, 0x11, 0x22, 0x36, 0x95
    dc.b    0x11, 0x11, 0x11, 0x11, 0x22, 0x21, 0x31, 0x01, 0x11, 0x99, 0x22, 0x21, 0x19, 0x36, 0x11, 0x03
    dc.b    0x22, 0x22, 0xa3, 0x01, 0x39, 0x36, 0x99, 0x23, 0x93, 0x36, 0x29, 0x99, 0x22, 0x36, 0x11, 0x11
    dc.b    0x22, 0x36, 0x44, 0x11, 0x22, 0x36, 0x44, 0x12, 0xf0, 0x00, 0x23, 0x66, 0x41, 0x12, 0x23, 0x69
    dc.b    0x41, 0x22, 0x33, 0x69, 0x11, 0x22, 0x36, 0x96, 0x12, 0x23, 0x69, 0x66, 0x12, 0x33, 0x99, 0x66
    dc.b    0x22, 0x36, 0x09, 0x96, 0x23, 0x66, 0x00, 0x99, 0x21, 0x2b, 0x23, 0x60, 0x00, 0x00, 0xf0, 0x00
    dc.b    0x11, 0x22, 0x11, 0x11, 0x22, 0x11, 0x11, 0x14, 0x11, 0x11, 0x44, 0x44, 0x14, 0x44, 0x41, 0x12
    dc.b    0x11, 0x22, 0x23, 0x33, 0x66, 0x33, 0x33, 0x22, 0x62, 0x21, 0x11, 0x11, 0x55, 0x55, 0x11, 0x41
    dc.b    0x59, 0x63, 0xf0, 0x00, 0x11, 0x36, 0x95, 0x55, 0x11, 0x11, 0x13, 0x39, 0x11, 0x14, 0x41, 0x36
    dc.b    0x91, 0x14, 0x41, 0x36, 0x91, 0x44, 0x41, 0x35, 0x92, 0x44, 0x41, 0x65, 0x93, 0x14, 0x41, 0x65
    dc.b    0x69, 0x24, 0xf0, 0x00, 0x41, 0x95, 0x69, 0x31, 0x41, 0x95, 0x69, 0x91, 0x11, 0x55, 0x69, 0x93
    dc.b    0x11, 0x55, 0x69, 0x99, 0x31, 0x55, 0x99, 0x63, 0x99, 0x55, 0x96, 0x63, 0x25, 0x55, 0x66, 0x63
    dc.b    0x25, 0x52, 0x11, 0x01, 0x66, 0x33, 0x21, 0x01, 0x32, 0x22, 0x66, 0x63, 0x10, 0x01, 0x33, 0x22
    dc.b    0x7e, 0x87, 0x40, 0x02, 0x63, 0x33, 0x96, 0x66, 0x66, 0x63, 0x11, 0x14, 0xe0, 0xa2, 0x01, 0x43
    dc.b    0xe4, 0x01, 0x11, 0x14, 0x23, 0x31, 0x11, 0x44, 0x32, 0x11, 0x44, 0x42, 0x11, 0x44, 0x44, 0x20
    dc.b    0x11, 0x11, 0x13, 0x00, 0x22, 0x22, 0x30, 0x00, 0x59, 0x33, 0x00, 0x00, 0x55, 0x00, 0x32, 0x01
    dc.b    0x55, 0x20, 0x00, 0x00, 0x55, 0x10, 0xf0, 0x00, 0x55, 0x12, 0x00, 0x00, 0x55, 0x11, 0x20, 0x00
    dc.b    0x55, 0x12, 0x99, 0x00, 0x55, 0x29, 0x12, 0x00, 0x55, 0x92, 0x41, 0x20, 0x55, 0x24, 0x44, 0x12
    dc.b    0x55, 0x14, 0x44, 0x44, 0x55, 0x44, 0x71, 0xb3, 0x44, 0x44, 0x51, 0x11, 0x44, 0x44, 0x21, 0x11
    dc.b    0x14, 0x44, 0x22, 0x21, 0x11, 0x14, 0x21, 0xb8, 0x22, 0x22, 0x21, 0x11, 0x01, 0x00, 0x20, 0x01
    dc.b    0x33, 0x22, 0x22, 0x11, 0xfe, 0xa5, 0x60, 0x21, 0x20, 0x00, 0x44, 0x42, 0x00, 0x00, 0x44, 0x20
    dc.b    0x00, 0x00, 0x10, 0x00, 0x7f, 0x0f, 0x01, 0x23, 0x10, 0x01, 0x41, 0x00, 0xfe, 0x8d, 0x11, 0x01
    dc.b    0x44, 0x41, 0x00, 0x02, 0xfe, 0x94, 0x70, 0x13, 0x41, 0x20, 0x11, 0x14, 0x44, 0x12, 0x11, 0x11
    dc.b    0x44, 0x41, 0x12, 0x11, 0x14, 0x44, 0x7f, 0xd8, 0xf0, 0x00, 0x00, 0x09, 0x00, 0x00, 0x00, 0x96
    dc.b    0x00, 0x00, 0x09, 0x22, 0x00, 0x00, 0x02, 0x22, 0x00, 0x00, 0x09, 0x21, 0x00, 0x00, 0x09, 0x88
    dc.b    0x00, 0x00, 0x08, 0x88, 0x00, 0x00, 0x8b, 0xbb, 0xf0, 0x00, 0x00, 0x0b, 0x77, 0xbb, 0x0b, 0xa7
    dc.b    0x7c, 0xc7, 0xba, 0x77, 0xcc, 0xcc, 0xba, 0xa7, 0x7c, 0xcc, 0x8b, 0xaa, 0xa7, 0xcc, 0x8b, 0xbb
    dc.b    0xb7, 0x7c, 0x0d, 0xbb, 0xba, 0x7c, 0x0d, 0x8b, 0x43, 0x01, 0xbb, 0x7c, 0x00, 0xd8, 0xbb, 0xb7
    dc.b    0x00, 0x0d, 0x56, 0x2f, 0x8b, 0xbb, 0x00, 0x00, 0xdd, 0x8b, 0x00, 0x00, 0x00, 0xdd, 0x01, 0x01
    dc.b    0xf1, 0xa1, 0x09, 0x96, 0x00, 0x00, 0x96, 0x32, 0x00, 0x09, 0x21, 0x11, 0x00, 0x92, 0x11, 0x11
    dc.b    0x09, 0x11, 0x11, 0x12, 0x92, 0x11, 0x12, 0x22, 0x21, 0x12, 0x22, 0x22, 0x12, 0x22, 0x22, 0x21
    dc.b    0x21, 0xa4, 0x21, 0x11, 0x12, 0x22, 0xf0, 0x01, 0x81, 0x12, 0x23, 0x33, 0x88, 0x33, 0x33, 0x36
    dc.b    0xb8, 0x88, 0x36, 0x66, 0xbb, 0x88, 0x86, 0x66, 0xbb, 0x88, 0x89, 0x33, 0x7b, 0xb0, 0x99, 0x96
    dc.b    0x7a, 0x00, 0x00, 0x99, 0x7a, 0x00, 0xee, 0x56, 0x01, 0x01, 0x10, 0x01, 0xcc, 0x00, 0x7e, 0x87
    dc.b    0xf0, 0x00, 0x7c, 0xca, 0x00, 0x00, 0x77, 0x77, 0xb0, 0x00, 0x77, 0x77, 0xcc, 0xca, 0xba, 0x77
    dc.b    0x77, 0x7a, 0xdd, 0xdd, 0xdd, 0xd8, 0x96, 0x66, 0x32, 0x21, 0x96, 0x66, 0x32, 0x11, 0x66, 0x66
    dc.b    0x40, 0x01, 0x22, 0x11, 0x99, 0x66, 0x22, 0x11, 0x66, 0x66, 0xfa, 0x59, 0x01, 0x32, 0xf0, 0x00
    dc.b    0x11, 0x11, 0x11, 0x12, 0x22, 0x22, 0x22, 0x12, 0x22, 0x22, 0x11, 0x23, 0x21, 0x11, 0x22, 0x33
    dc.b    0x11, 0x22, 0x23, 0x36, 0x22, 0x23, 0x33, 0x66, 0x23, 0x33, 0x36, 0x66, 0x33, 0x36, 0xee, 0xa4
    dc.b    0x66, 0x33, 0x33, 0x66, 0x33, 0x33, 0x66, 0x63, 0x33, 0x39, 0x63, 0x33, 0x33, 0x90, 0x33, 0x33
    dc.b    0x39, 0x00, 0x33, 0x33, 0x90, 0x00, 0x33, 0x39, 0x00, 0x00, 0x66, 0x90, 0x10, 0x02, 0xb0, 0x00
    dc.b    0xfa, 0x9a, 0x11, 0xc1, 0x00, 0x00, 0x11, 0x01, 0x11, 0x11, 0xf0, 0x00, 0x44, 0x41, 0x11, 0x11
    dc.b    0x44, 0x42, 0x12, 0x11, 0x44, 0x12, 0x12, 0x11, 0x41, 0x13, 0x22, 0x11, 0x41, 0x26, 0x32, 0x21
    dc.b    0x12, 0x36, 0x32, 0x21, 0x13, 0x60, 0x32, 0x22, 0x26, 0x00, 0x52, 0x2f, 0x63, 0x22, 0x36, 0x00
    dc.b    0x66, 0x33, 0x60, 0x00, 0x66, 0x66, 0x30, 0x1f, 0x69, 0x00, 0x00, 0x00, 0x90, 0x00, 0x7e, 0xed
    dc.b    0x00, 0x01, 0xf5, 0x16, 0xf0, 0x00, 0xe0, 0x00, 0xef, 0xee, 0xfe, 0xe0, 0xef, 0xef, 0xff, 0xfe
    dc.b    0xcf, 0xef, 0xff, 0xcc, 0xfe, 0xee, 0xfe, 0xff, 0xee, 0x8e, 0xfb, 0xef, 0xfe, 0xdb, 0xe8, 0xee
    dc.b    0xfe, 0x55, 0xe5, 0x8e, 0xc0, 0x01, 0xce, 0xbc, 0x55, 0x85, 0xce, 0xb7, 0xab, 0x70, 0xce, 0xa7
    dc.b    0xaa, 0xc0, 0xfe, 0xa7, 0x7d, 0xd0, 0xeb, 0xa5, 0x50, 0x00, 0x44, 0x41, 0x11, 0x00, 0x7e, 0x29
    dc.b    0xf2, 0x01, 0x1d, 0xdd, 0x44, 0x41, 0xdb, 0xa7, 0x44, 0x1d, 0x8a, 0x7c, 0x44, 0xd8, 0xa7, 0xcc
    dc.b    0x44, 0xdb, 0xa7, 0x7c, 0x44, 0x8b, 0xaa, 0x77, 0x44, 0x8b, 0xba, 0xaa, 0x44, 0x8b, 0xbb, 0xbb
    dc.b    0xa1, 0x1d, 0xb8, 0x88, 0x44, 0x88, 0x88, 0xdd, 0x44, 0x88, 0xdd, 0xd8, 0x44, 0x18, 0xd8, 0xba
    dc.b    0x44, 0x41, 0xba, 0xab, 0x14, 0x44, 0x17, 0x45, 0x44, 0x44, 0x32, 0x01, 0xfe, 0x00, 0x00, 0x00
    dc.b    0xcf, 0xe0, 0x5a, 0x5d, 0xff, 0xe0, 0x00, 0x00, 0xfe, 0xe0, 0x00, 0x00, 0xee, 0x00, 0xf0, 0x00
    dc.b    0x44, 0x40, 0x00, 0x00, 0xd8, 0xb1, 0x00, 0x00, 0xcc, 0xc7, 0xb0, 0x00, 0xcc, 0xcc, 0xcb, 0xb0
    dc.b    0xcc, 0xcc, 0xc7, 0xaa, 0xcc, 0xcc, 0x7a, 0xa7, 0x77, 0x77, 0xaa, 0x77, 0xaa, 0xaa, 0xe0, 0x01
    dc.b    0xaa, 0xaa, 0xbb, 0xbb, 0xba, 0xaa, 0xbb, 0xbb, 0xba, 0x77, 0x88, 0x88, 0xbb, 0xaa, 0xdd, 0xd8
    dc.b    0x8b, 0xbb, 0x88, 0xdd, 0xdd, 0x8b, 0xb8, 0x80, 0x00, 0xdd, 0x88, 0x00, 0x7e, 0x73, 0x10, 0x24
    dc.b    0x40, 0x00, 0x7d, 0x56, 0x50, 0x01, 0x00, 0xba, 0x77, 0x77, 0xa8, 0xab, 0xcc, 0xcc, 0xc7, 0x8d
    dc.b    0xf4, 0xea, 0xf0, 0x26, 0xcc, 0xcc, 0xaa, 0xaa, 0x77, 0x7a, 0x7a, 0xaa, 0xaa, 0xaa, 0x77, 0x77
    dc.b    0x77, 0xaa, 0xaa, 0xa7, 0x77, 0x77, 0xbb, 0xba, 0xaa, 0x77, 0xd8, 0xbb, 0xbb, 0xba, 0x0d, 0xd8
    dc.b    0x88, 0x88, 0x7d, 0x17, 0xf0, 0x00, 0xaa, 0xb0, 0x00, 0x00, 0xdd, 0xdd, 0x00, 0x00, 0xdb, 0xa7
    dc.b    0x7a, 0x00, 0x88, 0xac, 0xcc, 0x70, 0xb8, 0xb7, 0xcc, 0xc7, 0xb8, 0x87, 0xcc, 0xc7, 0xab, 0xbb
    dc.b    0x7c, 0xcc, 0xaa, 0xaa, 0xb0, 0x2f, 0xaa, 0x7c, 0x77, 0x77, 0x77, 0x77, 0x77, 0xcc, 0xcc, 0xcc
    dc.b    0xaa, 0xa7, 0xcc, 0xc7, 0xbb, 0xaa, 0xaa, 0xb0, 0x88, 0x88, 0x80, 0x00, 0x7c, 0xcc, 0x00, 0x02
    dc.b    0x7d, 0xe7, 0x01, 0x01, 0x12, 0x01, 0x09, 0x66, 0x00, 0x01, 0xe4, 0xd8, 0x62, 0x01, 0x00, 0x99
    dc.b    0x66, 0x66, 0x09, 0x63, 0x22, 0x11, 0x00, 0x00, 0x00, 0x06, 0x07, 0x1b, 0x10, 0x01, 0x00, 0x93
    dc.b    0xe0, 0x98, 0xf1, 0x01, 0x09, 0x22, 0x00, 0x00, 0x93, 0x22, 0x00, 0x09, 0x32, 0x22, 0x00, 0x06
    dc.b    0x22, 0x22, 0x00, 0x06, 0x22, 0x99, 0x00, 0x09, 0x99, 0x33, 0x00, 0x09, 0x93, 0x23, 0x00, 0x09
    dc.b    0x62, 0x23, 0x21, 0x01, 0x00, 0x96, 0x32, 0x13, 0xd2, 0x01, 0x09, 0x63, 0x22, 0x13, 0x09, 0x63
    dc.b    0x22, 0x12, 0x96, 0x62, 0x21, 0x12, 0x96, 0x32, 0x21, 0x22, 0x66, 0x32, 0x11, 0x22, 0x63, 0x32
    dc.b    0x11, 0x21, 0x63, 0x22, 0x32, 0x01, 0x63, 0x21, 0x11, 0x11, 0x62, 0x21, 0xf0, 0x01, 0x62, 0x11
    dc.b    0x11, 0x21, 0x22, 0x11, 0x11, 0x21, 0x62, 0x22, 0x11, 0x22, 0x63, 0x33, 0x66, 0x66, 0x66, 0x99
    dc.b    0x99, 0x63, 0x00, 0x55, 0x55, 0x55, 0x99, 0x55, 0x55, 0x55, 0x32, 0x11, 0xe9, 0x1c, 0x18, 0x00
    dc.b    0x22, 0x22, 0x80, 0x02, 0x99, 0x99, 0x33, 0x22, 0x33, 0x33, 0x99, 0x99, 0x33, 0x21, 0x11, 0x29
    dc.b    0x33, 0x21, 0x14, 0x11, 0xf6, 0x75, 0x12, 0x01, 0x22, 0x11, 0x31, 0x01, 0x21, 0x11, 0x44, 0x41
    dc.b    0x21, 0x14, 0x32, 0x01, 0x44, 0x11, 0x11, 0x44, 0x44, 0x12, 0xda, 0x9b, 0x41, 0x22, 0x11, 0x44
    dc.b    0x41, 0x23, 0x11, 0x44, 0x42, 0x23, 0x14, 0x44, 0x12, 0x36, 0x14, 0x44, 0x22, 0x60, 0x14, 0x41
    dc.b    0x23, 0x60, 0x14, 0x11, 0x36, 0x00, 0x00, 0x02, 0xea, 0x2c, 0xf0, 0x00, 0x8b, 0xa7, 0x00, 0x08
    dc.b    0xb7, 0x77, 0x00, 0x87, 0x7c, 0xc7, 0x08, 0xb7, 0xcc, 0xc7, 0x8b, 0x7c, 0xcc, 0x77, 0xbc, 0xcc
    dc.b    0xc7, 0x7a, 0xa7, 0xcc, 0x7a, 0xab, 0xba, 0x77, 0x7b, 0x8d, 0x60, 0x0f, 0x88, 0x88, 0xb8, 0x8b
    dc.b    0x08, 0x8b, 0xbb, 0xbb, 0x00, 0x88, 0x88, 0xdd, 0x7f, 0x3b, 0xf0, 0x00, 0x88, 0x82, 0x00, 0x8b
    dc.b    0xa7, 0xb1, 0x88, 0xb7, 0x77, 0x82, 0xba, 0xa7, 0x7b, 0x32, 0xbb, 0xaa, 0xa8, 0x22, 0x7a, 0xbb
    dc.b    0x83, 0x22, 0x77, 0x7b, 0x83, 0x22, 0x77, 0xab, 0x83, 0x22, 0xf0, 0x00, 0x7a, 0xab, 0x83, 0x22
    dc.b    0x7a, 0xb8, 0x83, 0x32, 0xab, 0x88, 0x83, 0x33, 0xb8, 0x8d, 0x63, 0x33, 0xdd, 0xdd, 0x63, 0x33
    dc.b    0xb8, 0xdd, 0x66, 0x33, 0x8d, 0x55, 0x66, 0x63, 0x55, 0x5b, 0x63, 0x01, 0x66, 0x66, 0xd8, 0xb6
    dc.b    0x66, 0x66, 0x0d, 0xd6, 0x66, 0x66, 0x00, 0x06, 0xa5, 0x94, 0x66, 0x63, 0x00, 0x06, 0x66, 0x33
    dc.b    0x00, 0x00, 0x00, 0x32, 0x00, 0x03, 0x66, 0x62, 0x11, 0x11, 0x12, 0x36, 0x11, 0x22, 0x12, 0x01
    dc.b    0x22, 0x23, 0xf0, 0x00, 0x22, 0x33, 0x22, 0x22, 0x23, 0x33, 0x22, 0x22, 0x33, 0x33, 0x22, 0x23
    dc.b    0x33, 0x36, 0x23, 0x33, 0x33, 0x36, 0x33, 0x33, 0x33, 0x63, 0x33, 0x33, 0x36, 0x63, 0x33, 0x33
    dc.b    0x66, 0x63, 0x22, 0x00, 0x33, 0x66, 0x66, 0x66, 0xb8, 0x63, 0x66, 0x33, 0x66, 0x66, 0x33, 0x33
    dc.b    0x66, 0x33, 0x33, 0x22, 0x33, 0x32, 0x22, 0x21, 0x32, 0x22, 0x11, 0x11, 0x22, 0x11, 0x11, 0x22
    dc.b    0x32, 0x01, 0x00, 0x0e, 0x00, 0x00, 0x00, 0xee, 0x14, 0x01, 0x0e, 0xee, 0x31, 0xc1, 0xee, 0xee
    dc.b    0x00, 0x0d, 0xee, 0xee, 0xd2, 0x01, 0x11, 0x11, 0x44, 0x13, 0x66, 0x66, 0x66, 0x31, 0x23, 0x33
    dc.b    0x63, 0x21, 0x33, 0x66, 0x32, 0x22, 0x33, 0x66, 0x22, 0x22, 0x36, 0x63, 0x22, 0x22, 0x36, 0x32
    dc.b    0x31, 0x31, 0x66, 0x22, 0x22, 0x21, 0x63, 0x22, 0x13, 0x01, 0x22, 0x11, 0x12, 0x01, 0x33, 0x22
    dc.b    0x01, 0x3d, 0x10, 0x01, 0x63, 0x33, 0xeb, 0x6d, 0x21, 0x2d, 0x32, 0x22, 0x22, 0x22, 0x00, 0x01
    dc.b    0xe7, 0x58, 0x12, 0x00, 0xee, 0xee, 0x51, 0x06, 0xee, 0xef, 0xee, 0xee, 0xef, 0xcc, 0xee, 0xff
    dc.b    0xfc, 0xff, 0xd1, 0x43, 0x8e, 0xef, 0xfe, 0xef, 0x8e, 0xef, 0xcb, 0xef, 0xe8, 0xef, 0xcb, 0xef
    dc.b    0xe8, 0xee, 0xf8, 0xef, 0x13, 0x8e, 0xe8, 0xee, 0x31, 0x14, 0x44, 0x1e, 0x44, 0x44, 0x00, 0x01
    dc.b    0xdd, 0x7e, 0x00, 0x01, 0x7e, 0xdb, 0x51, 0x01, 0x21, 0x14, 0x22, 0x22, 0x21, 0x44, 0x12, 0x22
    dc.b    0x11, 0x44, 0x15, 0x01, 0x11, 0x22, 0x21, 0x01, 0x21, 0x14, 0x11, 0x12, 0x11, 0x7a, 0x22, 0x11
    dc.b    0x01, 0x1b, 0x00, 0x02, 0xe2, 0x35, 0x00, 0x00, 0x00, 0x00
spr_ken_105_animation0_frame1_tileset_data_size = .-spr_ken_105_animation0_frame1_tileset_data

    .align  2
spr_ken_105_animation0_frame2_tileset_data:
    dc.b    0xc1, 0x01, 0x44, 0x22, 0x69, 0x66, 0x41, 0x23, 0x99, 0x66, 0x42, 0x26, 0x09, 0x96, 0x23, 0x60
    dc.b    0x00, 0x99, 0x36, 0x00, 0x00, 0x09, 0x60, 0x00, 0x00, 0x00, 0x00, 0x30, 0x00, 0x00, 0xf0, 0x00
    dc.b    0x66, 0x33, 0x33, 0x22, 0x66, 0x63, 0x33, 0x32, 0x66, 0x66, 0x66, 0x66, 0x96, 0x63, 0x32, 0x21
    dc.b    0x99, 0x99, 0x99, 0x96, 0x99, 0x63, 0x22, 0x22, 0x96, 0x66, 0x63, 0x33, 0x96, 0x32, 0xf0, 0x00
    dc.b    0x22, 0x22, 0x63, 0x22, 0x11, 0x11, 0x32, 0x21, 0x11, 0x12, 0x32, 0x11, 0x11, 0x22, 0x32, 0x21
    dc.b    0x22, 0x22, 0x32, 0x22, 0x22, 0x23, 0x62, 0x22, 0x22, 0x33, 0x63, 0x22, 0x33, 0x22, 0xc2, 0x01
    dc.b    0x63, 0x33, 0x32, 0x22, 0x66, 0x33, 0x33, 0x32, 0x66, 0x33, 0x32, 0x22, 0x66, 0x32, 0x22, 0x11
    dc.b    0x66, 0x32, 0x33, 0x66, 0x00, 0x00, 0x88, 0x88, 0xf0, 0x01, 0x8b, 0xbb, 0x00, 0x00, 0x8b, 0xaa
    dc.b    0x00, 0x00, 0xba, 0xa7, 0x00, 0x08, 0xa7, 0xcc, 0x00, 0x8b, 0xac, 0xcc, 0x00, 0x8b, 0x7c, 0xc7
    dc.b    0x00, 0x8b, 0x77, 0x77, 0x00, 0x08, 0xb7, 0x7a, 0xfe, 0x6b, 0xf0, 0x00, 0x00, 0x00, 0x11, 0x12
    dc.b    0x11, 0x14, 0x22, 0x22, 0x12, 0x11, 0x33, 0x21, 0x26, 0x21, 0x11, 0x12, 0x36, 0x21, 0x66, 0x66
    dc.b    0x63, 0x21, 0x22, 0x66, 0x32, 0x24, 0x33, 0x33, 0x32, 0x14, 0x51, 0x01, 0x22, 0x33, 0x22, 0x44
    dc.b    0x22, 0x33, 0x21, 0x41, 0x23, 0x32, 0xf0, 0x00, 0x21, 0x11, 0x33, 0x22, 0x21, 0x12, 0x32, 0x22
    dc.b    0x11, 0x12, 0x22, 0x22, 0x11, 0x22, 0x22, 0x21, 0x11, 0x21, 0x22, 0x11, 0x12, 0x21, 0x21, 0x11
    dc.b    0x22, 0x11, 0x11, 0x12, 0x22, 0x11, 0x25, 0x3c, 0x11, 0x22, 0x21, 0x11, 0xa0, 0x01, 0xaa, 0xaa
    dc.b    0x00, 0x00, 0x77, 0x7a, 0x00, 0x00, 0x77, 0xcc, 0xa0, 0x00, 0x77, 0xcc, 0x7b, 0x00, 0x77, 0xcc
    dc.b    0xcc, 0x7a, 0xfa, 0x90, 0x42, 0x3f, 0x77, 0x77, 0xbb, 0xbb, 0xa7, 0x77, 0xdd, 0xdd, 0x32, 0x01
    dc.b    0x44, 0x10, 0x00, 0x00, 0x44, 0x40, 0x01, 0x05, 0x10, 0x01, 0x44, 0x20, 0xfb, 0x70, 0x74, 0x01
    dc.b    0x42, 0x30, 0x00, 0x00, 0x12, 0x30, 0x00, 0x00, 0x22, 0x30, 0x00, 0x00, 0x21, 0x20, 0x3a, 0x01
    dc.b    0x11, 0x20, 0x00, 0x00, 0x11, 0x00, 0x0d, 0x00, 0x13, 0x47, 0xb0, 0x00, 0x51, 0x0b, 0xcc, 0xa0
    dc.b    0xab, 0x77, 0x77, 0xb0, 0xdd, 0xdd, 0xdd, 0x00, 0xf1, 0x79, 0x23, 0x21, 0x14, 0x13, 0x32, 0x21
    dc.b    0x41, 0x33, 0x22, 0x11, 0x12, 0x33, 0x21, 0x11, 0x23, 0x33, 0x11, 0x22, 0x33, 0x32, 0x22, 0x23
    dc.b    0x33, 0x21, 0x23, 0x33, 0x32, 0x11, 0x33, 0x33, 0xb1, 0x17, 0x11, 0x22, 0x55, 0x55, 0x55, 0x59
    dc.b    0x55, 0x55, 0x55, 0x55, 0x33, 0x66, 0x69, 0x55, 0x33, 0x32, 0x21, 0x11, 0x32, 0x21, 0x11, 0x22
    dc.b    0x21, 0x04, 0x11, 0x11, 0x23, 0x21, 0x82, 0x88, 0x22, 0x22, 0x21, 0x22, 0x99, 0x96, 0x32, 0x22
    dc.b    0x66, 0x69, 0x99, 0x93, 0x33, 0x33, 0x36, 0x69, 0x10, 0x01, 0x44, 0x41, 0xfe, 0x5b, 0x51, 0x01
    dc.b    0x44, 0x11, 0x11, 0x14, 0x44, 0x12, 0x11, 0x44, 0x41, 0x12, 0x92, 0x00, 0x14, 0x44, 0x41, 0x22
    dc.b    0x14, 0x44, 0x41, 0x23, 0x14, 0x44, 0x12, 0x26, 0x14, 0x44, 0x12, 0x39, 0x32, 0x22, 0x42, 0xae
    dc.b    0x22, 0x12, 0x32, 0x22, 0x21, 0x12, 0x22, 0x22, 0x01, 0x01, 0x91, 0x41, 0x23, 0x22, 0x12, 0x23
    dc.b    0x32, 0x22, 0x33, 0x66, 0x32, 0x23, 0x99, 0x63, 0x22, 0x33, 0x55, 0x59, 0x96, 0x69, 0xf0, 0x00
    dc.b    0x22, 0x36, 0x95, 0x55, 0x33, 0x21, 0x11, 0x25, 0x21, 0x11, 0x41, 0x11, 0x11, 0x21, 0x41, 0x91
    dc.b    0x22, 0x14, 0x42, 0x91, 0x21, 0x14, 0x19, 0x69, 0x11, 0x44, 0x29, 0x69, 0x21, 0x44, 0xf0, 0x00
    dc.b    0x96, 0x33, 0x99, 0x99, 0x96, 0x32, 0x33, 0x33, 0x36, 0x22, 0x22, 0x33, 0x63, 0x21, 0x22, 0x33
    dc.b    0x62, 0x21, 0x23, 0x36, 0x62, 0x21, 0x23, 0x39, 0x32, 0x21, 0x23, 0x96, 0x32, 0x21, 0x91, 0x66
    dc.b    0x36, 0x93, 0x32, 0x22, 0x39, 0x63, 0x32, 0x22, 0x69, 0x33, 0x33, 0x22, 0x96, 0x33, 0x33, 0x22
    dc.b    0x96, 0x63, 0xf0, 0x00, 0x11, 0x11, 0x21, 0x11, 0x11, 0x12, 0x11, 0x11, 0x11, 0x22, 0x11, 0x11
    dc.b    0x12, 0x28, 0x21, 0x11, 0x22, 0xd8, 0x21, 0x22, 0x26, 0xd8, 0x22, 0x23, 0x6d, 0xd8, 0x22, 0x36
    dc.b    0x00, 0x0d, 0x10, 0x01, 0x36, 0x60, 0x7e, 0x7b, 0x21, 0x3f, 0x55, 0x55, 0x55, 0x50, 0x31, 0x07
    dc.b    0x00, 0x00, 0x05, 0x55, 0x55, 0x00, 0xf0, 0x00, 0x50, 0x00, 0x35, 0x55, 0x55, 0x50, 0x10, 0x00
    dc.b    0x55, 0x55, 0x11, 0x00, 0x00, 0x55, 0x91, 0x10, 0x00, 0x05, 0x69, 0x22, 0x00, 0x00, 0x23, 0x99
    dc.b    0x00, 0x00, 0x14, 0x12, 0x00, 0x00, 0x90, 0x01, 0x44, 0x41, 0x20, 0x00, 0x44, 0x44, 0x41, 0x00
    dc.b    0x14, 0x44, 0x44, 0x10, 0x11, 0x44, 0x44, 0x41, 0x11, 0x14, 0xdc, 0x95, 0xf0, 0x00, 0x21, 0x11
    dc.b    0x14, 0x44, 0x21, 0x11, 0x11, 0x44, 0x22, 0x21, 0x11, 0x14, 0x22, 0x22, 0x11, 0x11, 0x2b, 0xbb
    dc.b    0xb7, 0xa0, 0xbb, 0xa7, 0x7c, 0xa0, 0xba, 0x77, 0xcc, 0x70, 0xb7, 0x77, 0x21, 0x01, 0xcc, 0x70
    dc.b    0xb7, 0x7c, 0x57, 0xe3, 0xc7, 0xa0, 0xba, 0x7c, 0xca, 0x00, 0x8b, 0xa7, 0x70, 0x00, 0x12, 0x01
    dc.b    0x50, 0x00, 0x05, 0x07, 0x01, 0x47, 0x01, 0x01, 0x05, 0x0b, 0x07, 0x00, 0x20, 0x02, 0x10, 0x00
    dc.b    0x00, 0x00, 0xfa, 0x8c, 0x01, 0x01, 0x11, 0x51, 0x44, 0x12, 0x00, 0x0d, 0x7e, 0xe7, 0xd2, 0x01
    dc.b    0x22, 0x00, 0x00, 0x0e, 0x11, 0x12, 0x20, 0x0e, 0x31, 0x44, 0x11, 0x26, 0xd1, 0x44, 0x44, 0x11
    dc.b    0x8d, 0x14, 0x44, 0x44, 0x7d, 0x14, 0x44, 0x44, 0xad, 0x14, 0xb3, 0xa5, 0xbd, 0x14, 0x44, 0x44
    dc.b    0x8d, 0x14, 0x44, 0x41, 0xd2, 0x14, 0x44, 0x41, 0xd2, 0x44, 0x44, 0x11, 0x21, 0x44, 0x41, 0x11
    dc.b    0x11, 0x44, 0xf0, 0x00, 0x12, 0x23, 0x11, 0x12, 0x22, 0x23, 0x22, 0x22, 0x22, 0x32, 0x22, 0x22
    dc.b    0x23, 0x21, 0x22, 0x22, 0x32, 0x11, 0x22, 0x22, 0x32, 0x14, 0x22, 0x23, 0x21, 0x14, 0x22, 0x32
    dc.b    0x21, 0x41, 0x60, 0x01, 0x33, 0x22, 0x11, 0x12, 0x32, 0x21, 0x11, 0x23, 0x00, 0x00, 0x0e, 0xee
    dc.b    0xe5, 0x83, 0x02, 0x01, 0x00, 0x01, 0xeb, 0x6c, 0x01, 0x01, 0x21, 0x01, 0xef, 0xce, 0xee, 0xbe
    dc.b    0xf0, 0x00, 0xef, 0xfb, 0x91, 0x2e, 0xee, 0xfb, 0x39, 0x99, 0x1e, 0xee, 0x11, 0x16, 0x61, 0xee
    dc.b    0x11, 0x12, 0x22, 0x22, 0x11, 0x14, 0x12, 0x33, 0x11, 0x14, 0x41, 0x26, 0x11, 0x14, 0x41, 0x23
    dc.b    0x11, 0x01, 0x12, 0x14, 0xf0, 0x00, 0x41, 0x33, 0x22, 0x14, 0x41, 0x33, 0x23, 0x14, 0x11, 0x33
    dc.b    0x32, 0x14, 0x12, 0x32, 0x32, 0x14, 0x13, 0x32, 0x21, 0x44, 0x13, 0x32, 0x21, 0x41, 0x33, 0x32
    dc.b    0x14, 0x41, 0x33, 0x32, 0xf0, 0x00, 0x14, 0x13, 0x33, 0x32, 0x44, 0x13, 0x33, 0x32, 0x41, 0x33
    dc.b    0x23, 0x32, 0x13, 0x32, 0x22, 0x32, 0x33, 0x32, 0x22, 0x32, 0x33, 0x22, 0x12, 0x32, 0x33, 0x21
    dc.b    0x12, 0x22, 0xee, 0xe0, 0xf0, 0x00, 0x00, 0x00, 0xff, 0xfe, 0xee, 0x00, 0xee, 0xff, 0xff, 0xe0
    dc.b    0xee, 0xee, 0xff, 0xfe, 0xef, 0xee, 0xef, 0xff, 0xef, 0xee, 0xef, 0xcf, 0xec, 0xef, 0xfc, 0xce
    dc.b    0xec, 0xee, 0xff, 0xee, 0xf0, 0x00, 0xef, 0xce, 0xee, 0xe8, 0xee, 0xcf, 0xe5, 0x5e, 0xbe, 0xff
    dc.b    0xeb, 0xd5, 0x1e, 0xee, 0xfe, 0xa0, 0xe1, 0x1e, 0x1e, 0xd0, 0x33, 0x39, 0x99, 0xe0, 0x3f, 0x21
    dc.b    0x12, 0x30, 0x22, 0x11, 0x30, 0x01, 0x44, 0x41, 0x22, 0x11, 0x11, 0x44, 0x7e, 0xdf, 0x02, 0x01
    dc.b    0x14, 0x01, 0x22, 0x11, 0x1c, 0x01, 0x22, 0x21, 0x02, 0x11, 0x15, 0xb7, 0x11, 0x12, 0x92, 0x03
    dc.b    0xe0, 0x00, 0x00, 0x00, 0xee, 0x00, 0x00, 0x00, 0xfe, 0x00, 0x00, 0x00, 0xff, 0xe0, 0x00, 0x00
    dc.b    0x8f, 0xe0, 0x00, 0x01, 0xfc, 0x5d, 0x08, 0xcf, 0x30, 0x01, 0x20, 0x00, 0x00, 0x00, 0x42, 0x20
    dc.b    0xf9, 0xe8, 0x62, 0x01, 0x14, 0x44, 0x10, 0x00, 0x14, 0x44, 0x4a, 0x00, 0x11, 0x44, 0x4a, 0xa0
    dc.b    0xf0, 0x00, 0x4a, 0x7a, 0x11, 0x44, 0x1a, 0xca, 0x11, 0x41, 0x2a, 0xca, 0x11, 0x41, 0xa7, 0x7a
    dc.b    0x11, 0x12, 0xa7, 0x7b, 0x11, 0x12, 0xaa, 0xab, 0x11, 0x2b, 0xbb, 0xb7, 0x12, 0xbb, 0xa7, 0x7c
    dc.b    0x40, 0x13, 0x22, 0xba, 0x77, 0xcc, 0x28, 0xb7, 0x77, 0xcc, 0x7d, 0x2c, 0x10, 0x0a, 0x00, 0x09
    dc.b    0xfb, 0x4b, 0x00, 0x0d, 0xfb, 0x56, 0x12, 0x01, 0xbb, 0x7c, 0x21, 0x09, 0xba, 0x7c, 0x0d, 0xbb
    dc.b    0x50, 0x02, 0xb7, 0x77, 0x0d, 0x8b, 0xba, 0x77, 0x00, 0xdd, 0x8b, 0xba, 0x7d, 0x3f, 0x04, 0x00
    dc.b    0x10, 0x01, 0x00, 0x99, 0xe0, 0x9d, 0xc1, 0xb1, 0x92, 0x11, 0x00, 0x09, 0x21, 0x11, 0x00, 0x91
    dc.b    0x11, 0x11, 0x09, 0x21, 0x11, 0x22, 0x92, 0x11, 0x22, 0x22, 0x31, 0x22, 0x22, 0x22, 0x32, 0x22
    dc.b    0x30, 0x0d, 0x12, 0x22, 0x11, 0x11, 0x22, 0x22, 0xfb, 0x63, 0x00, 0x01, 0xe9, 0xc6, 0x01, 0x01
    dc.b    0x10, 0x01, 0xcc, 0x00, 0xda, 0x6b, 0x12, 0x01, 0xca, 0x00, 0xf0, 0x00, 0x77, 0xa0, 0x00, 0x00
    dc.b    0x77, 0xcc, 0xca, 0xb0, 0x77, 0x77, 0x7a, 0x80, 0xdd, 0xdd, 0xd8, 0x00, 0x00, 0x96, 0x63, 0x32
    dc.b    0x09, 0x66, 0x63, 0x22, 0x09, 0x99, 0x63, 0x22, 0x96, 0x66, 0x21, 0xcc, 0x62, 0x11, 0x22, 0x11
    dc.b    0x10, 0x01, 0x12, 0x11, 0xda, 0xe6, 0x70, 0x03, 0x22, 0x21, 0x22, 0x22, 0x21, 0x12, 0x22, 0x11
    dc.b    0x12, 0x23, 0x11, 0x12, 0x22, 0x33, 0xfb, 0x72, 0x00, 0x0c, 0xfb, 0x76, 0x00, 0x15, 0x7c, 0x81
    dc.b    0x41, 0x01, 0x11, 0x11, 0x11, 0x14, 0x11, 0x11, 0x11, 0x44, 0xf0, 0x00, 0x11, 0x21, 0x14, 0x41
    dc.b    0x11, 0x21, 0x14, 0x11, 0x12, 0x21, 0x14, 0x12, 0x23, 0x22, 0x11, 0x23, 0x23, 0x22, 0x11, 0x36
    dc.b    0x33, 0x22, 0x22, 0x60, 0x36, 0x32, 0x23, 0x60, 0x66, 0x63, 0x22, 0x2f, 0x36, 0x00, 0x66, 0x66
    dc.b    0x00, 0x01, 0xfb, 0x86, 0x00, 0x31, 0x7c, 0x31, 0x00, 0x01, 0xe6, 0xbd, 0x90, 0x01, 0x08, 0xa7
    dc.b    0x00, 0x00, 0x87, 0x77, 0x00, 0x08, 0x77, 0x7c, 0x00, 0x87, 0x77, 0xcc, 0x08, 0xa7, 0x7c, 0xcc
    dc.b    0xf6, 0x2b, 0x90, 0x1f, 0xcc, 0xcc, 0x87, 0x7c, 0xcc, 0xc7, 0x8a, 0x77, 0x77, 0x77, 0x08, 0xba
    dc.b    0xaa, 0xb8, 0x00, 0x88, 0x8b, 0xbb, 0x7f, 0xc9, 0xa0, 0x01, 0x00, 0xdd, 0x00, 0x00, 0x88, 0xa7
    dc.b    0x00, 0x08, 0xba, 0x7c, 0x88, 0x8b, 0xaa, 0xa7, 0xba, 0xa7, 0x77, 0x77, 0x77, 0xcc, 0xda, 0x89
    dc.b    0x04, 0x00, 0x01, 0x07, 0xf0, 0x00, 0x77, 0xaa, 0xc7, 0x77, 0xaa, 0xbd, 0x7a, 0xaa, 0xb8, 0xdd
    dc.b    0xa8, 0x88, 0xdd, 0xdd, 0x8b, 0xb8, 0x55, 0xdd, 0xb8, 0x85, 0x56, 0x21, 0x00, 0x09, 0x63, 0x22
    dc.b    0x00, 0x09, 0x63, 0x33, 0x60, 0x01, 0x00, 0x09, 0x66, 0x33, 0x00, 0x00, 0x96, 0x33, 0x00, 0x00
    dc.b    0x96, 0x66, 0x7e, 0xd7, 0x03, 0x01, 0x10, 0x01, 0x00, 0x93, 0xfa, 0x9c, 0x12, 0x01, 0x00, 0x09
    dc.b    0x04, 0x00, 0xf0, 0x00, 0x22, 0x21, 0x11, 0x22, 0xdd, 0xdd, 0xd3, 0x11, 0xcc, 0xc7, 0x8d, 0x31
    dc.b    0xcc, 0xcc, 0x7b, 0xd1, 0xcc, 0xcc, 0xc7, 0x8d, 0x77, 0xcc, 0xc7, 0x7d, 0x77, 0x7c, 0x77, 0xad
    dc.b    0x7a, 0x77, 0xf0, 0x00, 0x77, 0xad, 0x7a, 0xa7, 0x7a, 0xbd, 0x7a, 0xaa, 0xab, 0x8d, 0xaa, 0xbb
    dc.b    0xb8, 0xd2, 0xbd, 0xd8, 0xbd, 0xd2, 0xd8, 0xbb, 0x8d, 0x21, 0x8b, 0xb8, 0xd2, 0x11, 0xdd, 0xdd
    dc.b    0x21, 0x11, 0x20, 0x02, 0x32, 0x22, 0x11, 0x11, 0xda, 0x54, 0x01, 0x00, 0xd1, 0x01, 0x33, 0x22
    dc.b    0x22, 0x22, 0x33, 0x33, 0x33, 0x22, 0x33, 0x33, 0x22, 0x22, 0x33, 0x32, 0x22, 0x22, 0x32, 0x22
    dc.b    0x22, 0x33, 0x32, 0x22, 0x33, 0x32, 0x33, 0x33, 0x01, 0x0b, 0x37, 0x41, 0x32, 0x22, 0x33, 0x33
    dc.b    0x22, 0x23, 0x02, 0x00, 0x30, 0x01, 0x00, 0x06, 0x00, 0x00, 0x00, 0x03, 0xd9, 0x13, 0x30, 0x01
    dc.b    0x03, 0x22, 0x00, 0x00, 0x62, 0x21, 0xee, 0xe0, 0x01, 0x5b, 0x07, 0x5f, 0x03, 0x1f, 0x03, 0x05
    dc.b    0x01, 0x0d, 0x12, 0x01, 0x09, 0x66, 0xa2, 0x45, 0x96, 0x66, 0x63, 0x33, 0x33, 0x33, 0x99, 0x66
    dc.b    0x95, 0x55, 0x05, 0x55, 0x55, 0x55, 0x05, 0x55, 0x96, 0x33, 0x63, 0x32, 0x02, 0x4a, 0x22, 0x5b
    dc.b    0x22, 0x21, 0x22, 0x21, 0x50, 0x01, 0x99, 0x99, 0x99, 0x99, 0x66, 0x66, 0x66, 0x66, 0x36, 0x63
    dc.b    0xfc, 0x48, 0xf0, 0x00, 0x36, 0x33, 0x32, 0x32, 0x66, 0x33, 0x32, 0x32, 0x96, 0x33, 0x22, 0x32
    dc.b    0x93, 0x33, 0x22, 0x32, 0x63, 0x22, 0x22, 0x22, 0x63, 0x22, 0x12, 0x22, 0x63, 0x21, 0x12, 0x21
    dc.b    0x33, 0x21, 0x22, 0x01, 0x12, 0x11, 0x32, 0x21, 0x00, 0x00, 0x00, 0x00
spr_ken_105_animation0_frame2_tileset_data_size = .-spr_ken_105_animation0_frame2_tileset_data

    .align  2
spr_ken_106_animation0_frame0_tileset_data:
    dc.b    0x00, 0x01, 0xea, 0x17, 0x00, 0x01, 0xe7, 0x37, 0x00, 0x01, 0xda, 0x03, 0x61, 0x03, 0xee, 0xff
    dc.b    0x00, 0x0e, 0xee, 0xee, 0x00, 0xee, 0xee, 0xef, 0x00, 0xee, 0xf0, 0x00, 0xef, 0xee, 0x0e, 0xee
    dc.b    0xfe, 0x8e, 0x0e, 0xee, 0xe8, 0xef, 0x11, 0x11, 0x22, 0xef, 0x99, 0x96, 0x63, 0x11, 0x32, 0x22
    dc.b    0x11, 0x14, 0x22, 0x21, 0x11, 0x44, 0x21, 0x11, 0x14, 0x42, 0x84, 0x01, 0x11, 0x11, 0x44, 0x1d
    dc.b    0x11, 0x11, 0x44, 0x2d, 0x11, 0x11, 0x41, 0xd8, 0x11, 0x11, 0x41, 0x88, 0xb0, 0x01, 0x41, 0x8b
    dc.b    0x11, 0x11, 0x41, 0x8a, 0x11, 0x11, 0x41, 0x2b, 0x11, 0x11, 0x44, 0x18, 0x11, 0x11, 0x14, 0x11
    dc.b    0x11, 0x11, 0x11, 0x41, 0xe8, 0x84, 0x50, 0x01, 0x11, 0x11, 0x22, 0x21, 0x11, 0x11, 0x23, 0x22
    dc.b    0x21, 0x12, 0xef, 0x74, 0x01, 0x00, 0xf0, 0x00, 0xff, 0xfe, 0xee, 0xfe, 0xee, 0xfc, 0xff, 0xee
    dc.b    0xff, 0xef, 0xef, 0xcc, 0xcf, 0xee, 0xff, 0xff, 0xfe, 0x8e, 0xee, 0xee, 0xee, 0xde, 0xef, 0xfe
    dc.b    0x8e, 0x55, 0xfc, 0xee, 0x8b, 0xac, 0xb0, 0x01, 0xce, 0xe8, 0xa7, 0x77, 0xed, 0xdb, 0xa7, 0x77
    dc.b    0x14, 0x44, 0x44, 0x12, 0x41, 0xdd, 0x8b, 0xbb, 0x2d, 0x8b, 0xa7, 0x77, 0xd8, 0xba, 0xdd, 0x1a
    dc.b    0xf0, 0x00, 0xbb, 0xa7, 0x77, 0x7c, 0xba, 0xaa, 0xa7, 0x77, 0xbb, 0xba, 0xaa, 0xaa, 0x88, 0xbb
    dc.b    0xbb, 0xaa, 0xba, 0xaa, 0xbb, 0xbb, 0xa7, 0x77, 0x77, 0x77, 0x77, 0x7a, 0xdd, 0xd8, 0xa7, 0xbd
    dc.b    0xf1, 0x7e, 0xdd, 0xdd, 0xab, 0xdd, 0x88, 0x8b, 0x88, 0x88, 0x8b, 0xba, 0x12, 0x8b, 0xbb, 0xa8
    dc.b    0x11, 0x18, 0x8b, 0x8d, 0x41, 0x11, 0x11, 0x11, 0x14, 0x44, 0x11, 0x11, 0x11, 0x44, 0x44, 0x44
    dc.b    0xf0, 0x00, 0xee, 0x00, 0x00, 0x00, 0xee, 0xe0, 0x00, 0x00, 0xef, 0xee, 0xe0, 0x00, 0xce, 0xff
    dc.b    0xee, 0x00, 0xfe, 0xef, 0xce, 0xe0, 0xf8, 0xef, 0xcf, 0xee, 0xed, 0xee, 0xfe, 0xfe, 0xe5, 0x5e
    dc.b    0xa0, 0x01, 0xfe, 0xfe, 0x55, 0xee, 0xe0, 0xee, 0xab, 0x70, 0x0e, 0xe0, 0x7a, 0xc0, 0x00, 0x00
    dc.b    0x7d, 0xd0, 0x00, 0x00, 0x8d, 0x00, 0xef, 0x0b, 0xf0, 0x00, 0xcc, 0x7b, 0xb0, 0x00, 0xcc, 0x7a
    dc.b    0xbb, 0xa7, 0xc7, 0x7a, 0xa7, 0xcc, 0x77, 0xab, 0xac, 0xcc, 0xaa, 0xba, 0x77, 0xcc, 0xbb, 0xba
    dc.b    0xa7, 0x77, 0xba, 0xab, 0xbb, 0xaa, 0x77, 0x77, 0xf0, 0x00, 0xab, 0xbb, 0xba, 0x77, 0x77, 0x77
    dc.b    0xd8, 0xba, 0xaa, 0xaa, 0xbd, 0x88, 0x8b, 0xbb, 0x8d, 0xd2, 0x28, 0x88, 0xdd, 0xd1, 0x23, 0x00
    dc.b    0xdd, 0x14, 0x23, 0x00, 0x11, 0x44, 0x20, 0x00, 0x42, 0xbf, 0x14, 0x44, 0x30, 0x00, 0x44, 0x41
    dc.b    0x30, 0x00, 0x92, 0x01, 0x00, 0x0d, 0x00, 0x00, 0x00, 0xdb, 0x00, 0x00, 0x00, 0xd7, 0x00, 0x00
    dc.b    0x0d, 0xd7, 0x00, 0x00, 0xd7, 0xda, 0x10, 0x01, 0xda, 0xaa, 0xed, 0x1d, 0x32, 0x01, 0x00, 0xdd
    dc.b    0x00, 0x00, 0x00, 0x05, 0x30, 0x01, 0x00, 0x55, 0x00, 0x00, 0x0d, 0x55, 0xf2, 0xc5, 0xf0, 0x00
    dc.b    0xdb, 0xa7, 0x7b, 0x00, 0xda, 0xa7, 0xc7, 0xbd, 0xba, 0xa7, 0xcc, 0xd8, 0xaa, 0x77, 0xc7, 0xdb
    dc.b    0xaa, 0x7c, 0x7a, 0x8a, 0xa7, 0x7c, 0xab, 0x8a, 0xa7, 0xcc, 0x88, 0x8b, 0x77, 0xcc, 0xa0, 0x07
    dc.b    0x7a, 0xb8, 0x7c, 0xcc, 0x77, 0x77, 0x77, 0x77, 0xaa, 0xaa, 0x77, 0x7a, 0x88, 0x8b, 0xaa, 0xa7
    dc.b    0x00, 0x08, 0x8b, 0xba, 0xd7, 0x18, 0x16, 0x01, 0x06, 0x21, 0x52, 0x37, 0x06, 0x32, 0x00, 0x00
    dc.b    0x06, 0x33, 0x00, 0x00, 0x00, 0x63, 0x12, 0x05, 0x00, 0x09, 0x01, 0x09, 0x61, 0x01, 0x63, 0x32
    dc.b    0x00, 0x06, 0x33, 0x22, 0x00, 0x06, 0x32, 0x22, 0x00, 0x63, 0x12, 0x01, 0x22, 0x22, 0x50, 0x01
    dc.b    0x22, 0x21, 0x00, 0x63, 0x36, 0x99, 0x00, 0x99, 0x99, 0x66, 0xea, 0x99, 0x01, 0x01, 0x11, 0x1d
    dc.b    0x00, 0x96, 0xe1, 0x00, 0x11, 0x11, 0x12, 0x32, 0x12, 0x11, 0x11, 0x12, 0x12, 0x22, 0x11, 0x11
    dc.b    0x11, 0x22, 0x22, 0x11, 0x11, 0x12, 0x33, 0x32, 0x22, 0x11, 0x11, 0x23, 0x36, 0x95, 0x55, 0x55
    dc.b    0x50, 0x01, 0x62, 0x21, 0x11, 0x12, 0x33, 0x33, 0x33, 0x22, 0x32, 0x22, 0x7e, 0xf7, 0xf0, 0x00
    dc.b    0x22, 0x11, 0x99, 0x11, 0x21, 0x19, 0x66, 0x92, 0x21, 0x96, 0x63, 0x92, 0x11, 0x96, 0x33, 0x69
    dc.b    0x11, 0x96, 0x32, 0x36, 0x12, 0x96, 0x32, 0x23, 0x99, 0x66, 0x63, 0x22, 0x33, 0x33, 0x91, 0x19
    dc.b    0x63, 0x21, 0x33, 0x22, 0x36, 0x32, 0x63, 0x32, 0x22, 0x33, 0x63, 0x32, 0x21, 0x23, 0x66, 0x33
    dc.b    0x22, 0x12, 0x31, 0x2a, 0x22, 0x22, 0x11, 0x11, 0x22, 0x32, 0xf0, 0x00, 0x32, 0x21, 0x21, 0x11
    dc.b    0x33, 0x22, 0x33, 0x32, 0x23, 0x32, 0x55, 0x59, 0x63, 0x33, 0x55, 0x55, 0x55, 0x93, 0x23, 0x95
    dc.b    0x55, 0x55, 0x21, 0x11, 0x23, 0x55, 0x11, 0x22, 0x11, 0x13, 0xf0, 0x00, 0x44, 0x41, 0x23, 0x11
    dc.b    0x11, 0x44, 0x42, 0x31, 0x11, 0x14, 0x44, 0x13, 0x21, 0x11, 0x44, 0x41, 0x22, 0x11, 0x14, 0x44
    dc.b    0x92, 0x22, 0x11, 0x44, 0x69, 0x99, 0x99, 0x99, 0x23, 0x33, 0xf0, 0x00, 0x32, 0x23, 0x22, 0x23
    dc.b    0x21, 0x14, 0x11, 0x12, 0x32, 0x14, 0x21, 0x41, 0x22, 0x21, 0x32, 0x14, 0x41, 0x22, 0x23, 0x22
    dc.b    0x14, 0x11, 0x14, 0x11, 0x11, 0x11, 0x11, 0x44, 0x41, 0x11, 0x20, 0x01, 0x21, 0x14, 0x44, 0x44
    dc.b    0xf2, 0xc4, 0xf0, 0x00, 0x14, 0x44, 0x21, 0x12, 0x21, 0x14, 0x22, 0x12, 0x32, 0x14, 0x32, 0x21
    dc.b    0x23, 0x21, 0x63, 0x32, 0x23, 0x32, 0x55, 0x33, 0x33, 0x33, 0x55, 0x53, 0x33, 0x36, 0x25, 0x55
    dc.b    0xd0, 0x00, 0xf0, 0x00, 0x13, 0x55, 0x00, 0x00, 0x26, 0xd5, 0x00, 0x00, 0x39, 0x95, 0x50, 0x00
    dc.b    0x13, 0x95, 0x50, 0x00, 0x41, 0x35, 0x50, 0x00, 0x93, 0x25, 0x55, 0x00, 0x39, 0x95, 0x55, 0x00
    dc.b    0x42, 0x36, 0xf0, 0x00, 0x55, 0x00, 0x44, 0x12, 0x55, 0x00, 0x44, 0x41, 0x25, 0x00, 0x14, 0x44
    dc.b    0x12, 0x00, 0x21, 0x44, 0x11, 0x30, 0x33, 0x33, 0x33, 0x33, 0x32, 0x22, 0x22, 0x22, 0x61, 0x11
    dc.b    0x11, 0x11, 0x80, 0x01, 0x91, 0x11, 0x11, 0x12, 0x91, 0x11, 0x12, 0x29, 0x92, 0x12, 0x39, 0x96
    dc.b    0x99, 0x99, 0x99, 0x63, 0xd7, 0xe5, 0x10, 0x01, 0x96, 0x33, 0xe7, 0x36, 0x10, 0x01, 0x96, 0x66
    dc.b    0xe4, 0x54, 0x01, 0x01, 0x50, 0x01, 0x00, 0x8b, 0x00, 0x00, 0x00, 0x8a, 0x00, 0x00, 0x08, 0xa7
    dc.b    0xf5, 0xbd, 0xd1, 0x2f, 0x0b, 0x7c, 0x00, 0x00, 0xb7, 0xcc, 0x00, 0x00, 0xa7, 0xcc, 0x00, 0x00
    dc.b    0xa7, 0x7c, 0x00, 0x00, 0xb7, 0x77, 0x00, 0x00, 0x8a, 0x77, 0x00, 0x00, 0x0d, 0xdd, 0xf0, 0x00
    dc.b    0x22, 0x22, 0x23, 0x36, 0x22, 0x23, 0x69, 0x99, 0x23, 0x99, 0x93, 0x32, 0x99, 0x32, 0x23, 0x21
    dc.b    0x32, 0x23, 0x32, 0x14, 0x32, 0x33, 0x21, 0x44, 0x23, 0x32, 0x11, 0x44, 0x33, 0x32, 0xe0, 0x01
    dc.b    0x14, 0x41, 0x33, 0x21, 0x44, 0x41, 0x32, 0x14, 0x44, 0x11, 0x88, 0x88, 0x21, 0x11, 0x88, 0x88
    dc.b    0x88, 0x80, 0xbb, 0xbb, 0x88, 0x00, 0xaa, 0xaa, 0xb8, 0x00, 0x77, 0x7a, 0xf5, 0x1f, 0x40, 0x02
    dc.b    0xcc, 0x77, 0xa0, 0x00, 0xcc, 0xc7, 0x7a, 0x00, 0xd8, 0x05, 0xf0, 0x00, 0x77, 0x77, 0x77, 0xcc
    dc.b    0x7a, 0xbb, 0xba, 0xaa, 0xdd, 0xdd, 0xdd, 0xdd, 0x33, 0x99, 0x96, 0x23, 0x99, 0x63, 0x12, 0x23
    dc.b    0x32, 0x11, 0x12, 0x26, 0x11, 0x41, 0x22, 0x30, 0x44, 0x11, 0x71, 0x01, 0x22, 0x30, 0x41, 0x12
    dc.b    0x22, 0x60, 0x41, 0x22, 0x23, 0x60, 0x11, 0x22, 0x23, 0x00, 0x60, 0x0c, 0x12, 0x22, 0x26, 0x00
    dc.b    0x12, 0x22, 0x30, 0x00, 0x22, 0x22, 0x60, 0x00, 0xd5, 0xf1, 0xe0, 0x01, 0x7a, 0x00, 0x00, 0x00
    dc.b    0xcc, 0xcc, 0xcc, 0xc8, 0xcc, 0xcc, 0xc7, 0x7d, 0xa7, 0x77, 0xaa, 0xd0, 0xdd, 0xdd, 0xdd, 0x00
    dc.b    0x96, 0x63, 0x33, 0x22, 0x09, 0x66, 0x33, 0x32, 0xf3, 0xed, 0x12, 0x83, 0x66, 0x33, 0x10, 0x01
    dc.b    0x09, 0x96, 0xe1, 0xed, 0x72, 0x75, 0x99, 0x66, 0x00, 0x09, 0x63, 0x22, 0x00, 0x96, 0x21, 0x11
    dc.b    0x66, 0x32, 0x22, 0x22, 0xf0, 0x00, 0x22, 0x33, 0x22, 0x22, 0x22, 0x22, 0x82, 0x22, 0x22, 0x22
    dc.b    0x83, 0x22, 0x22, 0x22, 0x11, 0x23, 0x32, 0x14, 0x21, 0x12, 0x23, 0x21, 0x22, 0x11, 0x12, 0x22
    dc.b    0x32, 0x21, 0x11, 0x23, 0xa0, 0x01, 0x33, 0x32, 0x22, 0x23, 0x66, 0x69, 0x99, 0x99, 0x99, 0x99
    dc.b    0x63, 0x36, 0x66, 0x32, 0x21, 0x11, 0x21, 0x11, 0x44, 0x44, 0xd7, 0xbe, 0x02, 0x1f, 0x02, 0x21
    dc.b    0x02, 0x08, 0x90, 0x01, 0x23, 0x33, 0x33, 0x33, 0x41, 0x11, 0x44, 0x11, 0x44, 0x41, 0x44, 0x41
    dc.b    0x21, 0x44, 0x44, 0x44, 0x22, 0x11, 0xeb, 0x16, 0xe0, 0x01, 0x63, 0x32, 0x21, 0x44, 0x99, 0x93
    dc.b    0x21, 0x11, 0x12, 0x69, 0x32, 0x11, 0x44, 0x12, 0x93, 0x21, 0x22, 0x21, 0x11, 0x21, 0x33, 0x33
    dc.b    0x32, 0x14, 0x33, 0x33, 0x33, 0x32, 0xec, 0xe4, 0x01, 0x1f, 0x60, 0x01, 0x22, 0x23, 0x33, 0x33
    dc.b    0x33, 0x69, 0x30, 0x00, 0x00, 0x00, 0x23, 0x00, 0xfa, 0xbf, 0x30, 0x01, 0x41, 0x20, 0x00, 0x00
    dc.b    0x44, 0x13, 0xf2, 0x93, 0x40, 0x01, 0x44, 0x41, 0x30, 0x00, 0x14, 0x44, 0x20, 0x00, 0x7d, 0xfb
    dc.b    0xcd, 0x96, 0x10, 0x00, 0x44, 0x44, 0x20, 0x00, 0x14, 0x41, 0x30, 0x00, 0x11, 0x26, 0x00, 0x00
    dc.b    0x22, 0x90, 0x00, 0x00, 0x39, 0x60, 0x00, 0x00, 0x96, 0x30, 0x07, 0x00, 0x10, 0x01, 0x00, 0x06
    dc.b    0x7e, 0x2d, 0x10, 0x01, 0x00, 0x62, 0x7e, 0x1f, 0x72, 0x01, 0x06, 0x22, 0x00, 0x00, 0x06, 0x23
    dc.b    0x00, 0x00, 0x63, 0x26, 0x00, 0x00, 0x62, 0x36, 0x9c, 0x27, 0x63, 0x63, 0x00, 0x00, 0x63, 0x61
    dc.b    0x00, 0x00, 0x66, 0x31, 0x00, 0x00, 0x66, 0x21, 0x00, 0x00, 0x63, 0x11, 0xf1, 0x01, 0x02, 0x11
    dc.b    0x00, 0x00, 0x99, 0x99, 0x06, 0x36, 0x99, 0x63, 0x62, 0x26, 0x96, 0x33, 0x22, 0x69, 0x63, 0x32
    dc.b    0x26, 0x66, 0x33, 0x22, 0x36, 0x63, 0x32, 0x21, 0x66, 0x33, 0x22, 0x21, 0x52, 0x01, 0x63, 0x32
    dc.b    0x22, 0x21, 0x33, 0x32, 0x22, 0x11, 0x23, 0x32, 0x61, 0x01, 0x22, 0x32, 0x22, 0x11, 0x21, 0x32
    dc.b    0x22, 0x11, 0x11, 0x23, 0x22, 0x21, 0x20, 0x01, 0x11, 0x12, 0x32, 0x22, 0xdc, 0x16, 0x52, 0x01
    dc.b    0x8b, 0x77, 0x00, 0x08, 0xba, 0x7c, 0x00, 0x08, 0xaa, 0x7c, 0x13, 0x01, 0xa7, 0x7c, 0xf0, 0x00
    dc.b    0x00, 0x8b, 0x77, 0xcc, 0x08, 0xba, 0x7c, 0xcc, 0x08, 0xa7, 0xcc, 0xc7, 0x8b, 0x77, 0xcc, 0x7a
    dc.b    0xba, 0x7c, 0xcc, 0xa8, 0xba, 0x7c, 0xc7, 0xa8, 0x8a, 0x7c, 0xca, 0x80, 0x8b, 0x77, 0x79, 0x52
    dc.b    0xcb, 0x80, 0x08, 0x8b, 0xac, 0xc0, 0x08, 0xba, 0x77, 0x7a, 0x00, 0x88, 0xbb, 0xb0, 0xf0, 0x00
    dc.b    0xb0, 0x09, 0x22, 0x33, 0xaa, 0x88, 0x82, 0x22, 0xc7, 0xb8, 0x88, 0x22, 0xcc, 0x7b, 0x88, 0x82
    dc.b    0xcc, 0x7a, 0x88, 0x83, 0xcc, 0x7a, 0xb8, 0x88, 0xcc, 0x7a, 0xb8, 0xdd, 0xc7, 0xaa, 0x70, 0x01
    dc.b    0xdd, 0x99, 0xc7, 0xa8, 0x00, 0x99, 0x7a, 0x80, 0x00, 0x99, 0xa8, 0x00, 0x00, 0x09, 0xf2, 0x51
    dc.b    0x00, 0x15, 0x00, 0x00, 0xf0, 0x00, 0xa7, 0x87, 0x80, 0x00, 0xac, 0xdc, 0xd7, 0xa0, 0x7c, 0xcc
    dc.b    0xcc, 0x7b, 0xb5, 0x55, 0x5b, 0xca, 0x55, 0xdd, 0x55, 0xca, 0x55, 0xdd, 0x85, 0x7a, 0x55, 0xdd
    dc.b    0x85, 0xab, 0x55, 0xdd, 0x51, 0x01, 0x85, 0xb0, 0x55, 0x55, 0x55, 0x00, 0x55, 0xdd, 0x85, 0x00
    dc.b    0xa1, 0x01, 0x5d, 0xdd, 0x85, 0x00, 0x55, 0x5d, 0x85, 0x00, 0xb8, 0x55, 0x55, 0x00, 0x7a, 0xba
    dc.b    0xc7, 0x00, 0xc7, 0xba, 0xcc, 0x00, 0xf0, 0x00, 0xc7, 0xb7, 0xcc, 0x00, 0xc7, 0xa7, 0xcc, 0x00
    dc.b    0xc7, 0x77, 0xc7, 0x00, 0x77, 0x77, 0xca, 0x00, 0x77, 0x7c, 0x7b, 0x00, 0x7a, 0x7c, 0xa0, 0x00
    dc.b    0xa7, 0xcc, 0xa0, 0x00, 0xac, 0xc7, 0x4a, 0x3f, 0x00, 0x00, 0x7c, 0xca, 0x00, 0x00, 0xac, 0x70
    dc.b    0x20, 0x01, 0x44, 0x44, 0x44, 0x41, 0xeb, 0x58, 0xb0, 0x00, 0x44, 0x13, 0x11, 0x44, 0x41, 0x23
    dc.b    0x21, 0x44, 0x11, 0x30, 0x32, 0x11, 0x23, 0x00, 0x33, 0x22, 0x30, 0x00, 0x33, 0x33, 0x00, 0x00
    dc.b    0x00, 0x00, 0x00, 0x00
spr_ken_106_animation0_frame0_tileset_data_size = .-spr_ken_106_animation0_frame0_tileset_data

    .align  2
spr_ken_106_animation0_frame1_tileset_data:
    dc.b    0x00, 0x01, 0xff, 0xfc, 0x10, 0x01, 0x00, 0x0e, 0xfc, 0xc2, 0x00, 0x01, 0xf2, 0x73, 0x01, 0x01
    dc.b    0xf0, 0x00, 0xee, 0xee, 0xef, 0xff, 0xee, 0xee, 0xef, 0xef, 0xee, 0xee, 0xec, 0xee, 0xeb, 0xee
    dc.b    0xfc, 0xbe, 0xe8, 0xee, 0xff, 0x8e, 0x11, 0x2e, 0xfe, 0x8e, 0x99, 0x99, 0x62, 0x22, 0x22, 0x21
    dc.b    0x20, 0x01, 0x11, 0x11, 0x21, 0x11, 0xfb, 0xcf, 0x02, 0x01, 0x12, 0x01, 0x14, 0x41, 0x10, 0x01
    dc.b    0x44, 0x13, 0xfc, 0xbb, 0x32, 0x01, 0x44, 0x38, 0x11, 0x11, 0x44, 0x88, 0x11, 0x01, 0x44, 0x8b
    dc.b    0xc1, 0x3e, 0x12, 0x11, 0x14, 0x8b, 0x22, 0x21, 0x14, 0x18, 0x22, 0x22, 0x21, 0x12, 0x22, 0x23
    dc.b    0x22, 0x11, 0x11, 0x22, 0x33, 0x32, 0x21, 0x12, 0x22, 0x33, 0xf0, 0x00, 0xee, 0xee, 0xe0, 0x00
    dc.b    0xee, 0xff, 0xfe, 0xe0, 0xee, 0xee, 0xfc, 0xfe, 0xee, 0xef, 0xef, 0xcf, 0xef, 0xfc, 0xef, 0xce
    dc.b    0xfc, 0xcf, 0xee, 0xfe, 0xfe, 0xff, 0x8e, 0xee, 0xce, 0xee, 0xf0, 0x00, 0xde, 0x8e, 0xce, 0x8d
    dc.b    0x55, 0xde, 0xfe, 0xbc, 0x55, 0x55, 0xfe, 0xb7, 0xb8, 0xa0, 0xee, 0x8a, 0xb8, 0x70, 0x14, 0x42
    dc.b    0x8d, 0xd0, 0x44, 0x44, 0x44, 0x12, 0x41, 0x3d, 0xba, 0xaa, 0xf0, 0x00, 0x1d, 0xdb, 0x7c, 0xcc
    dc.b    0x3d, 0xac, 0xcc, 0xc7, 0xd8, 0x77, 0xcc, 0xca, 0xdb, 0xa7, 0x77, 0x7a, 0x8b, 0xba, 0xaa, 0xbb
    dc.b    0x88, 0x8b, 0xbb, 0x8b, 0x8b, 0xbb, 0xb8, 0x88, 0xbb, 0xbb, 0xf0, 0x00, 0xaa, 0xaa, 0xba, 0xaa
    dc.b    0xa7, 0x77, 0xaa, 0xa7, 0x77, 0x77, 0xa7, 0x7b, 0xdd, 0xdd, 0xa7, 0xad, 0xdd, 0xdd, 0x88, 0x88
    dc.b    0xbb, 0xbd, 0x12, 0x23, 0x88, 0x82, 0x21, 0x11, 0x12, 0x32, 0x20, 0x04, 0x33, 0x33, 0x33, 0x14
    dc.b    0xd4, 0x4b, 0xf0, 0x00, 0xee, 0x00, 0x00, 0x0d, 0xee, 0xe0, 0x0b, 0xd7, 0xcf, 0xee, 0xa7, 0x7d
    dc.b    0xfe, 0xfe, 0xed, 0xb7, 0xee, 0xce, 0xe0, 0xdd, 0x8e, 0xfe, 0xe0, 0x0d, 0xde, 0xf0, 0xe7, 0xa8
    dc.b    0xee, 0xe0, 0x51, 0x15, 0xeb, 0xcc, 0x0e, 0x00, 0x0d, 0xd7, 0x00, 0x00, 0x00, 0x0d, 0xf0, 0x00
    dc.b    0x20, 0x00, 0x00, 0x00, 0x88, 0xd0, 0x00, 0x00, 0x7a, 0xa8, 0x00, 0x00, 0xab, 0x7c, 0xcc, 0xa8
    dc.b    0xb7, 0xcc, 0xcc, 0xca, 0xa7, 0x7c, 0xcc, 0xc7, 0xaa, 0x77, 0x77, 0x7a, 0xba, 0xa7, 0xf0, 0x00
    dc.b    0x77, 0xab, 0x8b, 0xbb, 0xbb, 0xb8, 0xab, 0xbb, 0xb8, 0x8d, 0x77, 0xaa, 0xbb, 0xb8, 0x77, 0x77
    dc.b    0x77, 0xaa, 0x8b, 0xba, 0xaa, 0x77, 0x88, 0x88, 0x88, 0x88, 0x22, 0x30, 0x00, 0x00, 0x12, 0x01
    dc.b    0x13, 0x00, 0x01, 0x21, 0x05, 0x00, 0xa1, 0x01, 0xd7, 0x87, 0x8a, 0x00, 0xad, 0xc8, 0xcb, 0x70
    dc.b    0x7c, 0xcc, 0xcc, 0xca, 0xcc, 0xb5, 0x55, 0x5b, 0x77, 0x55, 0xdd, 0x85, 0x11, 0x01, 0x7b, 0x55
    dc.b    0xf0, 0x00, 0x55, 0x55, 0xad, 0x55, 0xdd, 0x85, 0xd5, 0x55, 0x5d, 0x8d, 0x05, 0x55, 0x5d, 0xd8
    dc.b    0x05, 0x55, 0x55, 0xd8, 0x05, 0x55, 0x55, 0x55, 0x05, 0x5d, 0x8b, 0xba, 0x0d, 0xda, 0x7a, 0xba
    dc.b    0x83, 0x01, 0x8d, 0xb7, 0x77, 0xab, 0x8d, 0xa7, 0xc7, 0xab, 0xdb, 0xa7, 0xc7, 0x7b, 0xdb, 0xa7
    dc.b    0xcc, 0x7a, 0xa5, 0x39, 0x88, 0xba, 0x77, 0x7a, 0xab, 0xbb, 0xa7, 0xab, 0x77, 0x77, 0x77, 0xab
    dc.b    0x8b, 0xa7, 0x7a, 0xbb, 0x88, 0x88, 0xbb, 0xba, 0x31, 0x01, 0x00, 0x03, 0x32, 0x23, 0x00, 0x06
    dc.b    0x32, 0x01, 0x33, 0x23, 0x00, 0x00, 0x63, 0x22, 0x00, 0x01, 0xe0, 0xb8, 0x20, 0x0b, 0x00, 0x00
    dc.b    0x00, 0x06, 0xd3, 0xcb, 0x1a, 0x01, 0x00, 0x09, 0x06, 0x00, 0xf0, 0x00, 0x62, 0x22, 0x22, 0x21
    dc.b    0x63, 0x22, 0x23, 0x22, 0x66, 0x22, 0x22, 0x32, 0x36, 0x32, 0x22, 0x23, 0x36, 0x92, 0x22, 0x23
    dc.b    0x23, 0x69, 0x32, 0x22, 0x33, 0x66, 0x93, 0x22, 0x66, 0x66, 0xe0, 0x02, 0x99, 0x95, 0x99, 0x55
    dc.b    0x55, 0x55, 0x05, 0x55, 0x56, 0x63, 0x09, 0x93, 0x21, 0x11, 0x09, 0x21, 0x11, 0x11, 0x96, 0x33
    dc.b    0x32, 0x22, 0x93, 0x33, 0x22, 0x14, 0x63, 0x32, 0xef, 0x6f, 0x11, 0x01, 0x21, 0x44, 0x60, 0x01
    dc.b    0x63, 0x22, 0x11, 0x43, 0x63, 0x22, 0x29, 0x99, 0x00, 0x99, 0x96, 0x32, 0xdb, 0x29, 0x00, 0x01
    dc.b    0xe7, 0x3d, 0xe2, 0x00, 0x12, 0x22, 0x21, 0x11, 0x11, 0x22, 0x33, 0x11, 0x21, 0x11, 0x23, 0x33
    dc.b    0x22, 0x11, 0x12, 0x23, 0x32, 0x21, 0x11, 0x12, 0x33, 0x22, 0x21, 0x11, 0x33, 0x69, 0x55, 0x55
    dc.b    0xf0, 0x00, 0x96, 0x33, 0x32, 0x11, 0x11, 0x11, 0x19, 0x96, 0x62, 0x21, 0x29, 0x69, 0x99, 0x99
    dc.b    0x29, 0x66, 0x66, 0x33, 0x39, 0x33, 0x33, 0x32, 0x69, 0x22, 0x22, 0x23, 0x93, 0x22, 0x33, 0x33
    dc.b    0x81, 0x00, 0x93, 0x33, 0x33, 0x32, 0x93, 0x33, 0x32, 0x22, 0x93, 0x32, 0x22, 0x21, 0x32, 0x22
    dc.b    0x22, 0x22, 0x00, 0x01, 0xfb, 0x25, 0xf0, 0x00, 0x33, 0x36, 0x69, 0x99, 0x66, 0x66, 0x12, 0x22
    dc.b    0x22, 0x21, 0x14, 0x44, 0x44, 0x44, 0x11, 0x14, 0x44, 0x41, 0x33, 0x31, 0x11, 0x13, 0x22, 0x23
    dc.b    0x66, 0x66, 0x11, 0x12, 0x29, 0x96, 0xf1, 0x5b, 0x55, 0x55, 0x59, 0x62, 0x56, 0x21, 0x96, 0x31
    dc.b    0x32, 0x12, 0x93, 0x12, 0x11, 0x19, 0x11, 0x22, 0x11, 0x99, 0x23, 0x22, 0x99, 0x22, 0x32, 0x21
    dc.b    0x22, 0x23, 0x22, 0x11, 0x23, 0x32, 0x11, 0x45, 0x11, 0x41, 0x01, 0x49, 0x00, 0x01, 0xf5, 0xe2
    dc.b    0xb2, 0x65, 0x23, 0x33, 0x22, 0x22, 0x33, 0x32, 0x22, 0x33, 0x33, 0x23, 0x33, 0x66, 0x32, 0x36
    dc.b    0x66, 0x66, 0x69, 0x99, 0x66, 0x99, 0x99, 0x68, 0xd1, 0x70, 0x93, 0x32, 0x00, 0x00, 0x93, 0x11
    dc.b    0x00, 0x00, 0x92, 0x11, 0x00, 0x09, 0x61, 0x11, 0x00, 0x09, 0x21, 0x11, 0x00, 0x09, 0x11, 0x12
    dc.b    0x00, 0x09, 0x11, 0x22, 0xf0, 0x00, 0x00, 0x93, 0x22, 0x22, 0x09, 0x62, 0x22, 0x21, 0x09, 0x32
    dc.b    0x22, 0x11, 0x09, 0x32, 0x21, 0x11, 0x00, 0x32, 0x11, 0x12, 0x00, 0x00, 0x88, 0x86, 0x00, 0x00
    dc.b    0x88, 0x88, 0x00, 0x08, 0x40, 0x01, 0xbb, 0xb8, 0x00, 0x08, 0xbb, 0xbb, 0x00, 0x8b, 0xe7, 0x96
    dc.b    0xb0, 0x01, 0x8b, 0x77, 0x7c, 0xcc, 0x87, 0x77, 0xcc, 0xcc, 0x87, 0x77, 0x7c, 0xcc, 0xda, 0xa7
    dc.b    0x77, 0xcc, 0x32, 0x11, 0x11, 0x22, 0x11, 0x11, 0xfa, 0x34, 0xf0, 0x00, 0x11, 0x22, 0x23, 0x23
    dc.b    0x12, 0x22, 0x32, 0x23, 0x22, 0x23, 0x22, 0x32, 0x22, 0x32, 0x23, 0x32, 0x23, 0x21, 0x23, 0x21
    dc.b    0x32, 0x12, 0x33, 0x21, 0x21, 0x12, 0x32, 0x14, 0x11, 0x23, 0x20, 0x01, 0x21, 0x14, 0x12, 0x22
    dc.b    0xee, 0xca, 0x01, 0x78, 0x31, 0x01, 0x22, 0x11, 0x14, 0x44, 0x88, 0x88, 0x20, 0x01, 0x00, 0x00
    dc.b    0xbb, 0xb0, 0xe4, 0x90, 0x14, 0x01, 0x7b, 0x00, 0xc1, 0x01, 0xca, 0x00, 0x00, 0x00, 0xca, 0xb0
    dc.b    0x00, 0x00, 0x33, 0x21, 0x41, 0x30, 0x32, 0x11, 0x42, 0x00, 0x32, 0x14, 0x42, 0x00, 0x21, 0x44
    dc.b    0x13, 0x00, 0x90, 0x01, 0x11, 0x44, 0x16, 0x00, 0x14, 0x41, 0x20, 0x00, 0x14, 0x42, 0x30, 0x00
    dc.b    0x44, 0x12, 0x00, 0x00, 0x44, 0x13, 0xf4, 0xe6, 0x50, 0x01, 0x41, 0x30, 0x00, 0x00, 0x42, 0x60
    dc.b    0x00, 0x00, 0x43, 0x00, 0x7e, 0x81, 0x2f, 0x00, 0x26, 0x00, 0x00, 0x00, 0x12, 0x1b, 0x44, 0x43
    dc.b    0xf0, 0x00, 0x23, 0x00, 0x00, 0x32, 0x30, 0x03, 0x22, 0x11, 0x03, 0x22, 0x14, 0x44, 0x21, 0x44
    dc.b    0x44, 0x41, 0x11, 0x11, 0x44, 0x11, 0x12, 0x24, 0x41, 0x12, 0x22, 0x14, 0x12, 0x22, 0x21, 0x44
    dc.b    0xf0, 0x00, 0x12, 0x22, 0x11, 0x41, 0x22, 0x22, 0x14, 0x42, 0x23, 0x21, 0x44, 0x12, 0x32, 0x11
    dc.b    0x41, 0x23, 0x32, 0x16, 0x22, 0x33, 0x21, 0x29, 0x23, 0x32, 0x13, 0x96, 0x33, 0x21, 0x39, 0x62
    dc.b    0xf0, 0x00, 0x32, 0x16, 0x96, 0x32, 0x22, 0x39, 0x98, 0x88, 0x23, 0x99, 0x88, 0x88, 0x69, 0x98
    dc.b    0xbb, 0x88, 0x99, 0x8b, 0xbb, 0xb8, 0x98, 0xba, 0xaa, 0xbb, 0x8a, 0x77, 0x77, 0xab, 0x00, 0x03
    dc.b    0x21, 0x29, 0x22, 0x11, 0x32, 0x21, 0x11, 0x2a, 0x44, 0x44, 0x01, 0x01, 0xf0, 0x00, 0x14, 0x41
    dc.b    0x26, 0x31, 0x24, 0x12, 0x93, 0x22, 0x24, 0x13, 0x93, 0x23, 0x21, 0x39, 0x99, 0x62, 0x12, 0x99
    dc.b    0x32, 0x11, 0x13, 0x96, 0x21, 0x11, 0x29, 0x93, 0x11, 0x11, 0x69, 0x31, 0xf0, 0x00, 0x11, 0x12
    dc.b    0x93, 0x22, 0x22, 0x23, 0x32, 0x22, 0x23, 0x33, 0x22, 0x23, 0x33, 0x23, 0x22, 0x33, 0x32, 0x33
    dc.b    0x33, 0x33, 0x23, 0x32, 0x33, 0x22, 0x33, 0x22, 0x86, 0x23, 0x32, 0x21, 0x30, 0x01, 0x88, 0x86
    dc.b    0x32, 0x11, 0x88, 0x80, 0xd3, 0x21, 0x30, 0x01, 0x80, 0x00, 0x00, 0x00, 0x12, 0x00, 0xef, 0x73
    dc.b    0x00, 0x01, 0xf3, 0x17, 0xf0, 0x00, 0x41, 0x00, 0x44, 0x14, 0x41, 0x20, 0x41, 0x11, 0x44, 0x10
    dc.b    0x41, 0x21, 0x44, 0x12, 0x41, 0x22, 0x44, 0x22, 0x42, 0x62, 0x44, 0x23, 0x42, 0x62, 0x41, 0x23
    dc.b    0x13, 0x32, 0x42, 0x20, 0xf0, 0x00, 0x23, 0x31, 0x12, 0x30, 0x33, 0x21, 0x23, 0x60, 0x33, 0x22
    dc.b    0x23, 0x60, 0x32, 0x22, 0x36, 0x00, 0x22, 0x22, 0x60, 0x00, 0x21, 0x23, 0x60, 0x00, 0x11, 0x26
    dc.b    0x00, 0x00, 0x11, 0x60, 0x46, 0x8f, 0x00, 0x00, 0x12, 0x60, 0x00, 0x00, 0x13, 0x60, 0x60, 0x01
    dc.b    0x93, 0x33, 0x36, 0x99, 0x93, 0x32, 0x22, 0x33, 0x93, 0x32, 0x22, 0x22, 0xf0, 0x67, 0x11, 0x01
    dc.b    0x22, 0x23, 0x22, 0x01, 0x63, 0x22, 0x22, 0x36, 0xf0, 0x00, 0x23, 0x33, 0x63, 0x22, 0x33, 0x33
    dc.b    0x63, 0x23, 0x33, 0x22, 0x63, 0x33, 0x32, 0x22, 0x96, 0x33, 0x22, 0x33, 0x96, 0x66, 0x33, 0x32
    dc.b    0x99, 0x63, 0x33, 0x21, 0x96, 0x33, 0x21, 0x11, 0x90, 0x01, 0x99, 0x99, 0x66, 0x66, 0x33, 0x66
    dc.b    0x66, 0x32, 0x36, 0x66, 0x63, 0x22, 0x36, 0x66, 0x32, 0x22, 0x66, 0x63, 0xfc, 0xcb, 0x90, 0x01
    dc.b    0x63, 0x32, 0x22, 0x11, 0x33, 0x22, 0x22, 0x11, 0x32, 0x22, 0x21, 0x14, 0x22, 0x22, 0x22, 0x14
    dc.b    0x22, 0x33, 0xf0, 0x44, 0xc1, 0x01, 0x32, 0x11, 0x44, 0x44, 0x14, 0x44, 0x44, 0x44, 0x11, 0x12
    dc.b    0x32, 0x14, 0x12, 0x23, 0x32, 0x14, 0x8a, 0x77, 0x7c, 0xcc, 0x87, 0x7c, 0xcc, 0xcc, 0x52, 0x01
    dc.b    0x8b, 0x77, 0xcc, 0xcc, 0x48, 0xb7, 0x7c, 0xc7, 0x42, 0xdb, 0x11, 0x01, 0x42, 0xd7, 0x32, 0x01
    dc.b    0xcc, 0xc7, 0x42, 0xd7, 0xcc, 0xca, 0xb3, 0x01, 0x7c, 0x78, 0x42, 0xdb, 0x77, 0x78, 0x42, 0xdd
    dc.b    0xda, 0x7a, 0x13, 0x0d, 0xad, 0x77, 0x13, 0x0d, 0xda, 0xdd, 0x78, 0x00, 0x00, 0x00, 0x12, 0x01
    dc.b    0xa8, 0x00, 0x12, 0x9d, 0xb8, 0x00, 0x07, 0x01, 0x05, 0x00, 0x10, 0x0e, 0xb0, 0x00, 0x7e, 0xe4
    dc.b    0x10, 0x01, 0x00, 0x32, 0xd2, 0xbb, 0x81, 0x01, 0x32, 0x12, 0x00, 0x00, 0x22, 0x13, 0x00, 0x03
    dc.b    0x21, 0x23, 0x00, 0x03, 0x12, 0x32, 0x00, 0x32, 0x81, 0x01, 0x13, 0x22, 0x03, 0x21, 0x23, 0x22
    dc.b    0x02, 0x11, 0x22, 0x22, 0x62, 0x11, 0x22, 0x22, 0x31, 0x12, 0x22, 0x01, 0x32, 0x22, 0x32, 0x12
    dc.b    0x22, 0x01, 0x32, 0x22, 0x62, 0x22, 0x32, 0x01, 0x63, 0x22, 0x00, 0x00, 0x00, 0x0e, 0xb0, 0x02
    dc.b    0x00, 0xee, 0x00, 0x03, 0x21, 0x11, 0x00, 0x22, 0x39, 0x99, 0x99, 0x99, 0x93, 0x33, 0x29, 0x63
    dc.b    0x32, 0x22, 0x23, 0x32, 0x22, 0x22, 0x7d, 0xe7, 0x2c, 0x01, 0x22, 0x22, 0x22, 0x21, 0x06, 0x00
    dc.b    0x22, 0x0c, 0x22, 0x12, 0x22, 0x21, 0x15, 0x58, 0x12, 0x22, 0x14, 0x01, 0x50, 0x00, 0xd2, 0x01
    dc.b    0xd5, 0x00, 0x00, 0x00, 0x55, 0x00, 0x00, 0x00, 0x7a, 0x00, 0x00, 0x00, 0x77, 0x00, 0x00, 0x00
    dc.b    0x77, 0xa0, 0x00, 0x00, 0x7c, 0xa0, 0x00, 0x00, 0x7c, 0x7a, 0x1a, 0x01, 0x7c, 0xca, 0x16, 0x82
    dc.b    0xa7, 0x70, 0xf0, 0x00, 0xdb, 0xaa, 0x77, 0xcc, 0x0d, 0x8b, 0xa7, 0xcc, 0x00, 0xd8, 0xb7, 0x7c
    dc.b    0x00, 0x0d, 0x8b, 0x7c, 0x00, 0x0d, 0x8b, 0x77, 0x00, 0x0d, 0x8b, 0xa7, 0x00, 0x00, 0xd8, 0xba
    dc.b    0x00, 0x00, 0x20, 0x01, 0x0d, 0xdd, 0x7b, 0x00, 0xd2, 0xf9, 0xc0, 0x00, 0xca, 0x00, 0x00, 0x00
    dc.b    0xcc, 0xb0, 0x00, 0x00, 0xcc, 0xc7, 0x7b, 0xb0, 0x7c, 0xcc, 0xcc, 0xcb, 0x77, 0x77, 0x77, 0x7b
    dc.b    0xdd, 0xdd, 0xdd, 0xd0, 0x00, 0x00, 0x00, 0x00
spr_ken_106_animation0_frame1_tileset_data_size = .-spr_ken_106_animation0_frame1_tileset_data

    .align  2
spr_ken_151_animation0_frame0_tileset_data:
    dc.b    0xa0, 0x01, 0x00, 0xd8, 0xa7, 0x7a, 0x00, 0x0d, 0xba, 0xad, 0x00, 0x0d, 0x8b, 0xb8, 0x00, 0x00
    dc.b    0xd8, 0x8b, 0x00, 0x00, 0x0d, 0x8a, 0xfa, 0x2a, 0x12, 0x01, 0x00, 0x08, 0x00, 0x2d, 0x00, 0x00
    dc.b    0xf0, 0x00, 0xd8, 0xa7, 0xcc, 0x7a, 0x8a, 0xcc, 0xc7, 0xaa, 0xac, 0xc7, 0x7a, 0xab, 0xac, 0x77
    dc.b    0xaa, 0xbb, 0xa7, 0xaa, 0xbb, 0xa7, 0xaa, 0xbb, 0xa7, 0x7a, 0xaa, 0xa7, 0x77, 0xab, 0xa7, 0x77
    dc.b    0x50, 0x02, 0xab, 0xdd, 0x88, 0xb8, 0xdd, 0x63, 0x00, 0x00, 0x09, 0x93, 0xd1, 0x80, 0x00, 0x26
    dc.b    0x00, 0x00, 0xf0, 0x00, 0xb5, 0x55, 0x55, 0x56, 0xbb, 0xd5, 0x55, 0x52, 0xb7, 0xab, 0xb8, 0x21
    dc.b    0x7a, 0xab, 0x81, 0x44, 0xaa, 0xb8, 0x24, 0x44, 0xbb, 0x82, 0x44, 0x44, 0x88, 0x21, 0x11, 0x11
    dc.b    0x63, 0x32, 0x20, 0x01, 0x21, 0x11, 0x22, 0x11, 0xd9, 0xbf, 0xf0, 0x00, 0x99, 0x33, 0x22, 0x23
    dc.b    0x00, 0x99, 0x99, 0x99, 0x00, 0x92, 0x11, 0x11, 0x09, 0x21, 0x12, 0x22, 0x09, 0x19, 0x21, 0x11
    dc.b    0x09, 0x19, 0x11, 0x11, 0x92, 0x19, 0x91, 0x11, 0x92, 0x99, 0xc1, 0x01, 0x99, 0x11, 0x92, 0x96
    dc.b    0x66, 0x92, 0x92, 0x93, 0x33, 0x69, 0x92, 0x93, 0x22, 0x23, 0x92, 0x93, 0x22, 0x11, 0x99, 0x62
    dc.b    0x21, 0x11, 0x96, 0x32, 0x91, 0x01, 0x11, 0x14, 0x96, 0x22, 0x11, 0x44, 0x93, 0x22, 0x14, 0x44
    dc.b    0x93, 0x21, 0x14, 0x44, 0x92, 0x21, 0x44, 0x44, 0xf0, 0x00, 0x62, 0x21, 0x44, 0x44, 0x62, 0x14
    dc.b    0x44, 0x44, 0x69, 0x24, 0x42, 0xd8, 0x23, 0x96, 0x14, 0x1d, 0x11, 0x39, 0x91, 0x41, 0x41, 0x12
    dc.b    0x69, 0x11, 0x44, 0x11, 0x26, 0x91, 0x44, 0x11, 0xf0, 0x00, 0x23, 0x69, 0x11, 0x12, 0x23, 0x69
    dc.b    0x22, 0x33, 0x66, 0x69, 0x11, 0x22, 0x36, 0x9d, 0x22, 0x6d, 0x55, 0x55, 0x95, 0x55, 0x55, 0x55
    dc.b    0x55, 0x59, 0x69, 0x55, 0x11, 0x36, 0x65, 0x55, 0x41, 0x01, 0x22, 0x36, 0x95, 0x55, 0x12, 0x36
    dc.b    0x55, 0x55, 0xf0, 0x00, 0x12, 0x39, 0x55, 0x55, 0x12, 0x69, 0x55, 0x95, 0x12, 0x65, 0x55, 0x95
    dc.b    0x22, 0x65, 0x55, 0x95, 0x99, 0x95, 0x55, 0x95, 0x11, 0x15, 0x55, 0x65, 0x11, 0x15, 0x55, 0x35
    dc.b    0x14, 0x15, 0x30, 0x02, 0x55, 0x15, 0x44, 0x45, 0x51, 0x11, 0xd3, 0x59, 0x01, 0x01, 0x11, 0x01
    dc.b    0x44, 0x41, 0x31, 0x01, 0x11, 0x22, 0x44, 0x11, 0x12, 0x23, 0x00, 0x02, 0xe8, 0xb8, 0xf0, 0x00
    dc.b    0xff, 0xff, 0xee, 0x00, 0xfc, 0xcf, 0xff, 0xe0, 0xef, 0xcf, 0xef, 0xfe, 0xef, 0xcf, 0xef, 0xff
    dc.b    0xef, 0xfe, 0xee, 0xfc, 0xde, 0xe8, 0xee, 0xfc, 0x5e, 0x8e, 0xee, 0xfe, 0x55, 0x5e, 0xf0, 0x00
    dc.b    0xe2, 0xee, 0xb8, 0xa2, 0x22, 0x11, 0xb8, 0x73, 0x21, 0x11, 0xbd, 0xd3, 0x21, 0x11, 0xdd, 0x93
    dc.b    0x32, 0x11, 0xd1, 0x16, 0x23, 0x21, 0xd3, 0x16, 0x22, 0x32, 0x8d, 0x11, 0x62, 0x23, 0xf0, 0x00
    dc.b    0x8d, 0x34, 0x61, 0x22, 0xa8, 0xd4, 0x16, 0x12, 0xcb, 0xd4, 0x46, 0x11, 0xca, 0xd4, 0x46, 0x41
    dc.b    0xca, 0xd4, 0x46, 0x44, 0x7a, 0xd4, 0x46, 0x44, 0x7b, 0xd4, 0x16, 0x41, 0xab, 0xd4, 0xf9, 0xc9
    dc.b    0x16, 0x12, 0xb8, 0xd4, 0x36, 0x23, 0x8b, 0xd1, 0x93, 0x3d, 0xbb, 0xd2, 0x93, 0xdc, 0xd8, 0xd2
    dc.b    0x9d, 0xda, 0x1d, 0x96, 0x9d, 0x7d, 0x41, 0x96, 0x93, 0xd7, 0x11, 0x19, 0x93, 0x3d, 0x01, 0x49
    dc.b    0x05, 0x01, 0xf0, 0x00, 0xbb, 0xb0, 0x00, 0x00, 0xac, 0x7a, 0x00, 0x00, 0xac, 0xc7, 0xa0, 0x00
    dc.b    0xbc, 0xcc, 0xa0, 0x00, 0xb7, 0xcc, 0xaa, 0x00, 0x38, 0x77, 0xbb, 0xb0, 0x28, 0xbb, 0xa7, 0x7a
    dc.b    0x28, 0xba, 0xf0, 0x00, 0x7c, 0xcc, 0x38, 0xba, 0x7c, 0xcc, 0x23, 0x8a, 0xa7, 0xcc, 0x22, 0x8b
    dc.b    0xaa, 0x77, 0x12, 0xd8, 0xba, 0xaa, 0x12, 0xd8, 0x88, 0x8b, 0x12, 0xdd, 0xdb, 0x7c, 0x23, 0xdd
    dc.b    0x7c, 0xcc, 0xf0, 0x00, 0x3d, 0x55, 0x5d, 0x59, 0xdc, 0xc7, 0x55, 0xd8, 0xcc, 0xdc, 0x75, 0x5d
    dc.b    0xcd, 0xcc, 0xdc, 0x55, 0xdc, 0xcd, 0xcc, 0x75, 0xa7, 0xdc, 0xcd, 0xc5, 0xdd, 0xa7, 0xdc, 0xc5
    dc.b    0xad, 0x8d, 0x10, 0x1e, 0xa7, 0xd6, 0x7e, 0xe1, 0x30, 0x01, 0xa0, 0x00, 0x00, 0x00, 0xca, 0x00
    dc.b    0xe1, 0x20, 0x10, 0x01, 0x7a, 0xb0, 0xe1, 0xf2, 0x10, 0x01, 0xbb, 0xbb, 0xed, 0x81, 0xf0, 0x00
    dc.b    0xcc, 0xcc, 0x70, 0x00, 0x7c, 0xcc, 0xcb, 0x00, 0x57, 0xcc, 0x7b, 0x00, 0x5b, 0x77, 0x7b, 0x00
    dc.b    0xd5, 0x77, 0xb0, 0x00, 0x55, 0xab, 0x80, 0x00, 0x5b, 0xb8, 0x82, 0x21, 0x5d, 0x83, 0x30, 0x2e
    dc.b    0x21, 0x11, 0x32, 0x21, 0x11, 0x14, 0x7e, 0x51, 0x09, 0x00, 0x60, 0x21, 0x11, 0x11, 0x20, 0x00
    dc.b    0x14, 0x44, 0x41, 0x20, 0x44, 0x44, 0x44, 0x41, 0x7f, 0xd8, 0xf0, 0x00, 0x00, 0x02, 0x00, 0x00
    dc.b    0x03, 0x11, 0x00, 0x03, 0x21, 0x11, 0x00, 0x36, 0xd8, 0x8d, 0x03, 0xdd, 0x8b, 0x7c, 0x3d, 0xdb
    dc.b    0x7c, 0xcc, 0x38, 0xab, 0x7c, 0xcc, 0x38, 0x7b, 0xa7, 0xcc, 0xe0, 0x17, 0x38, 0x7b, 0xba, 0x77
    dc.b    0x38, 0xa7, 0xbb, 0xaa, 0x08, 0xa7, 0x7a, 0xbb, 0x0d, 0xba, 0xaa, 0xbb, 0x00, 0xdb, 0xbb, 0xbb
    dc.b    0x00, 0xd8, 0x88, 0x7a, 0x00, 0x0d, 0x8b, 0x77, 0x7f, 0xcb, 0xd1, 0x67, 0x00, 0x09, 0x00, 0x00
    dc.b    0x00, 0x29, 0x00, 0x00, 0x32, 0x29, 0x00, 0x32, 0x21, 0x19, 0x32, 0x21, 0x44, 0x49, 0x11, 0x44
    dc.b    0x44, 0x49, 0x44, 0x44, 0x44, 0x46, 0xf0, 0x00, 0xdd, 0x24, 0x44, 0x44, 0x7b, 0x8d, 0x14, 0x44
    dc.b    0xc7, 0xb8, 0xd1, 0x14, 0xc7, 0xab, 0xd2, 0x11, 0x77, 0xab, 0x8d, 0x21, 0x7a, 0xbb, 0x8d, 0x32
    dc.b    0xab, 0xa7, 0x7a, 0xd3, 0xa7, 0xcc, 0x9a, 0x31, 0xcc, 0xad, 0x7c, 0xcc, 0xcc, 0x7b, 0xa7, 0xcc
    dc.b    0xc7, 0xa8, 0xaa, 0x77, 0xad, 0xdd, 0xaa, 0xbd, 0xd8, 0xba, 0x00, 0x01, 0xdf, 0x26, 0x00, 0x01
    dc.b    0x7e, 0x74, 0xf0, 0x00, 0xee, 0xee, 0x00, 0x0e, 0xee, 0xee, 0x00, 0x2e, 0xef, 0xee, 0x92, 0xee
    dc.b    0xff, 0xef, 0x22, 0xef, 0xfe, 0xef, 0x12, 0xee, 0xee, 0xff, 0x11, 0xee, 0x8e, 0xff, 0x11, 0xe8
    dc.b    0xbe, 0xfe, 0xf0, 0x00, 0x11, 0xd8, 0xee, 0xeb, 0x21, 0x3d, 0xeb, 0xbb, 0x91, 0x1d, 0xba, 0xbb
    dc.b    0x91, 0x4d, 0x87, 0x77, 0x69, 0x41, 0xda, 0x77, 0x29, 0x24, 0x2d, 0xbb, 0x23, 0x92, 0x23, 0xd8
    dc.b    0x23, 0x69, 0xf0, 0x00, 0x2d, 0x7d, 0x23, 0x69, 0x9d, 0x77, 0x23, 0x66, 0x9d, 0x75, 0x33, 0x66
    dc.b    0x9d, 0x55, 0x36, 0x69, 0x55, 0x55, 0xd6, 0x95, 0x5d, 0x8d, 0xdd, 0x55, 0xd8, 0xd5, 0x8b, 0x5d
    dc.b    0x8d, 0xd5, 0x27, 0x3c, 0x7a, 0x55, 0xdd, 0x55, 0x11, 0x00, 0xee, 0xee, 0x31, 0x03, 0xef, 0xff
    dc.b    0xee, 0xee, 0xee, 0xef, 0x41, 0x0a, 0xee, 0xef, 0xff, 0xcf, 0xff, 0xfc, 0xcc, 0xfe, 0xf0, 0x00
    dc.b    0xee, 0xff, 0xee, 0x8e, 0xee, 0xfc, 0xee, 0x8d, 0xee, 0xfc, 0xeb, 0xac, 0x8e, 0xfe, 0xba, 0x7a
    dc.b    0x8e, 0xfe, 0xa7, 0x7a, 0x8e, 0xee, 0xac, 0xc7, 0xbe, 0xda, 0xaa, 0xbd, 0x88, 0xdd, 0xf0, 0x00
    dc.b    0xac, 0x77, 0xbd, 0x88, 0xdd, 0xdd, 0x77, 0xab, 0xbb, 0xb8, 0xbd, 0xdd, 0xdb, 0xaa, 0xd7, 0xcc
    dc.b    0x7d, 0x77, 0x75, 0x5b, 0x77, 0xd7, 0x55, 0xd5, 0x57, 0x7d, 0x58, 0xdd, 0x55, 0x7d, 0xf0, 0x00
    dc.b    0x8d, 0xd5, 0x55, 0xad, 0x5d, 0x55, 0x5a, 0xd7, 0x55, 0x55, 0xbd, 0x77, 0x55, 0x5d, 0xdb, 0xba
    dc.b    0x55, 0x54, 0x42, 0x88, 0x55, 0x92, 0x44, 0x28, 0x12, 0x93, 0x33, 0xd5, 0x21, 0x29, 0xf0, 0x00
    dc.b    0x35, 0x53, 0x91, 0x15, 0x55, 0x22, 0x9d, 0x55, 0x51, 0x29, 0x55, 0x55, 0x21, 0x96, 0x55, 0x52
    dc.b    0x19, 0x93, 0x55, 0x91, 0x29, 0x33, 0x55, 0x21, 0x99, 0x32, 0x55, 0x12, 0x93, 0x22, 0xf0, 0x00
    dc.b    0x59, 0x19, 0x92, 0x21, 0x56, 0x29, 0x32, 0x11, 0x56, 0x96, 0x21, 0x14, 0x56, 0x93, 0x11, 0x44
    dc.b    0x59, 0x62, 0x14, 0x41, 0x59, 0x21, 0x44, 0x12, 0x56, 0x21, 0x11, 0x39, 0x56, 0x21, 0x80, 0x01
    dc.b    0x13, 0x96, 0x56, 0x21, 0x39, 0x99, 0x56, 0x36, 0x99, 0x99, 0x53, 0x69, 0x90, 0x00, 0x53, 0x69
    dc.b    0xe6, 0x3a, 0x01, 0x01, 0x10, 0x01, 0x23, 0x90, 0xd6, 0x32, 0x03, 0x01, 0x16, 0x01, 0x69, 0x00
    dc.b    0xf0, 0x00, 0x90, 0x00, 0x00, 0x00, 0xdd, 0xd6, 0x63, 0x22, 0x22, 0x96, 0x32, 0x21, 0x99, 0x33
    dc.b    0x22, 0x11, 0x63, 0x32, 0x21, 0x12, 0x33, 0x22, 0x11, 0x39, 0x32, 0x21, 0x11, 0x39, 0x22, 0x11
    dc.b    0xf0, 0x00, 0x12, 0x69, 0x21, 0x11, 0x12, 0x96, 0x11, 0x14, 0x12, 0x93, 0x14, 0x41, 0x23, 0x92
    dc.b    0x44, 0x12, 0x33, 0x92, 0x41, 0x23, 0x36, 0x92, 0x12, 0x33, 0x36, 0x92, 0x23, 0x33, 0x66, 0x92
    dc.b    0x80, 0x01, 0x63, 0x66, 0x66, 0x92, 0x66, 0x66, 0x69, 0x92, 0x66, 0x99, 0x90, 0x92, 0x99, 0x00
    dc.b    0x00, 0x92, 0x7e, 0xbf, 0x07, 0x00, 0x10, 0x01, 0x00, 0x08, 0xf8, 0xd1, 0x12, 0x01, 0x00, 0x87
    dc.b    0x01, 0x05, 0x12, 0x01, 0x00, 0x88, 0x00, 0x01, 0xf8, 0xc9, 0xf0, 0x00, 0x12, 0x99, 0x11, 0x11
    dc.b    0x19, 0x31, 0x12, 0x32, 0x69, 0x21, 0x23, 0x33, 0x92, 0x11, 0x33, 0x23, 0x62, 0x12, 0x32, 0x23
    dc.b    0x31, 0x13, 0x32, 0x23, 0x21, 0x23, 0x22, 0x33, 0x11, 0x33, 0xf0, 0x00, 0x22, 0x32, 0x12, 0x33
    dc.b    0x22, 0x32, 0x12, 0x32, 0x23, 0x31, 0x13, 0x22, 0x23, 0x21, 0x23, 0x22, 0x33, 0x11, 0x23, 0x22
    dc.b    0x32, 0x11, 0x32, 0x23, 0x32, 0x12, 0x32, 0x23, 0x21, 0x12, 0x11, 0x01, 0x32, 0x32, 0x51, 0x00
    dc.b    0x21, 0x22, 0x33, 0x32, 0x21, 0x22, 0x38, 0x88, 0x88, 0x88, 0xc1, 0x01, 0x8b, 0xbb, 0xbb, 0xbb
    dc.b    0x8b, 0xaa, 0xaa, 0xab, 0x8b, 0xa7, 0x7a, 0xa8, 0xba, 0x77, 0x77, 0xa8, 0x77, 0x7c, 0xc7, 0xb0
    dc.b    0xcc, 0xcc, 0xcc, 0xb0, 0x11, 0x01, 0x77, 0xcc, 0x13, 0x01, 0xcc, 0xa0, 0x61, 0x01, 0x77, 0x7c
    dc.b    0xcc, 0x70, 0x11, 0x44, 0x44, 0x10, 0x21, 0x14, 0x44, 0x12, 0x71, 0x01, 0x22, 0x14, 0x41, 0x12
    dc.b    0x22, 0x11, 0x11, 0x22, 0x22, 0x21, 0x11, 0x23, 0x12, 0x21, 0x11, 0x01, 0x22, 0x20, 0x65, 0x01
    dc.b    0x12, 0x22, 0x21, 0x20, 0x22, 0x32, 0x21, 0x20, 0x23, 0x32, 0x11, 0x20, 0x14, 0x01, 0x33, 0x32
    dc.b    0x10, 0x01, 0x88, 0x00, 0xec, 0x07, 0x03, 0x01, 0x00, 0x13, 0x00, 0x00, 0x1c, 0x01, 0x00, 0x62
    dc.b    0x12, 0x01, 0x00, 0x63, 0x18, 0x01, 0x00, 0x93, 0x18, 0x01, 0x00, 0x09, 0x00, 0x12, 0x00, 0x00
    dc.b    0x12, 0xc5, 0x00, 0xb7, 0x32, 0x01, 0x00, 0x0d, 0x14, 0x44, 0x44, 0x41, 0x00, 0x01, 0xfc, 0x99
    dc.b    0x11, 0x01, 0x11, 0x44, 0xf0, 0x00, 0x44, 0x41, 0x11, 0x44, 0x11, 0x41, 0x21, 0x44, 0x11, 0x14
    dc.b    0x22, 0x44, 0x12, 0x24, 0x32, 0x14, 0x12, 0x31, 0x33, 0x11, 0x12, 0x32, 0x23, 0x21, 0x11, 0x33
    dc.b    0x23, 0x21, 0x11, 0x23, 0x11, 0x01, 0x23, 0x31, 0xb1, 0x01, 0x11, 0x13, 0x23, 0x31, 0x11, 0x12
    dc.b    0x22, 0x32, 0x11, 0x12, 0x32, 0x32, 0x11, 0x11, 0x32, 0x33, 0x11, 0x11, 0x92, 0x33, 0x21, 0x11
    dc.b    0x20, 0x01, 0x92, 0x23, 0x31, 0x11, 0xdc, 0x55, 0x05, 0xf5, 0x50, 0x01, 0x08, 0xba, 0x00, 0x08
    dc.b    0x8a, 0xa7, 0x08, 0xba, 0x77, 0xcc, 0xe6, 0xa4, 0xf0, 0x00, 0xc7, 0x7a, 0xdd, 0xdd, 0xdd, 0xdd
    dc.b    0x11, 0x22, 0x33, 0x69, 0x11, 0x23, 0x36, 0x69, 0x12, 0x33, 0x66, 0x69, 0x41, 0x22, 0x26, 0x90
    dc.b    0x44, 0x13, 0x66, 0x90, 0x11, 0x44, 0x39, 0x90, 0xf0, 0x00, 0x22, 0x21, 0x13, 0x90, 0x23, 0x32
    dc.b    0x11, 0x90, 0x13, 0x33, 0x21, 0x39, 0x12, 0x33, 0x32, 0x19, 0x12, 0x33, 0x32, 0x16, 0x11, 0x33
    dc.b    0x33, 0x23, 0x21, 0x23, 0x33, 0x23, 0x31, 0x23, 0xf0, 0x00, 0x33, 0x33, 0x31, 0x12, 0x33, 0x33
    dc.b    0x32, 0x12, 0x33, 0x36, 0x33, 0x11, 0x23, 0x36, 0x33, 0x21, 0x23, 0x36, 0x23, 0x21, 0x12, 0x30
    dc.b    0x23, 0x31, 0x12, 0x60, 0x23, 0x32, 0x11, 0x60, 0xe1, 0x01, 0x12, 0x32, 0x11, 0x60, 0x12, 0x38
    dc.b    0x88, 0x00, 0x88, 0x88, 0x88, 0x00, 0x88, 0x8b, 0xbb, 0x00, 0xaa, 0x77, 0x7a, 0x00, 0x77, 0xcc
    dc.b    0x77, 0xb0, 0xcc, 0xcc, 0xc7, 0xa0, 0x60, 0x01, 0xc7, 0x77, 0x7a, 0xb0, 0xbb, 0xba, 0xab, 0x80
    dc.b    0xdd, 0xdd, 0xdd, 0x00, 0xed, 0xad, 0x01, 0x01, 0x30, 0x06, 0x08, 0xa7, 0x00, 0x00, 0x08, 0x87
    dc.b    0x7b, 0x47, 0xa0, 0x02, 0x77, 0x77, 0x77, 0x00, 0x77, 0x77, 0x7a, 0x00, 0xab, 0x8b, 0xab, 0xb0
    dc.b    0xcc, 0xad, 0x7d, 0xad, 0x77, 0xad, 0x7d, 0x7d, 0xfc, 0xa8, 0x01, 0x00, 0x00, 0x00, 0x00, 0x00
spr_ken_151_animation0_frame0_tileset_data_size = .-spr_ken_151_animation0_frame0_tileset_data

    .align  2
spr_ken_151_animation0_frame1_tileset_data:
    dc.b    0x10, 0x22, 0x00, 0x00, 0x00, 0x00, 0x10, 0x01, 0x00, 0x03, 0xce, 0xf8, 0xf0, 0x00, 0x00, 0x21
    dc.b    0x00, 0x00, 0x03, 0x11, 0x00, 0x00, 0x32, 0x12, 0x00, 0x03, 0x21, 0x11, 0x00, 0x02, 0x11, 0x14
    dc.b    0x00, 0x31, 0x11, 0x44, 0x03, 0x21, 0x11, 0x44, 0x02, 0x11, 0x14, 0x44, 0x8a, 0x25, 0x32, 0x11
    dc.b    0x11, 0x11, 0x32, 0x12, 0xdd, 0xdd, 0x22, 0x28, 0xa7, 0xcc, 0x22, 0xda, 0xcc, 0xc7, 0x00, 0x01
    dc.b    0xf2, 0x48, 0x22, 0x01, 0x00, 0x00, 0x0e, 0xee, 0x10, 0x01, 0xee, 0xef, 0xd0, 0x04, 0x01, 0x01
    dc.b    0x31, 0x01, 0xee, 0xfe, 0x00, 0xee, 0xef, 0xfe, 0xf0, 0x00, 0x03, 0xe8, 0xef, 0xee, 0x03, 0xe8
    dc.b    0xee, 0x8e, 0x23, 0x18, 0xee, 0x8e, 0x29, 0x11, 0x88, 0xbb, 0x19, 0x14, 0x8b, 0xaa, 0x13, 0x94
    dc.b    0x8b, 0xaa, 0x12, 0x94, 0x18, 0xbb, 0x22, 0x39, 0xf0, 0x00, 0x42, 0x87, 0x44, 0x26, 0x44, 0x87
    dc.b    0x44, 0x11, 0x64, 0x48, 0x44, 0x44, 0x16, 0x42, 0x44, 0x44, 0x41, 0x61, 0x44, 0x44, 0x41, 0x29
    dc.b    0x11, 0x14, 0x44, 0x26, 0xb8, 0xd3, 0x22, 0x23, 0x47, 0x3c, 0x77, 0xbd, 0xdd, 0x36, 0xab, 0xb7
    dc.b    0x7b, 0xd6, 0x31, 0x00, 0x00, 0xee, 0xe0, 0x00, 0xee, 0xee, 0x70, 0x01, 0xef, 0xff, 0xee, 0xef
    dc.b    0xee, 0xff, 0xee, 0xfe, 0xef, 0xcf, 0xff, 0xfc, 0xcc, 0xfc, 0xd9, 0x93, 0xf0, 0x00, 0xee, 0x5e
    dc.b    0xee, 0xfe, 0xe5, 0x55, 0xef, 0xfe, 0xeb, 0xc5, 0xec, 0xfe, 0xbc, 0x7a, 0xfc, 0xfe, 0xa7, 0x7a
    dc.b    0xfc, 0xeb, 0xa7, 0x77, 0xff, 0xeb, 0x77, 0x85, 0x8d, 0xd7, 0x7c, 0x55, 0xf0, 0x00, 0xbb, 0xdd
    dc.b    0xda, 0xcc, 0xab, 0xb8, 0x8d, 0xd5, 0xbb, 0xb8, 0xbb, 0x55, 0x77, 0x77, 0x7d, 0x55, 0x77, 0x7a
    dc.b    0xb5, 0x5d, 0xbb, 0xbb, 0xd5, 0xda, 0x8b, 0xaa, 0xd5, 0x5a, 0x38, 0x8d, 0xb9, 0x7e, 0x55, 0x55
    dc.b    0x33, 0xd5, 0x55, 0x55, 0x96, 0x55, 0x55, 0x55, 0x6d, 0x55, 0x55, 0x55, 0x6d, 0xba, 0xb8, 0x55
    dc.b    0xdb, 0xa7, 0x7b, 0xba, 0x00, 0x02, 0xe5, 0x7b, 0xf0, 0x00, 0xff, 0xff, 0xee, 0x00, 0xef, 0xcc
    dc.b    0xef, 0xe0, 0xfe, 0xef, 0xce, 0xfe, 0xcb, 0xef, 0xce, 0xfe, 0xfd, 0xee, 0xfe, 0xee, 0xe5, 0xde
    dc.b    0xe9, 0xee, 0x55, 0xde, 0xd3, 0xe1, 0xb8, 0x75, 0xf0, 0x00, 0x2e, 0x11, 0xb8, 0x73, 0x33, 0x22
    dc.b    0xad, 0xd9, 0x11, 0x22, 0x53, 0x32, 0x94, 0x42, 0x56, 0x32, 0x29, 0x24, 0xb8, 0xac, 0x77, 0x92
    dc.b    0x5a, 0xcc, 0xaa, 0x79, 0x57, 0xcc, 0xdd, 0x71, 0xf0, 0x00, 0xac, 0xc7, 0xd7, 0x84, 0x7c, 0xca
    dc.b    0xdd, 0xd3, 0xcc, 0x7b, 0xdb, 0xdd, 0x77, 0xad, 0xbd, 0x8d, 0xda, 0xdb, 0xda, 0xb8, 0x55, 0x88
    dc.b    0xa7, 0x7b, 0x55, 0x7b, 0x87, 0xab, 0x55, 0x77, 0x57, 0x3d, 0x8b, 0x88, 0x5d, 0x7a, 0xb8, 0xaa
    dc.b    0x5a, 0xab, 0x8a, 0xab, 0xf0, 0x00, 0x10, 0x00, 0x00, 0x00, 0x42, 0xbb, 0x00, 0x00, 0x44, 0x1b
    dc.b    0xbb, 0x00, 0x14, 0x4b, 0xaa, 0xb0, 0x21, 0x41, 0x77, 0xab, 0x32, 0x14, 0x17, 0x7a, 0x43, 0x21
    dc.b    0x4b, 0xba, 0x44, 0x32, 0xf0, 0x00, 0x41, 0xaa, 0x24, 0x43, 0x11, 0xba, 0x62, 0x44, 0x31, 0xba
    dc.b    0x16, 0x24, 0x41, 0x2b, 0x41, 0x64, 0x44, 0x28, 0x34, 0x62, 0x44, 0x18, 0x64, 0x16, 0x44, 0x4d
    dc.b    0xd3, 0x46, 0x24, 0x43, 0xf0, 0x00, 0xd6, 0x49, 0x34, 0x43, 0x8d, 0x11, 0x94, 0x13, 0x8d, 0x61
    dc.b    0x94, 0x23, 0xbd, 0xd1, 0x91, 0x22, 0xb8, 0xd1, 0x92, 0x32, 0xa8, 0xd1, 0x92, 0x33, 0xb8, 0xd1
    dc.b    0x93, 0x63, 0x88, 0xd9, 0xb0, 0x10, 0x99, 0x99, 0x44, 0x11, 0x11, 0x11, 0x11, 0x11, 0x29, 0x99
    dc.b    0x99, 0x99, 0x96, 0x35, 0x44, 0x41, 0x12, 0x65, 0x44, 0x41, 0x22, 0x95, 0x7e, 0xd4, 0xa0, 0x01
    dc.b    0xab, 0xbb, 0xb0, 0x00, 0xa7, 0x77, 0xaa, 0xbb, 0x7c, 0xcc, 0xc7, 0x7a, 0x77, 0xcc, 0xcc, 0xc7
    dc.b    0xa7, 0x77, 0xcc, 0xcc, 0xf0, 0x5e, 0xf0, 0x00, 0xaa, 0xaa, 0x8b, 0xaa, 0x77, 0x77, 0x88, 0x8b
    dc.b    0xb8, 0x88, 0xdd, 0xdd, 0x8b, 0xaa, 0x22, 0x23, 0xd8, 0x8b, 0x22, 0x11, 0x63, 0x11, 0x21, 0x41
    dc.b    0x31, 0x96, 0x14, 0x43, 0x51, 0x93, 0xc2, 0x01, 0x14, 0x25, 0x51, 0x19, 0x21, 0x65, 0x51, 0x12
    dc.b    0x33, 0x55, 0xd1, 0x11, 0x95, 0x55, 0x31, 0x11, 0x25, 0x5d, 0x31, 0x21, 0x55, 0x5d, 0x21, 0x21
    dc.b    0x30, 0x14, 0x24, 0x31, 0x56, 0x55, 0x24, 0x31, 0x7e, 0x90, 0x10, 0x03, 0xb0, 0x00, 0xe4, 0x8f
    dc.b    0xd0, 0x01, 0x77, 0xab, 0xbb, 0x00, 0x77, 0x77, 0x7a, 0xab, 0x7c, 0xcc, 0xcc, 0x77, 0xa7, 0x7c
    dc.b    0xcc, 0xcc, 0xba, 0x77, 0xcc, 0xc3, 0xbb, 0xaa, 0xa3, 0x32, 0x12, 0xbb, 0xf1, 0xb3, 0xf0, 0x00
    dc.b    0x11, 0x12, 0x21, 0x11, 0x21, 0x11, 0x21, 0x14, 0x92, 0x11, 0x22, 0x11, 0x93, 0x11, 0x12, 0x21
    dc.b    0x29, 0x21, 0x11, 0x11, 0x19, 0x31, 0x11, 0x22, 0x42, 0x94, 0x11, 0x11, 0x42, 0x94, 0x50, 0x1c
    dc.b    0x44, 0x44, 0x41, 0x94, 0x44, 0x41, 0x41, 0x94, 0x44, 0x11, 0x7e, 0x49, 0x50, 0x01, 0xb0, 0x00
    dc.b    0x03, 0x32, 0xab, 0xb3, 0x32, 0x21, 0x77, 0x32, 0xfc, 0x84, 0x30, 0x02, 0x21, 0x11, 0x11, 0x44
    dc.b    0x11, 0x14, 0xcf, 0x36, 0x41, 0x45, 0x41, 0x12, 0x44, 0x44, 0x11, 0x21, 0x14, 0x11, 0xdf, 0x4f
    dc.b    0x21, 0x14, 0x12, 0x22, 0x11, 0x12, 0x22, 0x22, 0x12, 0x22, 0x12, 0x22, 0x21, 0x12, 0x11, 0x22
    dc.b    0x11, 0x23, 0x12, 0x21, 0x12, 0x23, 0x12, 0x11, 0x12, 0x39, 0xf0, 0x00, 0x41, 0x94, 0x41, 0x11
    dc.b    0x12, 0x91, 0x12, 0x22, 0x19, 0x22, 0x22, 0x33, 0x39, 0x22, 0x33, 0x31, 0x93, 0x33, 0x33, 0x11
    dc.b    0x66, 0x63, 0x32, 0x11, 0x63, 0x33, 0x21, 0x13, 0x33, 0x32, 0xd0, 0x01, 0x11, 0x36, 0x33, 0x21
    dc.b    0x13, 0x63, 0x33, 0x21, 0x26, 0x33, 0x23, 0x32, 0x33, 0x33, 0x22, 0x32, 0x33, 0x22, 0x12, 0x33
    dc.b    0x32, 0x21, 0x12, 0x23, 0x22, 0x11, 0xf5, 0x9f, 0x10, 0x01, 0x22, 0x11, 0xf4, 0xc0, 0xdf, 0x4f
    dc.b    0x22, 0x21, 0x14, 0x11, 0x12, 0x21, 0x11, 0x41, 0x12, 0x22, 0x11, 0x41, 0x11, 0x22, 0x11, 0x44
    dc.b    0x11, 0x22, 0x11, 0x14, 0x41, 0x12, 0x11, 0x14, 0x44, 0x11, 0x90, 0x01, 0x22, 0x11, 0x23, 0x90
    dc.b    0x31, 0x12, 0x39, 0x00, 0x11, 0x23, 0x90, 0x00, 0x12, 0x39, 0x00, 0x00, 0x23, 0x90, 0xd0, 0x8f
    dc.b    0x52, 0x01, 0x93, 0x00, 0x00, 0x00, 0x63, 0x00, 0x00, 0x00, 0x33, 0x00, 0x10, 0x01, 0x23, 0x00
    dc.b    0xd0, 0x20, 0x14, 0x01, 0x12, 0x00, 0x12, 0x01, 0x11, 0x00, 0x16, 0x01, 0x11, 0x30, 0x10, 0x01
    dc.b    0x21, 0x30, 0xf1, 0x8e, 0x01, 0x01, 0xf0, 0x00, 0x41, 0x12, 0x23, 0x36, 0x12, 0x23, 0x33, 0x69
    dc.b    0x22, 0x33, 0x69, 0x55, 0x23, 0x39, 0xdb, 0xd5, 0x36, 0x9a, 0xaa, 0xa7, 0x6d, 0x87, 0xca, 0x77
    dc.b    0x9d, 0xb7, 0xcb, 0xdd, 0x0d, 0xb7, 0x30, 0x01, 0x7d, 0xad, 0x00, 0xdd, 0x77, 0xd7, 0xef, 0x9c
    dc.b    0x00, 0x29, 0x00, 0x00, 0x30, 0x01, 0x69, 0x90, 0x00, 0x00, 0x50, 0x00, 0xfa, 0x97, 0x90, 0x01
    dc.b    0x55, 0x50, 0x00, 0x00, 0x7a, 0x7b, 0x00, 0x00, 0x77, 0xda, 0x00, 0x00, 0x7c, 0x8a, 0x00, 0x00
    dc.b    0x7c, 0x88, 0xdd, 0x05, 0x20, 0x3f, 0xd0, 0x00, 0x00, 0x00, 0x00, 0x00, 0xf0, 0x00, 0x00, 0x33
    dc.b    0x00, 0x00, 0x33, 0x32, 0x00, 0x32, 0x22, 0x22, 0x33, 0x22, 0x21, 0x11, 0x22, 0x11, 0x11, 0x44
    dc.b    0x11, 0x11, 0x44, 0x41, 0x11, 0x44, 0x44, 0x14, 0x14, 0x44, 0x41, 0x14, 0xce, 0x27, 0x44, 0x44
    dc.b    0x11, 0x44, 0x44, 0x11, 0x14, 0x44, 0x11, 0x21, 0x44, 0x11, 0x12, 0x11, 0x41, 0x12, 0x21, 0x14
    dc.b    0x11, 0x22, 0x11, 0x41, 0x22, 0x33, 0x31, 0x27, 0x33, 0x22, 0x00, 0x33, 0x22, 0x21, 0x00, 0x01
    dc.b    0xf4, 0x2b, 0x32, 0x00, 0x14, 0x44, 0x11, 0x44, 0x44, 0x44, 0x00, 0x01, 0xce, 0x83, 0xfa, 0x27
    dc.b    0x44, 0x44, 0x41, 0x12, 0x44, 0x11, 0x12, 0x23, 0x41, 0x12, 0x23, 0x33, 0x11, 0x23, 0x36, 0x33
    dc.b    0x22, 0x33, 0x63, 0x36, 0x23, 0x36, 0x66, 0x99, 0x33, 0x66, 0x99, 0x00, 0x36, 0x95, 0x51, 0x4a
    dc.b    0x03, 0x22, 0x11, 0x11, 0x22, 0x21, 0x14, 0x44, 0x21, 0x11, 0x01, 0x25, 0x02, 0x23, 0x11, 0x4e
    dc.b    0x44, 0x44, 0xf0, 0x00, 0x22, 0x11, 0x41, 0x12, 0x21, 0x11, 0x11, 0x22, 0x11, 0x22, 0x22, 0x21
    dc.b    0x12, 0x22, 0x32, 0x12, 0x22, 0x39, 0x21, 0x22, 0x39, 0x90, 0x22, 0x33, 0x90, 0x00, 0x33, 0x99
    dc.b    0x00, 0x00, 0x17, 0x53, 0x99, 0x00, 0xf0, 0x00, 0xba, 0x7c, 0x02, 0xba, 0x7c, 0xcc, 0x22, 0x2a
    dc.b    0xcc, 0xcc, 0x22, 0x11, 0xcc, 0x77, 0x11, 0x44, 0x77, 0x7a, 0x44, 0x44, 0x2a, 0xaa, 0x44, 0x41
    dc.b    0x2a, 0xab, 0x44, 0x12, 0x1a, 0xb8, 0x60, 0x01, 0x11, 0x21, 0x12, 0x80, 0x12, 0x11, 0x22, 0x00
    dc.b    0x21, 0x12, 0x21, 0x20, 0xed, 0x07, 0x8e, 0xaa, 0x11, 0x20, 0x22, 0x11, 0x23, 0x99, 0x21, 0x39
    dc.b    0x99, 0x00, 0x39, 0x90, 0x00, 0x00, 0x90, 0x00, 0xf0, 0x00, 0x00, 0x96, 0x21, 0x12, 0x00, 0x96
    dc.b    0x31, 0x12, 0x00, 0x96, 0x62, 0x11, 0x00, 0x99, 0x63, 0x11, 0x00, 0x99, 0x63, 0x21, 0x00, 0x99
    dc.b    0x63, 0x32, 0x00, 0x99, 0x66, 0x32, 0x00, 0x96, 0x72, 0x15, 0x36, 0x33, 0x00, 0x96, 0x33, 0x63
    dc.b    0x00, 0x96, 0x22, 0x33, 0x00, 0x96, 0x21, 0x22, 0x1a, 0x01, 0x21, 0x11, 0x10, 0x0f, 0x32, 0x22
    dc.b    0x7f, 0x1f, 0xf0, 0x00, 0x00, 0xba, 0x8b, 0x77, 0x7c, 0xcc, 0xdb, 0x7c, 0xcc, 0xcc, 0xd8, 0xa7
    dc.b    0x7a, 0xaa, 0x0d, 0xdd, 0xdd, 0xdd, 0x32, 0x11, 0x14, 0x41, 0x32, 0x11, 0x14, 0x44, 0x33, 0x21
    dc.b    0x11, 0x44, 0xf0, 0x00, 0x23, 0x21, 0x11, 0x44, 0x13, 0x32, 0x11, 0x14, 0x12, 0x32, 0x21, 0x14
    dc.b    0x11, 0x33, 0x21, 0x11, 0x21, 0x23, 0x32, 0x11, 0x21, 0x13, 0x33, 0x21, 0x32, 0x12, 0x33, 0x32
    dc.b    0x32, 0x11, 0x81, 0xa1, 0x32, 0x32, 0x23, 0x21, 0x13, 0x23, 0x22, 0x32, 0x11, 0x22, 0x12, 0x22
    dc.b    0x11, 0x12, 0x11, 0x22, 0x10, 0x03, 0x21, 0x11, 0x7e, 0x0f, 0x30, 0x01, 0x12, 0x22, 0x00, 0x88
    dc.b    0x88, 0x82, 0xd4, 0xce, 0x20, 0x02, 0xbb, 0xbb, 0x00, 0x8b, 0xcf, 0xb6, 0x40, 0x01, 0x77, 0xcc
    dc.b    0x0b, 0xa7, 0x7c, 0xcc, 0xba, 0x77, 0xcd, 0x5b, 0x02, 0x00, 0x60, 0x01, 0xcc, 0x77, 0xaa, 0xab
    dc.b    0xbb, 0xaa, 0xdd, 0xdd, 0xdd, 0xdd, 0x12, 0x23, 0xeb, 0x1e, 0x50, 0x01, 0x41, 0x22, 0x30, 0x00
    dc.b    0x41, 0x12, 0x30, 0x00, 0x44, 0x12, 0xf4, 0x0d, 0x01, 0x01, 0xf0, 0x00, 0x44, 0x44, 0x30, 0x00
    dc.b    0x14, 0x44, 0x60, 0x00, 0x11, 0x41, 0x60, 0x00, 0x21, 0x11, 0x60, 0x00, 0x21, 0x12, 0x60, 0x00
    dc.b    0x32, 0x12, 0x00, 0x00, 0x22, 0x16, 0x00, 0x00, 0x22, 0x26, 0x22, 0x01, 0x00, 0x00, 0x12, 0x26
    dc.b    0x32, 0x0b, 0x11, 0x26, 0x00, 0x00, 0x11, 0x16, 0x10, 0x01, 0x88, 0x00, 0xcf, 0xa8, 0x10, 0x01
    dc.b    0xab, 0x00, 0x7d, 0x2b, 0x01, 0x01, 0x70, 0x01, 0xcb, 0x00, 0x00, 0x00, 0xc7, 0xb0, 0x00, 0x00
    dc.b    0xc7, 0xa0, 0x00, 0x00, 0xc7, 0x70, 0xf9, 0x88, 0x12, 0x15, 0xaa, 0x80, 0xf0, 0x00, 0x2d, 0xbc
    dc.b    0xcc, 0xab, 0x2d, 0x7c, 0xc7, 0xba, 0x2d, 0xa7, 0x7a, 0xaa, 0x0d, 0xbb, 0xbb, 0xaa, 0x0d, 0x8a
    dc.b    0xab, 0xbb, 0x00, 0xd8, 0xb8, 0x8b, 0x00, 0x0d, 0x8b, 0x88, 0x00, 0x00, 0x10, 0x01, 0xd8, 0xbb
    dc.b    0xe6, 0xad, 0x1b, 0xa8, 0x00, 0xdd, 0xf0, 0x00, 0xb7, 0xcc, 0xcc, 0xbd, 0x7c, 0xcc, 0x77, 0xdb
    dc.b    0x7c, 0xc7, 0x7d, 0xba, 0x77, 0x77, 0xdb, 0xa7, 0xaa, 0x7b, 0xda, 0x77, 0xba, 0xad, 0xba, 0x77
    dc.b    0xbb, 0x8d, 0xba, 0x77, 0x88, 0x8d, 0x90, 0x01, 0xaa, 0xa7, 0xbb, 0xb8, 0xba, 0xaa, 0x8b, 0xbb
    dc.b    0xbb, 0xbb, 0xdd, 0xd8, 0xbb, 0xa7, 0x00, 0x0d, 0xdb, 0x7c, 0xe6, 0x8e, 0x04, 0x00, 0xf0, 0x00
    dc.b    0xba, 0x77, 0x7b, 0xb7, 0xa7, 0x7c, 0x7b, 0xa7, 0x77, 0xcc, 0x7b, 0x77, 0x77, 0xcc, 0xab, 0x77
    dc.b    0x7c, 0xc7, 0xab, 0x77, 0xcc, 0x77, 0xb7, 0x7a, 0xc7, 0x7a, 0xb7, 0x78, 0x77, 0xab, 0xb5, 0x1f
    dc.b    0x77, 0xa8, 0xaa, 0xba, 0x77, 0x84, 0xaa, 0xa7, 0x78, 0x21, 0x77, 0x7b, 0x82, 0x11, 0xcc, 0xb8
    dc.b    0x33, 0x33, 0x88, 0x99, 0x99, 0x99, 0xd0, 0x01, 0xb8, 0x88, 0xaa, 0xba, 0xb1, 0x22, 0xbb, 0x8b
    dc.b    0xb4, 0x44, 0x44, 0x28, 0xb2, 0x21, 0x44, 0x44, 0xb9, 0x99, 0x32, 0x21, 0x82, 0x36, 0x99, 0x99
    dc.b    0x21, 0x14, 0xf8, 0xbf, 0x00, 0x01, 0xe1, 0x5e, 0x01, 0xd9, 0x66, 0x21, 0x22, 0x33, 0x33, 0x33
    dc.b    0x33, 0x22, 0x63, 0x22, 0x22, 0x23, 0x99, 0x99, 0x06, 0x00, 0xf0, 0x00, 0x00, 0x0b, 0x00, 0x00
    dc.b    0x00, 0xb7, 0x00, 0x00, 0x0b, 0x77, 0x00, 0x0b, 0xa7, 0x77, 0xba, 0xa7, 0xcc, 0x77, 0x7c, 0xcc
    dc.b    0xc7, 0x7a, 0xcc, 0xcc, 0x77, 0xaa, 0xcc, 0x77, 0x7a, 0xa8, 0x77, 0x1d, 0x77, 0x7a, 0xab, 0x80
    dc.b    0x7a, 0xaa, 0xb8, 0x00, 0xaa, 0xb8, 0x80, 0x00, 0xab, 0x80, 0x20, 0x01, 0x0b, 0x7c, 0xaa, 0x77
    dc.b    0xf3, 0x8b, 0x03, 0x00, 0x61, 0xb7, 0xaa, 0xaa, 0xa7, 0x77, 0xab, 0xbb, 0xba, 0xaa, 0xbb, 0x88
    dc.b    0x88, 0x88, 0x0d, 0x00, 0xf0, 0x00, 0xcc, 0x7b, 0x00, 0x00, 0xcc, 0xcc, 0x7a, 0x00, 0x7c, 0xc7
    dc.b    0xcc, 0xa0, 0x77, 0x7a, 0x8b, 0x80, 0x77, 0x7a, 0x7c, 0x70, 0x77, 0xaa, 0x8b, 0x80, 0xaa, 0xaa
    dc.b    0x7c, 0x70, 0x8a, 0xaa, 0x41, 0xe4, 0x8b, 0x80, 0x08, 0xab, 0x7c, 0xb0, 0x00, 0x8b, 0x13, 0x19
    dc.b    0xaa, 0x00, 0xd5, 0x01, 0x11, 0x12, 0x26, 0x55, 0x22, 0x33, 0x65, 0x55, 0x66, 0x66, 0x95, 0x55
    dc.b    0x22, 0x36, 0x55, 0x55, 0x33, 0x99, 0x55, 0x55, 0x99, 0x00, 0x05, 0x55, 0x00, 0x00, 0x12, 0x01
    dc.b    0x55, 0x55, 0x11, 0x01, 0x55, 0x59, 0x11, 0x01, 0x00, 0x05, 0x31, 0x01, 0x55, 0x09, 0x00, 0x05
    dc.b    0x55, 0x00, 0x0d, 0x49, 0x22, 0x01, 0x53, 0x55, 0x24, 0x31, 0x11, 0x01, 0x24, 0x33, 0xf0, 0x00
    dc.b    0x66, 0x55, 0x24, 0x29, 0x3d, 0x55, 0x24, 0x29, 0x35, 0x55, 0x21, 0x96, 0x35, 0x55, 0x21, 0x93
    dc.b    0x35, 0x55, 0x33, 0x93, 0x35, 0x55, 0x99, 0x33, 0x95, 0x55, 0x32, 0x22, 0x95, 0x55, 0x11, 0x01
    dc.b    0x21, 0x11, 0xe2, 0x01, 0x95, 0x53, 0x21, 0x11, 0x66, 0x33, 0x21, 0x11, 0x96, 0x33, 0x31, 0x11
    dc.b    0x96, 0x23, 0x32, 0x11, 0x96, 0x22, 0x32, 0x11, 0x96, 0x21, 0x32, 0x21, 0x96, 0x31, 0x23, 0x21
    dc.b    0x50, 0x00, 0x13, 0x32, 0x09, 0x32, 0x12, 0x32, 0x09, 0x62, 0x12, 0x33, 0x00, 0x00, 0x00, 0x00
spr_ken_151_animation0_frame1_tileset_data_size = .-spr_ken_151_animation0_frame1_tileset_data

    .align  2
spr_ken_200_animation0_frame0_tileset_data:
    dc.b    0x00, 0x01, 0xf5, 0x80, 0xf0, 0x00, 0x02, 0x22, 0x00, 0x00, 0x39, 0x99, 0x00, 0x06, 0x8b, 0xb8
    dc.b    0x00, 0x08, 0xa7, 0x77, 0x00, 0x8a, 0x7c, 0xcc, 0x00, 0xba, 0xac, 0xcc, 0x08, 0xb7, 0xac, 0xc7
    dc.b    0x08, 0xb7, 0xaa, 0xa7, 0xf0, 0x00, 0x0d, 0xbb, 0xab, 0xbb, 0x00, 0x8b, 0xb7, 0xcc, 0x00, 0x8a
    dc.b    0x7a, 0x88, 0x00, 0xa7, 0xa8, 0xac, 0x0b, 0xab, 0x87, 0xcc, 0x0b, 0xbb, 0xac, 0xcc, 0x8b, 0xba
    dc.b    0x7c, 0xc7, 0x8b, 0xba, 0xd0, 0x01, 0x77, 0x7a, 0xd8, 0xbb, 0xaa, 0xab, 0xd8, 0x8b, 0xbb, 0xbb
    dc.b    0x0d, 0x88, 0x8b, 0xba, 0x0d, 0xaa, 0xa7, 0x7a, 0x00, 0xda, 0xa8, 0x88, 0x00, 0x0d, 0xdd, 0xdd
    dc.b    0xec, 0x35, 0x00, 0x01, 0xca, 0x3d, 0x0a, 0x00, 0xf0, 0x00, 0x00, 0x03, 0x00, 0x00, 0x00, 0x06
    dc.b    0x24, 0x44, 0x12, 0x24, 0x63, 0x44, 0x44, 0x41, 0xd9, 0x64, 0x44, 0x12, 0xbd, 0x96, 0x44, 0x13
    dc.b    0x7b, 0xd9, 0x24, 0x23, 0x7a, 0x8d, 0x61, 0x22, 0xf0, 0x00, 0x7a, 0xbd, 0x62, 0x21, 0xab, 0xb8
    dc.b    0xd3, 0x24, 0xb8, 0x88, 0xd6, 0x44, 0x7a, 0xb8, 0xd5, 0x55, 0x88, 0x85, 0x55, 0x58, 0xcc, 0x75
    dc.b    0x8b, 0x58, 0xcc, 0xc5, 0x8b, 0xb5, 0xcc, 0x7b, 0xf0, 0x00, 0x58, 0x8d, 0x77, 0xaa, 0x5d, 0xdd
    dc.b    0xaa, 0xaa, 0xa5, 0xdd, 0xbb, 0xaa, 0xab, 0x55, 0xba, 0xaa, 0xb8, 0x8d, 0xaa, 0xbb, 0x88, 0xd1
    dc.b    0xbb, 0x88, 0x8d, 0x14, 0x88, 0xdd, 0x11, 0x11, 0x10, 0x01, 0xdd, 0x32, 0xdf, 0x45, 0xf0, 0x00
    dc.b    0x63, 0x32, 0x22, 0x21, 0x99, 0x96, 0x63, 0x33, 0x00, 0x09, 0x99, 0x66, 0x00, 0x05, 0x59, 0x99
    dc.b    0x09, 0x99, 0x55, 0x55, 0x63, 0x12, 0x69, 0x55, 0x31, 0x44, 0x12, 0x69, 0x12, 0x93, 0xf0, 0x00
    dc.b    0x44, 0x12, 0x33, 0x6e, 0xfe, 0xee, 0x46, 0x9e, 0xfe, 0xff, 0x32, 0x9e, 0xee, 0xff, 0x34, 0x94
    dc.b    0x4e, 0xfe, 0x24, 0x64, 0xe4, 0xfe, 0x14, 0x64, 0x44, 0xe7, 0x14, 0x63, 0x44, 0xeb, 0xf0, 0x00
    dc.b    0x44, 0x33, 0x15, 0x55, 0x41, 0x35, 0x58, 0xd5, 0x15, 0x58, 0xdd, 0xac, 0x55, 0xdd, 0xac, 0xca
    dc.b    0xb5, 0xba, 0xcc, 0x75, 0x85, 0x8a, 0x77, 0xb5, 0x8d, 0x58, 0x8b, 0x5d, 0x5d, 0xd5, 0xf0, 0x00
    dc.b    0x5d, 0xd8, 0xd5, 0x55, 0x16, 0x4d, 0x55, 0x14, 0x46, 0x34, 0x54, 0x44, 0x43, 0x64, 0x44, 0x44
    dc.b    0x42, 0x64, 0x44, 0x44, 0x41, 0x63, 0x44, 0x44, 0x41, 0x36, 0x11, 0x11, 0x11, 0x13, 0x30, 0x01
    dc.b    0x41, 0x11, 0x11, 0x11, 0x44, 0x41, 0xf2, 0x0c, 0x50, 0x01, 0x21, 0x11, 0x11, 0x11, 0x33, 0x33
    dc.b    0x33, 0x33, 0x99, 0x66, 0xcc, 0x11, 0xf0, 0x00, 0x59, 0x96, 0x31, 0x11, 0x55, 0x55, 0x55, 0x55
    dc.b    0x69, 0x55, 0x55, 0x55, 0xe8, 0xb7, 0x55, 0xc5, 0xeb, 0x77, 0xc7, 0x7b, 0xed, 0xa7, 0xcc, 0xab
    dc.b    0xad, 0xba, 0x7c, 0x7b, 0x7b, 0xda, 0xf0, 0x00, 0x7c, 0xa8, 0xab, 0x8d, 0xa7, 0x7a, 0xbb, 0xb8
    dc.b    0xdd, 0xa7, 0x55, 0xda, 0x8d, 0xdd, 0xcc, 0xcd, 0xab, 0xbb, 0x7a, 0x8c, 0xdb, 0x8b, 0xd8, 0xa7
    dc.b    0xad, 0xb7, 0xb7, 0x87, 0xad, 0xa7, 0xf0, 0x00, 0xd8, 0xaa, 0x8d, 0xac, 0xdd, 0xdd, 0xda, 0xac
    dc.b    0xbb, 0xdd, 0x7a, 0xac, 0xdd, 0xd7, 0x7b, 0xb7, 0x43, 0xbb, 0xb8, 0x8b, 0x41, 0x88, 0x8a, 0xb8
    dc.b    0x44, 0xab, 0x77, 0x77, 0x44, 0x1a, 0xf0, 0x00, 0xbb, 0x88, 0x14, 0x4a, 0xa7, 0x7a, 0x61, 0x44
    dc.b    0xab, 0x88, 0x66, 0x14, 0x48, 0x8d, 0x36, 0x34, 0x44, 0x93, 0x13, 0x91, 0x14, 0x29, 0x11, 0x39
    dc.b    0x11, 0x29, 0x33, 0x36, 0x93, 0x33, 0x21, 0x3f, 0x66, 0x66, 0x99, 0x66, 0x20, 0x01, 0x12, 0x23
    dc.b    0x39, 0x55, 0xee, 0x99, 0x10, 0x01, 0x59, 0x63, 0xca, 0x1f, 0x70, 0x01, 0x03, 0x19, 0x00, 0x00
    dc.b    0x01, 0x29, 0x00, 0x00, 0x31, 0x99, 0x00, 0x00, 0x39, 0x96, 0xd0, 0xc6, 0x10, 0x01, 0x06, 0x62
    dc.b    0xd6, 0x20, 0x12, 0x01, 0x63, 0x21, 0xf0, 0x00, 0x32, 0x14, 0x00, 0x06, 0x32, 0x14, 0x00, 0x03
    dc.b    0x21, 0x44, 0x00, 0x63, 0x11, 0x44, 0x00, 0x62, 0x14, 0x44, 0x00, 0x32, 0x14, 0x44, 0x06, 0x32
    dc.b    0x44, 0x44, 0x03, 0x21, 0x44, 0x44, 0x30, 0x01, 0x63, 0x21, 0x44, 0x44, 0x63, 0x14, 0xf8, 0x0f
    dc.b    0x01, 0x01, 0x21, 0x01, 0x92, 0x14, 0x44, 0x41, 0xf0, 0x00, 0x93, 0x14, 0x44, 0x11, 0x96, 0x14
    dc.b    0x11, 0x11, 0x96, 0x31, 0x11, 0x22, 0x09, 0x32, 0x22, 0x33, 0x09, 0x23, 0x23, 0x33, 0x09, 0x33
    dc.b    0x43, 0x33, 0x09, 0x63, 0x42, 0x33, 0x09, 0x63, 0xf0, 0x00, 0x42, 0x23, 0x99, 0x13, 0x24, 0x11
    dc.b    0x96, 0x43, 0x33, 0x22, 0x93, 0x44, 0x11, 0x36, 0x92, 0x44, 0x11, 0x11, 0x92, 0x44, 0x41, 0x11
    dc.b    0x92, 0x11, 0x44, 0x41, 0x99, 0x62, 0x11, 0x44, 0x80, 0x01, 0x23, 0x99, 0x63, 0x32, 0x44, 0x12
    dc.b    0x99, 0x99, 0x44, 0x44, 0x42, 0x69, 0x44, 0x44, 0x11, 0x13, 0xc9, 0x72, 0x20, 0x03, 0x11, 0x12
    dc.b    0x44, 0x41, 0xdc, 0x33, 0x20, 0x02, 0x44, 0x11, 0x22, 0x22, 0xd1, 0x67, 0x71, 0x01, 0x11, 0x12
    dc.b    0x22, 0x33, 0x11, 0x22, 0x22, 0x36, 0x11, 0x22, 0x23, 0x66, 0x12, 0x22, 0x10, 0x01, 0x33, 0x36
    dc.b    0xfc, 0x86, 0x40, 0x01, 0x36, 0x96, 0x23, 0x33, 0x66, 0x63, 0x33, 0x32, 0xce, 0xa0, 0x70, 0x01
    dc.b    0x21, 0x23, 0x36, 0x66, 0x22, 0x11, 0x23, 0x36, 0x32, 0x21, 0x11, 0x12, 0x66, 0x99, 0xe3, 0x26
    dc.b    0xa1, 0x03, 0x69, 0x95, 0x55, 0x55, 0x26, 0x55, 0x55, 0x25, 0x16, 0x55, 0x55, 0x29, 0x16, 0x55
    dc.b    0x55, 0x13, 0x46, 0x55, 0x55, 0x12, 0x23, 0x01, 0x99, 0x55, 0x55, 0x99, 0xf0, 0x00, 0x69, 0x55
    dc.b    0x55, 0x99, 0x39, 0x55, 0x55, 0x99, 0x33, 0x55, 0x55, 0x99, 0x33, 0x95, 0x55, 0x99, 0x33, 0x99
    dc.b    0x55, 0x96, 0x36, 0x99, 0x90, 0x96, 0x39, 0x99, 0x00, 0x09, 0x69, 0x99, 0x20, 0x01, 0x00, 0x09
    dc.b    0x99, 0x90, 0xd6, 0x45, 0x12, 0x01, 0x99, 0x00, 0x14, 0x01, 0x90, 0x00, 0x12, 0x01, 0x69, 0x00
    dc.b    0x07, 0x09, 0xf0, 0x00, 0x55, 0x63, 0x31, 0x16, 0x55, 0x92, 0x16, 0x32, 0x55, 0x56, 0x61, 0x11
    dc.b    0x55, 0x53, 0x14, 0x44, 0x55, 0x56, 0x44, 0x44, 0x55, 0x59, 0x44, 0x11, 0x55, 0x59, 0x11, 0x69
    dc.b    0x55, 0x55, 0xb2, 0x01, 0x99, 0x32, 0x55, 0x55, 0x92, 0x14, 0x55, 0x55, 0x62, 0x14, 0x55, 0x55
    dc.b    0x31, 0x14, 0x55, 0x55, 0x31, 0x11, 0x55, 0x55, 0x32, 0x11, 0xf0, 0x00, 0x32, 0x21, 0x55, 0x56
    dc.b    0x32, 0x21, 0x55, 0x66, 0x32, 0x22, 0x66, 0x66, 0x33, 0x22, 0x63, 0x66, 0x63, 0x22, 0x96, 0x36
    dc.b    0x63, 0x22, 0x96, 0x32, 0x63, 0x32, 0x09, 0x63, 0x13, 0x32, 0x51, 0xdd, 0x09, 0x63, 0x31, 0x33
    dc.b    0x00, 0x96, 0x32, 0x13, 0x00, 0x09, 0x10, 0x01, 0x96, 0x33, 0xd9, 0x58, 0x12, 0xed, 0x09, 0x66
    dc.b    0x00, 0x01, 0xda, 0xc0, 0x00, 0x03, 0x7e, 0x31, 0x03, 0x01, 0x00, 0x20, 0x00, 0x00, 0x12, 0x01
    dc.b    0x00, 0x0b, 0x11, 0x06, 0x00, 0x0d, 0xd1, 0x01, 0x63, 0x42, 0x23, 0x32, 0x63, 0x42, 0x22, 0x33
    dc.b    0x63, 0x44, 0x12, 0x33, 0x63, 0x44, 0x12, 0x23, 0x63, 0x14, 0x41, 0x22, 0x63, 0x24, 0x41, 0x12
    dc.b    0x66, 0x24, 0x11, 0x01, 0x41, 0x11, 0x12, 0x01, 0x06, 0x34, 0x12, 0x01, 0x00, 0x34, 0x41, 0x01
    dc.b    0x00, 0x02, 0x41, 0x11, 0x00, 0x00, 0x88, 0x88, 0xf0, 0x00, 0x00, 0x08, 0xaa, 0xaa, 0x00, 0xb7
    dc.b    0xcc, 0xcc, 0x0b, 0x7c, 0xcc, 0xcc, 0xb7, 0xcc, 0xcc, 0xcc, 0xa7, 0x77, 0x77, 0x77, 0x8a, 0xa8
    dc.b    0xab, 0x8b, 0x8b, 0xda, 0xad, 0xa7, 0x0d, 0xd8, 0xc1, 0xf9, 0x8d, 0xd8, 0x21, 0x11, 0x12, 0x69
    dc.b    0x32, 0x22, 0x11, 0x69, 0x36, 0x33, 0x33, 0x69, 0x33, 0x66, 0x66, 0x69, 0x33, 0x33, 0x66, 0x69
    dc.b    0x23, 0x33, 0x61, 0x01, 0x33, 0x69, 0x22, 0x23, 0x33, 0x69, 0x22, 0x22, 0x33, 0x69, 0x12, 0x22
    dc.b    0x80, 0x01, 0x23, 0x60, 0x11, 0x22, 0x33, 0x00, 0x11, 0x23, 0x60, 0x00, 0x23, 0x68, 0x80, 0x00
    dc.b    0x88, 0x88, 0xf9, 0xd7, 0x70, 0x01, 0xab, 0x88, 0x88, 0x00, 0x77, 0xb8, 0x8d, 0x00, 0xc7, 0xa8
    dc.b    0xd0, 0x00, 0xc7, 0xa8, 0xdf, 0xb6, 0xf0, 0x00, 0xba, 0x80, 0x00, 0x00, 0x7b, 0xd0, 0x00, 0x00
    dc.b    0x8d, 0x00, 0x00, 0x00, 0x96, 0x66, 0x63, 0x32, 0x96, 0x63, 0x21, 0x14, 0x09, 0x63, 0x33, 0x32
    dc.b    0x09, 0x63, 0x32, 0x21, 0x00, 0x93, 0x51, 0x01, 0x32, 0x11, 0x00, 0x96, 0x33, 0x21, 0x00, 0x09
    dc.b    0x63, 0x32, 0x02, 0xad, 0x12, 0xab, 0x99, 0x33, 0x12, 0xa9, 0x00, 0x93, 0x00, 0x13, 0x00, 0x00
    dc.b    0x60, 0x01, 0x11, 0x11, 0x44, 0x16, 0x44, 0x44, 0x44, 0x13, 0x21, 0x14, 0x44, 0x12, 0xc7, 0xff
    dc.b    0x31, 0x01, 0x44, 0x12, 0x11, 0x14, 0x44, 0x41, 0x32, 0x01, 0x11, 0x11, 0x44, 0x44, 0x21, 0x11
    dc.b    0x60, 0x02, 0x32, 0x11, 0x44, 0x41, 0x33, 0x21, 0x14, 0x18, 0x33, 0x22, 0x23, 0x88, 0xd1, 0x40
    dc.b    0x91, 0x01, 0x00, 0x88, 0x8a, 0xaa, 0x00, 0x08, 0xb7, 0x77, 0x00, 0x08, 0xa7, 0xcc, 0x00, 0xd8
    dc.b    0xa7, 0xcc, 0x00, 0x8b, 0x40, 0x01, 0xaa, 0xa7, 0x00, 0x8a, 0x88, 0x8b, 0x00, 0x8b, 0xdc, 0x56
    dc.b    0x00, 0x02, 0x7e, 0xbb, 0x92, 0x01, 0x69, 0x90, 0x00, 0x00, 0x63, 0x90, 0x00, 0x00, 0x32, 0x60
    dc.b    0x00, 0x00, 0x32, 0x39, 0x00, 0x00, 0x12, 0x39, 0x10, 0x01, 0x11, 0x90, 0xdc, 0x87, 0x10, 0x01
    dc.b    0x98, 0x00, 0xc8, 0x6e, 0x12, 0x01, 0x88, 0x80, 0x30, 0x01, 0xbb, 0x80, 0x00, 0x00, 0xaa, 0xbb
    dc.b    0xdf, 0x5c, 0x00, 0x02, 0xf1, 0xa0, 0x20, 0x02, 0xcc, 0xcc, 0x77, 0xb0, 0xdc, 0x48, 0xf0, 0x00
    dc.b    0xad, 0xaa, 0xda, 0x80, 0x8d, 0x88, 0xd8, 0x00, 0xbb, 0x88, 0x24, 0x43, 0x88, 0x8d, 0x44, 0x23
    dc.b    0xb8, 0xd2, 0x44, 0x62, 0x88, 0x34, 0x43, 0x61, 0xbd, 0x44, 0x26, 0x22, 0xd4, 0x12, 0xf0, 0x00
    dc.b    0x63, 0x36, 0x11, 0x26, 0xdd, 0xdd, 0x33, 0x6d, 0xdb, 0xcc, 0x66, 0x9a, 0xdd, 0xdd, 0x99, 0xb7
    dc.b    0xda, 0x7c, 0x99, 0xba, 0xdd, 0xdd, 0x69, 0xdb, 0xda, 0x7c, 0x55, 0x9d, 0xdd, 0xdd, 0xf0, 0x00
    dc.b    0x59, 0x93, 0xd8, 0xaa, 0x62, 0x39, 0x2d, 0xdd, 0x13, 0x16, 0x92, 0x00, 0x66, 0x21, 0x93, 0x20
    dc.b    0x23, 0x64, 0x19, 0x21, 0x12, 0x64, 0x19, 0x61, 0x41, 0x29, 0x12, 0x90, 0x44, 0x29, 0xf0, 0x00
    dc.b    0x69, 0x90, 0x12, 0x99, 0x99, 0x90, 0x99, 0x66, 0x66, 0x99, 0x24, 0x41, 0x33, 0x69, 0x24, 0x12
    dc.b    0x13, 0x88, 0x21, 0x21, 0x28, 0xaa, 0x12, 0x31, 0x2b, 0x77, 0x12, 0x62, 0xdb, 0xcc, 0xf0, 0x00
    dc.b    0x36, 0x3d, 0xdd, 0x88, 0x93, 0x55, 0x8b, 0xa7, 0xdd, 0xdd, 0xda, 0x7c, 0xca, 0xd5, 0x8d, 0x7c
    dc.b    0x8a, 0xb5, 0x8d, 0xbb, 0xcc, 0x75, 0xd5, 0xaa, 0x8a, 0xb5, 0xd5, 0xbb, 0xcc, 0xa5, 0x60, 0x13
    dc.b    0x55, 0xbb, 0x8a, 0xb5, 0x5d, 0x88, 0xab, 0xd5, 0xdd, 0xdd, 0xdd, 0x00, 0x7f, 0x3f, 0x30, 0x01
    dc.b    0x80, 0x00, 0x00, 0x00, 0xa8, 0x00, 0xde, 0xf3, 0xd2, 0x89, 0xbb, 0x00, 0x00, 0x00, 0x77, 0xb0
    dc.b    0x00, 0x00, 0xc7, 0xbb, 0x00, 0x00, 0x7b, 0xba, 0x00, 0x00, 0xa7, 0xab, 0x00, 0x00, 0xaa, 0xb8
    dc.b    0x00, 0x00, 0xb8, 0x88, 0x30, 0x13, 0x8d, 0x00, 0x00, 0x00, 0xd0, 0x00, 0x7f, 0xd3, 0x62, 0x01
    dc.b    0x44, 0x42, 0x23, 0x90, 0x44, 0x41, 0x23, 0x69, 0x44, 0x44, 0x12, 0x39, 0x10, 0x01, 0x42, 0x36
    dc.b    0xd4, 0x42, 0x01, 0x01, 0x41, 0xf9, 0x44, 0x23, 0x11, 0x44, 0x44, 0x13, 0x11, 0x14, 0x02, 0xfb
    dc.b    0x11, 0x01, 0x21, 0x11, 0x31, 0x01, 0x14, 0x41, 0x22, 0x11, 0x14, 0x44, 0x81, 0x17, 0x33, 0x21
    dc.b    0x11, 0x44, 0x11, 0x11, 0x11, 0x44, 0x32, 0x14, 0x44, 0x41, 0x66, 0x31, 0x11, 0x12, 0x67, 0x37
    dc.b    0x32, 0x11, 0x44, 0x44, 0x63, 0x22, 0x21, 0x44, 0x66, 0x63, 0x32, 0x11, 0x00, 0x08, 0x7d, 0xc7
    dc.b    0x14, 0x01, 0x39, 0x00, 0x12, 0x01, 0x36, 0x90, 0xf0, 0x00, 0x23, 0x99, 0x00, 0x00, 0x23, 0x93
    dc.b    0x00, 0x00, 0x23, 0x62, 0x90, 0x00, 0x12, 0x31, 0x69, 0x00, 0x23, 0x13, 0x69, 0x00, 0x36, 0x16
    dc.b    0x69, 0x00, 0x21, 0x26, 0x66, 0x90, 0x44, 0x36, 0xf0, 0x00, 0x16, 0x90, 0x42, 0x31, 0x16, 0x99
    dc.b    0x11, 0x44, 0x16, 0x99, 0x88, 0x5c, 0xde, 0x00, 0x87, 0x8b, 0xd0, 0x00, 0xa7, 0xab, 0xd2, 0x00
    dc.b    0xb8, 0xbd, 0xe2, 0x26, 0xdd, 0xbd, 0xe9, 0x42, 0xd1, 0x03, 0xaa, 0xde, 0xed, 0x14, 0x7b, 0xdb
    dc.b    0xad, 0x14, 0xdd, 0xbb, 0xbd, 0x14, 0x88, 0x88, 0x88, 0x14, 0xa7, 0x77, 0x7b, 0x44, 0xcc, 0xcc
    dc.b    0x7a, 0x44, 0xcc, 0xcc, 0x75, 0x4d, 0x7b, 0x44, 0xcc, 0xc7, 0xa2, 0x44, 0xc7, 0x7a, 0xb4, 0x44
    dc.b    0x77, 0xab, 0xb4, 0x42, 0x51, 0x01, 0x60, 0x00, 0x00, 0x00, 0x66, 0x60, 0x00, 0x00, 0x26, 0x63
    dc.b    0xf0, 0x00, 0x20, 0x00, 0x26, 0x33, 0x13, 0x00, 0x26, 0x23, 0x41, 0x80, 0x23, 0x13, 0x44, 0xa8
    dc.b    0x22, 0x41, 0x44, 0xca, 0x32, 0x41, 0x44, 0xc7, 0x32, 0x42, 0x44, 0x77, 0x31, 0x42, 0x44, 0x7a
    dc.b    0x40, 0x02, 0x31, 0x42, 0x41, 0xab, 0x24, 0x42, 0x41, 0xb8, 0xd6, 0x00, 0x13, 0x01, 0x00, 0xee
    dc.b    0x80, 0x01, 0xee, 0xfe, 0x0e, 0xee, 0xec, 0xfe, 0x0e, 0xee, 0xcf, 0xe5, 0xee, 0xef, 0xff, 0xe8
    dc.b    0xee, 0xee, 0xd8, 0x6a, 0xc1, 0x3b, 0xee, 0xef, 0xee, 0xee, 0xee, 0xec, 0xfe, 0x8e, 0xee, 0xec
    dc.b    0xfe, 0xb8, 0xee, 0xff, 0xfe, 0xb8, 0x55, 0xff, 0xeb, 0x7b, 0x85, 0x55, 0x5a, 0x78, 0x81, 0x01
    dc.b    0xee, 0x00, 0x00, 0x00, 0xff, 0xee, 0x00, 0x00, 0xef, 0xfe, 0x00, 0x00, 0xee, 0xff, 0xe0, 0x00
    dc.b    0x40, 0x00, 0xfe, 0xfe, 0xe0, 0x00, 0xd5, 0xee, 0x00, 0x00, 0x00, 0x00, 0x00, 0x00
spr_ken_200_animation0_frame0_tileset_data_size = .-spr_ken_200_animation0_frame0_tileset_data

    .align  2
spr_ken_200_animation0_frame1_tileset_data:
    dc.b    0x00, 0x03, 0xc6, 0xa0, 0x10, 0x01, 0x00, 0x06, 0xc7, 0x72, 0x90, 0x01, 0x00, 0x29, 0x00, 0x00
    dc.b    0x03, 0x19, 0x00, 0x00, 0x01, 0x99, 0x00, 0x00, 0x22, 0x91, 0x00, 0x00, 0x26, 0x92, 0xc6, 0xb3
    dc.b    0x10, 0x01, 0x09, 0x99, 0xda, 0x27, 0x52, 0x01, 0x06, 0x32, 0x00, 0x00, 0x06, 0x21, 0x00, 0x00
    dc.b    0x93, 0x21, 0x23, 0x01, 0x62, 0x21, 0x00, 0x09, 0x51, 0x01, 0x32, 0x11, 0x00, 0x06, 0x22, 0x14
    dc.b    0x00, 0x06, 0x21, 0x14, 0x72, 0x01, 0x00, 0x03, 0x21, 0x14, 0x00, 0x92, 0x21, 0x44, 0x00, 0x92
    dc.b    0x11, 0x44, 0x00, 0x62, 0xf0, 0x00, 0x06, 0x32, 0x14, 0x44, 0x06, 0x31, 0x14, 0x44, 0x09, 0x31
    dc.b    0x14, 0x44, 0x09, 0x63, 0x24, 0x44, 0x59, 0x99, 0x99, 0x99, 0x05, 0x55, 0x96, 0x63, 0x33, 0x35
    dc.b    0x55, 0x99, 0x92, 0x42, 0xf0, 0x00, 0x95, 0x55, 0x34, 0x44, 0x23, 0x95, 0x24, 0x11, 0x44, 0x22
    dc.b    0x44, 0x41, 0x11, 0x13, 0x44, 0x44, 0x12, 0x33, 0x44, 0x44, 0x41, 0x23, 0x22, 0x44, 0x44, 0x44
    dc.b    0x96, 0x32, 0x44, 0x44, 0xc7, 0x01, 0x66, 0x96, 0x32, 0x11, 0x11, 0x13, 0x99, 0x99, 0x14, 0x44
    dc.b    0x36, 0x99, 0x44, 0x44, 0x12, 0x69, 0x44, 0x44, 0x12, 0x26, 0x44, 0x44, 0x12, 0x23, 0x18, 0x01
    dc.b    0x44, 0x41, 0x53, 0x01, 0x44, 0x11, 0x22, 0x26, 0x44, 0x11, 0x22, 0x36, 0x44, 0x41, 0xa2, 0x00
    dc.b    0x23, 0x63, 0x44, 0x12, 0x33, 0x63, 0x96, 0x69, 0x22, 0x23, 0x33, 0x66, 0x99, 0x62, 0x66, 0x32
    dc.b    0x22, 0x36, 0x55, 0x55, 0xd1, 0x01, 0x39, 0x55, 0x55, 0x55, 0x35, 0x55, 0x55, 0x55, 0x65, 0x55
    dc.b    0x95, 0x55, 0x35, 0x55, 0x99, 0x55, 0x65, 0x55, 0x62, 0x55, 0x95, 0x55, 0x31, 0x55, 0x55, 0x55
    dc.b    0x19, 0x01, 0x99, 0x55, 0x82, 0x01, 0x95, 0x55, 0x99, 0x55, 0x69, 0x55, 0x99, 0x55, 0x69, 0x95
    dc.b    0x99, 0x59, 0x69, 0x99, 0x90, 0x99, 0x22, 0x01, 0x90, 0x09, 0x69, 0x69, 0x41, 0x01, 0x66, 0x69
    dc.b    0x90, 0x00, 0x66, 0x69, 0x00, 0x00, 0x12, 0x01, 0x36, 0x69, 0xf0, 0x00, 0x36, 0x90, 0x00, 0x00
    dc.b    0x99, 0x99, 0x99, 0x95, 0x23, 0x36, 0x95, 0x55, 0x65, 0x55, 0x55, 0x59, 0x55, 0x55, 0x99, 0x31
    dc.b    0x59, 0x32, 0x41, 0x63, 0x92, 0x11, 0x14, 0x26, 0x63, 0x31, 0xf0, 0x00, 0x21, 0x16, 0x53, 0x33
    dc.b    0x21, 0x16, 0x53, 0x11, 0x44, 0x16, 0x51, 0x14, 0x41, 0x26, 0x51, 0x11, 0x12, 0x26, 0x51, 0x12
    dc.b    0x26, 0x99, 0x59, 0x99, 0x93, 0x33, 0x56, 0x32, 0x44, 0x44, 0x15, 0x01, 0x53, 0x21, 0x41, 0x01
    dc.b    0x14, 0x44, 0x53, 0x22, 0x14, 0x44, 0x93, 0x22, 0x11, 0x01, 0x11, 0x44, 0x81, 0x01, 0x93, 0x32
    dc.b    0x21, 0x14, 0x96, 0x32, 0x21, 0x14, 0x96, 0x33, 0x21, 0x14, 0x96, 0x63, 0x22, 0x11, 0xa4, 0xff
    dc.b    0x93, 0x66, 0x32, 0x11, 0x96, 0x36, 0x32, 0x21, 0x06, 0x31, 0x32, 0x21, 0x06, 0x63, 0x13, 0x22
    dc.b    0x09, 0x63, 0x32, 0x12, 0xf0, 0x00, 0x00, 0x0b, 0x00, 0x00, 0x08, 0xaa, 0x00, 0x00, 0x8a, 0x7c
    dc.b    0x00, 0x08, 0xac, 0xcc, 0x00, 0x08, 0x7c, 0xcc, 0x00, 0x08, 0xa7, 0x7a, 0x00, 0x08, 0xba, 0x77
    dc.b    0x00, 0x0d, 0xaa, 0x7a, 0xf0, 0x00, 0x00, 0x0d, 0xbb, 0xb8, 0x00, 0x0d, 0x8a, 0x7c, 0x00, 0xdb
    dc.b    0x7c, 0xcc, 0x0d, 0xb7, 0xcc, 0xc7, 0x08, 0x77, 0xcc, 0x7a, 0x08, 0xa7, 0x77, 0xab, 0x08, 0x8b
    dc.b    0xaa, 0xbb, 0x0d, 0x88, 0x70, 0x05, 0xbb, 0xbb, 0x08, 0xba, 0xaa, 0xab, 0x08, 0xbc, 0x77, 0xb8
    dc.b    0x00, 0x08, 0x88, 0x00, 0xc5, 0xad, 0xf0, 0x00, 0x06, 0x33, 0x00, 0x33, 0x63, 0x11, 0xd3, 0x23
    dc.b    0x11, 0x13, 0xd2, 0x31, 0x11, 0x23, 0x81, 0x11, 0x11, 0x31, 0x81, 0x11, 0x12, 0x31, 0xd1, 0x11
    dc.b    0x13, 0x11, 0xd2, 0x11, 0x23, 0x11, 0xf0, 0x00, 0xd3, 0x11, 0x32, 0x1d, 0xd9, 0x69, 0x6d, 0xd5
    dc.b    0x55, 0xdd, 0xdd, 0x55, 0x7d, 0x8d, 0x88, 0x5a, 0x78, 0x8d, 0x8d, 0x5a, 0xad, 0xd5, 0xdd, 0xd5
    dc.b    0xb5, 0xdd, 0x5d, 0xdd, 0xb8, 0x55, 0xb0, 0x01, 0x55, 0x55, 0xbb, 0x8d, 0x55, 0x54, 0xb8, 0x88
    dc.b    0xdd, 0x11, 0x88, 0x8d, 0xd4, 0x11, 0x8d, 0xd0, 0x21, 0x41, 0x00, 0x00, 0x63, 0x24, 0xcd, 0x03
    dc.b    0xf0, 0x00, 0x00, 0x62, 0x00, 0x00, 0x00, 0x06, 0x36, 0x36, 0x36, 0xdd, 0x32, 0x16, 0x26, 0xd8
    dc.b    0x31, 0x46, 0x26, 0xdd, 0x11, 0x46, 0x43, 0xd8, 0x11, 0x46, 0x42, 0xdb, 0x11, 0x36, 0xdd, 0x58
    dc.b    0xf0, 0x00, 0x11, 0xdd, 0x8d, 0x55, 0x1d, 0x8b, 0xd7, 0xc5, 0xd8, 0x8d, 0x7c, 0xdc, 0x55, 0x7c
    dc.b    0xdc, 0xcd, 0xac, 0xcc, 0xcd, 0x77, 0x77, 0xa5, 0x7c, 0xdb, 0xaa, 0xa5, 0xb8, 0xd5, 0xbb, 0x55
    dc.b    0xf0, 0x00, 0xdd, 0x51, 0x55, 0x44, 0x62, 0x11, 0x44, 0x44, 0x63, 0x11, 0x44, 0x44, 0x36, 0x21
    dc.b    0x11, 0x44, 0x16, 0x31, 0x11, 0x11, 0x13, 0x61, 0x22, 0x22, 0x22, 0x62, 0x44, 0x41, 0x11, 0x16
    dc.b    0x20, 0x02, 0x11, 0x14, 0x44, 0x13, 0xcb, 0x0b, 0xf0, 0x00, 0xd8, 0xbc, 0xc7, 0xad, 0x7c, 0xc7
    dc.b    0x7a, 0xdb, 0xb7, 0x7a, 0xbd, 0xa7, 0xdd, 0xdd, 0xdb, 0x77, 0xb8, 0xd7, 0x77, 0x7b, 0x88, 0x8d
    dc.b    0xbb, 0xa7, 0xcc, 0xb8, 0xb7, 0x7c, 0x7c, 0xcb, 0xf0, 0x00, 0xb7, 0xcc, 0xdc, 0xcb, 0xb7, 0xcc
    dc.b    0x7d, 0x7b, 0xb7, 0x77, 0x88, 0x7b, 0xb7, 0x77, 0x57, 0xab, 0xba, 0xaa, 0x8a, 0xbb, 0x8b, 0xba
    dc.b    0x88, 0x88, 0x88, 0x8b, 0x88, 0xb7, 0x77, 0xb8, 0xf0, 0x00, 0x28, 0xab, 0xbb, 0xba, 0x18, 0xb7
    dc.b    0x77, 0xb8, 0x12, 0x8a, 0xab, 0x84, 0x11, 0x88, 0xb8, 0x44, 0x11, 0x88, 0x84, 0x44, 0x61, 0x19
    dc.b    0x93, 0x39, 0x62, 0x11, 0x99, 0x93, 0x36, 0x11, 0xd0, 0x01, 0x19, 0x66, 0x36, 0x91, 0x11, 0x99
    dc.b    0x96, 0x11, 0x44, 0x44, 0x96, 0x66, 0x32, 0x22, 0x96, 0x36, 0x66, 0x63, 0x09, 0x32, 0x24, 0x44
    dc.b    0x09, 0x63, 0x22, 0x11, 0xe0, 0x7d, 0x21, 0x01, 0x63, 0x32, 0x00, 0x09, 0x10, 0x01, 0x66, 0x32
    dc.b    0xc5, 0x5c, 0x01, 0x01, 0x10, 0x01, 0x09, 0x33, 0xcc, 0x88, 0x0b, 0x00, 0x00, 0x01, 0xcf, 0x41
    dc.b    0x02, 0x01, 0x01, 0x05, 0x60, 0x03, 0x00, 0x00, 0x41, 0x32, 0x41, 0x26, 0x23, 0x24, 0x11, 0x26
    dc.b    0x32, 0x44, 0x7e, 0x71, 0x00, 0x01, 0xe8, 0xbc, 0x31, 0x01, 0x41, 0x23, 0x21, 0x44, 0x44, 0x12
    dc.b    0x11, 0x01, 0x22, 0x14, 0x11, 0x01, 0x44, 0x41, 0x41, 0x01, 0x32, 0x11, 0x44, 0x13, 0xd8, 0x88
    dc.b    0x88, 0x88, 0xf0, 0x00, 0x88, 0x8b, 0xbb, 0xbb, 0x88, 0xba, 0xaa, 0xaa, 0x8b, 0xa7, 0x7c, 0x77
    dc.b    0xb7, 0x7c, 0xcc, 0xcc, 0xa7, 0xcc, 0xcc, 0xcc, 0xac, 0xca, 0xcc, 0xcc, 0xb8, 0x88, 0xbb, 0x8a
    dc.b    0xa7, 0x7d, 0x51, 0x01, 0xaa, 0xd7, 0x88, 0x8d, 0x88, 0xd8, 0x90, 0x00, 0x00, 0x00, 0x14, 0x01
    dc.b    0x60, 0x00, 0x1a, 0x01, 0x36, 0x00, 0x14, 0x54, 0x30, 0x00, 0x10, 0x01, 0x80, 0x00, 0xc5, 0x71
    dc.b    0x30, 0x01, 0xab, 0x00, 0x00, 0x00, 0x7b, 0xb0, 0xf9, 0x8a, 0x12, 0x01, 0xc7, 0x7b, 0x51, 0x14
    dc.b    0xb8, 0xab, 0x00, 0x00, 0xad, 0xa8, 0x00, 0x00, 0x8d, 0x80, 0x10, 0x01, 0x06, 0x33, 0xc5, 0x8b
    dc.b    0x01, 0x03, 0x12, 0x05, 0x03, 0x32, 0x52, 0x01, 0x63, 0x14, 0x00, 0x00, 0x62, 0x14, 0x00, 0x00
    dc.b    0x62, 0x44, 0x12, 0x01, 0x31, 0x44, 0x50, 0x01, 0x01, 0x44, 0x00, 0x00, 0x03, 0x44, 0x00, 0x00
    dc.b    0x08, 0x34, 0xe6, 0xcf, 0x01, 0x01, 0x60, 0x01, 0x8b, 0xbb, 0x00, 0x0b, 0xa7, 0x77, 0x00, 0xba
    dc.b    0x7c, 0xcc, 0x0b, 0x77, 0xcc, 0x3c, 0xe2, 0x01, 0xbb, 0xda, 0xbd, 0xa8, 0x8d, 0x8a, 0xd7, 0xad
    dc.b    0x0d, 0x88, 0xd8, 0x8d, 0x21, 0x14, 0x44, 0x12, 0x44, 0x44, 0x44, 0x13, 0x21, 0x44, 0x44, 0x11
    dc.b    0x44, 0x44, 0x41, 0x12, 0x00, 0x04, 0xde, 0x30, 0x00, 0x02, 0xde, 0x3d, 0x20, 0x01, 0x22, 0x33
    dc.b    0x44, 0x12, 0xd4, 0x8a, 0x41, 0x01, 0x41, 0x23, 0x33, 0x69, 0x88, 0x88, 0x80, 0x00, 0x31, 0x5b
    dc.b    0xbb, 0xb8, 0x00, 0x00, 0x77, 0xbb, 0xf0, 0x00, 0x80, 0x00, 0xcc, 0x7a, 0x80, 0x00, 0x77, 0x7a
    dc.b    0x80, 0x00, 0xd8, 0xba, 0x80, 0x00, 0xa7, 0x7b, 0xd0, 0x00, 0xd8, 0x8d, 0x00, 0x00, 0x36, 0x69
    dc.b    0x69, 0x00, 0x33, 0x36, 0x69, 0x00, 0x10, 0x01, 0x22, 0x36, 0xd2, 0x05, 0x01, 0x01, 0x10, 0x01
    dc.b    0x23, 0x69, 0x7e, 0x03, 0x01, 0x01, 0x12, 0x01, 0x39, 0x00, 0x01, 0x9b, 0x03, 0xa5, 0x00, 0x14
    dc.b    0x00, 0x00, 0x00, 0x02, 0xd5, 0x0b, 0x03, 0x01, 0x21, 0x01, 0x11, 0x44, 0x44, 0x11, 0x22, 0x01
    dc.b    0x21, 0x14, 0x44, 0x41, 0x22, 0x01, 0x44, 0x44, 0x22, 0x11, 0x20, 0x01, 0x32, 0x11, 0x44, 0x44
    dc.b    0xde, 0x7f, 0xf0, 0x00, 0x14, 0x44, 0x13, 0x22, 0x14, 0x44, 0x32, 0x12, 0x22, 0x14, 0x63, 0x24
    dc.b    0x44, 0x44, 0x66, 0x32, 0x11, 0x11, 0x99, 0x33, 0x33, 0x11, 0x32, 0x44, 0x44, 0x12, 0x63, 0x32
    dc.b    0x22, 0x22, 0x20, 0x02, 0x66, 0x66, 0x33, 0x33, 0x7e, 0xb5, 0x03, 0x53, 0x03, 0x01, 0x00, 0x02
    dc.b    0x7d, 0xa3, 0xe1, 0x01, 0x33, 0x66, 0x90, 0x00, 0x23, 0x66, 0x90, 0x00, 0x23, 0x63, 0x90, 0x00
    dc.b    0x13, 0x63, 0x69, 0x00, 0x12, 0x63, 0x69, 0x00, 0x12, 0x32, 0x39, 0x00, 0x42, 0x32, 0x36, 0x90
    dc.b    0x11, 0x01, 0x41, 0x32, 0xd0, 0x02, 0x36, 0x99, 0x11, 0x22, 0x36, 0x69, 0x11, 0x23, 0x63, 0x69
    dc.b    0x22, 0x33, 0x23, 0x66, 0x22, 0x12, 0x26, 0x36, 0x33, 0x42, 0x33, 0x26, 0x24, 0x23, 0x21, 0x26
    dc.b    0x7e, 0xb5, 0xf0, 0x00, 0xee, 0xbe, 0x8e, 0x29, 0xae, 0xbe, 0x82, 0x23, 0xaa, 0x7b, 0x86, 0x12
    dc.b    0xab, 0xb8, 0x88, 0x44, 0xbb, 0x88, 0x88, 0x44, 0x77, 0x77, 0xa8, 0x44, 0xcc, 0xcc, 0xb8, 0x44
    dc.b    0xcc, 0xcc, 0xf0, 0x00, 0xb2, 0x44, 0xc7, 0x77, 0xb4, 0x41, 0x77, 0x7a, 0x24, 0x13, 0x77, 0xab
    dc.b    0x44, 0x16, 0xaa, 0xb2, 0x44, 0x16, 0xab, 0xb4, 0x41, 0x63, 0xbb, 0x44, 0x41, 0x64, 0x84, 0x44
    dc.b    0x16, 0x44, 0xf0, 0x00, 0x84, 0x41, 0x61, 0x44, 0x32, 0x36, 0x00, 0x00, 0x96, 0x21, 0x33, 0x22
    dc.b    0x66, 0x62, 0x41, 0x32, 0x63, 0x66, 0x24, 0x12, 0x63, 0x36, 0x62, 0x41, 0x33, 0x13, 0x63, 0x44
    dc.b    0x33, 0x41, 0xf0, 0x00, 0x33, 0x44, 0x33, 0x41, 0x33, 0x14, 0x62, 0x44, 0x23, 0x21, 0x64, 0x44
    dc.b    0x23, 0x62, 0x34, 0x44, 0x22, 0x62, 0x14, 0x41, 0x21, 0x63, 0x44, 0x42, 0x21, 0x66, 0x44, 0x12
    dc.b    0x11, 0x9d, 0x41, 0xa1, 0x41, 0x11, 0x13, 0x9d, 0x11, 0xd8, 0x88, 0xdd, 0xf0, 0x00, 0x30, 0x00
    dc.b    0x00, 0x00, 0x26, 0x00, 0x00, 0x00, 0x23, 0xab, 0x00, 0x00, 0x23, 0x77, 0xb0, 0x00, 0x22, 0x7c
    dc.b    0x7b, 0x00, 0x11, 0x7c, 0xca, 0x80, 0x11, 0xa7, 0xc7, 0xb0, 0x12, 0xb7, 0xf4, 0xc4, 0xc7, 0xb0
    dc.b    0x29, 0x8b, 0xaa, 0x00, 0x6d, 0x88, 0x8b, 0x00, 0xd8, 0xaa, 0xa8, 0x00, 0xdb, 0xa7, 0xc7, 0x80
    dc.b    0x8a, 0x7c, 0xcc, 0xa8, 0x8b, 0x77, 0xcc, 0xa8, 0x8b, 0xba, 0x7a, 0xa8, 0xf0, 0x00, 0x0e, 0xef
    dc.b    0x00, 0x00, 0xee, 0xfc, 0x00, 0x00, 0xef, 0xcf, 0x00, 0x00, 0xee, 0xff, 0x00, 0x00, 0xeb, 0xe8
    dc.b    0x00, 0x00, 0x00, 0xeb, 0x00, 0x00, 0x00, 0x0d, 0x00, 0x00, 0x00, 0xd8, 0x40, 0x06, 0x00, 0x00
    dc.b    0x00, 0x8c, 0x00, 0x66, 0x93, 0xd8, 0x7d, 0xa9, 0x21, 0x00, 0x00, 0x0e, 0xee, 0xee, 0xf0, 0x00
    dc.b    0xff, 0xfe, 0xee, 0xee, 0xfe, 0xfe, 0xef, 0xee, 0xee, 0xff, 0xef, 0xfe, 0xed, 0xef, 0xef, 0xcf
    dc.b    0xed, 0xde, 0xee, 0xfc, 0xa8, 0x55, 0x55, 0xbe, 0xb5, 0x5c, 0xbb, 0xee, 0xca, 0xb7, 0x50, 0x06
    dc.b    0xca, 0xee, 0x7a, 0x77, 0x7a, 0xee, 0xa7, 0xcc, 0xca, 0xae, 0x7d, 0xb9, 0x10, 0x01, 0xee, 0x00
    dc.b    0xdb, 0x60, 0x43, 0x01, 0xee, 0xee, 0xe0, 0x00, 0xee, 0xee, 0xee, 0x00, 0x72, 0x01, 0xfe, 0xee
    dc.b    0xee, 0x00, 0xff, 0xfe, 0xee, 0xe0, 0xee, 0xee, 0xee, 0xe0, 0xfc, 0xef, 0x27, 0xb7, 0xff, 0xee
    dc.b    0x8e, 0xe9, 0xf1, 0x01, 0x55, 0x00, 0x00, 0x00, 0x56, 0x36, 0x00, 0x00, 0x39, 0x91, 0x20, 0x00
    dc.b    0x12, 0x99, 0x12, 0x00, 0x14, 0x29, 0x62, 0x00, 0x24, 0x43, 0x93, 0x00, 0x24, 0x42, 0x99, 0x20
    dc.b    0x14, 0x41, 0xf0, 0x00, 0x90, 0x00, 0x11, 0x19, 0x90, 0x00, 0x29, 0x99, 0x90, 0x00, 0x99, 0x99
    dc.b    0x90, 0x00, 0x33, 0x66, 0x99, 0x00, 0x23, 0x36, 0x69, 0x00, 0x42, 0x33, 0x69, 0x00, 0x41, 0x23
    dc.b    0x39, 0x00, 0x20, 0x15, 0x00, 0x05, 0x5d, 0xdd, 0x7e, 0xa8, 0x07, 0x00, 0x31, 0xe2, 0x62, 0x93
    dc.b    0x00, 0x00, 0x62, 0x19, 0xf0, 0x00, 0x00, 0x00, 0x09, 0x93, 0x00, 0x00, 0x06, 0x66, 0x00, 0x00
    dc.b    0x63, 0x21, 0x00, 0x00, 0x63, 0x32, 0x00, 0x00, 0x32, 0x14, 0x32, 0x44, 0x41, 0x12, 0x63, 0x21
    dc.b    0x11, 0x22, 0x13, 0x22, 0xf0, 0x00, 0x22, 0x23, 0x14, 0x41, 0x22, 0x22, 0x63, 0x24, 0x41, 0x11
    dc.b    0x14, 0x44, 0x44, 0x11, 0x11, 0x44, 0x41, 0x23, 0x44, 0x44, 0x41, 0x33, 0x32, 0x63, 0x36, 0x90
    dc.b    0x32, 0x33, 0x36, 0x90, 0x91, 0x55, 0x21, 0x33, 0x66, 0x90, 0x12, 0x33, 0x69, 0x90, 0x33, 0x36
    dc.b    0x99, 0x00, 0x23, 0x69, 0x90, 0x00, 0x66, 0x96, 0x10, 0x02, 0x90, 0x00, 0xd6, 0xb3, 0x00, 0x01
    dc.b    0xcf, 0x21, 0x14, 0x01, 0x00, 0x09, 0x02, 0x00, 0xf0, 0x00, 0xb8, 0x44, 0x16, 0x14, 0x84, 0x42
    dc.b    0x61, 0x44, 0x44, 0x46, 0x14, 0x11, 0x44, 0x21, 0x41, 0x11, 0x39, 0x31, 0x11, 0x11, 0x93, 0x22
    dc.b    0x22, 0x22, 0x66, 0x33, 0x33, 0x33, 0x99, 0x66, 0xf0, 0x00, 0x66, 0x66, 0x41, 0xdb, 0xcc, 0xcc
    dc.b    0x1d, 0xbc, 0x7d, 0x8a, 0x1d, 0xba, 0xdc, 0xcc, 0xd8, 0xdd, 0x7b, 0xdd, 0xdb, 0xad, 0xad, 0x7c
    dc.b    0x2d, 0xba, 0xdd, 0x7d, 0x33, 0xdd, 0xdd, 0x8d, 0xf0, 0x00, 0x66, 0x95, 0x00, 0xdd, 0xa8, 0x55
    dc.b    0x58, 0x88, 0xca, 0x85, 0x85, 0x77, 0xcc, 0xa8, 0x5b, 0x5c, 0xcc, 0xca, 0x5b, 0x5a, 0x7d, 0x7a
    dc.b    0x5d, 0x5b, 0xd7, 0xa8, 0x5d, 0x58, 0xba, 0x85, 0x40, 0x01, 0x55, 0xd8, 0x85, 0x55, 0x5d, 0x88
    dc.b    0xbb, 0x00, 0x7d, 0x93, 0x90, 0x01, 0xcc, 0x7b, 0x00, 0x00, 0xcc, 0xc7, 0x00, 0x00, 0xaa, 0xaa
    dc.b    0xb0, 0x00, 0xbb, 0xbb, 0x80, 0x00, 0x88, 0x88, 0xee, 0xa2, 0x00, 0x00, 0x00, 0x00
spr_ken_200_animation0_frame1_tileset_data_size = .-spr_ken_200_animation0_frame1_tileset_data

    .align  2
spr_ken_200_animation0_frame2_tileset_data:
    dc.b    0x10, 0x2e, 0x00, 0x00, 0x00, 0x00, 0x14, 0x01, 0x00, 0x08, 0x9c, 0x1b, 0x00, 0xac, 0x00, 0x00
    dc.b    0x0a, 0x7c, 0x00, 0x00, 0xa7, 0x77, 0x00, 0x08, 0xbb, 0xba, 0x00, 0x08, 0x88, 0x8b, 0x18, 0x01
    dc.b    0x00, 0x0e, 0x07, 0x00, 0x10, 0x01, 0x00, 0x06, 0xeb, 0xa7, 0xf0, 0x00, 0xb3, 0x21, 0x00, 0x0b
    dc.b    0x72, 0x14, 0x00, 0xba, 0x72, 0x24, 0x08, 0xb7, 0x72, 0x14, 0x0d, 0xba, 0xa2, 0x14, 0x0d, 0x8b
    dc.b    0xb6, 0x24, 0x8b, 0x77, 0x8d, 0x31, 0xb7, 0xcc, 0x7d, 0x62, 0xe4, 0x25, 0xb7, 0xcc, 0x78, 0xd3
    dc.b    0x8a, 0x77, 0xa8, 0x5d, 0xc7, 0xab, 0x85, 0x58, 0xcc, 0x85, 0x58, 0x85, 0x7c, 0x5b, 0x58, 0xd5
    dc.b    0xaa, 0x58, 0x5d, 0x55, 0xbb, 0x5d, 0x55, 0x5d, 0x00, 0x01, 0xc4, 0x9e, 0xf0, 0x00, 0x00, 0xee
    dc.b    0xfe, 0xee, 0x0e, 0xff, 0xef, 0xee, 0xec, 0xfe, 0xff, 0xbe, 0xcf, 0xee, 0xfe, 0x8e, 0xff, 0xee
    dc.b    0xfe, 0x55, 0xef, 0xe8, 0xe5, 0x5b, 0xe0, 0xe8, 0x55, 0xc7, 0xee, 0x00, 0xf0, 0x00, 0x7d, 0xb7
    dc.b    0x00, 0x00, 0x78, 0xba, 0x00, 0x0d, 0xdb, 0xba, 0x09, 0x68, 0x55, 0xdb, 0x69, 0x38, 0x85, 0xba
    dc.b    0x62, 0x1b, 0xb8, 0xdb, 0x31, 0x1a, 0xab, 0x8d, 0x34, 0x18, 0xbb, 0xbb, 0xf0, 0x00, 0x34, 0x4a
    dc.b    0xaa, 0x88, 0x34, 0x4c, 0xcc, 0xca, 0x24, 0x47, 0xcc, 0xca, 0x44, 0x17, 0xcc, 0xca, 0x41, 0x1a
    dc.b    0x77, 0xca, 0x41, 0x1a, 0xa7, 0x7a, 0x21, 0x1b, 0xaa, 0xab, 0xcc, 0xc7, 0xb3, 0x3e, 0xad, 0xdb
    dc.b    0xaa, 0x8d, 0xdd, 0xad, 0xcc, 0x7a, 0xad, 0xad, 0xaa, 0x8d, 0xdd, 0x8d, 0xcc, 0x7a, 0xbd, 0xdd
    dc.b    0xa8, 0xdd, 0xdd, 0xdd, 0x00, 0x01, 0xfe, 0xe0, 0xf0, 0x00, 0xee, 0xe0, 0xfe, 0xee, 0xee, 0xee
    dc.b    0xff, 0xee, 0xee, 0xee, 0xfc, 0xff, 0xee, 0xee, 0xef, 0xcc, 0xcf, 0xfe, 0x8e, 0xef, 0xff, 0xee
    dc.b    0xbb, 0xee, 0xee, 0xef, 0xab, 0xef, 0xce, 0xef, 0xf0, 0x00, 0xca, 0xef, 0xce, 0xef, 0xaa, 0xee
    dc.b    0xfe, 0xbe, 0x77, 0xae, 0xfe, 0xbe, 0x77, 0x7b, 0xee, 0x77, 0x7a, 0xbd, 0x87, 0x7a, 0xad, 0xd8
    dc.b    0x77, 0xaa, 0xd8, 0x8a, 0xaa, 0xbb, 0x88, 0xaa, 0xf0, 0x00, 0xbb, 0xcc, 0x88, 0xac, 0xcc, 0xcc
    dc.b    0x8a, 0xcc, 0xc7, 0x77, 0xb7, 0xcc, 0x77, 0x77, 0xb7, 0xc7, 0x77, 0xaa, 0xb7, 0x7a, 0xaa, 0xaa
    dc.b    0xba, 0xaa, 0xaa, 0xaa, 0x8a, 0x5d, 0xdd, 0xd5, 0xf0, 0x00, 0xd5, 0xb7, 0xc7, 0xdb, 0x5b, 0xad
    dc.b    0xbc, 0x78, 0x5a, 0x87, 0xdc, 0x75, 0xdd, 0x7d, 0x77, 0x75, 0x85, 0x87, 0x7b, 0xbb, 0x85, 0x8b
    dc.b    0xdd, 0x88, 0x00, 0x88, 0x88, 0xbb, 0x00, 0x88, 0x70, 0x01, 0xaa, 0xaa, 0x00, 0xd8, 0xba, 0xaa
    dc.b    0x00, 0x0d, 0x8b, 0xbb, 0x00, 0x00, 0xd8, 0x88, 0xdd, 0xa1, 0x00, 0x31, 0x00, 0x00, 0x90, 0x01
    dc.b    0xb5, 0xd5, 0x55, 0xda, 0xab, 0x5d, 0x55, 0x8b, 0xab, 0x85, 0x55, 0x5d, 0xb8, 0x88, 0xd0, 0x00
    dc.b    0x88, 0xdd, 0xc9, 0x50, 0x08, 0x00, 0x52, 0x01, 0x00, 0x03, 0x00, 0x00, 0x00, 0x63, 0x00, 0x00
    dc.b    0x00, 0x69, 0x10, 0x07, 0x00, 0x09, 0x7e, 0xfb, 0x01, 0x01, 0x01, 0x11, 0x03, 0x01, 0x30, 0x01
    dc.b    0x06, 0x32, 0x00, 0x00, 0x66, 0x32, 0xfe, 0xb7, 0x71, 0x01, 0x63, 0x22, 0x00, 0x06, 0x63, 0x21
    dc.b    0x00, 0x06, 0x32, 0x21, 0x00, 0x06, 0x32, 0x11, 0xf0, 0x00, 0x00, 0x66, 0x32, 0x14, 0x8d, 0xdd
    dc.b    0xdd, 0xd8, 0x77, 0xbd, 0x19, 0xd8, 0xdd, 0xd6, 0x21, 0x9d, 0x00, 0x31, 0x62, 0x19, 0x00, 0x93
    dc.b    0x16, 0x21, 0x00, 0x59, 0x31, 0x66, 0x00, 0x95, 0xf0, 0x00, 0x56, 0x22, 0x09, 0x29, 0x55, 0x59
    dc.b    0x91, 0x42, 0x95, 0x55, 0x11, 0x14, 0x23, 0x95, 0x11, 0x11, 0x44, 0x22, 0x14, 0x11, 0x22, 0x22
    dc.b    0x24, 0x44, 0x11, 0x22, 0x92, 0x14, 0x44, 0x11, 0xf0, 0x00, 0x99, 0x21, 0x44, 0x44, 0x96, 0x99
    dc.b    0x31, 0x44, 0x63, 0x36, 0x99, 0x62, 0x63, 0x11, 0x13, 0x99, 0x62, 0x14, 0x44, 0x13, 0x32, 0x14
    dc.b    0x44, 0x42, 0x21, 0x14, 0x44, 0x44, 0x21, 0x44, 0x12, 0x01, 0x44, 0x41, 0x21, 0x01, 0x44, 0x11
    dc.b    0x11, 0x44, 0x00, 0x01, 0xc7, 0xe8, 0x02, 0x01, 0x00, 0x01, 0xc4, 0x2c, 0x11, 0x01, 0x44, 0x41
    dc.b    0xf0, 0x00, 0x11, 0x22, 0x58, 0xbd, 0xd8, 0x8d, 0x85, 0xd8, 0x8d, 0xd6, 0x62, 0xdd, 0xd1, 0x14
    dc.b    0x93, 0x29, 0x22, 0x21, 0x16, 0x99, 0x63, 0x32, 0x22, 0x26, 0x99, 0x99, 0x66, 0x22, 0x22, 0x39
    dc.b    0x32, 0x00, 0x33, 0x69, 0x62, 0x22, 0x55, 0x55, 0xf0, 0x00, 0x95, 0x55, 0x55, 0x55, 0x22, 0x35
    dc.b    0x55, 0x55, 0x33, 0x65, 0x55, 0x95, 0x22, 0x95, 0x55, 0x65, 0x11, 0x55, 0x55, 0x25, 0x41, 0x55
    dc.b    0x55, 0x25, 0x22, 0x55, 0x55, 0x25, 0x99, 0x55, 0x84, 0x01, 0x55, 0x25, 0x69, 0x55, 0x55, 0x95
    dc.b    0x36, 0x55, 0x55, 0x95, 0x23, 0x55, 0x55, 0x95, 0x12, 0x55, 0xc1, 0x01, 0x12, 0x65, 0x55, 0x65
    dc.b    0x12, 0x26, 0x55, 0x65, 0x22, 0x22, 0x65, 0x69, 0x22, 0x23, 0x36, 0x69, 0x22, 0x23, 0x23, 0x69
    dc.b    0x22, 0x33, 0x23, 0x90, 0x20, 0x11, 0x22, 0x32, 0x26, 0x90, 0x7f, 0x2e, 0x03, 0xad, 0x05, 0xaf
    dc.b    0x10, 0x01, 0x00, 0x33, 0xc2, 0x45, 0x01, 0x01, 0x12, 0x01, 0x00, 0x22, 0x01, 0x05, 0x01, 0xd3
    dc.b    0x01, 0x01, 0x12, 0x01, 0x00, 0xd8, 0x72, 0x01, 0x0d, 0x8b, 0x00, 0x00, 0x8b, 0xa7, 0x00, 0x08
    dc.b    0xba, 0x7c, 0x00, 0x8b, 0xa7, 0xcc, 0xf0, 0x00, 0x8b, 0xbd, 0x00, 0xd8, 0xdb, 0xda, 0x00, 0x0d
    dc.b    0xd8, 0xd8, 0x00, 0x63, 0x33, 0x14, 0x00, 0x62, 0x32, 0x14, 0x09, 0x66, 0x33, 0x24, 0x09, 0x66
    dc.b    0x62, 0x14, 0x09, 0x63, 0x22, 0x44, 0x90, 0x01, 0x99, 0x32, 0x31, 0x41, 0x93, 0x33, 0x21, 0x41
    dc.b    0x66, 0x63, 0x24, 0x41, 0x66, 0x33, 0x14, 0x41, 0x63, 0x32, 0xeb, 0x17, 0x31, 0x01, 0x32, 0x21
    dc.b    0x44, 0x41, 0x22, 0x11, 0x22, 0x01, 0x44, 0x11, 0x22, 0x14, 0x32, 0x01, 0x21, 0x14, 0x41, 0x11
    dc.b    0x21, 0x44, 0x81, 0x01, 0x24, 0x44, 0x11, 0x11, 0x21, 0x44, 0x11, 0x12, 0x14, 0x11, 0x11, 0x22
    dc.b    0x88, 0x88, 0x88, 0x80, 0x10, 0x01, 0xbb, 0xbb, 0xce, 0x61, 0x41, 0x01, 0xcc, 0xc7, 0xab, 0xd0
    dc.b    0xcc, 0xcc, 0x7a, 0x80, 0xf0, 0x00, 0xab, 0x88, 0x7a, 0x80, 0xad, 0xa7, 0x78, 0x00, 0x8d, 0x88
    dc.b    0x80, 0x00, 0x44, 0x11, 0x22, 0x22, 0x44, 0x41, 0x22, 0x22, 0x44, 0x44, 0x43, 0x33, 0x41, 0x21
    dc.b    0x44, 0x33, 0x44, 0x32, 0xf0, 0x00, 0x11, 0x13, 0x44, 0x32, 0x22, 0x11, 0x22, 0x13, 0x32, 0x22
    dc.b    0x23, 0x21, 0x63, 0x22, 0x23, 0x21, 0x16, 0x33, 0x12, 0x32, 0x22, 0x36, 0x12, 0x63, 0x22, 0x36
    dc.b    0x11, 0x66, 0x66, 0x69, 0x61, 0x01, 0x11, 0x36, 0x66, 0x69, 0x11, 0x23, 0x66, 0x90, 0x11, 0x23
    dc.b    0x69, 0x00, 0x50, 0x01, 0x12, 0x33, 0x90, 0x00, 0x12, 0x36, 0x90, 0x00, 0x22, 0x69, 0xeb, 0x74
    dc.b    0x01, 0x01, 0x10, 0x13, 0x33, 0x00, 0x7e, 0x81, 0x50, 0x01, 0x23, 0x32, 0x36, 0x90, 0x33, 0x22
    dc.b    0x66, 0x90, 0x33, 0x66, 0xc2, 0x0d, 0x10, 0x01, 0x69, 0x99, 0xe3, 0x8e, 0x01, 0x27, 0x01, 0xce
    dc.b    0x00, 0x01, 0xe3, 0xac, 0x02, 0x01, 0x00, 0x34, 0x00, 0x00, 0x00, 0x02, 0xe7, 0x88, 0x10, 0x01
    dc.b    0xee, 0xe0, 0xd8, 0xc0, 0xf0, 0x00, 0xee, 0xee, 0x29, 0x62, 0xee, 0xe5, 0x42, 0x62, 0xea, 0xe8
    dc.b    0x42, 0x61, 0xab, 0xb8, 0x44, 0x64, 0x7b, 0x88, 0x44, 0x64, 0xab, 0xb2, 0x44, 0x64, 0xbb, 0x74
    dc.b    0x41, 0x64, 0x77, 0x74, 0xf0, 0x00, 0x12, 0x64, 0xc7, 0x74, 0x13, 0x34, 0x77, 0x41, 0x26, 0x44
    dc.b    0x72, 0x41, 0x62, 0x44, 0x74, 0x41, 0x62, 0x44, 0x24, 0x16, 0x24, 0x44, 0x44, 0x16, 0x24, 0x44
    dc.b    0x41, 0x62, 0x44, 0x41, 0xe0, 0x12, 0x56, 0x61, 0x11, 0x12, 0xd5, 0x55, 0x55, 0x55, 0xbb, 0x5b
    dc.b    0xb5, 0xbb, 0x88, 0x58, 0x85, 0x88, 0x5d, 0x5d, 0xd5, 0xdd, 0x55, 0x55, 0x55, 0x55, 0xdd, 0x55
    dc.b    0x55, 0x55, 0x7f, 0xb9, 0xf0, 0x00, 0x14, 0x12, 0x21, 0x44, 0x31, 0x11, 0x14, 0x2d, 0x33, 0x11
    dc.b    0x42, 0xd8, 0x23, 0x21, 0x4d, 0x8a, 0x12, 0x31, 0x4d, 0xb7, 0x41, 0x32, 0x1d, 0xa7, 0x41, 0x23
    dc.b    0x1d, 0xba, 0x44, 0x12, 0xf0, 0x00, 0x38, 0xba, 0x44, 0x12, 0xd8, 0x8b, 0x44, 0x1d, 0xb7, 0xcc
    dc.b    0x44, 0x1b, 0x7c, 0xcc, 0x44, 0x2b, 0x7c, 0xcc, 0x42, 0x38, 0xa7, 0xcc, 0x12, 0x6d, 0xb7, 0x77
    dc.b    0x23, 0x69, 0xd8, 0x88, 0xe0, 0x12, 0x33, 0x9d, 0xb7, 0x77, 0x5a, 0x7a, 0xcc, 0xcc, 0x8d, 0xac
    dc.b    0xcc, 0xcc, 0x85, 0x87, 0x7c, 0xcc, 0xd5, 0x8a, 0xa7, 0x77, 0x55, 0xba, 0xaa, 0xaa, 0x58, 0x8b
    dc.b    0xba, 0xa7, 0x7f, 0xc1, 0xf0, 0x00, 0x44, 0x11, 0x60, 0x00, 0xdd, 0x93, 0x26, 0x00, 0xbb, 0xb8
    dc.b    0x92, 0x60, 0x7c, 0x7a, 0xb9, 0x20, 0x7c, 0xc7, 0xbb, 0x90, 0x7c, 0xc7, 0xba, 0xb0, 0x7c, 0xc7
    dc.b    0xb7, 0xb0, 0x7c, 0x7a, 0xf0, 0x00, 0xac, 0xb0, 0xba, 0xba, 0x7a, 0xb0, 0xab, 0x8b, 0xab, 0x80
    dc.b    0xc7, 0xb8, 0xb8, 0x00, 0xc7, 0xab, 0x88, 0x00, 0x77, 0xab, 0xa8, 0x00, 0xaa, 0xbb, 0xab, 0x80
    dc.b    0x88, 0x8a, 0xaa, 0x80, 0xf0, 0x00, 0x7a, 0xb8, 0xaa, 0xb8, 0xcc, 0x7a, 0xaa, 0xb8, 0xcc, 0xc7
    dc.b    0x7a, 0x88, 0xcc, 0x77, 0xab, 0x8d, 0x7a, 0xab, 0xb8, 0x8d, 0xaa, 0x77, 0x7c, 0xc0, 0x7c, 0xcc
    dc.b    0xcc, 0xa0, 0x11, 0x3d, 0xc1, 0x90, 0x55, 0x5d, 0x44, 0x44, 0x42, 0x26, 0x14, 0x44, 0x44, 0x41
    dc.b    0x22, 0x22, 0x22, 0x22, 0x66, 0x33, 0x33, 0x36, 0x99, 0x99, 0x99, 0x55, 0x36, 0x95, 0xf0, 0x00
    dc.b    0x55, 0x96, 0x55, 0x55, 0x96, 0x21, 0x55, 0x96, 0x24, 0x41, 0x55, 0x93, 0x23, 0x33, 0x55, 0x53
    dc.b    0x33, 0x22, 0x55, 0x56, 0x22, 0x21, 0x55, 0x59, 0x21, 0x14, 0x55, 0x55, 0x11, 0x44, 0x20, 0x01
    dc.b    0x55, 0x55, 0x14, 0x44, 0xcd, 0x8d, 0xf0, 0x00, 0x99, 0x99, 0x55, 0x55, 0x99, 0x63, 0x55, 0x55
    dc.b    0x63, 0x21, 0x55, 0x55, 0x32, 0x21, 0x55, 0x55, 0x32, 0x22, 0x55, 0x56, 0x33, 0x22, 0x55, 0x66
    dc.b    0x33, 0x22, 0x56, 0x66, 0x63, 0x22, 0xf0, 0x00, 0x96, 0x36, 0x63, 0x32, 0x06, 0x33, 0x66, 0x33
    dc.b    0x06, 0x33, 0x36, 0x33, 0x09, 0x63, 0x36, 0x63, 0x00, 0x96, 0x33, 0x66, 0x00, 0x96, 0x63, 0x33
    dc.b    0x00, 0x96, 0x66, 0x33, 0x88, 0x88, 0xf0, 0x00, 0xbb, 0xaa, 0xdd, 0xdd, 0x88, 0x88, 0x12, 0x39
    dc.b    0xdd, 0xdd, 0x26, 0x69, 0x90, 0x00, 0x69, 0x55, 0x00, 0x00, 0x55, 0x56, 0x29, 0x00, 0x96, 0x21
    dc.b    0x41, 0x90, 0x21, 0x44, 0x41, 0x60, 0xf0, 0x00, 0x44, 0x14, 0x92, 0x20, 0x31, 0x44, 0x69, 0x16
    dc.b    0x11, 0x44, 0x49, 0x61, 0x11, 0x44, 0x41, 0x92, 0x44, 0x44, 0x41, 0x99, 0x44, 0x44, 0x12, 0x99
    dc.b    0x44, 0x44, 0x69, 0x99, 0x41, 0x69, 0x50, 0x01, 0x93, 0x36, 0x99, 0x93, 0x41, 0x22, 0x66, 0x34
    dc.b    0x41, 0x12, 0x7d, 0x8d, 0x21, 0x01, 0x44, 0x11, 0x11, 0x14, 0x11, 0x01, 0x44, 0x41, 0x21, 0x01
    dc.b    0x21, 0x11, 0x44, 0x44, 0x23, 0x01, 0x22, 0x11, 0x14, 0x44, 0x12, 0x01, 0x32, 0x21, 0x9e, 0xbf
    dc.b    0x33, 0x21, 0x44, 0x44, 0x22, 0x21, 0x44, 0x14, 0xaa, 0xaa, 0xb8, 0x00, 0x88, 0xdd, 0x80, 0x00
    dc.b    0xd0, 0x00, 0x10, 0x01, 0x60, 0x00, 0xc3, 0x7d, 0x50, 0x01, 0x26, 0x00, 0x00, 0x00, 0x92, 0x00
    dc.b    0x00, 0x00, 0x99, 0x00, 0x7e, 0x77, 0x00, 0x02, 0xc3, 0xdb, 0x30, 0x01, 0x26, 0x90, 0x00, 0x00
    dc.b    0x23, 0x90, 0xed, 0x70, 0xf0, 0x00, 0x12, 0x39, 0x00, 0x00, 0x11, 0x26, 0x00, 0x00, 0x11, 0x23
    dc.b    0x90, 0x00, 0x11, 0x13, 0x90, 0x00, 0x11, 0x12, 0x69, 0x00, 0x41, 0x11, 0x39, 0x00, 0x41, 0x11
    dc.b    0x26, 0x90, 0x44, 0x11, 0x70, 0x01, 0x13, 0x90, 0x44, 0x11, 0x12, 0x60, 0x44, 0x42, 0x12, 0x30
    dc.b    0x44, 0x42, 0x11, 0x26, 0xd0, 0x83, 0x30, 0x01, 0x96, 0x39, 0x00, 0x00, 0x96, 0x99, 0xe0, 0x37
    dc.b    0x10, 0x03, 0x00, 0x92, 0x7d, 0x95, 0x10, 0x01, 0x00, 0x96, 0xcb, 0xa5, 0x12, 0x0b, 0x00, 0x93
    dc.b    0x01, 0x03, 0x01, 0x01, 0x01, 0x0b, 0x00, 0x02, 0x7d, 0x79, 0x14, 0x01, 0x00, 0x09, 0x00, 0x0c
    dc.b    0x7b, 0x83, 0x0a, 0x00, 0xf0, 0x00, 0x66, 0x21, 0x41, 0x11, 0x92, 0x44, 0x26, 0x11, 0x24, 0x41
    dc.b    0x36, 0x11, 0x21, 0x12, 0x66, 0x11, 0x11, 0x22, 0x61, 0x12, 0x22, 0x23, 0x11, 0x32, 0x22, 0x36
    dc.b    0x12, 0x32, 0x66, 0x61, 0xc0, 0x01, 0x23, 0x32, 0x96, 0x11, 0x33, 0x21, 0x22, 0x22, 0x32, 0x21
    dc.b    0x22, 0x23, 0x32, 0x11, 0x33, 0x66, 0x21, 0x11, 0x66, 0x63, 0x21, 0x11, 0x63, 0x22, 0xce, 0xa1
    dc.b    0x23, 0x01, 0x22, 0x22, 0x11, 0x14, 0x93, 0x00, 0x62, 0x22, 0x11, 0x14, 0x96, 0x22, 0x11, 0x14
    dc.b    0x0d, 0x62, 0x11, 0x14, 0x0d, 0x88, 0x21, 0x11, 0x88, 0x88, 0xf0, 0x00, 0xbb, 0xbb, 0x88, 0xbb
    dc.b    0x77, 0x77, 0x88, 0xb7, 0xcc, 0xcc, 0x08, 0xa7, 0xcc, 0xcc, 0x08, 0xb7, 0x77, 0x77, 0x0d, 0x8a
    dc.b    0xb8, 0x8a, 0x00, 0x8b, 0x77, 0xda, 0x00, 0x08, 0x88, 0xd8, 0xf0, 0x00, 0x44, 0x44, 0x34, 0x13
    dc.b    0x14, 0x41, 0x31, 0x23, 0x11, 0x12, 0x33, 0x26, 0x12, 0x22, 0x63, 0x39, 0x22, 0x21, 0x63, 0x39
    dc.b    0x11, 0x44, 0x62, 0x60, 0x14, 0x44, 0x32, 0x60, 0x14, 0x41, 0x42, 0x01, 0x32, 0x90, 0x14, 0x42
    dc.b    0x32, 0x90, 0x14, 0x43, 0x92, 0x01, 0x14, 0x13, 0x22, 0x90, 0x44, 0x13, 0x26, 0x00, 0x44, 0x23
    dc.b    0x26, 0x00, 0x44, 0x22, 0x26, 0x00, 0x41, 0x22, 0x12, 0x01, 0x42, 0x22, 0x54, 0x6f, 0x12, 0x22
    dc.b    0x20, 0x00, 0x12, 0x23, 0x00, 0x00, 0x22, 0x60, 0x50, 0x01, 0xb0, 0x00, 0x00, 0x00, 0x7b, 0x80
    dc.b    0x00, 0x00, 0xc7, 0x78, 0xe2, 0x3a, 0x80, 0x00, 0x77, 0x77, 0xab, 0x00, 0x88, 0xa8, 0xaa, 0x80
    dc.b    0x7d, 0x8a, 0xdb, 0x80, 0x8d, 0x88, 0x08, 0x00, 0x00, 0x00, 0x00, 0x00
spr_ken_200_animation0_frame2_tileset_data_size = .-spr_ken_200_animation0_frame2_tileset_data

    .align  2
spr_ken_201_animation0_frame0_tileset_data:
    dc.b    0x10, 0x24, 0x00, 0x00, 0x00, 0x00, 0x30, 0x01, 0x00, 0x06, 0x00, 0x00, 0x00, 0x66, 0xfd, 0x10
    dc.b    0x10, 0x01, 0x06, 0x21, 0xcb, 0xf2, 0x12, 0x01, 0x03, 0x23, 0x12, 0x09, 0x03, 0x22, 0x52, 0x01
    dc.b    0x06, 0x31, 0x00, 0x00, 0x00, 0x31, 0x00, 0x00, 0x00, 0x64, 0x00, 0x10, 0x00, 0x00, 0x12, 0x01
    dc.b    0x00, 0x0f, 0x12, 0x01, 0x00, 0x01, 0xf0, 0x00, 0x09, 0x99, 0x00, 0x00, 0x32, 0x21, 0x00, 0x01
    dc.b    0x41, 0x44, 0x00, 0x14, 0x44, 0x19, 0x03, 0x44, 0x41, 0x98, 0x62, 0x44, 0x19, 0x9b, 0x31, 0x41
    dc.b    0x29, 0x8b, 0x21, 0x41, 0x69, 0x8b, 0xf0, 0x00, 0x44, 0x41, 0x98, 0x8b, 0x44, 0x41, 0x98, 0xbb
    dc.b    0x14, 0x41, 0x98, 0xbb, 0x24, 0x41, 0x9d, 0xba, 0x21, 0x44, 0x69, 0x8a, 0x32, 0x44, 0x39, 0xdb
    dc.b    0x33, 0x44, 0x19, 0xd8, 0x23, 0x24, 0x76, 0x33, 0x13, 0xdd, 0x13, 0x31, 0x11, 0x9d, 0x11, 0x32
    dc.b    0x11, 0x2d, 0x11, 0x23, 0x21, 0x1d, 0x00, 0x01, 0xce, 0x0c, 0x00, 0x01, 0xc0, 0xd8, 0x00, 0x01
    dc.b    0xe6, 0xd7, 0x11, 0x01, 0xfe, 0xee, 0xf0, 0x00, 0xee, 0xff, 0x33, 0xe8, 0xee, 0xfe, 0x99, 0xdb
    dc.b    0xea, 0xe8, 0x11, 0x11, 0x12, 0xeb, 0x96, 0x66, 0x11, 0x12, 0x11, 0x11, 0x33, 0x31, 0x44, 0x44
    dc.b    0x44, 0x43, 0x98, 0x88, 0x88, 0x44, 0xd1, 0x00, 0x8b, 0xaa, 0xaa, 0xb8, 0xaa, 0x7c, 0xcc, 0x7a
    dc.b    0xa7, 0xcc, 0xcc, 0xc7, 0xa7, 0xcc, 0xcc, 0xcc, 0xaa, 0x77, 0xcc, 0xcc, 0xba, 0xaa, 0xaa, 0xab
    dc.b    0xbb, 0xbb, 0xf0, 0x00, 0xaa, 0xa7, 0xab, 0xbb, 0xbb, 0xa7, 0xba, 0xaa, 0xab, 0xa7, 0xbb, 0xaa
    dc.b    0xab, 0xba, 0x8b, 0xbb, 0xaa, 0xbb, 0xdd, 0xd8, 0xbb, 0xaa, 0xdd, 0xdd, 0x88, 0xba, 0xdd, 0x6d
    dc.b    0x8b, 0x8b, 0x43, 0x00, 0x00, 0x00, 0xee, 0xe0, 0x0e, 0xee, 0xee, 0xee, 0xf0, 0x00, 0xee, 0xef
    dc.b    0xff, 0xee, 0xfe, 0xee, 0xff, 0xff, 0xfe, 0xfe, 0xef, 0xcc, 0xee, 0xcf, 0xee, 0xee, 0xee, 0xcf
    dc.b    0xfe, 0x8d, 0xef, 0xcf, 0xee, 0x85, 0xef, 0xfe, 0xeb, 0xac, 0xef, 0xee, 0xf0, 0x00, 0xba, 0x7c
    dc.b    0xee, 0x8d, 0xa7, 0xc7, 0xbb, 0x8d, 0x7c, 0xca, 0x1b, 0x8d, 0x7c, 0x7a, 0x11, 0x8d, 0xb7, 0x75
    dc.b    0x32, 0x1d, 0xdb, 0x7d, 0x44, 0x21, 0xdd, 0xdd, 0x84, 0x44, 0x4b, 0xb9, 0xf0, 0x00, 0xa8, 0x44
    dc.b    0x44, 0xa8, 0x7b, 0x82, 0x24, 0x4b, 0x7a, 0x86, 0x24, 0x4a, 0xb8, 0x89, 0x32, 0x22, 0xa7, 0x77
    dc.b    0xb9, 0x22, 0xcc, 0xcc, 0x7b, 0x62, 0xcc, 0xcc, 0x7a, 0xd2, 0x7c, 0xc7, 0xf0, 0x00, 0x7a, 0xdd
    dc.b    0xa7, 0x77, 0xab, 0xda, 0xba, 0xaa, 0xa8, 0xac, 0xbb, 0xbb, 0x8a, 0x7c, 0xaa, 0xa8, 0xac, 0xcc
    dc.b    0xba, 0xaa, 0x7c, 0xc7, 0x00, 0x96, 0x22, 0x11, 0x00, 0x62, 0x22, 0x14, 0xb6, 0x01, 0x06, 0x33
    dc.b    0x31, 0x41, 0x06, 0x63, 0x11, 0x44, 0x06, 0x62, 0x11, 0x41, 0x06, 0x61, 0x11, 0x41, 0x06, 0x32
    dc.b    0x11, 0x44, 0x06, 0x22, 0xf0, 0x00, 0x63, 0x22, 0x11, 0x44, 0x62, 0x22, 0x21, 0x44, 0x02, 0x22
    dc.b    0x21, 0x14, 0x00, 0x22, 0x21, 0x14, 0x00, 0x02, 0x22, 0x14, 0x00, 0x08, 0x82, 0x21, 0x00, 0x8b
    dc.b    0x88, 0x83, 0x00, 0x8a, 0xf0, 0x00, 0xb8, 0x88, 0x0b, 0xbb, 0xb8, 0x88, 0xbb, 0xbb, 0xbb, 0x88
    dc.b    0xba, 0x77, 0xab, 0xbb, 0xb7, 0x77, 0x7a, 0xaa, 0xba, 0x77, 0x77, 0xaa, 0x0b, 0x77, 0xcc, 0x7a
    dc.b    0x00, 0xa7, 0xcc, 0x77, 0x22, 0x01, 0x00, 0x0a, 0x7c, 0xc7, 0xf0, 0x00, 0x7c, 0xcc, 0x00, 0x0b
    dc.b    0xaa, 0x78, 0x00, 0x00, 0xbb, 0xaa, 0x00, 0x00, 0x08, 0x88, 0x22, 0x23, 0x22, 0x26, 0x12, 0x22
    dc.b    0x33, 0x66, 0x11, 0x22, 0x22, 0x36, 0x11, 0x11, 0x22, 0x66, 0xc4, 0x01, 0x11, 0x11, 0x23, 0x66
    dc.b    0x11, 0x11, 0x26, 0x63, 0x11, 0x11, 0x26, 0x33, 0x41, 0x11, 0x36, 0x23, 0x41, 0x11, 0x33, 0x23
    dc.b    0x44, 0x11, 0x32, 0x33, 0x15, 0x01, 0x22, 0x36, 0x63, 0x01, 0x44, 0x41, 0x22, 0x30, 0x14, 0x41
    dc.b    0x22, 0x30, 0x88, 0x00, 0x00, 0x00, 0x00, 0x02, 0xc2, 0x6d, 0x30, 0x01, 0xbb, 0xb0, 0x00, 0x00
    dc.b    0xb7, 0xb0, 0xf6, 0xaf, 0xf0, 0x00, 0x77, 0xab, 0x00, 0x00, 0x77, 0xaa, 0x00, 0x00, 0xcc, 0x77
    dc.b    0x7a, 0x00, 0xa8, 0xa7, 0xb7, 0x00, 0x8a, 0x8a, 0xdb, 0x00, 0x88, 0x88, 0xd8, 0x00, 0x99, 0x00
    dc.b    0x00, 0x8a, 0x99, 0x00, 0xf5, 0x01, 0x08, 0xa7, 0x99, 0x00, 0x8a, 0x7c, 0x99, 0x00, 0x8a, 0xcc
    dc.b    0x90, 0x00, 0x0a, 0xaa, 0x90, 0x00, 0x08, 0xa7, 0x90, 0x00, 0x00, 0x8a, 0x90, 0x00, 0x00, 0x08
    dc.b    0x90, 0x00, 0x00, 0x00, 0x00, 0x26, 0x00, 0x00, 0x11, 0x01, 0x77, 0x7a, 0xa2, 0x65, 0xb0, 0x00
    dc.b    0x77, 0xaa, 0xb0, 0x00, 0xcc, 0xca, 0xb0, 0x00, 0xd8, 0xa8, 0x80, 0x00, 0xad, 0xa8, 0x80, 0x00
    dc.b    0x7a, 0x88, 0x00, 0x2e, 0x00, 0x00, 0xf0, 0x00, 0x77, 0xbb, 0xba, 0xaa, 0xab, 0xaa, 0xaa, 0xaa
    dc.b    0xaa, 0x7a, 0xba, 0xb8, 0x77, 0x8b, 0xb8, 0x85, 0x7a, 0x88, 0x55, 0x5b, 0x55, 0x00, 0x08, 0xbb
    dc.b    0x96, 0x26, 0x08, 0x88, 0x56, 0x22, 0xe2, 0x01, 0x22, 0x2d, 0x55, 0x36, 0x99, 0x99, 0x55, 0x99
    dc.b    0x22, 0x22, 0x55, 0x22, 0x11, 0x11, 0x56, 0x11, 0x14, 0x44, 0x52, 0x44, 0x44, 0x11, 0x52, 0x11
    dc.b    0x11, 0x11, 0x21, 0x11, 0xf0, 0x00, 0x11, 0x21, 0x12, 0x36, 0x23, 0x21, 0x23, 0x93, 0x36, 0x22
    dc.b    0x39, 0x32, 0x62, 0x23, 0x93, 0x22, 0x22, 0x69, 0x32, 0x21, 0x22, 0x96, 0x32, 0x44, 0x66, 0x96
    dc.b    0x32, 0x11, 0x99, 0x96, 0xf0, 0x00, 0x32, 0x21, 0x00, 0x63, 0x33, 0x22, 0x00, 0x33, 0x22, 0x22
    dc.b    0x06, 0x32, 0x22, 0x22, 0x03, 0x32, 0x22, 0x21, 0x03, 0x22, 0x22, 0x11, 0x83, 0x22, 0x21, 0x11
    dc.b    0x82, 0x21, 0x11, 0x14, 0xf0, 0x00, 0x83, 0x11, 0x11, 0x11, 0xb8, 0x55, 0x50, 0x00, 0x85, 0xbb
    dc.b    0xb5, 0x50, 0x5a, 0xab, 0x5d, 0xd5, 0xaa, 0xa5, 0x88, 0xd5, 0xbb, 0x55, 0x88, 0x5d, 0xbb, 0x5d
    dc.b    0xdd, 0x5d, 0x88, 0x55, 0xf0, 0x00, 0xdd, 0x5d, 0xdd, 0xd5, 0x55, 0x55, 0x99, 0x95, 0x55, 0x55
    dc.b    0x22, 0x11, 0x11, 0x12, 0x44, 0x44, 0x44, 0x44, 0x44, 0x41, 0x44, 0x44, 0x14, 0x42, 0x44, 0x44
    dc.b    0x22, 0x23, 0x24, 0x44, 0xa0, 0x02, 0x22, 0x63, 0x24, 0x41, 0x23, 0x92, 0x24, 0x41, 0x96, 0x63
    dc.b    0x21, 0x14, 0x33, 0x63, 0x21, 0x11, 0x22, 0x33, 0x21, 0x11, 0xc4, 0x27, 0x31, 0x00, 0x44, 0x11
    dc.b    0x11, 0x23, 0x11, 0x11, 0xf0, 0x00, 0x11, 0x44, 0x22, 0x11, 0x14, 0x46, 0x21, 0x11, 0x44, 0x16
    dc.b    0x11, 0x14, 0x41, 0x63, 0x11, 0x44, 0x23, 0x33, 0x14, 0x42, 0x23, 0x36, 0x44, 0x22, 0x33, 0x36
    dc.b    0x42, 0x23, 0x33, 0x60, 0x23, 0x83, 0x22, 0x23, 0x36, 0x00, 0xf0, 0x00, 0x50, 0x00, 0x08, 0x88
    dc.b    0xd5, 0x58, 0x8a, 0xca, 0x8d, 0x5a, 0x87, 0xca, 0x8d, 0xba, 0xdb, 0xb8, 0xdd, 0xba, 0xdb, 0xb8
    dc.b    0x55, 0xb8, 0xdd, 0xd8, 0x55, 0x8a, 0xbd, 0xbb, 0x23, 0xdd, 0xf0, 0x00, 0x8d, 0xd8, 0x11, 0x23
    dc.b    0xdd, 0xda, 0x44, 0x12, 0x3d, 0xd8, 0x11, 0x11, 0x22, 0x00, 0x11, 0x12, 0x22, 0x00, 0x12, 0x22
    dc.b    0x22, 0x60, 0x11, 0x22, 0x22, 0x60, 0x44, 0x41, 0x13, 0x90, 0x50, 0x01, 0x11, 0x11, 0x26, 0x90
    dc.b    0x11, 0x22, 0x29, 0x00, 0x22, 0x22, 0xd6, 0xfa, 0x10, 0x01, 0x36, 0x99, 0xd1, 0xe5, 0x10, 0x02
    dc.b    0x66, 0x90, 0xf0, 0xad, 0x00, 0x01, 0xc1, 0x37, 0x12, 0x01, 0x60, 0x00, 0x0b, 0x00, 0x01, 0xf7
    dc.b    0xd0, 0x01, 0x8a, 0xdd, 0x00, 0x00, 0xac, 0xc7, 0xd0, 0x00, 0xaa, 0xaa, 0xd0, 0x00, 0x8d, 0xdd
    dc.b    0xd0, 0x00, 0xaa, 0xad, 0x00, 0x00, 0x88, 0xdd, 0x00, 0x00, 0xaa, 0xd0, 0xe8, 0xdb, 0x00, 0x26
    dc.b    0x00, 0x00, 0xf0, 0x00, 0x06, 0x41, 0x12, 0x32, 0x06, 0x41, 0x11, 0x36, 0x06, 0x44, 0x11, 0x12
    dc.b    0x09, 0x44, 0x11, 0x11, 0x96, 0x14, 0x44, 0x14, 0x93, 0x11, 0x44, 0x44, 0x96, 0x31, 0x11, 0x11
    dc.b    0x09, 0x63, 0xf0, 0x00, 0x22, 0x23, 0x00, 0x99, 0x66, 0x65, 0x00, 0x00, 0x55, 0x55, 0x00, 0x00
    dc.b    0x06, 0x14, 0x00, 0x00, 0x34, 0x44, 0x00, 0x06, 0x24, 0x49, 0x00, 0x03, 0x44, 0x29, 0x00, 0x31
    dc.b    0x41, 0x93, 0xe1, 0x01, 0x06, 0x34, 0x49, 0x64, 0x06, 0x14, 0x29, 0x34, 0x63, 0x11, 0x96, 0x24
    dc.b    0x63, 0x12, 0x96, 0x24, 0x09, 0x22, 0x93, 0x14, 0x09, 0x99, 0x63, 0x14, 0x09, 0x69, 0x62, 0x11
    dc.b    0x13, 0x01, 0x09, 0x66, 0x41, 0x01, 0x32, 0x11, 0x09, 0x63, 0x32, 0x11, 0x96, 0x63, 0x23, 0x01
    dc.b    0x32, 0x21, 0x96, 0x33, 0x91, 0xf3, 0x33, 0x21, 0x11, 0xdd, 0xd6, 0xd8, 0x31, 0x12, 0x22, 0x3d
    dc.b    0x63, 0x22, 0x33, 0x33, 0x26, 0x66, 0x33, 0x33, 0x91, 0x0a, 0x41, 0x11, 0x11, 0x11, 0x22, 0x33
    dc.b    0x66, 0x95, 0x69, 0x55, 0x55, 0x55, 0x55, 0x55, 0x56, 0x32, 0x59, 0x24, 0xf0, 0x00, 0x44, 0x23
    dc.b    0x94, 0x23, 0x14, 0x44, 0x64, 0x23, 0x14, 0x41, 0x33, 0x13, 0x14, 0x23, 0x46, 0x42, 0x61, 0x12
    dc.b    0x46, 0x42, 0x61, 0x22, 0x46, 0x44, 0x16, 0x22, 0x41, 0x34, 0x26, 0x95, 0x81, 0x01, 0x44, 0x93
    dc.b    0x39, 0x55, 0x44, 0x39, 0x99, 0x55, 0x44, 0x23, 0x35, 0x55, 0x44, 0x23, 0x15, 0x55, 0x66, 0x01
    dc.b    0x44, 0x13, 0x15, 0x52, 0x44, 0x12, 0x15, 0x44, 0x44, 0x12, 0x14, 0x44, 0x00, 0x01, 0xd3, 0x22
    dc.b    0xe1, 0x3c, 0x14, 0x11, 0x44, 0x44, 0xb8, 0xbb, 0xaa, 0xa7, 0x8b, 0xaa, 0xaa, 0xa7, 0xd8, 0xba
    dc.b    0xaa, 0xaa, 0x2d, 0xd8, 0x8b, 0xaa, 0x11, 0x2d, 0xd8, 0x8a, 0x22, 0x33, 0x6d, 0xd7, 0x01, 0x00
    dc.b    0xf0, 0x00, 0x11, 0x12, 0x55, 0x55, 0x44, 0x26, 0x55, 0x55, 0x36, 0x65, 0x55, 0x65, 0x12, 0x25
    dc.b    0x55, 0x25, 0x26, 0x95, 0x51, 0x55, 0x39, 0x55, 0x59, 0x55, 0x25, 0x55, 0x95, 0x55, 0x95, 0x55
    dc.b    0xf0, 0x00, 0x65, 0x55, 0x55, 0x55, 0x95, 0x55, 0x55, 0x56, 0x55, 0x21, 0x55, 0x63, 0x52, 0x22
    dc.b    0x55, 0x23, 0x52, 0x23, 0x53, 0x23, 0x53, 0x36, 0x53, 0x23, 0x93, 0x66, 0x63, 0x23, 0x96, 0x32
    dc.b    0xd2, 0x01, 0x63, 0x23, 0x93, 0x33, 0x63, 0x23, 0x96, 0x66, 0x63, 0x26, 0x96, 0x99, 0x32, 0x36
    dc.b    0x99, 0x00, 0x32, 0x39, 0x00, 0x00, 0x32, 0x69, 0x00, 0x00, 0x32, 0x90, 0x21, 0xc1, 0x33, 0x90
    dc.b    0x00, 0x08, 0x20, 0x01, 0xee, 0xe0, 0x00, 0x00, 0xf8, 0xd9, 0xf0, 0x00, 0xee, 0xe0, 0xee, 0xef
    dc.b    0xef, 0xee, 0xff, 0xff, 0xef, 0xfe, 0xcc, 0xfe, 0xec, 0xfe, 0xee, 0xee, 0xec, 0xfe, 0x58, 0xeb
    dc.b    0xff, 0xee, 0x5e, 0x8e, 0xfe, 0xbf, 0x58, 0xee, 0xe0, 0x0e, 0x90, 0x01, 0x55, 0x80, 0x00, 0xee
    dc.b    0xbc, 0xd0, 0x00, 0x00, 0xac, 0xd0, 0x00, 0x00, 0xd0, 0x00, 0x00, 0x00, 0x59, 0x00, 0xe6, 0xb6
    dc.b    0xf0, 0x00, 0x26, 0x26, 0x00, 0x0b, 0x12, 0x62, 0x60, 0x88, 0x91, 0x26, 0x2d, 0xdd, 0x89, 0x16
    dc.b    0x6b, 0xda, 0xb9, 0x12, 0x5a, 0xba, 0xa8, 0x91, 0x55, 0x5d, 0xab, 0x91, 0x05, 0x55, 0x3b, 0x92
    dc.b    0xf0, 0x0a, 0x5d, 0x8d, 0x3a, 0xdd, 0x5d, 0xbb, 0xd8, 0xaa, 0x75, 0xdd, 0x77, 0xcc, 0x7b, 0x55
    dc.b    0xcc, 0xc7, 0xbb, 0xb5, 0xc7, 0x7b, 0xbb, 0xab, 0x77, 0xbb, 0xba, 0xab, 0xab, 0xba, 0xaa, 0xb8
    dc.b    0x7e, 0xf5, 0x10, 0x01, 0xe0, 0x00, 0xe2, 0xc0, 0x01, 0x01, 0x12, 0x07, 0xf0, 0x00, 0x09, 0x00
    dc.b    0xf0, 0x00, 0x08, 0xa8, 0x00, 0x00, 0xaa, 0xca, 0x88, 0x00, 0xda, 0x7a, 0x7a, 0xd0, 0xa5, 0x55
    dc.b    0x5a, 0xb0, 0x55, 0x88, 0xd5, 0xbd, 0x5d, 0x8d, 0xdd, 0x5d, 0xbb, 0xd5, 0xdd, 0x50, 0xd8, 0xdd
    dc.b    0x80, 0x01, 0x55, 0x50, 0x5d, 0xdd, 0x55, 0x50, 0xd5, 0xdd, 0x50, 0x00, 0xdd, 0x5d, 0x50, 0x00
    dc.b    0xdd, 0x55, 0xcc, 0x7b, 0x10, 0x01, 0x5d, 0x50, 0xea, 0x45, 0x01, 0x01, 0xf0, 0x00, 0x00, 0x96
    dc.b    0x62, 0x22, 0x00, 0x96, 0x32, 0x22, 0x00, 0x96, 0x63, 0x33, 0x00, 0x93, 0x33, 0x32, 0x00, 0x93
    dc.b    0x32, 0x22, 0x00, 0x06, 0x22, 0x33, 0x00, 0x06, 0x23, 0x63, 0x00, 0x06, 0xf0, 0x00, 0x66, 0x32
    dc.b    0x32, 0x11, 0x44, 0x14, 0x22, 0x11, 0x14, 0x14, 0x32, 0x11, 0x14, 0x14, 0x22, 0x21, 0x14, 0x44
    dc.b    0x32, 0x21, 0x14, 0x44, 0x33, 0x22, 0x14, 0x44, 0x32, 0x32, 0x24, 0x44, 0xf0, 0x00, 0x22, 0x23
    dc.b    0x31, 0x11, 0x44, 0x23, 0x60, 0x88, 0x44, 0x23, 0x68, 0x88, 0x44, 0x26, 0x98, 0xbb, 0x44, 0x26
    dc.b    0x98, 0xa7, 0x41, 0x26, 0x08, 0xa7, 0x41, 0x39, 0x08, 0xba, 0x12, 0x69, 0xf0, 0x00, 0x00, 0x8b
    dc.b    0x26, 0x69, 0x00, 0x8b, 0x88, 0x88, 0x31, 0x11, 0x88, 0x88, 0x81, 0x11, 0xbb, 0x88, 0x81, 0x11
    dc.b    0xca, 0xb8, 0x88, 0x11, 0xc7, 0xb8, 0x80, 0x02, 0xa7, 0xab, 0x80, 0x00, 0x70, 0x01, 0xa7, 0x7a
    dc.b    0xb0, 0x00, 0xa7, 0x77, 0xa0, 0x00, 0x11, 0x22, 0x23, 0x36, 0x12, 0x22, 0x7d, 0xfb, 0x10, 0x07
    dc.b    0x22, 0x33, 0x7e, 0x32, 0x00, 0x00, 0x00, 0x00
spr_ken_201_animation0_frame0_tileset_data_size = .-spr_ken_201_animation0_frame0_tileset_data

    .align  2
spr_ken_201_animation0_frame1_tileset_data:
    dc.b    0x10, 0x12, 0x00, 0x00, 0x00, 0x00, 0x00, 0x01, 0xe3, 0x63, 0x26, 0x01, 0x00, 0x00, 0x00, 0x02
    dc.b    0xf0, 0x00, 0x08, 0x82, 0x00, 0x88, 0xb8, 0x82, 0x08, 0xa7, 0xab, 0x88, 0x08, 0xa7, 0x7b, 0x88
    dc.b    0x08, 0xba, 0x7a, 0xb8, 0x00, 0x8b, 0xa7, 0xab, 0x00, 0x0b, 0xa7, 0xaa, 0x00, 0x08, 0xb7, 0x7a
    dc.b    0x11, 0x01, 0x00, 0x00, 0x30, 0x01, 0xb7, 0xc7, 0x00, 0x00, 0xba, 0x77, 0xe5, 0x47, 0x10, 0x01
    dc.b    0x08, 0xa7, 0xe5, 0x35, 0x11, 0x2a, 0x00, 0x08, 0xf0, 0x00, 0x00, 0x99, 0x62, 0x66, 0x00, 0x09
    dc.b    0x66, 0x22, 0x00, 0x00, 0x96, 0x22, 0x00, 0x00, 0x09, 0x96, 0x00, 0x00, 0x96, 0x21, 0x00, 0x09
    dc.b    0x93, 0x14, 0x00, 0x92, 0x23, 0x14, 0x00, 0x92, 0xf0, 0x00, 0x16, 0x21, 0x06, 0x92, 0x42, 0x62
    dc.b    0x62, 0x62, 0x41, 0x22, 0x32, 0x62, 0x11, 0x22, 0x23, 0x62, 0x11, 0x12, 0x23, 0x32, 0x21, 0x11
    dc.b    0x33, 0x32, 0x21, 0x11, 0x33, 0x22, 0x22, 0x14, 0xf1, 0x01, 0x33, 0x22, 0x21, 0x41, 0x23, 0x21
    dc.b    0x21, 0x12, 0x22, 0x11, 0x11, 0x22, 0x82, 0x22, 0x22, 0x22, 0x88, 0x22, 0x26, 0x69, 0x88, 0x88
    dc.b    0x00, 0x00, 0xbb, 0xbb, 0x80, 0x00, 0xaa, 0xbb, 0x32, 0x01, 0xb0, 0x00, 0xaa, 0xaa, 0xb8, 0x00
    dc.b    0xf0, 0x00, 0xa8, 0x00, 0xaa, 0xaa, 0xaa, 0x00, 0x7a, 0xaa, 0xaa, 0x80, 0xad, 0xa8, 0xad, 0x78
    dc.b    0xaa, 0xda, 0xda, 0xbd, 0x88, 0xd8, 0xd8, 0xd0, 0x23, 0x21, 0x41, 0x12, 0x23, 0x21, 0x41, 0x11
    dc.b    0xf0, 0x00, 0x23, 0x24, 0x11, 0x11, 0x22, 0x24, 0x11, 0x11, 0x26, 0x24, 0x11, 0x11, 0x26, 0x31
    dc.b    0x41, 0x11, 0x26, 0x32, 0x41, 0x11, 0x16, 0x63, 0x22, 0x11, 0x12, 0x66, 0x33, 0x32, 0x11, 0x11
    dc.b    0xf0, 0x00, 0x44, 0x44, 0x22, 0x22, 0x66, 0x99, 0x21, 0x44, 0x29, 0x99, 0x14, 0x42, 0x99, 0x99
    dc.b    0x44, 0x29, 0x96, 0x90, 0x12, 0x66, 0x69, 0x00, 0x26, 0x63, 0x90, 0x00, 0x62, 0x23, 0x90, 0x00
    dc.b    0x50, 0x13, 0x22, 0x26, 0x00, 0x00, 0x22, 0x00, 0x00, 0x00, 0x90, 0x00, 0x7f, 0x5a, 0x03, 0x00
    dc.b    0x10, 0x01, 0x22, 0x41, 0xda, 0xd0, 0x23, 0x01, 0x11, 0x12, 0x60, 0x00, 0x10, 0x01, 0x11, 0x23
    dc.b    0xe8, 0xba, 0x30, 0x01, 0x12, 0x26, 0x00, 0x00, 0x22, 0x60, 0xf7, 0x3a, 0x13, 0x2f, 0x99, 0x00
    dc.b    0x12, 0x9f, 0x00, 0x0b, 0x01, 0x01, 0x01, 0x05, 0x00, 0x34, 0x00, 0x00, 0x00, 0x01, 0xfb, 0xe9
    dc.b    0x22, 0x01, 0x00, 0x00, 0x06, 0x63, 0x82, 0x01, 0x63, 0x63, 0x00, 0x00, 0x62, 0x62, 0x00, 0x09
    dc.b    0x22, 0x22, 0x00, 0x09, 0x21, 0x13, 0x00, 0x99, 0xe0, 0x01, 0x00, 0x66, 0x22, 0x44, 0x09, 0x66
    dc.b    0x12, 0x14, 0x09, 0x26, 0x11, 0x21, 0x09, 0x32, 0x61, 0x12, 0x09, 0x62, 0x11, 0x11, 0x00, 0x96
    dc.b    0x21, 0x11, 0x00, 0x09, 0x66, 0x21, 0xce, 0x7d, 0x58, 0x31, 0x05, 0x55, 0x00, 0x00, 0x61, 0x44
    dc.b    0x00, 0x06, 0x14, 0x44, 0xf0, 0x00, 0x06, 0x21, 0x00, 0x06, 0x31, 0x44, 0x00, 0x31, 0x44, 0x41
    dc.b    0x06, 0x14, 0x41, 0x29, 0x61, 0x44, 0x12, 0x9a, 0x21, 0x44, 0x29, 0xb7, 0x14, 0x41, 0x9b, 0xaa
    dc.b    0x14, 0x43, 0xba, 0xa8, 0x22, 0x01, 0x44, 0x46, 0xba, 0xab, 0xf0, 0x00, 0x8b, 0xab, 0x44, 0x46
    dc.b    0x8b, 0xb8, 0x44, 0x41, 0x98, 0x8d, 0x14, 0x44, 0x29, 0x9d, 0x11, 0x44, 0x44, 0x2d, 0x11, 0x14
    dc.b    0x44, 0x4d, 0x22, 0x11, 0x14, 0x4d, 0x33, 0x22, 0x11, 0x1d, 0xf0, 0x00, 0x13, 0x33, 0x22, 0x2d
    dc.b    0x14, 0x44, 0x12, 0x2d, 0x21, 0x11, 0x11, 0x2d, 0x23, 0x66, 0x66, 0x6d, 0x44, 0x44, 0x41, 0x22
    dc.b    0x11, 0x11, 0x11, 0x22, 0x66, 0x69, 0x99, 0x55, 0x55, 0x55, 0x54, 0x6c, 0x55, 0x55, 0x44, 0x11
    dc.b    0x22, 0x33, 0x44, 0x11, 0x13, 0x39, 0xf0, 0x00, 0x62, 0x22, 0x63, 0x21, 0x11, 0x44, 0x44, 0x44
    dc.b    0x44, 0x44, 0x44, 0x16, 0x99, 0x99, 0x29, 0x9b, 0xaa, 0xa8, 0x9a, 0xac, 0xc7, 0xaa, 0x7c, 0xcc
    dc.b    0x7a, 0xa7, 0xcc, 0xcc, 0xaa, 0x77, 0xf0, 0x00, 0xb7, 0xcc, 0x7a, 0xa7, 0xba, 0x77, 0x77, 0xaa
    dc.b    0xba, 0xaa, 0xaa, 0xab, 0xbb, 0xaa, 0xa7, 0x77, 0xb8, 0xba, 0x77, 0xcc, 0xdb, 0xab, 0xa7, 0xcc
    dc.b    0x8a, 0xab, 0xba, 0x77, 0xb7, 0xcb, 0x32, 0x01, 0xbb, 0xa7, 0xa7, 0xca, 0xbb, 0xaa, 0xf0, 0x00
    dc.b    0xba, 0xaa, 0xaa, 0xaa, 0xb7, 0xaa, 0xab, 0x7c, 0xcc, 0xcc, 0xb7, 0x77, 0xcc, 0xcc, 0xb7, 0xaa
    dc.b    0x7c, 0xcc, 0xaa, 0x7b, 0xaa, 0x77, 0xdd, 0x8a, 0xab, 0xbb, 0x2d, 0xd8, 0xaa, 0xab, 0x83, 0x3f
    dc.b    0x55, 0xdd, 0x8b, 0xaa, 0x55, 0x55, 0xdd, 0x8b, 0x66, 0x55, 0x55, 0xdd, 0x55, 0x55, 0x55, 0x56
    dc.b    0x41, 0x3f, 0x11, 0x11, 0x12, 0x33, 0x44, 0x44, 0x44, 0x22, 0xf0, 0x00, 0x99, 0x99, 0x96, 0x24
    dc.b    0xbb, 0xb8, 0x88, 0x92, 0xcc, 0xcc, 0x7b, 0x89, 0xcc, 0xcc, 0xc7, 0xb9, 0x77, 0x77, 0xcc, 0x78
    dc.b    0xaa, 0x77, 0x77, 0x7b, 0xaa, 0xaa, 0x77, 0x7a, 0xab, 0xba, 0xf0, 0x00, 0xaa, 0xab, 0xa8, 0xbb
    dc.b    0xaa, 0xa8, 0xca, 0x88, 0xbb, 0x82, 0xcc, 0xa8, 0x88, 0x24, 0xcc, 0xca, 0x52, 0x24, 0xcc, 0xc7
    dc.b    0x52, 0x44, 0x7c, 0xc7, 0x52, 0x44, 0x77, 0x7a, 0x52, 0x44, 0xf0, 0x00, 0xaa, 0xa5, 0x54, 0x44
    dc.b    0x8d, 0xd5, 0x44, 0x46, 0x7a, 0xb4, 0x42, 0x64, 0xcc, 0xab, 0x66, 0x44, 0xcc, 0xca, 0x54, 0x41
    dc.b    0xcc, 0xcc, 0x55, 0x66, 0x7c, 0xcc, 0x5d, 0x55, 0xba, 0x7a, 0x93, 0x3f, 0x5a, 0x88, 0xbb, 0xb5
    dc.b    0x58, 0xa8, 0xbb, 0x55, 0xdd, 0xd5, 0xd5, 0x5d, 0xd5, 0x55, 0x95, 0x55, 0x55, 0x5d, 0xf0, 0x00
    dc.b    0x60, 0x00, 0x00, 0x00, 0x26, 0x22, 0x26, 0x60, 0x22, 0x61, 0x11, 0x86, 0x42, 0x26, 0x44, 0x8e
    dc.b    0x44, 0x66, 0x44, 0xee, 0x44, 0x26, 0x44, 0xee, 0x24, 0x46, 0x44, 0xee, 0x94, 0x46, 0xf0, 0x00
    dc.b    0x44, 0x8b, 0x94, 0x43, 0x41, 0xee, 0x94, 0x43, 0x11, 0x8e, 0x94, 0x43, 0x11, 0xae, 0x24, 0x42
    dc.b    0x23, 0xee, 0x44, 0x12, 0x1b, 0xc7, 0x44, 0x12, 0x1a, 0x7a, 0x44, 0x22, 0x1d, 0xdd, 0xf0, 0x00
    dc.b    0x41, 0x24, 0x4a, 0x86, 0x42, 0x44, 0x4a, 0x86, 0x13, 0x44, 0xab, 0x62, 0x64, 0x42, 0xa8, 0x64
    dc.b    0x44, 0x4a, 0xb6, 0x24, 0x44, 0xa8, 0x62, 0x43, 0x1a, 0x86, 0x24, 0x30, 0x66, 0x21, 0xf5, 0xfc
    dc.b    0x13, 0x00, 0x61, 0x13, 0x60, 0x00, 0x50, 0x00, 0x0a, 0x77, 0x55, 0xba, 0x77, 0x78, 0x5d, 0x55
    dc.b    0x5a, 0x77, 0x5a, 0xb8, 0x55, 0x77, 0xdd, 0xdd, 0x55, 0xa7, 0xdd, 0xd5, 0x55, 0xa7, 0x22, 0x00
    dc.b    0x00, 0x0e, 0xee, 0xee, 0x11, 0x02, 0xee, 0xff, 0xf0, 0x00, 0xeb, 0xee, 0xee, 0xee, 0xbe, 0xee
    dc.b    0xfe, 0xff, 0xee, 0xec, 0xfe, 0xff, 0xef, 0xcf, 0xfe, 0xef, 0xfc, 0xff, 0xeb, 0xbe, 0xfc, 0xee
    dc.b    0xbb, 0x5e, 0xee, 0xaa, 0xaa, 0x58, 0x77, 0x75, 0x61, 0x1e, 0xc5, 0x55, 0xa7, 0xb8, 0x55, 0x8e
    dc.b    0x8a, 0xaa, 0xd8, 0xee, 0x08, 0xa5, 0x10, 0x0c, 0x00, 0xee, 0x7e, 0xa4, 0x10, 0x01, 0xb0, 0x00
    dc.b    0xfd, 0x87, 0x10, 0x01, 0xb7, 0x00, 0xe8, 0x14, 0x12, 0x09, 0xa8, 0x00, 0x05, 0x00, 0x00, 0x02
    dc.b    0xd1, 0x9e, 0xd1, 0x4a, 0xfc, 0xcf, 0xee, 0x00, 0xef, 0xfc, 0xfe, 0xe0, 0xee, 0xff, 0xce, 0xe0
    dc.b    0xee, 0xef, 0xff, 0xe0, 0xfe, 0xee, 0xff, 0xe0, 0xff, 0xee, 0xef, 0xee, 0xff, 0xff, 0x41, 0x01
    dc.b    0xfe, 0xee, 0xbe, 0xef, 0xff, 0xee, 0xef, 0xff, 0x71, 0x1d, 0xfe, 0xe0, 0xee, 0xee, 0xee, 0xe0
    dc.b    0x0e, 0xef, 0xfe, 0x00, 0xff, 0xff, 0xee, 0x00, 0x00, 0x16, 0x00, 0x00, 0xf0, 0x00, 0x09, 0x31
    dc.b    0x32, 0x21, 0x09, 0x31, 0x22, 0x21, 0x93, 0x31, 0x12, 0x21, 0x96, 0x21, 0x12, 0x21, 0x66, 0x22
    dc.b    0x11, 0x21, 0x66, 0x22, 0x11, 0x11, 0x06, 0x22, 0x11, 0x11, 0x08, 0x62, 0xf0, 0x00, 0x21, 0x11
    dc.b    0x08, 0x83, 0x21, 0x21, 0x08, 0x88, 0x88, 0x22, 0x08, 0x88, 0x88, 0x82, 0xb8, 0x88, 0x88, 0x88
    dc.b    0xaa, 0xb8, 0x88, 0x8b, 0xaa, 0xaa, 0xaa, 0xbb, 0xaa, 0x77, 0xaa, 0xbb, 0xe0, 0x01, 0xba, 0x77
    dc.b    0x7a, 0xab, 0x8b, 0xa7, 0x7a, 0xab, 0x08, 0xa7, 0x77, 0xaa, 0x00, 0xba, 0xcc, 0x7a, 0x00, 0xba
    dc.b    0x7c, 0x77, 0x00, 0x0b, 0xa7, 0x77, 0x00, 0x00, 0x8a, 0xaa, 0xd8, 0xe4, 0xd3, 0x01, 0x00, 0x88
    dc.b    0x11, 0x22, 0x26, 0x60, 0x11, 0x22, 0x33, 0x90, 0x11, 0x22, 0x63, 0x90, 0x11, 0x22, 0x32, 0x90
    dc.b    0x11, 0x23, 0x32, 0x00, 0x12, 0x23, 0x22, 0x00, 0x12, 0x01, 0x12, 0x22, 0x18, 0x4d, 0x22, 0x33
    dc.b    0x40, 0x01, 0x80, 0x00, 0x00, 0x00, 0xb8, 0x00, 0x00, 0x00, 0xf1, 0x98, 0xf0, 0x00, 0x00, 0x00
    dc.b    0xaa, 0xab, 0xb0, 0x00, 0x7a, 0xab, 0x88, 0x00, 0x88, 0x8a, 0xa8, 0x00, 0xaa, 0xa8, 0x80, 0x00
    dc.b    0x88, 0x80, 0x00, 0x00, 0x0d, 0x8b, 0xbd, 0xad, 0x00, 0x0d, 0xd7, 0xb0, 0x20, 0x29, 0x00, 0x0b
    dc.b    0xbd, 0x00, 0x7d, 0xc7, 0xf0, 0x01, 0x00, 0x62, 0x00, 0x00, 0x00, 0x21, 0x00, 0x00, 0x02, 0x13
    dc.b    0x00, 0x00, 0x01, 0x19, 0x00, 0x00, 0x61, 0x19, 0x00, 0x00, 0x21, 0x39, 0x00, 0x00, 0x21, 0x96
    dc.b    0x00, 0x06, 0x21, 0x96, 0xdb, 0x53, 0x38, 0x01, 0x00, 0x06, 0x00, 0x00, 0x00, 0x09, 0xf0, 0x00
    dc.b    0x00, 0x00, 0x44, 0x44, 0x14, 0x16, 0x99, 0x94, 0x24, 0x44, 0x91, 0x94, 0x64, 0x45, 0x34, 0x94
    dc.b    0x64, 0x55, 0x14, 0x94, 0x35, 0x55, 0x14, 0x91, 0x95, 0x59, 0x14, 0x29, 0x55, 0x52, 0xf0, 0x00
    dc.b    0x14, 0x29, 0x55, 0x99, 0x24, 0x23, 0x33, 0x22, 0x24, 0x22, 0x33, 0x22, 0x24, 0x12, 0x33, 0x22
    dc.b    0x21, 0x11, 0x33, 0x22, 0x31, 0x11, 0x33, 0x32, 0x62, 0x11, 0x23, 0x32, 0x63, 0x21, 0xf0, 0x00
    dc.b    0x13, 0x32, 0x96, 0x93, 0x22, 0x33, 0x33, 0x95, 0x55, 0x65, 0x49, 0x55, 0x92, 0x55, 0x55, 0x44
    dc.b    0x95, 0x55, 0x54, 0x43, 0x55, 0x59, 0x24, 0x15, 0x59, 0x22, 0x21, 0x99, 0x31, 0x41, 0x10, 0x01
    dc.b    0x99, 0x32, 0xce, 0x60, 0x18, 0x01, 0x21, 0x11, 0x21, 0x01, 0x22, 0x11, 0x14, 0x44, 0xf0, 0x00
    dc.b    0x22, 0x14, 0x44, 0x44, 0x55, 0x31, 0x19, 0x99, 0x51, 0x19, 0x96, 0x22, 0x59, 0x32, 0x11, 0x11
    dc.b    0x69, 0x33, 0x22, 0x11, 0x69, 0x33, 0x22, 0x22, 0x39, 0x33, 0x33, 0x22, 0x39, 0x63, 0xf1, 0x01
    dc.b    0x22, 0x22, 0x29, 0x63, 0x22, 0x23, 0x19, 0x62, 0x22, 0x36, 0x16, 0x62, 0x23, 0x36, 0x46, 0x93
    dc.b    0x36, 0x69, 0x46, 0x96, 0x69, 0x96, 0x43, 0x99, 0x90, 0x06, 0x42, 0x00, 0x00, 0x06, 0xf0, 0x00
    dc.b    0x41, 0x00, 0x00, 0x09, 0x99, 0x55, 0x55, 0x55, 0x26, 0x69, 0x98, 0x8b, 0x14, 0x41, 0x11, 0x22
    dc.b    0x11, 0x14, 0x41, 0x44, 0x22, 0x21, 0x11, 0x14, 0x29, 0x22, 0x22, 0x44, 0x39, 0x32, 0xf0, 0x00
    dc.b    0x22, 0x44, 0x69, 0x62, 0x22, 0x24, 0x96, 0x96, 0x22, 0x22, 0x92, 0x69, 0x32, 0x22, 0x96, 0x22
    dc.b    0x23, 0x22, 0x96, 0x21, 0x11, 0x11, 0x23, 0x22, 0x14, 0x41, 0x23, 0x62, 0x21, 0x14, 0xf0, 0x00
    dc.b    0x22, 0x32, 0x21, 0x11, 0x31, 0x32, 0x21, 0x11, 0x5b, 0xaa, 0x80, 0x00, 0xbb, 0xbb, 0x26, 0x00
    dc.b    0x22, 0x11, 0x11, 0x29, 0x44, 0x44, 0x41, 0x26, 0x44, 0x41, 0x11, 0x26, 0x41, 0x11, 0x31, 0x01
    dc.b    0x11, 0x26, 0x11, 0x11, 0x12, 0x29, 0xf0, 0x00, 0x11, 0x12, 0x22, 0x69, 0x22, 0x22, 0x22, 0x9d
    dc.b    0x22, 0x22, 0x26, 0x98, 0x33, 0x32, 0x69, 0x88, 0x13, 0x36, 0x9d, 0x88, 0x41, 0x22, 0x3d, 0xbb
    dc.b    0x12, 0x23, 0x3d, 0xba, 0x22, 0x26, 0x1d, 0xcc, 0x60, 0xdb, 0xf0, 0x00, 0x50, 0x00, 0x00, 0xbb
    dc.b    0x55, 0xdd, 0x8b, 0xab, 0xdb, 0xa7, 0x7a, 0xbd, 0xba, 0x78, 0xdd, 0xd0, 0xaa, 0x77, 0x78, 0x00
    dc.b    0xba, 0xaa, 0xa7, 0x80, 0x88, 0xaa, 0xdb, 0xad, 0xaa, 0xa8, 0x30, 0x00, 0x8d, 0xad, 0xaa, 0xdb
    dc.b    0xda, 0xa0, 0x00, 0x00, 0x00, 0x00
spr_ken_201_animation0_frame1_tileset_data_size = .-spr_ken_201_animation0_frame1_tileset_data

    .align  2
spr_ken_201_animation0_frame2_tileset_data:
    dc.b    0x10, 0x01, 0x60, 0x00, 0xc9, 0x17, 0xc0, 0x01, 0x41, 0x22, 0x66, 0x00, 0x44, 0x41, 0x12, 0x26
    dc.b    0x44, 0x44, 0x44, 0x12, 0x14, 0x44, 0x22, 0x66, 0x24, 0x42, 0x26, 0x21, 0x21, 0x44, 0x44, 0x11
    dc.b    0xe1, 0x73, 0xf0, 0x00, 0x22, 0x22, 0x11, 0x22, 0x32, 0x22, 0x21, 0x12, 0x33, 0x22, 0x31, 0x11
    dc.b    0x23, 0x32, 0x92, 0x22, 0x12, 0x33, 0x89, 0x32, 0x22, 0x36, 0x88, 0x99, 0x32, 0x26, 0x03, 0x33
    dc.b    0x99, 0x33, 0x80, 0x01, 0x02, 0x26, 0x66, 0x99, 0x02, 0x22, 0x26, 0x66, 0x06, 0x22, 0x22, 0x26
    dc.b    0x00, 0x00, 0x63, 0x22, 0xc4, 0x5b, 0x00, 0x19, 0x00, 0x00, 0xf0, 0x00, 0x99, 0x00, 0x00, 0x00
    dc.b    0x33, 0x33, 0x69, 0x90, 0x14, 0x42, 0x36, 0x69, 0x12, 0x24, 0x41, 0x26, 0x22, 0x14, 0x12, 0x69
    dc.b    0x21, 0x41, 0x22, 0x96, 0x21, 0x41, 0x33, 0x31, 0x22, 0x41, 0x82, 0x01, 0x31, 0x14, 0x22, 0x44
    dc.b    0x14, 0x44, 0x22, 0x24, 0x41, 0x11, 0x22, 0x22, 0x22, 0x22, 0x62, 0x22, 0xc0, 0x01, 0x96, 0x22
    dc.b    0x22, 0x22, 0x99, 0x62, 0x22, 0x22, 0x66, 0x96, 0x22, 0x22, 0x22, 0x26, 0x69, 0x99, 0x62, 0x22
    dc.b    0x36, 0x66, 0x09, 0x96, 0x62, 0x26, 0xc9, 0x09, 0x1d, 0x37, 0x00, 0x09, 0xf0, 0x00, 0x00, 0x61
    dc.b    0x11, 0x11, 0x00, 0x91, 0x26, 0x63, 0x00, 0x99, 0x62, 0x14, 0x09, 0x32, 0x11, 0x44, 0x09, 0x61
    dc.b    0x12, 0x15, 0x09, 0x99, 0x92, 0x11, 0x09, 0x96, 0x21, 0x44, 0x92, 0x21, 0xa1, 0x00, 0x14, 0x44
    dc.b    0x99, 0x62, 0x14, 0x44, 0x32, 0x99, 0x64, 0x44, 0x11, 0x12, 0x32, 0x44, 0x44, 0x41, 0x12, 0x44
    dc.b    0x44, 0x44, 0xd0, 0x02, 0x44, 0x41, 0x22, 0x44, 0x44, 0x11, 0x22, 0x24, 0x44, 0x22, 0x22, 0x22
    dc.b    0x44, 0x23, 0x22, 0x22, 0x14, 0x23, 0x22, 0x22, 0x21, 0x33, 0x22, 0x22, 0x12, 0x33, 0xdf, 0xdd
    dc.b    0x01, 0x4f, 0x89, 0x3f, 0x62, 0x21, 0x22, 0x22, 0x96, 0x62, 0x11, 0x14, 0x00, 0x96, 0x22, 0x11
    dc.b    0x00, 0x00, 0x96, 0x66, 0xf0, 0x00, 0x22, 0x55, 0x55, 0x56, 0x14, 0x25, 0x55, 0x55, 0x44, 0x29
    dc.b    0x45, 0x55, 0x41, 0x29, 0x41, 0x15, 0x55, 0x55, 0x41, 0x11, 0x15, 0x55, 0x55, 0x21, 0x41, 0x55
    dc.b    0x55, 0x55, 0x44, 0x49, 0xf0, 0x00, 0x22, 0x35, 0x44, 0x41, 0x94, 0x46, 0x44, 0x41, 0x92, 0x42
    dc.b    0x44, 0x11, 0x29, 0x31, 0x44, 0x12, 0x26, 0x91, 0x11, 0x22, 0x26, 0x91, 0x12, 0x22, 0x26, 0x96
    dc.b    0x22, 0x22, 0x36, 0x99, 0xf0, 0x00, 0x22, 0x23, 0x39, 0x99, 0x22, 0x33, 0x99, 0x99, 0x23, 0x39
    dc.b    0x99, 0x99, 0x33, 0x99, 0x63, 0x36, 0x39, 0x96, 0x22, 0x22, 0x66, 0x22, 0x14, 0x12, 0x21, 0x22
    dc.b    0x44, 0x22, 0x21, 0x41, 0xf0, 0x01, 0x41, 0x28, 0x14, 0x44, 0x12, 0x8b, 0x44, 0x42, 0x28, 0xbb
    dc.b    0x11, 0x22, 0x8b, 0xaa, 0x66, 0x68, 0x8b, 0xbb, 0x00, 0x08, 0xd8, 0x8d, 0xba, 0xab, 0xdd, 0xdb
    dc.b    0x0d, 0xdd, 0xda, 0xab, 0xda, 0xfe, 0x04, 0x00, 0x61, 0x03, 0x11, 0x12, 0x12, 0x30, 0x44, 0x41
    dc.b    0x11, 0x12, 0x44, 0x42, 0x66, 0x69, 0x01, 0x72, 0x11, 0x01, 0x44, 0x11, 0xf0, 0x00, 0x11, 0x12
    dc.b    0x41, 0x12, 0x22, 0x99, 0x12, 0x22, 0x39, 0x98, 0x12, 0x23, 0x99, 0x8b, 0x36, 0x9d, 0xdd, 0xdd
    dc.b    0xdd, 0x8a, 0xa7, 0x77, 0x8b, 0xa7, 0xcc, 0xcc, 0xb7, 0x8a, 0xa7, 0x7c, 0xf0, 0x00, 0x8b, 0xba
    dc.b    0xaa, 0xaa, 0xbb, 0xaa, 0x88, 0xbb, 0xba, 0xaa, 0x8a, 0x88, 0xba, 0x77, 0xda, 0x7a, 0xaa, 0x7a
    dc.b    0xdb, 0xa7, 0xaa, 0xad, 0x3d, 0xba, 0xba, 0xd2, 0x22, 0xd8, 0xb8, 0x22, 0xe8, 0xcd, 0x44, 0x44
    dc.b    0x56, 0x66, 0x62, 0x24, 0x14, 0x46, 0x66, 0x33, 0x52, 0x14, 0x42, 0x66, 0xd9, 0x92, 0x24, 0x44
    dc.b    0xa3, 0x22, 0x23, 0x99, 0xa0, 0x96, 0x62, 0x22, 0x80, 0x00, 0x81, 0x41, 0x66, 0x00, 0x00, 0x00
    dc.b    0x99, 0x99, 0x90, 0x00, 0x22, 0x36, 0x66, 0x66, 0x11, 0x11, 0x11, 0x11, 0xf0, 0x00, 0x22, 0x22
    dc.b    0x22, 0x44, 0x99, 0x99, 0x99, 0x96, 0x8a, 0x77, 0xbb, 0xb8, 0xac, 0xcc, 0x77, 0x7b, 0xd8, 0x88
    dc.b    0x8b, 0xba, 0xab, 0xdd, 0xaa, 0xaa, 0x77, 0xab, 0x88, 0x88, 0xcc, 0xc7, 0xf0, 0x00, 0x7a, 0xa7
    dc.b    0xaa, 0xaa, 0xba, 0xa7, 0xbb, 0xbb, 0xaa, 0xa7, 0xbb, 0xaa, 0x7a, 0xaa, 0xa7, 0x77, 0x7a, 0xaa
    dc.b    0x77, 0x7a, 0xa8, 0x8b, 0x77, 0xa8, 0xdd, 0xb7, 0xbb, 0xdd, 0x6d, 0xba, 0xa1, 0xcf, 0x11, 0x12
    dc.b    0x26, 0xdd, 0x44, 0x41, 0x11, 0x36, 0x22, 0x44, 0x44, 0x44, 0x63, 0x33, 0x22, 0x11, 0x26, 0x66
    dc.b    0x63, 0x33, 0x41, 0x05, 0x26, 0x66, 0x99, 0x99, 0x32, 0x22, 0x22, 0x22, 0x09, 0xc9, 0x10, 0x01
    dc.b    0x60, 0x00, 0xce, 0x9a, 0xf0, 0x00, 0x11, 0x13, 0x60, 0x00, 0x44, 0x41, 0x13, 0x60, 0x24, 0x44
    dc.b    0x11, 0x26, 0x96, 0x24, 0x44, 0x12, 0xb8, 0x92, 0x24, 0x41, 0xab, 0x86, 0x62, 0x44, 0xaa, 0xb8
    dc.b    0x86, 0x22, 0x8a, 0xab, 0x61, 0x3c, 0xb8, 0x62, 0x7c, 0xcc, 0xcc, 0xca, 0xcc, 0x77, 0x77, 0xc7
    dc.b    0xc7, 0xaa, 0xf0, 0x00, 0xaa, 0xa7, 0xaa, 0xaa, 0xaa, 0xaa, 0xbb, 0xba, 0xaa, 0xbb, 0xcc, 0x7b
    dc.b    0xb8, 0x88, 0x77, 0xcc, 0x7a, 0x88, 0xba, 0xaa, 0xbb, 0xdd, 0xdd, 0x8d, 0xdd, 0x31, 0x44, 0x44
    dc.b    0x44, 0x41, 0xc0, 0x12, 0x11, 0x11, 0x13, 0x36, 0x33, 0x31, 0x14, 0x44, 0x9d, 0xdd, 0xdd, 0x88
    dc.b    0xda, 0x7c, 0xc7, 0x7a, 0xdb, 0xa7, 0x77, 0x7e, 0x9d, 0xda, 0x77, 0x7e, 0x7e, 0x75, 0x10, 0x01
    dc.b    0x30, 0x00, 0xc9, 0x03, 0x10, 0x01, 0x11, 0x13, 0xd4, 0x01, 0xf0, 0x00, 0x24, 0x41, 0x13, 0x00
    dc.b    0x82, 0x14, 0x41, 0x30, 0x8b, 0x24, 0x41, 0x30, 0xbd, 0x24, 0x41, 0x29, 0xbd, 0x24, 0x44, 0x29
    dc.b    0xbd, 0x24, 0x44, 0x36, 0x8d, 0x24, 0x41, 0x36, 0x83, 0x24, 0xf0, 0x00, 0x41, 0x66, 0xd2, 0x44
    dc.b    0x13, 0x99, 0x24, 0x44, 0x29, 0x19, 0x44, 0x16, 0x94, 0x10, 0x13, 0x63, 0x44, 0x3e, 0x33, 0x44
    dc.b    0x49, 0x3e, 0x44, 0x4e, 0xe8, 0x6e, 0x88, 0xef, 0xe8, 0xee, 0x64, 0x30, 0xeb, 0xef, 0xee, 0xef
    dc.b    0xeb, 0xec, 0xee, 0xef, 0xfe, 0xec, 0xee, 0xef, 0xf0, 0x00, 0x0a, 0xaa, 0x00, 0x07, 0x7c, 0xcc
    dc.b    0x00, 0x77, 0xcc, 0xcc, 0x0a, 0x7b, 0x7c, 0xc7, 0xa7, 0xa8, 0xa7, 0x7a, 0x88, 0x8a, 0xaa, 0xaa
    dc.b    0xaa, 0xb8, 0xaa, 0xaa, 0x08, 0x8a, 0xaa, 0xb8, 0x20, 0x19, 0x0a, 0xa8, 0x88, 0x00, 0x7e, 0x18
    dc.b    0x51, 0x00, 0x0a, 0xaa, 0x00, 0x0a, 0x77, 0x77, 0xaa, 0x77, 0xcc, 0xcc, 0xaa, 0x1b, 0xcc, 0x77
    dc.b    0x77, 0xcc, 0x7a, 0xaa, 0xaa, 0x77, 0xab, 0xbb, 0xaa, 0xaa, 0xaa, 0xab, 0x88, 0xba, 0xb8, 0x88
    dc.b    0x88, 0x88, 0x81, 0x43, 0x0b, 0xbb, 0x00, 0x0b, 0xba, 0xaa, 0x00, 0xaa, 0x77, 0x7a, 0x0a, 0xa8
    dc.b    0xd8, 0xaa, 0x0a, 0xad, 0x35, 0x12, 0x8a, 0xaa, 0x00, 0x88, 0xaa, 0xab, 0xf0, 0x00, 0xb0, 0x00
    dc.b    0x00, 0x00, 0xa8, 0x00, 0x00, 0x00, 0x7a, 0x80, 0x00, 0x00, 0xc7, 0xa8, 0x00, 0x00, 0xcc, 0x7a
    dc.b    0x33, 0x33, 0x7c, 0xc4, 0x44, 0x11, 0x77, 0x11, 0x14, 0x44, 0xaa, 0x22, 0x61, 0x01, 0x11, 0x44
    dc.b    0x88, 0x22, 0x22, 0x11, 0x00, 0x12, 0x22, 0x22, 0x00, 0x11, 0xf0, 0x00, 0x11, 0x11, 0x00, 0x21
    dc.b    0x11, 0x11, 0x00, 0x22, 0x21, 0x11, 0xbb, 0x92, 0x22, 0x21, 0xab, 0x89, 0x93, 0x22, 0xab, 0xb8
    dc.b    0x89, 0x93, 0xaa, 0xab, 0x88, 0x89, 0xaa, 0xaa, 0xbb, 0x88, 0x45, 0x2f, 0xaa, 0xbb, 0xbb, 0xbb
    dc.b    0xb8, 0x88, 0x80, 0x00, 0xf0, 0x00, 0x44, 0x44, 0x42, 0x33, 0x21, 0x23, 0x36, 0x21, 0x56, 0x21
    dc.b    0x26, 0x21, 0x55, 0x61, 0x26, 0x22, 0x55, 0x51, 0x26, 0x22, 0x15, 0x56, 0x29, 0x22, 0x11, 0x55
    dc.b    0x69, 0x22, 0x21, 0x25, 0xf0, 0x00, 0x59, 0x22, 0x55, 0x15, 0x55, 0x22, 0x35, 0x52, 0x55, 0x59
    dc.b    0x46, 0x55, 0x25, 0x55, 0x42, 0x65, 0x59, 0x55, 0x31, 0x35, 0x55, 0x59, 0x91, 0x26, 0x55, 0x53
    dc.b    0x91, 0x13, 0x69, 0x36, 0xf0, 0x00, 0x96, 0x13, 0x69, 0x35, 0x99, 0x13, 0x6d, 0x95, 0x99, 0x62
    dc.b    0x9d, 0xd5, 0x99, 0x91, 0x9d, 0xd5, 0x99, 0x92, 0xdd, 0xd5, 0x36, 0x96, 0xdd, 0x55, 0x22, 0x69
    dc.b    0x55, 0x55, 0x12, 0x6d, 0xf0, 0x00, 0xd5, 0x88, 0x22, 0xd5, 0x50, 0x8a, 0x28, 0x88, 0x50, 0x8a
    dc.b    0x8b, 0xb8, 0xd0, 0x08, 0xbb, 0x7a, 0x80, 0x00, 0xaa, 0x8a, 0xa8, 0x00, 0xbb, 0xbb, 0xaa, 0x80
    dc.b    0x8d, 0x8d, 0xda, 0x80, 0x83, 0x01, 0xdb, 0xb0, 0x00, 0x00, 0xab, 0xd0, 0x00, 0x00, 0x32, 0x59
    dc.b    0x91, 0x44, 0x16, 0x55, 0x61, 0x44, 0x21, 0x01, 0x29, 0x55, 0x31, 0x11, 0xf0, 0x00, 0x35, 0x59
    dc.b    0x32, 0x22, 0x65, 0x56, 0x22, 0x69, 0x95, 0x56, 0xdd, 0xdd, 0x55, 0xda, 0x7c, 0xc7, 0x56, 0xd7
    dc.b    0xcc, 0xc7, 0x6d, 0xac, 0xcc, 0x77, 0x3d, 0xac, 0xcc, 0x7a, 0x6d, 0xac, 0xf0, 0x00, 0xc7, 0xab
    dc.b    0x5d, 0xa7, 0xca, 0xbb, 0xd5, 0xa7, 0x7b, 0xbb, 0xd8, 0x5b, 0xbb, 0xba, 0x5d, 0x85, 0x88, 0xbb
    dc.b    0xd5, 0xdd, 0xd5, 0x55, 0x58, 0x55, 0xdd, 0xd5, 0x85, 0x8d, 0x55, 0x5d, 0xb1, 0xa2, 0xd8, 0x55
    dc.b    0x55, 0xaa, 0x55, 0x58, 0xa7, 0x8a, 0xaa, 0x7c, 0x78, 0xdb, 0xaa, 0xa7, 0xad, 0x0d, 0x8a, 0xaa
    dc.b    0x8d, 0x00, 0x00, 0x87, 0x08, 0x00, 0xf0, 0x00, 0x11, 0x11, 0x11, 0x33, 0x33, 0x33, 0x11, 0x44
    dc.b    0x99, 0xdd, 0xdd, 0xd8, 0x9d, 0xa7, 0xcc, 0x77, 0x2d, 0xba, 0x77, 0x77, 0x99, 0xdd, 0xa7, 0x77
    dc.b    0x00, 0xbb, 0xa7, 0x7a, 0x08, 0xaa, 0xa2, 0x00, 0xaa, 0xaa, 0x00, 0x8a, 0x55, 0xca, 0x00, 0x08
    dc.b    0x55, 0x55, 0x0e, 0x00, 0xee, 0x8e, 0x0e, 0xe0, 0xee, 0xbe, 0xee, 0xee, 0x10, 0x01, 0x0e, 0xee
    dc.b    0xe5, 0xf7, 0xf0, 0x00, 0x63, 0x34, 0x44, 0x93, 0x44, 0x44, 0xee, 0x86, 0x88, 0x8e, 0xfe, 0x8e
    dc.b    0xae, 0xbe, 0xfe, 0xee, 0xee, 0xbe, 0xce, 0xee, 0xef, 0xee, 0xce, 0xee, 0xee, 0xfe, 0xfe, 0xee
    dc.b    0xae, 0xee, 0xb3, 0x21, 0xee, 0xef, 0xbe, 0xff, 0xff, 0xef, 0xef, 0xfc, 0xee, 0xef, 0xfc, 0xcf
    dc.b    0xee, 0xef, 0xff, 0xfe, 0xee, 0xff, 0xfe, 0xee, 0xef, 0xff, 0x20, 0x02, 0xe0, 0x00, 0x00, 0x00
    dc.b    0xdc, 0x69, 0x10, 0x01, 0xee, 0xe0, 0xdc, 0x6b, 0x34, 0x01, 0xf7, 0xe0, 0x00, 0x00, 0xfc, 0xf0
    dc.b    0x32, 0x01, 0xcc, 0xf0, 0x00, 0x00, 0xcf, 0xe0, 0x12, 0x13, 0xfe, 0xe0, 0x01, 0x17, 0x01, 0x1b
    dc.b    0x02, 0x5f, 0xf3, 0x73, 0x13, 0x00, 0x99, 0x24, 0x44, 0x13, 0x44, 0x41, 0x22, 0x62, 0x44, 0x44
    dc.b    0x44, 0x19, 0x41, 0x11, 0x11, 0x26, 0x12, 0x29, 0x96, 0x14, 0x12, 0x94, 0x44, 0x44, 0x55, 0x56
    dc.b    0x21, 0x23, 0xc3, 0x0f, 0x24, 0x16, 0x00, 0x00, 0x92, 0x41, 0x60, 0x00, 0x69, 0x24, 0x46, 0x03
    dc.b    0x44, 0x44, 0x43, 0x53, 0x42, 0x33, 0x32, 0x59, 0x36, 0x21, 0x16, 0x55, 0xf0, 0x00, 0x06, 0x11
    dc.b    0x11, 0x12, 0x61, 0x14, 0x44, 0x41, 0x31, 0x44, 0x44, 0x42, 0x91, 0x44, 0x44, 0x41, 0x91, 0x44
    dc.b    0x44, 0x44, 0x61, 0x44, 0x44, 0x11, 0x00, 0x00, 0x00, 0x03, 0x00, 0x00, 0xd0, 0x00, 0x00, 0x99
    dc.b    0x00, 0x06, 0x21, 0x14, 0x00, 0x62, 0x11, 0x44, 0x06, 0x21, 0x44, 0x44, 0x02, 0x11, 0x44, 0x44
    dc.b    0x31, 0x14, 0x44, 0x41, 0x31, 0x14, 0x44, 0x15, 0x00, 0x00, 0x00, 0x00
spr_ken_201_animation0_frame2_tileset_data_size = .-spr_ken_201_animation0_frame2_tileset_data

    .align  2
spr_ken_201_animation0_frame3_tileset_data:
    dc.b    0x1b, 0x00, 0x00, 0x00, 0x12, 0x01, 0x00, 0xb7, 0x39, 0x10, 0x00, 0x8a, 0x00, 0x00, 0x00, 0x08
    dc.b    0xf0, 0x01, 0xa7, 0x00, 0x00, 0x00, 0xba, 0x70, 0x00, 0x00, 0xdb, 0x7a, 0x00, 0x00, 0xd8, 0xaa
    dc.b    0x04, 0x44, 0x8a, 0xaa, 0x44, 0x44, 0xba, 0xa4, 0x44, 0x44, 0xaa, 0x14, 0x44, 0x11, 0xa1, 0x44
    dc.b    0xf2, 0x2d, 0x00, 0x01, 0xcb, 0xe2, 0x01, 0x01, 0x10, 0x01, 0x44, 0x42, 0xf7, 0xe0, 0x01, 0x01
    dc.b    0x5b, 0x3e, 0x44, 0x42, 0x14, 0x42, 0x14, 0x42, 0x14, 0x43, 0x31, 0x16, 0xf0, 0x00, 0x87, 0x78
    dc.b    0x77, 0x80, 0x78, 0x7a, 0x87, 0x78, 0x77, 0x7c, 0xcc, 0x78, 0xaa, 0x7c, 0xcc, 0xca, 0x8a, 0x77
    dc.b    0x7c, 0xc7, 0x8a, 0xa7, 0x7c, 0xcc, 0x08, 0xaa, 0x77, 0xcc, 0x08, 0xba, 0x70, 0x01, 0x77, 0x7c
    dc.b    0x08, 0xbb, 0xa7, 0x7c, 0x08, 0x8b, 0xa7, 0x7c, 0x00, 0x8b, 0xb7, 0x7c, 0xc3, 0x42, 0x61, 0x01
    dc.b    0x88, 0xa7, 0x42, 0x88, 0x88, 0x88, 0x44, 0x48, 0x88, 0x88, 0x11, 0x44, 0xf0, 0x00, 0x18, 0x8d
    dc.b    0x21, 0x44, 0x41, 0xd0, 0x21, 0x44, 0x41, 0x10, 0x21, 0x44, 0x11, 0x12, 0x31, 0x41, 0x11, 0x39
    dc.b    0x31, 0x41, 0x13, 0x90, 0x61, 0x41, 0x39, 0x00, 0x61, 0x13, 0x60, 0x00, 0x4c, 0x7f, 0x61, 0x16
    dc.b    0x90, 0x00, 0x62, 0x69, 0x63, 0x14, 0x02, 0x00, 0x30, 0x01, 0x80, 0x00, 0x00, 0x00, 0x88, 0x00
    dc.b    0xfe, 0x72, 0x01, 0x01, 0x10, 0x01, 0x78, 0x00, 0xfe, 0x70, 0x10, 0x01, 0x77, 0x80, 0xfe, 0x6f
    dc.b    0xbf, 0x2a, 0xcc, 0xa8, 0x00, 0x00, 0xcc, 0xcb, 0x80, 0x00, 0x7c, 0xcb, 0x80, 0x00, 0xab, 0xb8
    dc.b    0x80, 0x00, 0xbb, 0x8d, 0x00, 0x00, 0xdd, 0x00, 0x60, 0x39, 0x00, 0x00, 0x63, 0x24, 0x44, 0x44
    dc.b    0x42, 0x44, 0x44, 0x44, 0x00, 0x00, 0x00, 0x00, 0x40, 0x0f, 0x44, 0x41, 0x23, 0x00, 0x44, 0x44
    dc.b    0x44, 0x23, 0x7f, 0xec, 0x01, 0xfd, 0x90, 0x01, 0x0d, 0xdd, 0x00, 0x00, 0xba, 0xba, 0x00, 0x00
    dc.b    0xaa, 0xdd, 0x00, 0x0d, 0xaa, 0xd8, 0x00, 0x00, 0xdb, 0x8b, 0xd0, 0x77, 0x50, 0x01, 0x0d, 0xab
    dc.b    0x00, 0x00, 0x08, 0xa8, 0x00, 0x00, 0x0b, 0x8d, 0xde, 0x9e, 0x30, 0x19, 0xba, 0xb8, 0x00, 0x00
    dc.b    0x88, 0x80, 0x7f, 0xb8, 0x70, 0x01, 0x00, 0x09, 0x00, 0x00, 0x00, 0x92, 0x00, 0x00, 0x09, 0x32
    dc.b    0x00, 0x00, 0x93, 0x33, 0xce, 0x37, 0xa2, 0x01, 0x34, 0x44, 0xaa, 0x93, 0x44, 0x44, 0xdd, 0x31
    dc.b    0x44, 0x44, 0x89, 0x24, 0x41, 0x11, 0xd9, 0x24, 0x11, 0x11, 0x89, 0x24, 0xf0, 0x00, 0x89, 0x21
    dc.b    0x11, 0x11, 0x89, 0x31, 0x11, 0x11, 0x88, 0x92, 0x11, 0x11, 0xdd, 0x59, 0x22, 0x11, 0xb8, 0x5d
    dc.b    0x59, 0x32, 0xdd, 0x5d, 0xd5, 0x55, 0x00, 0x00, 0xd5, 0x58, 0x00, 0x00, 0x30, 0x01, 0x05, 0xba
    dc.b    0x00, 0x00, 0x08, 0xdd, 0xd3, 0x74, 0x50, 0x01, 0xdd, 0xdd, 0x00, 0x00, 0x00, 0xdd, 0x00, 0x00
    dc.b    0x00, 0x8b, 0xf1, 0x07, 0x06, 0x00, 0x30, 0x01, 0x09, 0x14, 0x44, 0x44, 0x91, 0x44, 0xc4, 0x6a
    dc.b    0xf0, 0x00, 0x21, 0x44, 0x44, 0x44, 0x21, 0x14, 0x44, 0x44, 0x22, 0x14, 0x44, 0x44, 0x12, 0x11
    dc.b    0x44, 0x21, 0x41, 0x11, 0x44, 0x33, 0x44, 0x14, 0x44, 0x26, 0x44, 0x44, 0x44, 0x12, 0x44, 0x43
    dc.b    0xc1, 0x00, 0x39, 0x99, 0x14, 0x41, 0x21, 0x14, 0x14, 0x44, 0x22, 0x22, 0x11, 0x44, 0x12, 0x22
    dc.b    0x11, 0x14, 0x41, 0x11, 0x11, 0x11, 0x14, 0x41, 0x11, 0x11, 0xf0, 0x00, 0x11, 0x12, 0x22, 0x22
    dc.b    0x22, 0x22, 0xa7, 0x76, 0x99, 0x96, 0xdd, 0x7c, 0x75, 0x55, 0x7c, 0xcc, 0x58, 0x8d, 0xd8, 0xc5
    dc.b    0xd8, 0x85, 0xcc, 0xc5, 0xdd, 0x5d, 0x8a, 0x75, 0xdd, 0x5d, 0xf0, 0x00, 0xd8, 0xaa, 0x55, 0x5d
    dc.b    0xaa, 0xab, 0xdd, 0xd5, 0x8d, 0xdd, 0xd8, 0x88, 0x00, 0x08, 0xbb, 0x82, 0x00, 0x0b, 0xa8, 0x42
    dc.b    0x00, 0xba, 0x84, 0x64, 0x00, 0xab, 0x46, 0x44, 0x41, 0x22, 0xf0, 0x00, 0x14, 0x44, 0x41, 0x22
    dc.b    0x14, 0x41, 0x44, 0x23, 0x14, 0x11, 0x44, 0x13, 0x14, 0x11, 0x44, 0x16, 0x14, 0x13, 0x44, 0x26
    dc.b    0x11, 0x36, 0x44, 0x26, 0x11, 0x69, 0x11, 0x66, 0x26, 0x96, 0x50, 0x01, 0x63, 0x69, 0x69, 0x92
    dc.b    0x69, 0x99, 0x92, 0x21, 0x66, 0x11, 0xf6, 0xda, 0x21, 0x35, 0x22, 0x22, 0x21, 0x11, 0x01, 0x00
    dc.b    0x02, 0x3d, 0x01, 0x04, 0xf0, 0x00, 0x22, 0x26, 0x33, 0x33, 0x33, 0x35, 0x66, 0x66, 0x66, 0x65
    dc.b    0x56, 0x66, 0x66, 0x95, 0x55, 0x55, 0x99, 0x25, 0xd8, 0x55, 0x55, 0x55, 0x8d, 0x58, 0xdd, 0x55
    dc.b    0xd5, 0x88, 0xb5, 0x7c, 0xe0, 0x26, 0x5d, 0xd8, 0x57, 0x77, 0x5d, 0xd5, 0x87, 0xbb, 0x55, 0x55
    dc.b    0x7c, 0xc7, 0x25, 0x58, 0x7c, 0xcc, 0x43, 0x58, 0xb7, 0xcc, 0x41, 0x3d, 0x8a, 0x77, 0x46, 0x39
    dc.b    0xd8, 0xaa, 0x7e, 0xd5, 0x91, 0x01, 0x00, 0x0e, 0xee, 0x00, 0x00, 0xee, 0xfb, 0xbe, 0x00, 0xef
    dc.b    0xfb, 0xef, 0x00, 0xef, 0xfe, 0xfc, 0x00, 0xee, 0x52, 0x01, 0xfe, 0xef, 0x00, 0x0e, 0xee, 0xef
    dc.b    0x00, 0x00, 0x0e, 0xee, 0x13, 0x17, 0x00, 0xee, 0xf0, 0x00, 0x00, 0x0b, 0xa4, 0x21, 0x00, 0x0a
    dc.b    0x14, 0x81, 0x00, 0x0b, 0x42, 0x84, 0x00, 0x01, 0x48, 0x24, 0x00, 0x04, 0x28, 0x14, 0x00, 0x14
    dc.b    0x88, 0x44, 0x00, 0x42, 0x8a, 0x44, 0x01, 0x48, 0xf0, 0x00, 0xb7, 0x44, 0x01, 0x4d, 0x77, 0x44
    dc.b    0x01, 0x4d, 0x77, 0x14, 0x02, 0x2d, 0x77, 0xb4, 0x06, 0x2d, 0xb7, 0xb4, 0x00, 0x36, 0xdb, 0x7b
    dc.b    0x00, 0x03, 0x6d, 0xdb, 0x00, 0x00, 0x66, 0x6d, 0xf0, 0x00, 0x00, 0x00, 0x06, 0xc7, 0x00, 0x00
    dc.b    0xdb, 0xac, 0x00, 0x7b, 0xbd, 0xb7, 0x00, 0x7a, 0xaa, 0x7c, 0x00, 0x7b, 0xb7, 0x7c, 0x08, 0x55
    dc.b    0x5a, 0x7c, 0xfe, 0x55, 0xc8, 0xbb, 0xee, 0x85, 0xf0, 0x00, 0x88, 0x8e, 0xeb, 0xed, 0xef, 0xcc
    dc.b    0xee, 0xee, 0xff, 0xcf, 0xfc, 0xff, 0xcc, 0xfe, 0xff, 0xcc, 0xff, 0xfe, 0xff, 0xff, 0xff, 0xff
    dc.b    0xef, 0xfe, 0xee, 0xee, 0xee, 0xef, 0xff, 0xfe, 0xf0, 0x00, 0xee, 0xee, 0xee, 0xee, 0x00, 0x0e
    dc.b    0xee, 0xe0, 0x44, 0x63, 0x12, 0x9d, 0x44, 0x34, 0x42, 0x9d, 0x43, 0x24, 0x42, 0xda, 0x43, 0x44
    dc.b    0x42, 0xba, 0x33, 0x44, 0x43, 0xba, 0x34, 0x44, 0x91, 0x0f, 0x43, 0xda, 0x34, 0x44, 0x43, 0x6d
    dc.b    0x34, 0x44, 0x42, 0x3d, 0x32, 0x44, 0x42, 0xdd, 0x43, 0x44, 0x42, 0xd8, 0xf0, 0x00, 0x42, 0x32
    dc.b    0x42, 0x8b, 0x44, 0x32, 0x44, 0x8b, 0x44, 0x43, 0x24, 0x38, 0xd4, 0x42, 0x34, 0x23, 0xa1, 0x44
    dc.b    0x34, 0x44, 0xca, 0x14, 0x43, 0x44, 0xcc, 0x81, 0x44, 0x34, 0xc7, 0x8d, 0xf0, 0x00, 0x14, 0x43
    dc.b    0xca, 0xbd, 0xb1, 0x44, 0xa8, 0x8d, 0xba, 0x14, 0x8e, 0xee, 0xee, 0xe1, 0xfc, 0xcf, 0xfe, 0xe2
    dc.b    0xcf, 0xfe, 0xeb, 0x8e, 0xfe, 0xee, 0xbe, 0xee, 0xee, 0xee, 0xef, 0xee, 0x20, 0x01, 0xee, 0xff
    dc.b    0xfe, 0xee, 0xf0, 0x26, 0x20, 0x01, 0xee, 0x00, 0xee, 0xee, 0xda, 0x3f, 0x01, 0x00, 0xf0, 0x00
    dc.b    0xdd, 0x8a, 0x7c, 0x7b, 0xb8, 0xaa, 0xcc, 0x7b, 0xb8, 0xac, 0xcc, 0x7a, 0xba, 0x7c, 0xcc, 0x7a
    dc.b    0xa7, 0x77, 0xcc, 0xca, 0xa7, 0x77, 0x77, 0xca, 0xba, 0x77, 0x77, 0xca, 0x8b, 0xa7, 0xf0, 0x00
    dc.b    0x77, 0x7b, 0x88, 0xba, 0x77, 0x77, 0xab, 0x8a, 0x7c, 0xcc, 0xab, 0x87, 0xcc, 0xcc, 0xa8, 0xac
    dc.b    0xcc, 0xcc, 0xaa, 0xac, 0xcc, 0xcc, 0xb7, 0x77, 0x77, 0x77, 0x8b, 0x77, 0x77, 0x77, 0xf0, 0x00
    dc.b    0x38, 0xba, 0xaa, 0xaa, 0x43, 0x88, 0x88, 0x88, 0x44, 0x43, 0x33, 0x99, 0x24, 0x44, 0x44, 0x44
    dc.b    0x33, 0x21, 0x11, 0x11, 0x44, 0x32, 0x22, 0x22, 0x44, 0x43, 0x22, 0x99, 0x41, 0xb2, 0x6c, 0xd7
    dc.b    0x66, 0x00, 0x18, 0xb2, 0x90, 0x00, 0xe9, 0x66, 0x00, 0x00, 0xe0, 0x00, 0xf0, 0x00, 0x14, 0x42
    dc.b    0x14, 0x44, 0x11, 0x22, 0x44, 0x44, 0x12, 0x22, 0x44, 0x41, 0x12, 0x25, 0x44, 0x11, 0x22, 0x55
    dc.b    0x41, 0x22, 0x25, 0x55, 0x12, 0x22, 0x25, 0x55, 0x22, 0x22, 0x55, 0x55, 0xf0, 0x00, 0x22, 0x69
    dc.b    0x55, 0x55, 0x69, 0x95, 0x55, 0x59, 0x91, 0x65, 0x55, 0x51, 0x11, 0x55, 0x55, 0x61, 0x16, 0x55
    dc.b    0x55, 0x33, 0x35, 0x55, 0x55, 0x33, 0x55, 0x52, 0x55, 0x55, 0x59, 0x62, 0xf0, 0x00, 0x8d, 0x55
    dc.b    0x55, 0x55, 0xc7, 0xa8, 0xdd, 0x55, 0xcc, 0xc7, 0xa8, 0xd2, 0x7c, 0xcc, 0xca, 0x8d, 0xbb, 0x7c
    dc.b    0xcc, 0x7d, 0x7b, 0xba, 0xcc, 0x78, 0xc7, 0xbb, 0xa7, 0xc7, 0x77, 0xbb, 0x40, 0x01, 0xba, 0xad
    dc.b    0xaa, 0xbb, 0xbb, 0x8b, 0x44, 0x11, 0xdb, 0x9a, 0xf0, 0x00, 0x11, 0x11, 0x11, 0x14, 0x22, 0x52
    dc.b    0x11, 0x14, 0x25, 0x52, 0x21, 0x11, 0x25, 0x55, 0x22, 0x11, 0x55, 0x55, 0x92, 0x21, 0x55, 0x56
    dc.b    0x49, 0x21, 0x55, 0x54, 0x44, 0x92, 0x55, 0x64, 0x50, 0x01, 0x44, 0x49, 0x55, 0x21, 0x44, 0x44
    dc.b    0x52, 0x11, 0x44, 0x44, 0x7e, 0x94, 0x31, 0x00, 0x69, 0x55, 0x23, 0x95, 0x55, 0x55, 0xf0, 0x00
    dc.b    0x55, 0x59, 0x66, 0x22, 0x22, 0x22, 0x21, 0x14, 0x44, 0x44, 0x44, 0x11, 0x62, 0x22, 0x44, 0x41
    dc.b    0xd2, 0x22, 0x24, 0x41, 0xd3, 0x22, 0x24, 0x44, 0xd9, 0x22, 0x24, 0x44, 0xbd, 0x32, 0xf0, 0x00
    dc.b    0x24, 0x44, 0x44, 0x13, 0x00, 0x00, 0x44, 0x12, 0x69, 0x00, 0x44, 0x13, 0x94, 0x90, 0x44, 0x13
    dc.b    0x94, 0x29, 0x44, 0x39, 0x24, 0x69, 0x41, 0x39, 0x44, 0x60, 0x42, 0x92, 0x42, 0x60, 0xd2, 0x01
    dc.b    0x22, 0x92, 0x46, 0x00, 0x29, 0x94, 0x26, 0x00, 0x99, 0x94, 0x26, 0x00, 0x44, 0x42, 0x60, 0x00
    dc.b    0x44, 0x26, 0x60, 0x00, 0x22, 0x26, 0x00, 0x00, 0x55, 0x50, 0x72, 0x01, 0x59, 0x62, 0x20, 0x00
    dc.b    0x22, 0x24, 0x42, 0x00, 0x44, 0x44, 0x42, 0x00, 0x11, 0x44, 0x11, 0x01, 0x23, 0x24, 0x31, 0x03
    dc.b    0x12, 0x00, 0x26, 0x24, 0x12, 0x00, 0xe1, 0x01, 0xaa, 0xad, 0x96, 0x21, 0xac, 0x78, 0xd9, 0x62
    dc.b    0xac, 0xc8, 0xb8, 0xd6, 0xa7, 0xc8, 0xbb, 0xd9, 0xaa, 0xc8, 0xbb, 0xd9, 0xba, 0xa8, 0xbb, 0xd9
    dc.b    0xbb, 0xab, 0x8b, 0xd9, 0xf0, 0x00, 0x77, 0xab, 0xa8, 0xd9, 0xcc, 0x77, 0xa8, 0xd9, 0xcc, 0xc7
    dc.b    0xad, 0x93, 0xcc, 0xc7, 0xbd, 0x94, 0xcc, 0x7a, 0x8d, 0x24, 0x77, 0xa8, 0xd9, 0x44, 0x7a, 0x8d
    dc.b    0x94, 0x41, 0xb8, 0xd9, 0xc4, 0xbf, 0x44, 0x12, 0xdd, 0x94, 0x41, 0x12, 0x94, 0x44, 0x11, 0x22
    dc.b    0x44, 0x41, 0x12, 0x66, 0x11, 0x16, 0x69, 0x00, 0x29, 0x99, 0x00, 0x00, 0x90, 0x00, 0xa1, 0x01
    dc.b    0x44, 0x23, 0x61, 0x13, 0x44, 0x42, 0x62, 0x13, 0x24, 0x41, 0x36, 0x20, 0x64, 0x44, 0x39, 0x30
    dc.b    0x96, 0x44, 0x19, 0x00, 0xf0, 0x01, 0x92, 0x44, 0x19, 0x00, 0x94, 0x44, 0x19, 0x00, 0x24, 0x41
    dc.b    0x10, 0x00, 0x44, 0x41, 0x30, 0x00, 0x44, 0x11, 0x30, 0x00, 0x44, 0x12, 0x60, 0x00, 0x11, 0x23
    dc.b    0x00, 0x00, 0x12, 0x26, 0xd7, 0xb4, 0x01, 0x01, 0x3c, 0xef, 0x26, 0x00, 0x00, 0x00, 0x60, 0x00
    dc.b    0x00, 0x00, 0x00, 0x00
spr_ken_201_animation0_frame3_tileset_data_size = .-spr_ken_201_animation0_frame3_tileset_data

    .align  2
spr_ken_201_animation0_frame4_tileset_data:
    dc.b    0x00, 0x01, 0xeb, 0xe0, 0xf0, 0x00, 0x00, 0x0b, 0x00, 0x00, 0x00, 0xd8, 0x00, 0x00, 0x00, 0x8d
    dc.b    0xa7, 0xb8, 0x0d, 0xbb, 0x0b, 0x77, 0xdd, 0xaa, 0x00, 0x77, 0x8d, 0x8a, 0x00, 0xbc, 0xcb, 0xbb
    dc.b    0x00, 0x0b, 0x77, 0xcc, 0xf0, 0x00, 0x00, 0x00, 0xa7, 0x77, 0x00, 0x00, 0x58, 0xaa, 0x00, 0x00
    dc.b    0x55, 0xb7, 0x00, 0x05, 0xdd, 0x55, 0x00, 0x55, 0xdd, 0x88, 0x00, 0x55, 0x55, 0x55, 0x63, 0x22
    dc.b    0x21, 0x13, 0x21, 0x11, 0xf0, 0x00, 0x11, 0x11, 0x59, 0x99, 0x63, 0x11, 0xbd, 0x22, 0x99, 0x61
    dc.b    0xc7, 0xad, 0x21, 0x19, 0xcc, 0x7b, 0x83, 0x11, 0xcc, 0xc7, 0xb8, 0x32, 0x7c, 0xc7, 0xa8, 0x83
    dc.b    0x7c, 0xcc, 0x7a, 0x88, 0xf0, 0x00, 0x7a, 0xa7, 0x78, 0x88, 0x7a, 0xb7, 0xcd, 0x8d, 0x7a, 0xbc
    dc.b    0xcc, 0xdd, 0xaa, 0x77, 0xcc, 0x8d, 0xa7, 0x7a, 0x88, 0xd2, 0x7c, 0xc8, 0x8d, 0xd1, 0xcc, 0x87
    dc.b    0xbd, 0x21, 0xc8, 0x77, 0x11, 0x3e, 0x8d, 0x21, 0xf0, 0x00, 0xa7, 0xd0, 0x00, 0x00, 0x87, 0x7d
    dc.b    0x7d, 0x00, 0xd7, 0x7d, 0x7d, 0x00, 0xda, 0x88, 0x7d, 0x7d, 0xdd, 0xdd, 0xdd, 0x77, 0xab, 0xbb
    dc.b    0xdd, 0xad, 0x88, 0xbb, 0xb8, 0xd0, 0xab, 0x88, 0xf0, 0x00, 0x8d, 0x00, 0xab, 0x8a, 0xad, 0x00
    dc.b    0xbb, 0x8d, 0xd0, 0x00, 0x77, 0x85, 0x00, 0x00, 0x55, 0x55, 0x00, 0x55, 0xbb, 0x85, 0x05, 0x55
    dc.b    0xdd, 0xd5, 0x55, 0x99, 0x5d, 0x55, 0x59, 0x29, 0xf0, 0x00, 0x35, 0x55, 0x59, 0x55, 0x26, 0x56
    dc.b    0x55, 0x55, 0x29, 0x52, 0x26, 0x62, 0x65, 0x51, 0x43, 0x11, 0x95, 0x51, 0x42, 0x11, 0x25, 0x52
    dc.b    0x42, 0x21, 0x25, 0x59, 0x24, 0x22, 0x29, 0x55, 0xf0, 0x00, 0x24, 0x42, 0x22, 0x55, 0x92, 0x42
    dc.b    0x42, 0x55, 0x56, 0x14, 0x44, 0x25, 0x55, 0x24, 0x44, 0x26, 0x55, 0x52, 0x44, 0x12, 0x93, 0x55
    dc.b    0x44, 0x12, 0x32, 0x26, 0x44, 0x23, 0x24, 0x12, 0x22, 0x7f, 0x11, 0x24, 0x44, 0x12, 0x06, 0x00
    dc.b    0x13, 0x04, 0xd0, 0x00, 0x32, 0x3a, 0x00, 0x06, 0x00, 0x00, 0x00, 0x55, 0x92, 0x00, 0x55, 0x64
    dc.b    0x55, 0x55, 0x34, 0x44, 0x55, 0x51, 0x44, 0x12, 0x52, 0x11, 0x29, 0x55, 0x22, 0x25, 0x55, 0x55
    dc.b    0xf0, 0x00, 0x96, 0x21, 0x55, 0x92, 0x22, 0x44, 0x99, 0x62, 0x44, 0x44, 0x44, 0x92, 0x24, 0x44
    dc.b    0x44, 0x46, 0x22, 0x14, 0x14, 0x49, 0x96, 0x22, 0x11, 0x44, 0x29, 0x96, 0x21, 0x14, 0x44, 0x49
    dc.b    0xf0, 0x00, 0x22, 0x14, 0x44, 0x44, 0x12, 0x24, 0x44, 0x42, 0x44, 0x44, 0x42, 0x66, 0x44, 0x42
    dc.b    0x66, 0x22, 0x52, 0x22, 0x29, 0x99, 0x55, 0x62, 0x44, 0x44, 0x65, 0x52, 0x22, 0x22, 0x26, 0x55
    dc.b    0x30, 0x01, 0x66, 0x66, 0x00, 0x00, 0x00, 0x62, 0xf4, 0xd4, 0xd1, 0x32, 0x61, 0x44, 0x00, 0x03
    dc.b    0x14, 0x44, 0x00, 0x31, 0x44, 0x44, 0x03, 0x11, 0x44, 0x44, 0x61, 0x14, 0x44, 0x14, 0x11, 0x44
    dc.b    0x44, 0x14, 0x55, 0x55, 0x59, 0x34, 0x53, 0x3b, 0x44, 0x44, 0x41, 0x14, 0x11, 0x11, 0x11, 0x14
    dc.b    0x22, 0x55, 0x60, 0x01, 0x55, 0x55, 0x96, 0x22, 0x44, 0x41, 0x14, 0x44, 0x41, 0x11, 0x44, 0x44
    dc.b    0xe0, 0xcf, 0x01, 0x03, 0x00, 0x01, 0xf9, 0x35, 0xf0, 0x00, 0x41, 0x11, 0x22, 0x11, 0x11, 0x11
    dc.b    0x96, 0x21, 0x11, 0x11, 0x29, 0x93, 0x22, 0x22, 0x62, 0x29, 0x93, 0x66, 0x22, 0x29, 0x63, 0x66
    dc.b    0x29, 0x93, 0x26, 0x99, 0x99, 0x99, 0x44, 0x22, 0x80, 0x01, 0x44, 0x42, 0x22, 0x99, 0x22, 0x29
    dc.b    0x99, 0x00, 0x99, 0x90, 0x00, 0x00, 0x11, 0x11, 0x12, 0x26, 0xc8, 0x17, 0x01, 0x00, 0x51, 0x01
    dc.b    0x44, 0x41, 0x44, 0x11, 0x44, 0x41, 0x42, 0x21, 0x11, 0x11, 0x21, 0x01, 0x42, 0x14, 0x22, 0x21
    dc.b    0xf0, 0x00, 0x41, 0x14, 0x49, 0x21, 0x41, 0x14, 0x42, 0x92, 0x41, 0x14, 0x42, 0x69, 0x51, 0x11
    dc.b    0x44, 0x26, 0x55, 0x11, 0x14, 0x23, 0x55, 0x52, 0x21, 0x23, 0x14, 0x42, 0x26, 0x39, 0x11, 0x44
    dc.b    0xe2, 0xa2, 0x22, 0x96, 0x22, 0x14, 0x22, 0x93, 0x33, 0x11, 0x23, 0x96, 0x36, 0x31, 0x26, 0x90
    dc.b    0x26, 0x62, 0x30, 0x00, 0x23, 0x96, 0x60, 0x00, 0x23, 0x96, 0x00, 0x00, 0x23, 0x90, 0x61, 0x31
    dc.b    0x66, 0x00, 0x00, 0x00, 0x12, 0x26, 0x66, 0x22, 0x44, 0x41, 0x22, 0x66, 0xf0, 0x00, 0x14, 0x11
    dc.b    0x11, 0x44, 0x21, 0x42, 0x21, 0x44, 0x21, 0x42, 0x22, 0x24, 0x92, 0x41, 0x26, 0x22, 0x92, 0x11
    dc.b    0x26, 0x32, 0x92, 0x12, 0x63, 0x22, 0x92, 0x26, 0x33, 0x21, 0x96, 0x66, 0xc9, 0xd4, 0x32, 0x11
    dc.b    0x96, 0x66, 0x21, 0x12, 0x99, 0x62, 0x22, 0x23, 0x69, 0x96, 0x33, 0x33, 0x33, 0x69, 0x96, 0x63
    dc.b    0x66, 0x99, 0x09, 0x99, 0x99, 0x00, 0x04, 0x00, 0x81, 0x83, 0x22, 0x20, 0x00, 0x00, 0x32, 0x22
    dc.b    0x23, 0x00, 0x12, 0x33, 0x22, 0x30, 0x44, 0x41, 0x23, 0x33, 0x11, 0x69, 0x44, 0x41, 0xf0, 0x00
    dc.b    0x11, 0x11, 0x44, 0x44, 0x41, 0x11, 0x11, 0x22, 0x14, 0x41, 0x12, 0x21, 0x44, 0x44, 0x23, 0x21
    dc.b    0x44, 0x44, 0x33, 0x11, 0x11, 0x14, 0x32, 0x22, 0x22, 0x21, 0x22, 0x22, 0x22, 0x22, 0x80, 0x01
    dc.b    0x33, 0x22, 0x22, 0x22, 0x99, 0x66, 0x33, 0x22, 0x00, 0x99, 0x99, 0x66, 0x00, 0x00, 0x09, 0x63
    dc.b    0xd3, 0x3a, 0x1e, 0x36, 0x00, 0x09, 0xb0, 0x01, 0x00, 0x00, 0x30, 0x00, 0x00, 0x00, 0x12, 0x00
    dc.b    0x00, 0x00, 0x44, 0x42, 0x30, 0x00, 0x11, 0x14, 0x42, 0x30, 0x11, 0x11, 0x11, 0x11, 0xea, 0xad
    dc.b    0x91, 0x01, 0x41, 0x10, 0x44, 0x44, 0x44, 0x38, 0x11, 0x11, 0x11, 0x88, 0x22, 0x22, 0x23, 0x88
    dc.b    0x22, 0x22, 0x28, 0x88, 0xa0, 0x01, 0x33, 0x22, 0x2d, 0xd8, 0x39, 0x99, 0x33, 0x38, 0x33, 0x31
    dc.b    0x18, 0x88, 0x63, 0x33, 0x3d, 0x88, 0x03, 0x30, 0x00, 0xd8, 0x7e, 0x47, 0x00, 0x12, 0x00, 0x00
    dc.b    0xf0, 0x00, 0x00, 0x02, 0x00, 0x00, 0x00, 0x14, 0x00, 0x00, 0x02, 0x44, 0x00, 0x00, 0x44, 0x29
    dc.b    0x00, 0x04, 0x13, 0xdd, 0x00, 0x41, 0x3d, 0x82, 0x00, 0x43, 0xd8, 0x24, 0x00, 0x43, 0xd8, 0x44
    dc.b    0xf0, 0x00, 0xa8, 0xcb, 0xd4, 0x44, 0xcb, 0xcc, 0xd4, 0x42, 0x7c, 0xcd, 0x24, 0x43, 0x7c, 0x7d
    dc.b    0x14, 0x13, 0x7c, 0xdd, 0x44, 0x23, 0xad, 0xd8, 0x44, 0x61, 0x87, 0xac, 0xca, 0xcc, 0x8a, 0x8a
    dc.b    0xf0, 0x00, 0xcc, 0xcc, 0x05, 0xdd, 0x7c, 0xc7, 0x07, 0xdd, 0xcc, 0xa5, 0x07, 0x7c, 0xaa, 0x55
    dc.b    0x00, 0x8b, 0xaa, 0x55, 0x00, 0x00, 0xdd, 0x55, 0x00, 0x00, 0x00, 0x05, 0x00, 0x00, 0x31, 0x15
    dc.b    0xf0, 0x00, 0x02, 0x14, 0x42, 0x92, 0x14, 0x42, 0x92, 0x14, 0x43, 0x92, 0x14, 0x42, 0x69, 0x24
    dc.b    0x44, 0x23, 0x92, 0x44, 0x22, 0x14, 0x24, 0x42, 0x34, 0x44, 0x44, 0x23, 0x44, 0x44, 0x42, 0x34
    dc.b    0xf0, 0x00, 0x44, 0x44, 0x23, 0x24, 0x44, 0x44, 0x31, 0x42, 0x24, 0x44, 0x34, 0x44, 0x42, 0x22
    dc.b    0x14, 0x44, 0x22, 0xdd, 0x44, 0x42, 0xdd, 0x88, 0x44, 0x2d, 0x8b, 0xaa, 0x44, 0xd8, 0xb7, 0xcc
    dc.b    0xf0, 0x00, 0xcc, 0x7a, 0x00, 0x00, 0xcc, 0xca, 0xd0, 0x00, 0x55, 0x55, 0xd0, 0x00, 0x5b, 0xb8
    dc.b    0xd0, 0x00, 0x88, 0x88, 0xd5, 0x00, 0xdd, 0x55, 0x55, 0x50, 0x55, 0x55, 0xdb, 0xd5, 0x55, 0xd8
    dc.b    0xf0, 0x00, 0x8d, 0xdd, 0x5d, 0xdd, 0xdc, 0xcc, 0x25, 0x5b, 0xc7, 0x7c, 0x41, 0xb7, 0xcb, 0x77
    dc.b    0x33, 0xbc, 0xcb, 0x77, 0x44, 0xdc, 0xca, 0xa7, 0x44, 0xda, 0xca, 0x77, 0x44, 0xdb, 0xa8, 0x77
    dc.b    0xf0, 0x00, 0x44, 0x2d, 0xda, 0x77, 0x42, 0x2d, 0xbc, 0xc7, 0x42, 0xda, 0xcc, 0xc7, 0x23, 0x8a
    dc.b    0xc7, 0xaa, 0x66, 0x87, 0x7a, 0xa7, 0xdd, 0x87, 0x77, 0x77, 0xb8, 0xa7, 0x77, 0xcc, 0xaa, 0x77
    dc.b    0xf4, 0x01, 0x7c, 0xcc, 0xcc, 0xc7, 0x7c, 0xc7, 0x00, 0x00, 0x00, 0x0e, 0x00, 0x00, 0x00, 0xec
    dc.b    0x00, 0x00, 0xee, 0xcf, 0x00, 0x00, 0xec, 0xcf, 0x00, 0x0e, 0xff, 0xfe, 0x00, 0x0e, 0xff, 0xee
    dc.b    0x52, 0x01, 0xef, 0xee, 0x00, 0x0e, 0xee, 0xee, 0x00, 0x00, 0x0e, 0xee, 0x01, 0x17, 0x04, 0x00
    dc.b    0xf0, 0x00, 0xef, 0xfe, 0x00, 0x00, 0xfe, 0x00, 0x0c, 0x77, 0xfe, 0xee, 0xa5, 0xbb, 0xee, 0xb8
    dc.b    0x55, 0x5a, 0xee, 0xee, 0x5c, 0x87, 0xfe, 0xeb, 0xba, 0x77, 0xff, 0xff, 0xff, 0xee, 0xff, 0xff
    dc.b    0x82, 0x00, 0xcc, 0xcc, 0xef, 0xfe, 0xef, 0xff, 0xee, 0xff, 0xee, 0xee, 0xee, 0xff, 0xff, 0xff
    dc.b    0xee, 0xee, 0x13, 0x27, 0x0e, 0xee, 0x01, 0x00, 0xf0, 0x00, 0x43, 0xd8, 0xd8, 0xa8, 0xcb, 0xd4
    dc.b    0x7d, 0xcb, 0xcc, 0xd4, 0xc7, 0x7c, 0xcd, 0x24, 0xc7, 0x7c, 0x7d, 0x14, 0xab, 0x7c, 0xdd, 0x44
    dc.b    0xea, 0xad, 0xd8, 0x44, 0xfe, 0xee, 0xe8, 0x44, 0xd2, 0x1e, 0xff, 0xff, 0xee, 0x44, 0xee, 0xee
    dc.b    0xe8, 0x44, 0xfe, 0xee, 0xee, 0x11, 0xee, 0xee, 0xe6, 0x21, 0xee, 0xee, 0xee, 0x62, 0xee, 0xee
    dc.b    0xe0, 0x99, 0xee, 0x00, 0xf0, 0x00, 0x44, 0x23, 0x24, 0x44, 0x44, 0x31, 0x42, 0x24, 0x42, 0x34
    dc.b    0x44, 0x42, 0x43, 0x14, 0x44, 0x22, 0x13, 0x44, 0x42, 0xdd, 0x23, 0x44, 0x2d, 0x8b, 0x61, 0x44
    dc.b    0xd8, 0xb7, 0x64, 0x42, 0xf0, 0x00, 0xda, 0xcc, 0x64, 0x4d, 0x8a, 0x77, 0x64, 0x4d, 0xba, 0x77
    dc.b    0x64, 0x49, 0x8a, 0x77, 0x64, 0x42, 0x9b, 0xa7, 0x62, 0x44, 0x69, 0xba, 0x93, 0x44, 0x42, 0x98
    dc.b    0x09, 0x61, 0x44, 0x42, 0x71, 0x00, 0x00, 0x96, 0x21, 0x44, 0x10, 0x00, 0x00, 0x00, 0x38, 0x88
    dc.b    0x00, 0x00, 0x88, 0x88, 0xf0, 0x00, 0x88, 0x77, 0x88, 0x88, 0x7c, 0x77, 0x88, 0x88, 0x7c, 0x7c
    dc.b    0xd8, 0x88, 0xa7, 0x7c, 0x38, 0x8d, 0x8a, 0xcc, 0x88, 0x88, 0xd8, 0xaa, 0x88, 0x88, 0x8d, 0xdd
    dc.b    0xd8, 0x88, 0x88, 0x88, 0x65, 0x81, 0xd8, 0x8b, 0x7c, 0xc7, 0x0b, 0xb7, 0xab, 0x88, 0x00, 0x88
    dc.b    0x88, 0x00, 0x60, 0x01, 0x00, 0x0b, 0xba, 0xaa, 0xba, 0xa7, 0x7c, 0xcc, 0x77, 0x7c, 0xcc, 0xc7
    dc.b    0xc2, 0x4d, 0xf1, 0x36, 0x7a, 0xb8, 0xcc, 0xcb, 0x88, 0x00, 0xca, 0x8d, 0x00, 0x00, 0xa8, 0xd8
    dc.b    0x00, 0x00, 0xdd, 0x88, 0xbb, 0xbb, 0x8b, 0x77, 0xaa, 0xaa, 0x77, 0x77, 0x77, 0x77, 0x88, 0x8b
    dc.b    0xba, 0x77, 0x03, 0x1d, 0x50, 0x01, 0x08, 0xc7, 0x80, 0x00, 0xb7, 0xc7, 0x80, 0x00, 0xc7, 0x7b
    dc.b    0xcd, 0x04, 0x06, 0x2c, 0xa6, 0x11, 0x00, 0x00, 0x00, 0x08, 0xb0, 0x00, 0x88, 0x8a, 0xa0, 0x00
    dc.b    0xaa, 0xa7, 0xa0, 0x00, 0x77, 0x7b, 0x80, 0x00, 0x7b, 0xb8, 0x61, 0x01, 0xaa, 0xaa, 0x77, 0x7c
    dc.b    0xcc, 0xcc, 0xc7, 0x7c, 0xcc, 0xcc, 0xcc, 0xc7, 0x01, 0x41, 0xf0, 0x00, 0x77, 0x77, 0xcc, 0x7c
    dc.b    0x77, 0x7c, 0xc7, 0x7c, 0x77, 0xcc, 0x77, 0xcc, 0xcc, 0x77, 0x77, 0xd2, 0xc7, 0x77, 0x7d, 0xd9
    dc.b    0x77, 0xaa, 0xd8, 0x89, 0xaa, 0xbb, 0xda, 0x89, 0xab, 0xa8, 0xf0, 0x00, 0xda, 0x92, 0x7c, 0x8b
    dc.b    0xb9, 0x24, 0xcb, 0xb9, 0x92, 0x44, 0xb9, 0x92, 0x44, 0x42, 0x21, 0x11, 0x44, 0x44, 0x22, 0x44
    dc.b    0x42, 0x44, 0x24, 0x44, 0x22, 0x11, 0x24, 0x41, 0x23, 0x32, 0xf0, 0x00, 0x44, 0x11, 0x33, 0x66
    dc.b    0x41, 0x36, 0x69, 0x90, 0x22, 0x36, 0x90, 0x00, 0x33, 0x69, 0x00, 0x00, 0x41, 0x22, 0x90, 0x00
    dc.b    0x44, 0x12, 0x60, 0x00, 0x11, 0x11, 0x20, 0x00, 0x23, 0x36, 0x26, 0x4f, 0x90, 0x00, 0x69, 0x99
    dc.b    0xf0, 0x00, 0xdb, 0xa7, 0x77, 0x77, 0x98, 0xa7, 0x77, 0x77, 0x29, 0xba, 0x77, 0x77, 0x46, 0x9b
    dc.b    0xa7, 0x7c, 0x44, 0x29, 0x8b, 0xbb, 0x14, 0x44, 0x29, 0x99, 0x62, 0x14, 0x41, 0x11, 0x99, 0x63
    dc.b    0xf0, 0x00, 0x34, 0x44, 0xcc, 0xcc, 0x7a, 0xba, 0x7c, 0xc7, 0xc7, 0xc8, 0xcc, 0x77, 0xcc, 0xbb
    dc.b    0xc7, 0x7c, 0xcb, 0x99, 0xaa, 0xaa, 0x99, 0x24, 0x99, 0x99, 0x24, 0x44, 0x21, 0x14, 0x41, 0x12
    dc.b    0xf0, 0x00, 0x44, 0x44, 0x16, 0x66, 0x8d, 0xa9, 0x24, 0x41, 0xbb, 0x92, 0x44, 0x13, 0x99, 0x24
    dc.b    0x42, 0x23, 0x24, 0x44, 0x23, 0x36, 0x44, 0x22, 0x36, 0x69, 0x22, 0x36, 0x69, 0x90, 0x26, 0x69
    dc.b    0xa2, 0x05, 0x90, 0x00, 0x99, 0x90, 0x00, 0x00, 0x26, 0x90, 0x00, 0x00, 0x69, 0x00, 0x00, 0x00
    dc.b    0x99, 0x30, 0x00, 0x00, 0x99, 0x63, 0x05, 0x00, 0x00, 0x00, 0x00, 0x00
spr_ken_201_animation0_frame4_tileset_data_size = .-spr_ken_201_animation0_frame4_tileset_data

    .align  2
spr_ken_201_animation0_frame5_tileset_data:
    dc.b    0x10, 0x01, 0x80, 0x00, 0xdd, 0x8c, 0x72, 0x01, 0x77, 0x70, 0x00, 0x00, 0x55, 0x8b, 0x00, 0x00
    dc.b    0x8d, 0x5b, 0x00, 0x00, 0xdd, 0xd8, 0xf0, 0x00, 0x55, 0x55, 0x00, 0x00, 0x88, 0xd5, 0x00, 0x00
    dc.b    0xdd, 0xdd, 0x50, 0x00, 0x55, 0x55, 0x50, 0x00, 0x8a, 0x78, 0x55, 0x00, 0xc7, 0xca, 0x85, 0x00
    dc.b    0xc7, 0xc7, 0xa8, 0x00, 0xba, 0xc7, 0xf0, 0x00, 0xa8, 0x00, 0x87, 0x77, 0xb8, 0x30, 0x8a, 0x7b
    dc.b    0xb8, 0x13, 0x8b, 0x7b, 0xb8, 0x11, 0x87, 0xab, 0x8d, 0x61, 0x8c, 0xc8, 0xd6, 0x26, 0x88, 0x8d
    dc.b    0x99, 0x29, 0x8b, 0xb3, 0x99, 0x29, 0xf0, 0x00, 0xbb, 0xd3, 0x96, 0x29, 0xdd, 0x26, 0x92, 0x92
    dc.b    0x21, 0x49, 0x39, 0x99, 0x44, 0x29, 0x95, 0x55, 0x22, 0x35, 0x55, 0x55, 0x23, 0x35, 0x55, 0x25
    dc.b    0x39, 0x55, 0x22, 0x25, 0x55, 0x52, 0x60, 0x18, 0x42, 0x33, 0x55, 0x24, 0x23, 0x21, 0x52, 0x12
    dc.b    0x32, 0x14, 0x00, 0x00, 0x00, 0x00, 0x32, 0x03, 0x00, 0x0d, 0x00, 0x00, 0x00, 0xda, 0xf0, 0x01
    dc.b    0x05, 0x58, 0x30, 0x00, 0x5d, 0x5b, 0x13, 0x05, 0x58, 0x5d, 0x12, 0x55, 0x58, 0x58, 0x13, 0x95
    dc.b    0x5d, 0x85, 0x22, 0x66, 0x55, 0xd8, 0x26, 0x96, 0x55, 0x5d, 0x69, 0x96, 0x55, 0x55, 0xd4, 0x32
    dc.b    0x41, 0x02, 0x33, 0x69, 0x55, 0x55, 0x55, 0x62, 0x55, 0x65, 0x70, 0x18, 0x25, 0x55, 0x55, 0x52
    dc.b    0x69, 0x55, 0x55, 0x55, 0x99, 0x99, 0x45, 0x55, 0x69, 0x96, 0x7f, 0xc2, 0xf0, 0x00, 0xa8, 0xd7
    dc.b    0x7d, 0xd0, 0xad, 0xaa, 0xd7, 0xcd, 0xcd, 0xdd, 0xab, 0xcd, 0xad, 0x8a, 0xab, 0xd7, 0xdd, 0xad
    dc.b    0xdd, 0xa8, 0xaa, 0xa8, 0xda, 0x8d, 0xbb, 0x88, 0x8d, 0xba, 0xd8, 0xba, 0x62, 0x17, 0x8d, 0xdd
    dc.b    0x88, 0x5d, 0xd0, 0x00, 0x55, 0x00, 0x00, 0x00, 0x50, 0x00, 0xf0, 0x35, 0x21, 0x10, 0x00, 0x00
    dc.b    0x26, 0x99, 0x90, 0x00, 0x99, 0x96, 0x69, 0x00, 0x59, 0x32, 0x26, 0x69, 0x55, 0x54, 0x44, 0x22
    dc.b    0x55, 0x53, 0x14, 0x44, 0x25, 0x55, 0x52, 0x14, 0x00, 0x00, 0x00, 0x00, 0xf0, 0x00, 0x90, 0x00
    dc.b    0x00, 0x00, 0x69, 0x90, 0x00, 0x00, 0x16, 0x69, 0x00, 0x00, 0x41, 0x16, 0x99, 0x00, 0x00, 0x00
    dc.b    0x00, 0xee, 0x00, 0x0e, 0xee, 0xfe, 0x00, 0xee, 0xee, 0xcf, 0x0e, 0xee, 0x50, 0x01, 0xfe, 0xcf
    dc.b    0xee, 0xef, 0xfe, 0xcf, 0xee, 0xff, 0xef, 0xff, 0xda, 0x11, 0x52, 0x01, 0xff, 0xee, 0xee, 0xee
    dc.b    0xee, 0xfe, 0xee, 0xfe, 0xee, 0xfc, 0xf0, 0x00, 0xee, 0xef, 0x0e, 0xfe, 0x8e, 0xef, 0x0e, 0xee
    dc.b    0x8e, 0xee, 0x00, 0xee, 0x3e, 0xe1, 0x00, 0xe2, 0x24, 0x43, 0x00, 0x06, 0x44, 0x61, 0x00, 0x06
    dc.b    0x26, 0x14, 0x00, 0x06, 0x91, 0x49, 0x51, 0x01, 0x00, 0x09, 0x14, 0x98, 0x00, 0x03, 0x44, 0x9b
    dc.b    0x00, 0x01, 0xd0, 0x01, 0x44, 0x9a, 0x00, 0x01, 0x14, 0x9b, 0x00, 0x03, 0x14, 0x29, 0x00, 0x06
    dc.b    0x34, 0x19, 0x00, 0x09, 0x34, 0x42, 0x00, 0x09, 0x64, 0x44, 0x00, 0x00, 0x91, 0x44, 0xe9, 0xc4
    dc.b    0x81, 0x01, 0x00, 0x34, 0x00, 0x00, 0x00, 0x06, 0xfc, 0xcf, 0xe0, 0x00, 0xee, 0xfc, 0xfe, 0x00
    dc.b    0xfe, 0xee, 0xf0, 0x00, 0xde, 0x00, 0xfe, 0x5e, 0xa0, 0x00, 0xee, 0x58, 0xa7, 0x80, 0x5e, 0x55
    dc.b    0x5b, 0xa0, 0xda, 0xcd, 0xaa, 0xda, 0xaa, 0x7c, 0x77, 0x8a, 0xea, 0xac, 0xca, 0xa7, 0xfe, 0xbb
    dc.b    0xa7, 0x77, 0xf0, 0x00, 0xce, 0x8d, 0xbc, 0xca, 0xce, 0xdb, 0xdd, 0xdd, 0xea, 0xbb, 0x24, 0x44
    dc.b    0x44, 0x43, 0x32, 0x44, 0x34, 0x49, 0x99, 0x99, 0x49, 0x9b, 0x77, 0x7b, 0x98, 0xa7, 0xcc, 0xc7
    dc.b    0x8a, 0x77, 0xf0, 0x00, 0xcc, 0xcc, 0x8a, 0xa7, 0x7c, 0xcc, 0x8b, 0xaa, 0xa7, 0x77, 0x8b, 0xbb
    dc.b    0xba, 0xaa, 0xa8, 0xbb, 0xbb, 0xba, 0xa7, 0xab, 0xbb, 0xba, 0xa7, 0xc7, 0x7a, 0xaa, 0x8a, 0x7c
    dc.b    0xc7, 0x77, 0xcf, 0x97, 0x98, 0xa7, 0x7c, 0xcc, 0x26, 0x98, 0xaa, 0xaa, 0x41, 0x69, 0x98, 0xbb
    dc.b    0x44, 0x44, 0x29, 0x99, 0x44, 0x44, 0x41, 0x69, 0x31, 0x11, 0x44, 0x44, 0x10, 0x01, 0x8b, 0x00
    dc.b    0x7e, 0x71, 0x71, 0x00, 0x78, 0x63, 0x22, 0x41, 0x83, 0x14, 0x44, 0x44, 0x89, 0x99, 0x66, 0x66
    dc.b    0x44, 0x44, 0xa1, 0x01, 0x44, 0x43, 0x64, 0x44, 0x48, 0x88, 0x89, 0x22, 0x8b, 0x77, 0xab, 0x98
    dc.b    0xa7, 0xcc, 0xab, 0x88, 0x7c, 0xcc, 0xa8, 0x8a, 0xf0, 0x00, 0x77, 0x77, 0xab, 0x8b, 0xaa, 0xaa
    dc.b    0xaa, 0xab, 0xbb, 0xbb, 0xaa, 0xaa, 0xaa, 0xaa, 0xaa, 0x77, 0x77, 0x7a, 0x77, 0x77, 0xaa, 0x88
    dc.b    0xc7, 0x7b, 0xb8, 0x88, 0xab, 0xb8, 0xdd, 0xdd, 0x61, 0x22, 0x88, 0x8a, 0xaa, 0x89, 0xaa, 0xaa
    dc.b    0x89, 0x92, 0x99, 0x99, 0x92, 0x44, 0x02, 0x32, 0xf0, 0x00, 0x88, 0x08, 0x00, 0x8a, 0x7c, 0x87
    dc.b    0x00, 0x8b, 0xcc, 0xc7, 0x00, 0xd8, 0xca, 0xb5, 0x00, 0x8b, 0xc5, 0x58, 0x08, 0xa7, 0x75, 0xdd
    dc.b    0x08, 0x7a, 0x75, 0xdd, 0x00, 0x8b, 0xb5, 0xd5, 0xf0, 0x00, 0x00, 0xdd, 0x85, 0x5d, 0x20, 0x00
    dc.b    0x55, 0xdd, 0x12, 0x20, 0x55, 0xdd, 0x96, 0x22, 0x25, 0xd5, 0x19, 0x96, 0x25, 0x5a, 0x33, 0x42
    dc.b    0xda, 0xcc, 0x84, 0x4d, 0xac, 0xc7, 0x7b, 0x8d, 0xb1, 0x40, 0xac, 0xc7, 0xc7, 0xad, 0xac, 0xc7
    dc.b    0xcc, 0xa8, 0x8a, 0x7a, 0x77, 0xaa, 0x8a, 0xc8, 0xaa, 0xaa, 0x7c, 0xca, 0x7c, 0xcc, 0xcc, 0xaa
    dc.b    0x00, 0x01, 0xf7, 0x00, 0xf0, 0x00, 0xbb, 0x8b, 0x8b, 0xbb, 0xbd, 0xdd, 0xbb, 0xdd, 0xd2, 0x14
    dc.b    0xdd, 0x32, 0x14, 0x44, 0x44, 0x14, 0x44, 0x42, 0x41, 0x44, 0x41, 0x22, 0x11, 0x41, 0x12, 0x26
    dc.b    0x14, 0x12, 0x22, 0x65, 0xf0, 0x00, 0x49, 0x55, 0x56, 0x99, 0x96, 0x95, 0x55, 0x69, 0x63, 0x25
    dc.b    0x55, 0x66, 0x22, 0x26, 0x55, 0x53, 0x21, 0x41, 0x95, 0x55, 0x24, 0x41, 0x25, 0x55, 0x44, 0x41
    dc.b    0x15, 0x55, 0x21, 0x11, 0x10, 0x02, 0x44, 0x44, 0xd3, 0x8e, 0xf0, 0x00, 0x21, 0x11, 0x11, 0x14
    dc.b    0x22, 0x11, 0x11, 0x11, 0x32, 0x22, 0x11, 0x11, 0x33, 0x32, 0x21, 0x11, 0x66, 0x63, 0x32, 0x22
    dc.b    0x99, 0x66, 0x63, 0x22, 0x09, 0x92, 0x13, 0x33, 0x00, 0x96, 0xf0, 0x00, 0x22, 0x11, 0x00, 0x09
    dc.b    0x96, 0x22, 0x00, 0x09, 0x21, 0x62, 0x00, 0x09, 0x24, 0x42, 0x00, 0x99, 0x22, 0x14, 0x00, 0x96
    dc.b    0x92, 0x21, 0x09, 0x36, 0x96, 0x21, 0x22, 0x55, 0x55, 0x51, 0xf0, 0x00, 0x32, 0x25, 0x55, 0x55
    dc.b    0x63, 0x22, 0x55, 0x55, 0x96, 0x62, 0x25, 0x55, 0x29, 0x62, 0x22, 0x55, 0x23, 0x93, 0x22, 0x11
    dc.b    0x52, 0x96, 0x33, 0x33, 0x55, 0x21, 0x69, 0x96, 0x45, 0x21, 0xf0, 0x00, 0x19, 0x99, 0x44, 0x31
    dc.b    0x11, 0x99, 0x44, 0x42, 0x11, 0x29, 0x44, 0x43, 0x21, 0x12, 0x44, 0x44, 0x32, 0x11, 0x11, 0x44
    dc.b    0x42, 0x21, 0x11, 0x14, 0x44, 0x42, 0x22, 0x21, 0x12, 0x22, 0x10, 0x01, 0x32, 0x14, 0xe1, 0x3f
    dc.b    0x61, 0x0b, 0x21, 0x11, 0x11, 0x11, 0x33, 0x22, 0x22, 0x22, 0x23, 0x31, 0x22, 0x22, 0xf0, 0x00
    dc.b    0x41, 0x22, 0x11, 0x12, 0x44, 0x42, 0x22, 0x23, 0x44, 0x41, 0x16, 0x69, 0x44, 0x44, 0x41, 0x16
    dc.b    0x14, 0x44, 0x44, 0x11, 0x11, 0x14, 0x44, 0x44, 0x22, 0x11, 0x44, 0x44, 0x22, 0x22, 0xf0, 0x00
    dc.b    0x11, 0x11, 0x11, 0x22, 0x22, 0x21, 0x66, 0x69, 0x96, 0x61, 0x99, 0x96, 0x22, 0x11, 0x93, 0x23
    dc.b    0x33, 0x32, 0x29, 0x31, 0x22, 0x23, 0x62, 0x61, 0x11, 0x11, 0x92, 0x22, 0x11, 0x11, 0xf0, 0x00
    dc.b    0x99, 0x22, 0x11, 0x11, 0x69, 0x21, 0x11, 0x12, 0x69, 0x21, 0x11, 0x23, 0x29, 0x22, 0x12, 0x36
    dc.b    0x29, 0x22, 0x33, 0x69, 0x29, 0x23, 0x33, 0x90, 0x69, 0x23, 0x39, 0x00, 0x69, 0x23, 0x20, 0x01
    dc.b    0x90, 0x00, 0x39, 0x69, 0xd7, 0xa8, 0x12, 0xce, 0x39, 0x00, 0xf0, 0x00, 0x69, 0x00, 0x00, 0x00
    dc.b    0x66, 0x90, 0x00, 0x00, 0x11, 0x39, 0x90, 0x00, 0x44, 0x12, 0x69, 0x00, 0x11, 0x11, 0x23, 0x90
    dc.b    0x11, 0x11, 0x12, 0x60, 0x11, 0x22, 0x22, 0x60, 0x12, 0x22, 0xc2, 0x1b, 0x22, 0x60, 0x11, 0x11
    dc.b    0x13, 0x60, 0x33, 0x22, 0x26, 0x00, 0x11, 0x12, 0x60, 0x00, 0x11, 0x26, 0x90, 0x00, 0x13, 0x69
    dc.b    0x00, 0x00, 0x36, 0x90, 0x00, 0x0f, 0x00, 0x00, 0x50, 0x01, 0x00, 0x96, 0x00, 0x00, 0x09, 0x36
    dc.b    0x00, 0x00, 0x09, 0x33, 0xf8, 0x2c, 0x10, 0x01, 0x00, 0x62, 0xf8, 0x27, 0x16, 0x01, 0x00, 0x93
    dc.b    0x16, 0x1b, 0x00, 0x03, 0x10, 0x01, 0x00, 0xdd, 0xc8, 0x86, 0x03, 0x01, 0x10, 0x01, 0x0d, 0xd8
    dc.b    0xfa, 0x76, 0x10, 0x14, 0x00, 0x0d, 0x7d, 0xf9, 0xa2, 0x01, 0x92, 0x21, 0x41, 0x22, 0x96, 0x21
    dc.b    0x44, 0x42, 0x69, 0x22, 0x44, 0x44, 0x29, 0x22, 0x14, 0x44, 0x22, 0x22, 0x21, 0x14, 0x34, 0x01
    dc.b    0x22, 0x14, 0x22, 0x22, 0x22, 0x24, 0x91, 0x01, 0x22, 0x21, 0x32, 0x22, 0x22, 0x21, 0xd6, 0x22
    dc.b    0x22, 0x21, 0xd8, 0x86, 0x22, 0x22, 0xd8, 0xb8, 0x88, 0x80, 0xf0, 0x00, 0x8d, 0x88, 0x88, 0x80
    dc.b    0x88, 0xaa, 0xab, 0x88, 0xa7, 0x77, 0x7a, 0x88, 0xa7, 0xcc, 0x77, 0xb8, 0x8a, 0x7c, 0x77, 0xb8
    dc.b    0x08, 0xac, 0xc7, 0xb8, 0x00, 0xac, 0xc7, 0xaa, 0x00, 0xb7, 0x61, 0x01, 0xcc, 0x7a, 0x00, 0x87
    dc.b    0xcc, 0xc7, 0x00, 0x0b, 0xcc, 0xc7, 0x00, 0x08, 0x71, 0x61, 0xca, 0x87, 0x00, 0x00, 0x7c, 0x7b
    dc.b    0x00, 0x00, 0x87, 0xcd, 0x00, 0x00, 0x08, 0xad, 0xb1, 0x01, 0x11, 0x12, 0x39, 0x60, 0x22, 0x23
    dc.b    0x39, 0x00, 0x22, 0x26, 0x69, 0x00, 0x42, 0x26, 0x60, 0x00, 0x42, 0x26, 0x98, 0x00, 0x42, 0x36
    dc.b    0xf0, 0x00, 0x9b, 0x80, 0x42, 0x66, 0xab, 0x80, 0x42, 0x66, 0xab, 0xb0, 0x42, 0x69, 0xaa, 0xa0
    dc.b    0x42, 0x69, 0xaa, 0x78, 0x42, 0x69, 0x78, 0xc8, 0x42, 0x98, 0x78, 0xc8, 0x42, 0x90, 0x8a, 0xa8
    dc.b    0x2b, 0x69, 0x00, 0x00, 0x00, 0x80, 0x1a, 0x01, 0x80, 0x00, 0x32, 0x01, 0xa8, 0x00, 0x00, 0x00
    dc.b    0x78, 0xd0, 0x10, 0x01, 0x78, 0xbd, 0xcf, 0xdf, 0x40, 0x1a, 0x96, 0x33, 0x11, 0x11, 0x00, 0x09
    dc.b    0x96, 0x63, 0x7d, 0x59, 0x20, 0x01, 0x44, 0x44, 0x44, 0x41, 0xfb, 0x65, 0x52, 0xe9, 0x63, 0x31
    dc.b    0x00, 0x09, 0x66, 0x31, 0x00, 0x00, 0x09, 0x62, 0x10, 0x10, 0x00, 0x09, 0x7f, 0xe1, 0xf0, 0x00
    dc.b    0x44, 0x22, 0x26, 0x55, 0x44, 0x23, 0x65, 0x55, 0x44, 0x23, 0x95, 0x56, 0x41, 0x26, 0x55, 0x52
    dc.b    0x12, 0x39, 0x55, 0x54, 0x26, 0x99, 0x55, 0x11, 0x63, 0x23, 0x55, 0x19, 0x99, 0x99, 0x10, 0x01
    dc.b    0x96, 0x19, 0x7e, 0xfb, 0x0c, 0x25, 0xf0, 0x00, 0x52, 0x12, 0x32, 0x14, 0x21, 0x43, 0x14, 0x44
    dc.b    0x21, 0x41, 0x44, 0x44, 0x32, 0x41, 0x44, 0x49, 0x43, 0x24, 0x44, 0x96, 0x44, 0x44, 0x44, 0x96
    dc.b    0x92, 0x44, 0x49, 0x62, 0x39, 0x94, 0xc1, 0x77, 0x49, 0x22, 0x19, 0x31, 0x12, 0x42, 0x19, 0x66
    dc.b    0x22, 0x22, 0x21, 0x96, 0x23, 0x62, 0x91, 0x96, 0x66, 0x32, 0x02, 0x69, 0x93, 0x33, 0x00, 0x29
    dc.b    0x30, 0x00, 0x99, 0x66, 0x00, 0x00, 0x00, 0x99, 0x00, 0x00, 0x00, 0x00
spr_ken_201_animation0_frame5_tileset_data_size = .-spr_ken_201_animation0_frame5_tileset_data

    .align  2
spr_ken_300_animation0_frame0_tileset_data:
    dc.b    0x10, 0x1e, 0x00, 0x00, 0x00, 0x00, 0x72, 0x01, 0x00, 0x08, 0x00, 0x00, 0x0a, 0xa8, 0x00, 0x00
    dc.b    0x77, 0xb8, 0x00, 0x0b, 0x77, 0x88, 0xf0, 0x00, 0xa7, 0xb8, 0x00, 0x0b, 0xa7, 0xa8, 0x00, 0x0b
    dc.b    0xa7, 0x7b, 0x00, 0x0a, 0x77, 0x77, 0x00, 0x07, 0x77, 0xcc, 0x00, 0xb7, 0x77, 0xcc, 0x00, 0x77
    dc.b    0x77, 0x77, 0x00, 0x77, 0xaa, 0xbb, 0x62, 0x21, 0x00, 0xa7, 0xb7, 0xb7, 0x00, 0x8b, 0x87, 0x87
    dc.b    0x00, 0x08, 0x88, 0x88, 0x1c, 0x01, 0x00, 0x09, 0xc1, 0x00, 0x00, 0x99, 0x00, 0x00, 0x09, 0x69
    dc.b    0x00, 0x00, 0x96, 0x39, 0x00, 0x00, 0x93, 0x36, 0x00, 0x63, 0x93, 0x23, 0x06, 0x23, 0x62, 0x23
    dc.b    0x32, 0x23, 0xf0, 0x00, 0x22, 0x23, 0x22, 0x23, 0x22, 0x13, 0x22, 0x22, 0x22, 0x13, 0x22, 0x12
    dc.b    0x22, 0x13, 0x32, 0x12, 0x21, 0x13, 0x62, 0x11, 0x21, 0x13, 0x83, 0x21, 0x11, 0x12, 0x88, 0x21
    dc.b    0x11, 0x12, 0xf0, 0x00, 0x88, 0x82, 0x11, 0x12, 0xab, 0xb8, 0x31, 0x11, 0xcc, 0x7b, 0x06, 0x21
    dc.b    0xcc, 0x7b, 0x00, 0x00, 0x77, 0xab, 0x00, 0x00, 0xbb, 0x8b, 0x00, 0x00, 0xb7, 0xb7, 0x77, 0x00
    dc.b    0x87, 0x8a, 0x81, 0x01, 0xab, 0x00, 0x88, 0x88, 0x80, 0x00, 0x92, 0x32, 0x22, 0x11, 0x61, 0x32
    dc.b    0x21, 0x11, 0x31, 0x23, 0x11, 0x01, 0x21, 0x14, 0x51, 0x01, 0x31, 0x12, 0x21, 0x14, 0x32, 0x12
    dc.b    0x21, 0x14, 0x32, 0x41, 0x11, 0x01, 0x22, 0x14, 0x81, 0x01, 0x63, 0x44, 0x12, 0x14, 0x63, 0x44
    dc.b    0x11, 0x44, 0x63, 0x24, 0x41, 0x44, 0x36, 0x24, 0x44, 0x44, 0x91, 0x00, 0x33, 0x21, 0x44, 0x44
    dc.b    0x33, 0x32, 0x11, 0x44, 0x33, 0x32, 0x22, 0x24, 0x33, 0x33, 0x32, 0x22, 0x33, 0x33, 0xac, 0x9e
    dc.b    0x33, 0x69, 0x33, 0x33, 0x23, 0x99, 0x33, 0x22, 0x99, 0x00, 0x22, 0x29, 0x00, 0x00, 0x12, 0x90
    dc.b    0x00, 0x00, 0x29, 0x00, 0x24, 0x01, 0x44, 0x44, 0x11, 0x12, 0x14, 0x01, 0x11, 0x22, 0xf0, 0x00
    dc.b    0x12, 0x22, 0x44, 0x44, 0x12, 0x13, 0x44, 0x41, 0x22, 0x13, 0x44, 0x41, 0x21, 0x13, 0x44, 0x41
    dc.b    0x21, 0x26, 0x44, 0x41, 0x14, 0x39, 0x44, 0x41, 0x42, 0x69, 0x44, 0x44, 0x13, 0x90, 0x90, 0x01
    dc.b    0x44, 0x44, 0x23, 0x90, 0x44, 0x41, 0x29, 0x00, 0x44, 0x42, 0x39, 0x00, 0x44, 0x23, 0x90, 0x00
    dc.b    0x23, 0x69, 0xfc, 0xf9, 0x10, 0x15, 0x90, 0x00, 0x7f, 0x22, 0x21, 0x01, 0x36, 0x96, 0x66, 0x33
    dc.b    0x11, 0x01, 0x36, 0x99, 0x91, 0x27, 0x66, 0x66, 0x39, 0x00, 0x96, 0x63, 0x69, 0x00, 0x09, 0x66
    dc.b    0x90, 0x00, 0x00, 0x96, 0x90, 0x00, 0x00, 0x09, 0x03, 0x01, 0x04, 0x00, 0x03, 0xcd, 0x72, 0x01
    dc.b    0x00, 0x96, 0x00, 0x00, 0x00, 0x93, 0x00, 0x00, 0x09, 0x63, 0x00, 0x00, 0x09, 0x33, 0x30, 0x01
    dc.b    0x00, 0x83, 0x00, 0x00, 0x00, 0x88, 0xcd, 0xad, 0x10, 0x01, 0x08, 0xbb, 0xca, 0xf2, 0x30, 0x01
    dc.b    0x8a, 0xc7, 0x00, 0x00, 0x8c, 0xcc, 0xe5, 0xaf, 0x42, 0xfd, 0x7c, 0xc7, 0x00, 0x08, 0xa7, 0xab
    dc.b    0x00, 0x00, 0x81, 0xa3, 0x33, 0x22, 0x21, 0x11, 0x33, 0x32, 0x22, 0x11, 0x33, 0x33, 0x22, 0x21
    dc.b    0x63, 0x33, 0x33, 0x22, 0xf0, 0x00, 0x66, 0x66, 0x33, 0x33, 0x63, 0x33, 0x32, 0x22, 0x99, 0x66
    dc.b    0x63, 0x33, 0x09, 0x99, 0x99, 0x96, 0x00, 0x99, 0x96, 0x33, 0x09, 0x96, 0x66, 0x66, 0x96, 0x63
    dc.b    0x22, 0x23, 0x93, 0x33, 0x43, 0xb7, 0x33, 0x22, 0x66, 0x66, 0x66, 0x33, 0x66, 0x33, 0x08, 0x00
    dc.b    0xf0, 0x00, 0x83, 0x33, 0x33, 0x33, 0x88, 0x83, 0x33, 0x33, 0x88, 0x88, 0x83, 0x33, 0xbb, 0x88
    dc.b    0x80, 0x03, 0x77, 0x77, 0xa0, 0x00, 0x77, 0xcc, 0xc7, 0x00, 0x77, 0xcc, 0xcc, 0xc7, 0xa7, 0x7c
    dc.b    0xc1, 0x01, 0xcc, 0xcc, 0xab, 0x77, 0x77, 0x77, 0x88, 0xba, 0x77, 0x7b, 0x00, 0x88, 0x8b, 0x88
    dc.b    0x11, 0x44, 0x44, 0x44, 0x11, 0x14, 0x44, 0x44, 0x11, 0x11, 0x00, 0x01, 0xc9, 0x6c, 0xf0, 0x00
    dc.b    0x32, 0x22, 0x21, 0x11, 0x22, 0x21, 0x11, 0x14, 0x32, 0x22, 0x11, 0x11, 0x66, 0x63, 0x22, 0x11
    dc.b    0x32, 0x11, 0x44, 0x44, 0x63, 0x32, 0x22, 0x22, 0x36, 0x66, 0x63, 0x33, 0x23, 0x33, 0x11, 0x0b
    dc.b    0x33, 0x22, 0x26, 0x3a, 0x22, 0x22, 0x22, 0x22, 0x80, 0x01, 0x32, 0x36, 0x33, 0x33, 0x23, 0x60
    dc.b    0x33, 0x32, 0x36, 0x00, 0x33, 0x23, 0x60, 0x00, 0x32, 0x26, 0xd0, 0x43, 0x14, 0x9a, 0x22, 0x60
    dc.b    0xd0, 0x02, 0xa0, 0x00, 0x00, 0x00, 0xaa, 0xaa, 0x00, 0x00, 0xcc, 0xcb, 0x7c, 0x00, 0x77, 0x7b
    dc.b    0x7a, 0x00, 0x8b, 0xb8, 0x88, 0x00, 0x42, 0x30, 0x00, 0x00, 0x44, 0x23, 0xcb, 0xa7, 0x10, 0x01
    dc.b    0x20, 0x00, 0xcb, 0xae, 0x71, 0x03, 0x11, 0x30, 0x44, 0x44, 0x41, 0x10, 0x44, 0x44, 0x44, 0x13
    dc.b    0x14, 0x44, 0x44, 0x13, 0xd0, 0x02, 0x22, 0x21, 0x11, 0x23, 0x32, 0x21, 0x11, 0x30, 0x21, 0x11
    dc.b    0x23, 0x60, 0x12, 0x23, 0x36, 0x00, 0x33, 0x36, 0x60, 0x00, 0x33, 0x66, 0x00, 0x00, 0x36, 0x00
    dc.b    0xf8, 0x68, 0x00, 0x19, 0x00, 0x00, 0xf0, 0x00, 0x02, 0x1d, 0x88, 0xbb, 0x02, 0x2d, 0x8a, 0xbb
    dc.b    0x32, 0xd8, 0xb7, 0xba, 0x32, 0xdb, 0x77, 0xba, 0x33, 0xda, 0x77, 0xba, 0x03, 0x8a, 0x77, 0xba
    dc.b    0x03, 0xdb, 0xa7, 0xbb, 0x00, 0xd8, 0xf0, 0x00, 0xbb, 0xba, 0x00, 0xd8, 0xba, 0xaa, 0x00, 0x08
    dc.b    0x7a, 0xa7, 0x00, 0x8b, 0x7a, 0xba, 0x00, 0x87, 0xc7, 0xbb, 0x00, 0x87, 0xc7, 0xb8, 0x00, 0x87
    dc.b    0xc7, 0x8a, 0x00, 0x8b, 0x77, 0xcc, 0xf0, 0x00, 0x00, 0x08, 0x7a, 0xcc, 0x00, 0x08, 0x7b, 0x77
    dc.b    0x00, 0x08, 0x77, 0xbb, 0x00, 0x00, 0x87, 0xcc, 0x00, 0x00, 0x87, 0x77, 0x00, 0x05, 0x8b, 0xaa
    dc.b    0x00, 0x95, 0x58, 0x88, 0x00, 0x95, 0xd1, 0x01, 0x55, 0x55, 0x09, 0x22, 0x55, 0x55, 0x09, 0x26
    dc.b    0x95, 0x55, 0x93, 0x29, 0x22, 0x55, 0x09, 0x29, 0x22, 0x39, 0x09, 0x99, 0x22, 0x23, 0x09, 0x33
    dc.b    0x22, 0x21, 0x12, 0x01, 0x09, 0x23, 0xf0, 0x00, 0xbb, 0xaa, 0x8d, 0xd1, 0xa7, 0x77, 0x77, 0x8d
    dc.b    0x77, 0xcc, 0xcc, 0xad, 0x7c, 0xcc, 0xcc, 0x78, 0x77, 0xcc, 0xc7, 0xab, 0xa7, 0x77, 0x7a, 0xbb
    dc.b    0xbb, 0xab, 0xab, 0xb8, 0xaa, 0xaa, 0x51, 0x0d, 0xb8, 0x8d, 0x77, 0xcc, 0x7b, 0xbd, 0x7c, 0xcc
    dc.b    0xc7, 0xa8, 0xf0, 0x00, 0xa7, 0xcc, 0xc7, 0xa8, 0x8b, 0xbb, 0x88, 0x85, 0x7c, 0xcc, 0xcc, 0xad
    dc.b    0xcc, 0xcc, 0xc7, 0x78, 0xc7, 0x77, 0x77, 0xa8, 0x7a, 0xab, 0xbb, 0xbd, 0xaa, 0xa7, 0x77, 0x77
    dc.b    0xcc, 0xcc, 0x10, 0x01, 0xc7, 0x77, 0xc7, 0x20, 0x82, 0x00, 0xbb, 0xb3, 0x88, 0x89, 0x99, 0x55
    dc.b    0x62, 0x11, 0x11, 0x35, 0x55, 0x56, 0x32, 0x11, 0x55, 0x55, 0xf0, 0x00, 0x99, 0xd5, 0x55, 0x5d
    dc.b    0x93, 0x22, 0x22, 0x22, 0x96, 0x32, 0x22, 0x21, 0x99, 0x99, 0x99, 0x99, 0x11, 0x44, 0x41, 0x11
    dc.b    0x14, 0x44, 0x41, 0x11, 0x44, 0x12, 0x32, 0x63, 0x44, 0x42, 0x71, 0x03, 0x32, 0x16, 0x14, 0x41
    dc.b    0x23, 0x12, 0xd1, 0x41, 0x23, 0x11, 0xd1, 0x44, 0x23, 0x11, 0xf0, 0x00, 0xd2, 0x13, 0x28, 0x88
    dc.b    0x63, 0x33, 0x8c, 0x78, 0x63, 0x38, 0xca, 0x87, 0x63, 0x68, 0xca, 0xa5, 0x66, 0x68, 0x7a, 0x58
    dc.b    0x66, 0x55, 0xb5, 0x88, 0x55, 0xd5, 0x5d, 0x8d, 0xdd, 0x85, 0xf2, 0x38, 0xdd, 0xdd, 0x88, 0x88
    dc.b    0x5d, 0xdd, 0x88, 0xdd, 0xd5, 0x55, 0xdd, 0xdd, 0xd5, 0x52, 0xdd, 0xd5, 0x53, 0x14, 0xa5, 0x55
    dc.b    0x24, 0x44, 0xb6, 0x66, 0x33, 0x36, 0x21, 0x11, 0x11, 0x23, 0xd1, 0x3f, 0x55, 0x53, 0x29, 0x55
    dc.b    0x55, 0x11, 0x55, 0x55, 0x52, 0x12, 0x55, 0x59, 0x33, 0x22, 0x96, 0x31, 0x11, 0x44, 0x21, 0x11
    dc.b    0x11, 0x11, 0x11, 0x11, 0x12, 0x39, 0xf0, 0x00, 0x23, 0x69, 0x99, 0x66, 0x23, 0x69, 0x96, 0x63
    dc.b    0x44, 0x3d, 0xac, 0xc7, 0x14, 0x3b, 0xdd, 0xdd, 0x64, 0x43, 0xa7, 0x88, 0x61, 0x44, 0x37, 0x8b
    dc.b    0x16, 0x44, 0x3a, 0x8b, 0x26, 0x44, 0xf0, 0x00, 0x1a, 0xba, 0x8a, 0x84, 0x1a, 0xb7, 0x7c, 0xc8
    dc.b    0x17, 0xb7, 0xcc, 0xcb, 0x87, 0xb7, 0x55, 0xcc, 0x77, 0xb7, 0x8d, 0x5c, 0xca, 0xb7, 0xdd, 0xd5
    dc.b    0x8b, 0xbb, 0xdd, 0x58, 0x18, 0x88, 0xf0, 0x00, 0xd5, 0x81, 0x1a, 0xa8, 0x58, 0x11, 0x2a, 0x8d
    dc.b    0x26, 0x14, 0x18, 0xdd, 0x46, 0x44, 0x1d, 0xdd, 0x46, 0x44, 0x1d, 0x31, 0x46, 0x44, 0x33, 0x00
    dc.b    0x66, 0x44, 0x00, 0x00, 0x65, 0x55, 0xf0, 0x00, 0x11, 0x00, 0x55, 0x11, 0x23, 0x30, 0x11, 0x13
    dc.b    0x32, 0x21, 0x12, 0x31, 0x44, 0x44, 0x33, 0x44, 0x44, 0x39, 0x44, 0x41, 0x39, 0x93, 0x41, 0x39
    dc.b    0x92, 0x14, 0x39, 0x93, 0x21, 0x44, 0x30, 0x01, 0x96, 0x32, 0x11, 0x44, 0x63, 0x22, 0xfc, 0x4c
    dc.b    0xf0, 0x00, 0x32, 0x22, 0x22, 0x11, 0xdd, 0x13, 0x11, 0x00, 0x8d, 0x13, 0x14, 0x30, 0x8d, 0x21
    dc.b    0x34, 0x20, 0xbd, 0x31, 0x31, 0x20, 0xad, 0x31, 0x31, 0x30, 0x7d, 0x91, 0x32, 0x00, 0x78, 0xd1
    dc.b    0xf0, 0x00, 0x33, 0x00, 0x78, 0xd1, 0x7c, 0xb0, 0x7b, 0xd1, 0xcc, 0xca, 0x78, 0xd1, 0xcc, 0x55
    dc.b    0xb8, 0xd1, 0xc5, 0xad, 0x8d, 0xd1, 0xa5, 0x7d, 0x8d, 0x61, 0xb5, 0xab, 0xdd, 0x31, 0xb5, 0x5d
    dc.b    0x50, 0x09, 0xdd, 0x11, 0x88, 0x58, 0xd1, 0x10, 0xdd, 0xdd, 0x11, 0x00, 0x7e, 0xd5, 0x70, 0x01
    dc.b    0x20, 0x00, 0x00, 0x00, 0x11, 0x10, 0x00, 0x00, 0x99, 0x93, 0x00, 0x00, 0x22, 0x29, 0xc6, 0xc2
    dc.b    0x40, 0x01, 0x44, 0x44, 0x12, 0x00, 0x44, 0x44, 0x41, 0x23, 0xf1, 0x47, 0x20, 0x01, 0x44, 0x44
    dc.b    0x11, 0x44, 0xf4, 0xba, 0x0d, 0x00, 0xf0, 0x00, 0x00, 0x07, 0x70, 0x00, 0xd7, 0xcc, 0x7a, 0x00
    dc.b    0x7c, 0xc8, 0xdc, 0xc0, 0x78, 0x8a, 0xcc, 0x70, 0xda, 0x7c, 0x8d, 0x7a, 0xdb, 0x88, 0xac, 0xcc
    dc.b    0xbd, 0x77, 0xc8, 0xd7, 0x8b, 0xd8, 0x30, 0x16, 0x8a, 0x7a, 0x00, 0xda, 0x7a, 0x00, 0x7e, 0x87
    dc.b    0x00, 0x01, 0xd4, 0x03, 0x2f, 0x14, 0x00, 0x00, 0x42, 0x30, 0x60, 0x01, 0x00, 0x03, 0x00, 0x00
    dc.b    0x33, 0x21, 0x00, 0x22, 0x14, 0x41, 0x22, 0x11, 0xd3, 0xde, 0x84, 0x15, 0x44, 0x22, 0x21, 0x11
    dc.b    0x44, 0x44, 0x12, 0x22, 0xdd, 0x14, 0x44, 0x12, 0x88, 0xdd, 0x11, 0x44, 0x32, 0x01, 0x00, 0x0e
    dc.b    0x00, 0x00, 0x0e, 0xee, 0xa1, 0x01, 0xee, 0xee, 0x03, 0x2e, 0xee, 0xef, 0x61, 0xee, 0xee, 0xee
    dc.b    0x6e, 0xe3, 0xee, 0xee, 0x61, 0x11, 0xe8, 0xef, 0x26, 0x11, 0x91, 0x1c, 0x28, 0xef, 0x12, 0x61
    dc.b    0x13, 0xef, 0x12, 0x66, 0x11, 0xee, 0x22, 0x26, 0x11, 0x1e, 0x23, 0x22, 0x61, 0x43, 0x22, 0x00
    dc.b    0x0e, 0xee, 0xee, 0xee, 0xf0, 0x00, 0xef, 0xee, 0xee, 0xee, 0xee, 0xfe, 0xee, 0xee, 0xfe, 0xfc
    dc.b    0xff, 0xcc, 0xfe, 0xfc, 0xef, 0xff, 0xef, 0xcf, 0xee, 0xee, 0xff, 0xfe, 0xfe, 0x85, 0xee, 0xbe
    dc.b    0xfe, 0xbb, 0x55, 0xee, 0xa3, 0x3e, 0xfe, 0xac, 0xc5, 0x58, 0xee, 0xa7, 0x7a, 0x85, 0xea, 0x7c
    dc.b    0xc7, 0xb8, 0xda, 0x77, 0x7a, 0xb8, 0xda, 0x77, 0x8b, 0x8d, 0x00, 0x03, 0xd1, 0xc6, 0xf0, 0x00
    dc.b    0x00, 0x00, 0xee, 0xff, 0xee, 0x00, 0xee, 0xef, 0xff, 0xe0, 0xee, 0xee, 0xfc, 0xfe, 0xeb, 0xee
    dc.b    0xff, 0xce, 0x77, 0xbe, 0xef, 0xce, 0x77, 0xab, 0xef, 0xfe, 0xaa, 0xb8, 0xef, 0xee, 0x77, 0x77
    dc.b    0x85, 0x50, 0xee, 0xe0, 0xad, 0x0e, 0xee, 0x00, 0x7d, 0x30, 0x00, 0x00, 0xd1, 0x13, 0x90, 0x00
    dc.b    0x00, 0x22, 0x00, 0x00, 0x02, 0x24, 0x00, 0x02, 0x14, 0x44, 0x02, 0x11, 0xdd, 0xdd, 0x21, 0xdd
    dc.b    0x88, 0xbb, 0x00, 0x00, 0x00, 0x00
spr_ken_300_animation0_frame0_tileset_data_size = .-spr_ken_300_animation0_frame0_tileset_data

    .align  2
spr_ken_300_animation0_frame1_tileset_data:
    dc.b    0x00, 0x02, 0xe2, 0x89, 0xc2, 0x01, 0x00, 0x00, 0x32, 0x22, 0x00, 0x03, 0x21, 0x11, 0xbb, 0x31
    dc.b    0x11, 0x11, 0xa3, 0x21, 0x11, 0x11, 0xa2, 0x22, 0x22, 0x11, 0xa2, 0x22, 0x22, 0x22, 0x21, 0x01
    dc.b    0x22, 0x23, 0xb2, 0x22, 0x42, 0x01, 0x22, 0x33, 0x82, 0x22, 0x22, 0x32, 0x83, 0x22, 0xc0, 0x01
    dc.b    0xd6, 0x22, 0x22, 0x62, 0x88, 0x32, 0x22, 0x63, 0xb8, 0x82, 0x22, 0x26, 0x88, 0x83, 0x22, 0x26
    dc.b    0x88, 0x86, 0x32, 0x23, 0x00, 0x09, 0x33, 0x33, 0xc4, 0x7d, 0xf0, 0x00, 0x22, 0x22, 0x00, 0x92
    dc.b    0x11, 0x11, 0x00, 0x92, 0x11, 0x16, 0x00, 0x09, 0x63, 0x36, 0x00, 0x00, 0x99, 0x99, 0x00, 0x09
    dc.b    0x95, 0x96, 0x00, 0x09, 0x33, 0x55, 0x00, 0x99, 0x31, 0x11, 0xf0, 0x00, 0x09, 0x63, 0x63, 0x11
    dc.b    0x09, 0x32, 0x33, 0x32, 0x00, 0x63, 0x33, 0xee, 0x22, 0x22, 0x22, 0x22, 0x11, 0x11, 0x23, 0x99
    dc.b    0x11, 0x12, 0x33, 0x21, 0x12, 0x23, 0x33, 0x33, 0x11, 0x23, 0x71, 0x01, 0x32, 0x22, 0x22, 0x32
    dc.b    0x22, 0x22, 0x23, 0x22, 0x22, 0x11, 0x32, 0x22, 0x22, 0x22, 0x00, 0x0f, 0x00, 0x00, 0xf0, 0x00
    dc.b    0x22, 0x23, 0x63, 0x33, 0x33, 0x33, 0x36, 0x33, 0x33, 0x32, 0x36, 0x33, 0x32, 0x22, 0x26, 0x21
    dc.b    0x11, 0x11, 0x61, 0x11, 0x11, 0x12, 0x11, 0x11, 0x22, 0x32, 0x33, 0x36, 0x33, 0x21, 0xf0, 0x00
    dc.b    0x66, 0x62, 0x21, 0x11, 0x33, 0x11, 0x12, 0x22, 0x55, 0x99, 0x63, 0x33, 0x95, 0x55, 0x55, 0x55
    dc.b    0x11, 0x16, 0x95, 0x55, 0x21, 0x11, 0x11, 0x11, 0xe8, 0xef, 0xe8, 0xee, 0x21, 0x1e, 0xd1, 0x4c
    dc.b    0xe8, 0xef, 0x96, 0x31, 0x1e, 0xef, 0x11, 0x26, 0x61, 0xee, 0x33, 0x11, 0x16, 0x18, 0x22, 0x33
    dc.b    0x33, 0x36, 0x21, 0x11, 0x44, 0x44, 0x11, 0x11, 0x11, 0x11, 0xf0, 0x00, 0x22, 0x21, 0x11, 0x13
    dc.b    0x22, 0x11, 0x13, 0xd8, 0x21, 0x11, 0x2d, 0x88, 0x21, 0x12, 0x3d, 0x88, 0x21, 0x12, 0xd8, 0xb8
    dc.b    0x21, 0x13, 0xdb, 0xaa, 0x21, 0x13, 0xda, 0x77, 0x21, 0x13, 0xf0, 0x00, 0xd7, 0x77, 0x22, 0x13
    dc.b    0xda, 0x77, 0x33, 0x26, 0xdb, 0x77, 0x32, 0x26, 0xad, 0xba, 0x22, 0x26, 0xad, 0xda, 0x22, 0x23
    dc.b    0x66, 0xd8, 0x12, 0x11, 0x36, 0x68, 0x21, 0x11, 0x12, 0x38, 0x30, 0x02, 0x11, 0x11, 0x22, 0x33
    dc.b    0x11, 0x22, 0xd5, 0x3a, 0xf0, 0x00, 0x33, 0x22, 0x33, 0x32, 0x22, 0x11, 0x96, 0x32, 0x22, 0x11
    dc.b    0x55, 0x55, 0x55, 0x59, 0x11, 0x11, 0x14, 0x44, 0xfc, 0xea, 0x77, 0xad, 0xcf, 0xab, 0xc7, 0x77
    dc.b    0xee, 0xaa, 0x77, 0xdd, 0xf0, 0x00, 0x88, 0xaa, 0xbd, 0xd0, 0x8d, 0xda, 0x77, 0xd0, 0x69, 0x9d
    dc.b    0xdd, 0x00, 0x44, 0x41, 0x23, 0x00, 0x14, 0x44, 0x44, 0x42, 0x13, 0x33, 0x33, 0x14, 0xdd, 0xdd
    dc.b    0xdd, 0xd3, 0x88, 0xba, 0x51, 0x01, 0x77, 0xb8, 0xbb, 0xa7, 0xcc, 0xca, 0xba, 0x7c, 0xcc, 0xc7
    dc.b    0xf0, 0x00, 0xbb, 0xa7, 0x77, 0xaa, 0xab, 0xaa, 0xaa, 0xb8, 0xaa, 0xbb, 0xba, 0xa7, 0x7a, 0xaa
    dc.b    0x77, 0xcc, 0xab, 0xa7, 0x7c, 0xcc, 0xbb, 0xaa, 0x7c, 0xcc, 0xba, 0xaa, 0x77, 0xcc, 0xba, 0x7a
    dc.b    0xf0, 0x00, 0x77, 0x77, 0xbb, 0x7a, 0xaa, 0xab, 0xbb, 0xa7, 0xaa, 0xbb, 0x8b, 0xa7, 0x77, 0x77
    dc.b    0x38, 0xba, 0xa7, 0x77, 0x22, 0x8b, 0xba, 0xa7, 0x11, 0x18, 0x8b, 0xba, 0x11, 0x11, 0x08, 0x88
    dc.b    0x51, 0xfd, 0x11, 0x10, 0x00, 0x00, 0x66, 0x00, 0x00, 0x00, 0x43, 0x60, 0x10, 0x01, 0x09, 0x22
    dc.b    0xf3, 0x65, 0x10, 0x01, 0x09, 0x93, 0xfb, 0xee, 0x07, 0x01, 0x12, 0x01, 0x00, 0x96, 0x10, 0x03
    dc.b    0x00, 0x93, 0xfc, 0xa5, 0x03, 0x01, 0x10, 0x01, 0x96, 0x63, 0xcf, 0xaa, 0x12, 0x03, 0x96, 0x32
    dc.b    0xb0, 0x01, 0x96, 0x33, 0x00, 0x09, 0x99, 0x66, 0x00, 0x99, 0x93, 0x21, 0x06, 0x33, 0x36, 0x66
    dc.b    0x32, 0x44, 0x42, 0x23, 0x14, 0x44, 0x44, 0x41, 0xea, 0xa9, 0x10, 0x01, 0x41, 0x11, 0xda, 0xeb
    dc.b    0x01, 0xc9, 0x13, 0xd9, 0x12, 0x22, 0x11, 0xee, 0x23, 0x33, 0xf0, 0x00, 0x22, 0x23, 0x22, 0x22
    dc.b    0x22, 0x29, 0x32, 0x22, 0x22, 0x39, 0x93, 0x22, 0x22, 0x96, 0x69, 0x93, 0x29, 0x63, 0x63, 0x29
    dc.b    0x99, 0x62, 0x32, 0x26, 0x63, 0x32, 0x32, 0x66, 0x33, 0x22, 0x31, 0xa0, 0x23, 0x63, 0x32, 0x22
    dc.b    0x26, 0x33, 0x21, 0xa2, 0x22, 0x22, 0x33, 0x22, 0x01, 0x1a, 0x21, 0x04, 0x33, 0x32, 0x22, 0x23
    dc.b    0x30, 0x01, 0x33, 0x22, 0x33, 0x33, 0x32, 0x21, 0xc6, 0xe6, 0x00, 0x01, 0xc1, 0x6d, 0x70, 0x01
    dc.b    0x12, 0x32, 0x14, 0x42, 0x21, 0x11, 0x41, 0x33, 0x32, 0x21, 0x23, 0x32, 0x23, 0x22, 0xcd, 0x33
    dc.b    0x11, 0x37, 0x22, 0x32, 0xf0, 0x00, 0x22, 0x33, 0x22, 0x22, 0x33, 0x33, 0x22, 0x33, 0x33, 0x39
    dc.b    0x23, 0x33, 0x23, 0x90, 0x33, 0x32, 0x39, 0x00, 0x39, 0x92, 0x11, 0x11, 0x96, 0x92, 0x22, 0x22
    dc.b    0x63, 0x69, 0x22, 0x21, 0x11, 0x01, 0x33, 0x69, 0x21, 0x01, 0x32, 0x21, 0x23, 0x69, 0xa0, 0x01
    dc.b    0x92, 0x21, 0x22, 0x36, 0x93, 0x21, 0x22, 0x36, 0x93, 0x22, 0x22, 0x33, 0x99, 0x99, 0x23, 0x22
    dc.b    0x12, 0x22, 0x32, 0x21, 0xc4, 0x7b, 0xf0, 0x00, 0x22, 0x11, 0x12, 0x23, 0x21, 0x11, 0x22, 0x26
    dc.b    0x14, 0x12, 0x22, 0x29, 0x14, 0x12, 0x22, 0x39, 0x41, 0x22, 0x21, 0x69, 0x42, 0x22, 0x13, 0x96
    dc.b    0x22, 0x21, 0x16, 0x99, 0x22, 0x24, 0xf0, 0x00, 0x39, 0x99, 0x32, 0x41, 0x69, 0x99, 0x21, 0x43
    dc.b    0x90, 0x09, 0x14, 0x29, 0x00, 0x99, 0x12, 0x69, 0x00, 0x96, 0x23, 0x90, 0x09, 0x63, 0x36, 0x90
    dc.b    0x09, 0x33, 0x39, 0x00, 0x96, 0x32, 0xf0, 0x00, 0x90, 0x00, 0x93, 0x32, 0x00, 0x00, 0x93, 0x33
    dc.b    0x00, 0x09, 0x63, 0x32, 0x00, 0x09, 0x32, 0x21, 0x11, 0x11, 0x26, 0x30, 0x22, 0x23, 0x63, 0x23
    dc.b    0x12, 0x33, 0x33, 0x11, 0x44, 0x41, 0x11, 0x01, 0x22, 0x11, 0xf0, 0x00, 0x44, 0x42, 0x22, 0x19
    dc.b    0x41, 0x12, 0x33, 0x92, 0x11, 0x26, 0x99, 0x22, 0x36, 0x99, 0x92, 0x22, 0x99, 0x99, 0x63, 0x22
    dc.b    0x39, 0x93, 0x63, 0x22, 0x69, 0x33, 0x36, 0x22, 0x96, 0x33, 0xf0, 0x00, 0x23, 0x32, 0x93, 0x33
    dc.b    0x22, 0x32, 0x93, 0x33, 0x31, 0x22, 0x63, 0x33, 0x32, 0x12, 0x66, 0x33, 0x32, 0x11, 0x66, 0x33
    dc.b    0x33, 0x21, 0x66, 0x63, 0x33, 0x21, 0x96, 0x66, 0x33, 0x31, 0x81, 0x30, 0x99, 0x96, 0x66, 0x33
    dc.b    0x66, 0x63, 0x32, 0x11, 0x99, 0x96, 0x66, 0x66, 0x63, 0x33, 0x32, 0x22, 0x00, 0x01, 0xfd, 0x35
    dc.b    0x21, 0x82, 0x11, 0x23, 0x21, 0x11, 0x23, 0x09, 0x22, 0x21, 0x33, 0x22, 0x20, 0x18, 0x11, 0x12
    dc.b    0x00, 0x00, 0x00, 0x00, 0x00, 0x01, 0xfd, 0xd9, 0x10, 0x01, 0x00, 0x00, 0xd7, 0x72, 0x00, 0x02
    dc.b    0xcf, 0x60, 0x21, 0x01, 0x0e, 0xee, 0xef, 0xee, 0x60, 0x18, 0xee, 0xee, 0xff, 0xee, 0xee, 0x8e
    dc.b    0xfe, 0x8e, 0x22, 0x11, 0xee, 0x8e, 0x7f, 0xd2, 0xf0, 0x00, 0xee, 0xe0, 0x00, 0x00, 0xff, 0xff
    dc.b    0xee, 0xe0, 0xee, 0xff, 0xfc, 0xce, 0xee, 0xee, 0xef, 0xfc, 0xee, 0xee, 0xcf, 0xef, 0xff, 0xfc
    dc.b    0xfe, 0xee, 0xee, 0xff, 0xee, 0x8e, 0xee, 0xee, 0x70, 0x19, 0xb8, 0x55, 0xef, 0xfe, 0xeb, 0xc5
    dc.b    0xef, 0xce, 0xa7, 0x7a, 0xfc, 0xfa, 0xbc, 0x77, 0x7f, 0xa1, 0x02, 0x00, 0x11, 0x60, 0xee, 0x00
    dc.b    0xf0, 0x00, 0x00, 0x00, 0xfe, 0xff, 0xe0, 0x00, 0xfb, 0xef, 0xe0, 0x00, 0xe8, 0xee, 0xe0, 0x00
    dc.b    0xe8, 0x8e, 0xe0, 0x00, 0x55, 0xee, 0x00, 0x00, 0xdd, 0x00, 0x00, 0x00, 0x7d, 0x00, 0x00, 0x00
    dc.b    0xf0, 0x00, 0x14, 0x40, 0x00, 0x00, 0xd3, 0x11, 0x00, 0x00, 0xb8, 0x34, 0x30, 0x00, 0xca, 0x84
    dc.b    0x20, 0x00, 0xc7, 0xb4, 0x10, 0x00, 0xc7, 0xb4, 0x30, 0x00, 0xaa, 0x81, 0x00, 0x00, 0xb8, 0xd3
    dc.b    0x72, 0x01, 0x00, 0x00, 0xa7, 0x7b, 0x00, 0x00, 0xcc, 0xcc, 0x7b, 0x00, 0xcc, 0xcc, 0xc7, 0xb0
    dc.b    0xf0, 0x00, 0x7a, 0x88, 0x77, 0x7a, 0xb8, 0x8a, 0xab, 0xbb, 0x88, 0xac, 0xbb, 0x88, 0x8a, 0xcc
    dc.b    0x77, 0x7b, 0x87, 0x77, 0x77, 0x77, 0x87, 0x77, 0xa7, 0x77, 0x77, 0x77, 0xba, 0xaa, 0xaa, 0xbb
    dc.b    0x84, 0x46, 0x88, 0xbb, 0xaa, 0xbb, 0x00, 0x88, 0xbb, 0x77, 0x00, 0x00, 0x88, 0xb7, 0x00, 0x00
    dc.b    0x00, 0x88, 0x10, 0x01, 0x00, 0x0a, 0xcf, 0xaa, 0xf0, 0x00, 0x0d, 0xdd, 0x00, 0x00, 0xb7, 0xdb
    dc.b    0x00, 0x00, 0xa7, 0x57, 0x00, 0x00, 0xa7, 0x75, 0x00, 0x00, 0x8b, 0xa5, 0x00, 0x00, 0x05, 0x55
    dc.b    0x00, 0x00, 0x55, 0x5d, 0x00, 0x05, 0x55, 0xd8, 0xf0, 0x00, 0x8a, 0x7c, 0x7d, 0x88, 0xcc, 0xcc
    dc.b    0xc7, 0x8d, 0xcc, 0xcc, 0x7a, 0xb8, 0xcc, 0x77, 0xab, 0x8b, 0x77, 0xaa, 0xb8, 0xb8, 0x7a, 0xbb
    dc.b    0x8b, 0xb8, 0xab, 0x88, 0xbb, 0x88, 0x88, 0xbb, 0x50, 0x03, 0xb8, 0x80, 0xbb, 0xbb, 0x88, 0x00
    dc.b    0x7b, 0x88, 0x80, 0x00, 0xc4, 0x0c, 0x02, 0x00, 0x10, 0x01, 0xaa, 0x00, 0xd5, 0x1d, 0xf0, 0x00
    dc.b    0x7c, 0xcc, 0xb0, 0x00, 0x75, 0x55, 0xcb, 0x00, 0x5d, 0x8d, 0x57, 0x00, 0x58, 0xdd, 0xd5, 0x00
    dc.b    0xd8, 0xdd, 0xd5, 0x00, 0x55, 0xdd, 0x50, 0x00, 0x8d, 0x5d, 0x50, 0x00, 0x8d, 0xd5, 0x82, 0x21
    dc.b    0x00, 0x00, 0xdd, 0xd5, 0x00, 0x00, 0xdd, 0x50, 0x00, 0x00, 0x55, 0x50, 0x00, 0x00, 0x85, 0x00
    dc.b    0x05, 0x23, 0x00, 0x0f, 0x00, 0x00, 0x10, 0x01, 0x00, 0x06, 0xe4, 0xa4, 0xf0, 0x00, 0x03, 0x21
    dc.b    0x00, 0x00, 0x99, 0x22, 0x00, 0x00, 0x98, 0x82, 0x00, 0x08, 0xbb, 0x88, 0x0b, 0x7c, 0xcc, 0x78
    dc.b    0x87, 0xcc, 0xcc, 0xcb, 0x8a, 0x7c, 0xcc, 0xc7, 0x8b, 0xa7, 0xcc, 0x77, 0x41, 0x01, 0x08, 0xba
    dc.b    0x7c, 0x77, 0x08, 0x8b, 0x7c, 0xc7, 0xf0, 0x00, 0x00, 0x87, 0xcc, 0xc7, 0x08, 0xbc, 0xcc, 0xc7
    dc.b    0x08, 0x7c, 0xcc, 0xcb, 0x08, 0x77, 0xcc, 0x7b, 0x08, 0xb7, 0x7c, 0xcc, 0x00, 0x88, 0xb8, 0x77
    dc.b    0x00, 0x00, 0x88, 0x88, 0x00, 0x02, 0xa0, 0x01, 0x14, 0x44, 0x00, 0x21, 0x44, 0x44, 0x03, 0x14
    dc.b    0x44, 0x44, 0x62, 0x24, 0x44, 0x11, 0x32, 0x11, 0x11, 0x11, 0x12, 0x11, 0x7d, 0xe0, 0x10, 0x01
    dc.b    0x11, 0x22, 0x7d, 0xde, 0x50, 0x01, 0x32, 0x23, 0x33, 0x33, 0x83, 0x33, 0x33, 0x33, 0x88, 0x33
    dc.b    0xfb, 0x17, 0x83, 0x61, 0xb8, 0x89, 0x33, 0x22, 0xa8, 0x00, 0x99, 0x22, 0xa8, 0x00, 0x00, 0x93
    dc.b    0xb8, 0x00, 0x00, 0x09, 0x03, 0x63, 0x10, 0x01, 0xc7, 0x00, 0xef, 0xbe, 0x61, 0x03, 0x88, 0x00
    dc.b    0x00, 0x00, 0x93, 0x21, 0x11, 0x11, 0x93, 0x11, 0x11, 0x11, 0xf0, 0x00, 0x09, 0x32, 0x22, 0x22
    dc.b    0x00, 0x93, 0x22, 0x22, 0x00, 0x88, 0x88, 0x33, 0x08, 0x88, 0x88, 0x88, 0x08, 0xbb, 0xbb, 0x88
    dc.b    0x08, 0x77, 0x7a, 0xbb, 0x8b, 0x77, 0x77, 0x77, 0x87, 0xcc, 0x51, 0x0b, 0xc7, 0x7c, 0x8c, 0xcc
    dc.b    0xc7, 0x77, 0x87, 0xcc, 0x7a, 0xbb, 0x11, 0x1e, 0x00, 0x88, 0xf1, 0x10, 0x00, 0x00, 0x11, 0x22
    dc.b    0x23, 0x22, 0x12, 0x22, 0x33, 0x22, 0x22, 0x23, 0x32, 0x22, 0x22, 0x33, 0x32, 0x23, 0x23, 0x33
    dc.b    0x22, 0x23, 0x33, 0x33, 0x22, 0x26, 0x66, 0x33, 0x60, 0x00, 0x30, 0x01, 0xbb, 0x00, 0x00, 0x00
    dc.b    0xcc, 0x7a, 0xdb, 0x89, 0x81, 0x1f, 0xcc, 0xcc, 0xcc, 0x7b, 0xa7, 0xcc, 0xc7, 0x77, 0x88, 0xb7
    dc.b    0x7a, 0x8a, 0x00, 0x88, 0x88, 0x88, 0x12, 0x01, 0x69, 0x00, 0x16, 0x01, 0x90, 0x00, 0x09, 0x00
    dc.b    0x52, 0x5d, 0xbb, 0xb0, 0x00, 0x00, 0x77, 0x78, 0x00, 0x00, 0x77, 0x88, 0x05, 0x00, 0x32, 0x1d
    dc.b    0x30, 0x00, 0x00, 0x00, 0x20, 0x00, 0x30, 0x01, 0x26, 0x00, 0x00, 0x00, 0x13, 0x00, 0xd3, 0xbe
    dc.b    0x10, 0x01, 0x42, 0x30, 0xc6, 0x9e, 0x30, 0x01, 0x14, 0x16, 0x00, 0x00, 0x14, 0x12, 0xda, 0xb0
    dc.b    0xf0, 0x00, 0x21, 0x44, 0x30, 0x00, 0x21, 0x44, 0x16, 0x00, 0x21, 0x14, 0x43, 0x00, 0x22, 0x14
    dc.b    0x42, 0x60, 0x12, 0x11, 0x44, 0x30, 0x11, 0x21, 0x44, 0x26, 0x12, 0x11, 0x14, 0x43, 0x12, 0x11
    dc.b    0xf0, 0x00, 0x14, 0x42, 0x13, 0x32, 0x14, 0x41, 0x99, 0x32, 0x11, 0x21, 0x22, 0x22, 0x11, 0x23
    dc.b    0x12, 0x21, 0x11, 0x36, 0x23, 0x21, 0x13, 0x39, 0x32, 0x12, 0x23, 0x90, 0x11, 0x12, 0x33, 0x90
    dc.b    0x80, 0x01, 0x11, 0x23, 0x29, 0x00, 0x12, 0x32, 0x39, 0x00, 0x23, 0x32, 0x90, 0x00, 0x23, 0x23
    dc.b    0x90, 0x00, 0x7d, 0x41, 0xc4, 0x6d, 0x32, 0x29, 0x33, 0x32, 0x22, 0x90, 0x33, 0x22, 0x29, 0x00
    dc.b    0x32, 0x22, 0x90, 0x00, 0x22, 0x39, 0x00, 0x00, 0x23, 0x90, 0x00, 0x00, 0x39, 0x00, 0x0c, 0x00
    dc.b    0xf0, 0x00, 0x00, 0x0b, 0x00, 0x00, 0x00, 0xa7, 0x00, 0x00, 0x0b, 0xa7, 0x00, 0x00, 0xbb, 0x77
    dc.b    0x00, 0x0b, 0xaa, 0x77, 0x00, 0x07, 0x7a, 0x77, 0x00, 0xbc, 0xc7, 0x77, 0x0b, 0x7c, 0xc7, 0xaa
    dc.b    0xc0, 0x01, 0x0a, 0xcc, 0xc7, 0xab, 0xb7, 0xcc, 0x77, 0xa8, 0xbc, 0xc7, 0x7a, 0x8d, 0x8a, 0x7b
    dc.b    0x88, 0xbb, 0x08, 0xa7, 0x77, 0x7b, 0x00, 0x88, 0x88, 0xbb, 0xc7, 0xd8, 0x10, 0x00, 0x00, 0x00
    dc.b    0x00, 0x00, 0x00, 0x00
spr_ken_300_animation0_frame1_tileset_data_size = .-spr_ken_300_animation0_frame1_tileset_data

    .align  2
spr_ken_300_animation0_frame2_tileset_data:
    dc.b    0x1f, 0x00, 0x00, 0x00, 0x30, 0x01, 0x00, 0xef, 0x00, 0x00, 0x0e, 0xec, 0xe1, 0xf5, 0x32, 0x01
    dc.b    0xee, 0xff, 0x00, 0x00, 0xee, 0xfe, 0x13, 0x01, 0xee, 0xee, 0x41, 0x01, 0x00, 0x0e, 0xef, 0xee
    dc.b    0x00, 0x0f, 0xef, 0xfe, 0x8b, 0x2a, 0x00, 0x0e, 0x2f, 0xee, 0x00, 0x09, 0x9e, 0x99, 0x03, 0x11
    dc.b    0x11, 0x11, 0x33, 0x32, 0x22, 0x22, 0xf0, 0x00, 0x00, 0xee, 0xee, 0xee, 0xef, 0xff, 0xfe, 0xee
    dc.b    0xcf, 0xfe, 0xee, 0xee, 0xff, 0xef, 0xff, 0xfe, 0xff, 0xcf, 0xfe, 0xee, 0xfc, 0xce, 0xee, 0xee
    dc.b    0xec, 0xff, 0xef, 0xff, 0xef, 0xef, 0x41, 0x00, 0xcc, 0xcf, 0xef, 0xee, 0xff, 0xee, 0xee, 0xee
    dc.b    0x41, 0x01, 0xee, 0xef, 0xee, 0xee, 0xfe, 0xef, 0xef, 0xee, 0xf0, 0x00, 0xfe, 0xfe, 0x1f, 0xea
    dc.b    0xee, 0xbe, 0x9e, 0xe1, 0xe1, 0x1e, 0x29, 0x91, 0x11, 0x23, 0x23, 0x36, 0x66, 0x66, 0x00, 0x08
    dc.b    0xab, 0xaa, 0x00, 0x08, 0xab, 0xba, 0x00, 0x08, 0xbb, 0xbb, 0x41, 0x01, 0x00, 0x08, 0x8b, 0xb8
    dc.b    0x00, 0x00, 0x88, 0xbb, 0xf0, 0x00, 0xe0, 0x08, 0x8b, 0xb8, 0xee, 0xee, 0x8b, 0xbb, 0xee, 0xee
    dc.b    0xe8, 0xba, 0xee, 0xee, 0xe8, 0xaa, 0xef, 0xeb, 0xe8, 0xaa, 0xff, 0xe8, 0xb8, 0xbb, 0xfe, 0xe8
    dc.b    0x88, 0x8b, 0xee, 0xed, 0xf0, 0x00, 0x8b, 0xaa, 0xee, 0xdd, 0x8b, 0xa7, 0xfe, 0xd6, 0x63, 0x22
    dc.b    0xfe, 0x66, 0x32, 0x21, 0xfd, 0x36, 0x63, 0x22, 0xe8, 0x16, 0x33, 0x33, 0xe4, 0x16, 0x22, 0x23
    dc.b    0xe4, 0x26, 0x11, 0x22, 0x91, 0x01, 0x42, 0x62, 0x14, 0x41, 0x66, 0x32, 0x14, 0x44, 0x32, 0x62
    dc.b    0x11, 0x44, 0x77, 0x77, 0xcc, 0x70, 0xa7, 0x77, 0xf0, 0x00, 0xcc, 0xab, 0xba, 0x77, 0xc7, 0xab
    dc.b    0x8a, 0xa7, 0x77, 0xab, 0x8a, 0xa7, 0x77, 0xbb, 0xaa, 0x7c, 0xc7, 0xb0, 0xa7, 0xcc, 0xcc, 0xb0
    dc.b    0x77, 0xcc, 0xcc, 0xa0, 0x77, 0xcc, 0xcc, 0x70, 0xf0, 0x00, 0x77, 0xcc, 0xcc, 0x7b, 0xa7, 0x7c
    dc.b    0xcc, 0x7b, 0xa7, 0x77, 0xcc, 0x7b, 0x77, 0x77, 0xa7, 0xab, 0x7c, 0xc7, 0xaa, 0xb0, 0x7c, 0xcc
    dc.b    0x7b, 0xb0, 0x12, 0x7c, 0xca, 0xb0, 0x11, 0x17, 0xd0, 0x01, 0x7a, 0xb0, 0x22, 0x12, 0xaa, 0xb0
    dc.b    0x32, 0x11, 0x3b, 0xb0, 0x33, 0x21, 0x2b, 0x00, 0x23, 0x21, 0x1b, 0x00, 0x12, 0x24, 0x16, 0x00
    dc.b    0x42, 0x24, 0x13, 0x00, 0xf9, 0x7a, 0x14, 0x01, 0x09, 0x61, 0x90, 0x01, 0x09, 0x92, 0x00, 0x00
    dc.b    0x09, 0x99, 0x00, 0x00, 0x09, 0x33, 0x00, 0x00, 0x96, 0x32, 0x00, 0x00, 0x93, 0x21, 0xd1, 0xb7
    dc.b    0x01, 0x01, 0x14, 0x01, 0x92, 0x11, 0x41, 0x01, 0x92, 0x22, 0x00, 0x00, 0x96, 0x33, 0x00, 0x09
    dc.b    0x90, 0x01, 0x63, 0x21, 0x00, 0x09, 0x31, 0x11, 0x00, 0x09, 0x13, 0x66, 0x00, 0x09, 0x96, 0x31
    dc.b    0x00, 0x99, 0x61, 0x12, 0xc0, 0x5d, 0xf0, 0x00, 0x32, 0x21, 0x33, 0x21, 0x11, 0x16, 0x12, 0x33
    dc.b    0x32, 0x11, 0x11, 0x11, 0x23, 0x33, 0x11, 0x11, 0x44, 0x41, 0x11, 0x11, 0x44, 0x44, 0x93, 0x32
    dc.b    0x11, 0x14, 0x39, 0x99, 0x99, 0x62, 0x50, 0x01, 0x22, 0x23, 0x36, 0x99, 0x11, 0x12, 0x22, 0x33
    dc.b    0x11, 0x11, 0xcd, 0xdb, 0x24, 0x01, 0x11, 0x11, 0x11, 0x12, 0x00, 0x01, 0xcc, 0xfc, 0xf0, 0x00
    dc.b    0x33, 0x33, 0x21, 0x11, 0x11, 0x44, 0x12, 0x21, 0x11, 0x11, 0x44, 0x12, 0x33, 0x22, 0x21, 0x41
    dc.b    0x14, 0x41, 0x12, 0x44, 0x33, 0x32, 0x11, 0x24, 0x22, 0x23, 0x31, 0x31, 0x14, 0x41, 0x52, 0x15
    dc.b    0x12, 0x12, 0x95, 0x55, 0x55, 0x96, 0x11, 0x11, 0x11, 0x44, 0xe1, 0x01, 0x22, 0x22, 0x41, 0x22
    dc.b    0x22, 0x22, 0x44, 0x41, 0x12, 0x22, 0x24, 0x44, 0x11, 0x12, 0x99, 0x99, 0x99, 0x99, 0x36, 0x66
    dc.b    0x99, 0x99, 0x33, 0x36, 0x69, 0x99, 0x23, 0x33, 0x71, 0x01, 0x69, 0x90, 0x22, 0x33, 0x39, 0x90
    dc.b    0x22, 0x33, 0x69, 0xbb, 0x22, 0x33, 0x9a, 0xaa, 0xf0, 0x00, 0x22, 0x36, 0x9a, 0xaa, 0x22, 0x39
    dc.b    0x0b, 0xaa, 0x22, 0x39, 0x08, 0xbb, 0x23, 0x69, 0x08, 0xbb, 0x23, 0x90, 0x8b, 0xbb, 0x26, 0x90
    dc.b    0xba, 0xaa, 0x39, 0x90, 0xaa, 0xaa, 0x69, 0x00, 0x80, 0x01, 0xaa, 0xaa, 0x33, 0x14, 0x42, 0x32
    dc.b    0x44, 0x42, 0x23, 0x22, 0x11, 0x22, 0x22, 0x21, 0x22, 0x22, 0xca, 0x35, 0xf0, 0x00, 0x22, 0x22
    dc.b    0x22, 0x39, 0x23, 0x66, 0x99, 0x96, 0x99, 0x99, 0x66, 0x66, 0x99, 0x96, 0x69, 0x99, 0x99, 0x99
    dc.b    0x93, 0x22, 0x00, 0x32, 0x22, 0x11, 0x03, 0x69, 0x99, 0x11, 0xa7, 0x7a, 0xf0, 0x00, 0xb8, 0x83
    dc.b    0xbb, 0x7c, 0xca, 0x88, 0xab, 0x7c, 0xcc, 0x88, 0xab, 0x7c, 0xc7, 0xb8, 0xab, 0x77, 0x77, 0xb8
    dc.b    0xbb, 0x77, 0x7a, 0xb8, 0xba, 0x77, 0xab, 0xdd, 0xba, 0x77, 0xad, 0x99, 0xc0, 0x01, 0xbb, 0xc7
    dc.b    0xb9, 0x99, 0xbb, 0xcc, 0xb3, 0x99, 0xaa, 0xcc, 0x06, 0x22, 0xaa, 0xcc, 0x00, 0x99, 0x00, 0x00
    dc.b    0x00, 0x08, 0x00, 0x00, 0x00, 0x8c, 0xc3, 0xc6, 0x70, 0x01, 0x8a, 0x57, 0x00, 0x00, 0xa5, 0xd5
    dc.b    0x00, 0x00, 0x55, 0xdd, 0x00, 0x00, 0x55, 0x5d, 0xfd, 0x68, 0x32, 0x01, 0x05, 0xdd, 0x00, 0x00
    dc.b    0x05, 0x5d, 0x32, 0x15, 0x05, 0x58, 0x00, 0x00, 0x05, 0xbc, 0x07, 0x01, 0x10, 0x01, 0x08, 0xba
    dc.b    0xcd, 0xf2, 0x12, 0x29, 0x00, 0x8b, 0x02, 0x00, 0xf0, 0x00, 0xca, 0x00, 0x00, 0x00, 0xbc, 0xb0
    dc.b    0x00, 0x00, 0x8d, 0xda, 0xca, 0x03, 0xc7, 0xdd, 0xcc, 0xd2, 0x77, 0xda, 0xac, 0xdd, 0x5a, 0x5a
    dc.b    0xa0, 0xd8, 0xd5, 0xaa, 0xb0, 0xdb, 0x55, 0x58, 0xc1, 0x01, 0x00, 0xdb, 0xd8, 0xd5, 0x00, 0x88
    dc.b    0xd8, 0xd5, 0xdb, 0xa8, 0xdd, 0xdd, 0xa7, 0xcc, 0xba, 0x8b, 0xcc, 0xcc, 0x7b, 0x8a, 0xcc, 0xcc
    dc.b    0x78, 0xb7, 0xf0, 0x00, 0x7c, 0xcc, 0x78, 0xba, 0x77, 0xc7, 0xa8, 0x8b, 0xa7, 0x77, 0x7b, 0x88
    dc.b    0xaa, 0xab, 0x77, 0x77, 0xcc, 0x77, 0x7c, 0xcc, 0xc7, 0xaa, 0x7c, 0xc7, 0xab, 0xb8, 0xb7, 0x77
    dc.b    0xa8, 0x80, 0x10, 0x01, 0x88, 0x88, 0xc1, 0x53, 0xf0, 0x00, 0x00, 0x32, 0x22, 0x21, 0x32, 0x11
    dc.b    0x11, 0x44, 0x28, 0x8b, 0xb8, 0xdd, 0xdb, 0x7c, 0xcc, 0xca, 0xb7, 0x7c, 0xcc, 0xcc, 0xa7, 0x7c
    dc.b    0xcc, 0xcc, 0xa7, 0x77, 0xcc, 0xc7, 0xba, 0xa7, 0xf0, 0x00, 0x77, 0x77, 0xba, 0xaa, 0xaa, 0xaa
    dc.b    0xbb, 0xba, 0xab, 0xbb, 0x7a, 0xab, 0xbb, 0xb8, 0xc7, 0xaa, 0xab, 0xbb, 0xc7, 0xab, 0xa7, 0x7a
    dc.b    0xc7, 0x7b, 0x77, 0xbd, 0x77, 0xab, 0x7b, 0xda, 0xb0, 0x02, 0x7a, 0xb7, 0xa8, 0xdb, 0xab, 0xba
    dc.b    0xbd, 0xdd, 0xb7, 0xa8, 0xdd, 0x32, 0x7b, 0x88, 0x00, 0x92, 0x88, 0x80, 0x00, 0x09, 0x80, 0x00
    dc.b    0xc6, 0x00, 0x11, 0x01, 0x09, 0x63, 0xf0, 0x00, 0x14, 0x11, 0x11, 0x11, 0x44, 0x44, 0x44, 0x44
    dc.b    0x34, 0x44, 0x44, 0x44, 0xdd, 0x44, 0x44, 0x41, 0xad, 0x34, 0x44, 0x11, 0x78, 0xd4, 0x41, 0x11
    dc.b    0x7b, 0xd1, 0x11, 0x11, 0xab, 0xd1, 0xf0, 0x00, 0x11, 0x12, 0xbb, 0x81, 0x12, 0x22, 0xb8, 0x82
    dc.b    0x22, 0x22, 0x88, 0x82, 0x22, 0x22, 0xbb, 0x82, 0x22, 0x22, 0xab, 0xd1, 0x22, 0x11, 0xab, 0xd2
    dc.b    0x22, 0x14, 0xad, 0x22, 0x21, 0x41, 0x30, 0x01, 0x8d, 0x11, 0x11, 0x12, 0xd2, 0x22, 0xc4, 0xb1
    dc.b    0xe1, 0x2f, 0x23, 0x33, 0x33, 0x33, 0x22, 0x22, 0x22, 0x22, 0x96, 0x21, 0x11, 0x11, 0x65, 0x56
    dc.b    0x32, 0x11, 0x22, 0x55, 0x55, 0x55, 0x21, 0x13, 0x55, 0x55, 0x11, 0x14, 0x44, 0x42, 0x01, 0x00
    dc.b    0x31, 0x01, 0x14, 0x44, 0x44, 0x44, 0x11, 0x44, 0x21, 0x01, 0x44, 0x41, 0x21, 0x14, 0x11, 0x01
    dc.b    0x44, 0x12, 0xc0, 0x01, 0x21, 0x44, 0x41, 0x22, 0x11, 0x44, 0x11, 0x22, 0x14, 0x41, 0x12, 0x12
    dc.b    0x44, 0x11, 0x22, 0x12, 0x11, 0x12, 0x22, 0x12, 0x12, 0x23, 0x21, 0x19, 0xd0, 0xdc, 0xc2, 0x00
    dc.b    0x11, 0x29, 0x33, 0x21, 0x12, 0x91, 0x22, 0x11, 0x12, 0x92, 0x11, 0x11, 0x29, 0x23, 0x11, 0x22
    dc.b    0x93, 0x33, 0x23, 0x39, 0x33, 0x22, 0x55, 0x55, 0x21, 0x01, 0x62, 0x11, 0x44, 0x42, 0x51, 0x01
    dc.b    0x26, 0x11, 0x14, 0x41, 0x26, 0x21, 0x14, 0x14, 0x16, 0x21, 0x33, 0x01, 0x11, 0x14, 0x16, 0x21
    dc.b    0x12, 0x14, 0x11, 0x01, 0x26, 0x21, 0xf0, 0x00, 0x22, 0x14, 0x62, 0x11, 0x21, 0x41, 0x62, 0x11
    dc.b    0x31, 0x42, 0x62, 0x12, 0x31, 0x42, 0x31, 0x13, 0x14, 0x12, 0x21, 0x33, 0x14, 0x23, 0x11, 0x31
    dc.b    0x12, 0x26, 0x13, 0x21, 0x12, 0x91, 0xf0, 0x00, 0x33, 0x12, 0x23, 0x51, 0x32, 0x22, 0x26, 0x54
    dc.b    0x22, 0x26, 0x55, 0x14, 0x39, 0x55, 0x53, 0x41, 0x55, 0x55, 0x34, 0x43, 0x59, 0x61, 0x44, 0x31
    dc.b    0x41, 0x30, 0x00, 0x00, 0x44, 0x30, 0x11, 0x03, 0x00, 0x00, 0x01, 0x01, 0x70, 0x01, 0x42, 0x30
    dc.b    0x00, 0x00, 0x42, 0x00, 0x00, 0x00, 0x43, 0x00, 0x00, 0x00, 0x23, 0x00, 0xdf, 0x7d, 0x03, 0x01
    dc.b    0x10, 0x01, 0x36, 0x00, 0xf2, 0x31, 0x14, 0x01, 0x60, 0x00, 0x03, 0x00, 0xc0, 0x05, 0x31, 0x00
    dc.b    0x00, 0x00, 0x99, 0x11, 0x00, 0x00, 0x92, 0x99, 0x10, 0x00, 0x62, 0x11, 0x99, 0x00, 0x32, 0x11
    dc.b    0x44, 0x30, 0x32, 0x21, 0x14, 0x42, 0x7d, 0x66, 0xf0, 0x00, 0x0a, 0xa0, 0x00, 0x00, 0x77, 0x77
    dc.b    0x00, 0x77, 0x7d, 0xa7, 0x00, 0xb7, 0xdd, 0xdd, 0x07, 0xda, 0x7d, 0xdc, 0xd7, 0xad, 0xd7, 0x7c
    dc.b    0x7d, 0x7d, 0x77, 0xbd, 0xa7, 0xdd, 0xdd, 0xdd, 0x60, 0x01, 0xdd, 0xab, 0xd8, 0xab, 0x00, 0xdd
    dc.b    0xda, 0x77, 0x00, 0x00, 0xd5, 0x55, 0x7e, 0xa3, 0x05, 0x01, 0x52, 0x01, 0x08, 0x8d, 0x00, 0x00
    dc.b    0x08, 0xab, 0x00, 0x00, 0x8b, 0xab, 0x12, 0x03, 0x8a, 0xab, 0x08, 0x00, 0x90, 0x01, 0x70, 0x00
    dc.b    0x00, 0x00, 0x87, 0x00, 0x00, 0x00, 0xa8, 0xa0, 0x00, 0x00, 0xcc, 0x70, 0x00, 0x00, 0xcc, 0xcb
    dc.b    0xf6, 0x4b, 0xf0, 0x00, 0x88, 0x85, 0x50, 0x00, 0xb5, 0xd8, 0x50, 0x00, 0x5d, 0xd8, 0xd5, 0x00
    dc.b    0x5d, 0xd5, 0x55, 0x00, 0x55, 0x5d, 0x8d, 0x50, 0x55, 0xdd, 0x85, 0x50, 0x55, 0xd5, 0x58, 0xb0
    dc.b    0x55, 0x58, 0x71, 0x01, 0xb7, 0x7b, 0x8b, 0xa7, 0xcc, 0xca, 0xba, 0xa7, 0xcc, 0xc7, 0xba, 0x77
    dc.b    0x7c, 0xcc, 0x30, 0x25, 0xaa, 0x77, 0x77, 0xcc, 0x00, 0x00, 0x00, 0x00, 0x32, 0x51, 0xb0, 0x00
    dc.b    0x00, 0x00, 0xa0, 0x00, 0x01, 0x01, 0xf0, 0x00, 0x96, 0x32, 0x21, 0x11, 0x96, 0x32, 0x11, 0x14
    dc.b    0x96, 0x31, 0x13, 0x99, 0x96, 0x21, 0x68, 0x88, 0x96, 0x22, 0x88, 0xa7, 0x09, 0x28, 0x8a, 0x7b
    dc.b    0x09, 0x28, 0xa7, 0xba, 0x09, 0x38, 0xb2, 0x01, 0xaa, 0xa7, 0x00, 0x98, 0xaa, 0x77, 0x00, 0x08
    dc.b    0xaa, 0x7a, 0x00, 0x08, 0xba, 0xaa, 0x00, 0x08, 0xba, 0xbb, 0x00, 0x08, 0x8b, 0xbb, 0x31, 0x0b
    dc.b    0xbb, 0xbb, 0x00, 0x08, 0xbb, 0xaa, 0x61, 0x01, 0x00, 0x8a, 0xaa, 0xaa, 0x08, 0xba, 0x7a, 0xa7
    dc.b    0x08, 0xa7, 0x7a, 0x77, 0xf0, 0x00, 0x08, 0xaa, 0xaa, 0xaa, 0x08, 0x8b, 0xbb, 0xbb, 0x00, 0x00
    dc.b    0x88, 0x88, 0x44, 0x41, 0x11, 0x22, 0x44, 0x44, 0x41, 0x12, 0x99, 0x93, 0x14, 0x12, 0x88, 0x89
    dc.b    0x92, 0x11, 0x77, 0x88, 0xf1, 0x1a, 0x96, 0x11, 0xbb, 0xb8, 0x89, 0x12, 0xaa, 0xab, 0x89, 0x23
    dc.b    0x7c, 0xc7, 0x89, 0x26, 0xcc, 0xcc, 0x79, 0x60, 0xaa, 0xaa, 0x76, 0x00, 0xbb, 0xbb, 0xa0, 0x00
    dc.b    0xbb, 0xbb, 0xb0, 0x00, 0x12, 0x01, 0xbb, 0xb0, 0x32, 0x01, 0xab, 0xb0, 0x00, 0x00, 0xaa, 0xb0
    dc.b    0x14, 0x01, 0x77, 0xa0, 0x32, 0x67, 0xab, 0x00, 0x00, 0x00, 0x88, 0x00, 0x14, 0x01, 0x30, 0x00
    dc.b    0x00, 0x06, 0x7e, 0xf7, 0x00, 0x20, 0x00, 0x00, 0xf0, 0x00, 0x13, 0x22, 0x21, 0x14, 0x16, 0x32
    dc.b    0x22, 0x11, 0x16, 0x32, 0x22, 0x21, 0x26, 0x33, 0x22, 0x22, 0x29, 0x33, 0x32, 0x22, 0x96, 0x63
    dc.b    0x33, 0x32, 0x66, 0x66, 0x33, 0x36, 0x99, 0x99, 0x82, 0x00, 0x99, 0x66, 0x32, 0x21, 0x11, 0x26
    dc.b    0x23, 0x33, 0x31, 0x11, 0x11, 0x11, 0x23, 0x32, 0x11, 0x11, 0xf0, 0x00, 0x21, 0x11, 0x11, 0x12
    dc.b    0x31, 0x11, 0x12, 0x22, 0x62, 0x22, 0x22, 0x21, 0x82, 0x22, 0x22, 0x11, 0xd2, 0x22, 0x11, 0x23
    dc.b    0x92, 0x21, 0x11, 0x39, 0x92, 0x21, 0x26, 0x90, 0x92, 0x22, 0x60, 0x01, 0x99, 0x00, 0x62, 0x29
    dc.b    0x00, 0x00, 0x36, 0x90, 0x00, 0x00, 0x99, 0x00, 0xc2, 0xf2, 0xf0, 0x00, 0x44, 0x42, 0x00, 0x00
    dc.b    0x11, 0x44, 0x20, 0x00, 0x21, 0x14, 0x42, 0x00, 0x22, 0x11, 0x14, 0x10, 0x22, 0x22, 0x11, 0x12
    dc.b    0x63, 0x32, 0x31, 0x11, 0x32, 0x22, 0x93, 0x11, 0x69, 0x99, 0xf0, 0x00, 0x63, 0x12, 0x22, 0x33
    dc.b    0x21, 0x23, 0x11, 0x22, 0x22, 0x30, 0x23, 0x33, 0x33, 0x60, 0x12, 0x22, 0x36, 0x00, 0x22, 0x23
    dc.b    0x60, 0x00, 0x22, 0x39, 0x00, 0x00, 0x13, 0x90, 0x00, 0x00, 0x3c, 0x5f, 0x39, 0x00, 0x00, 0x00
    dc.b    0x90, 0x00, 0x10, 0x01, 0x96, 0x33, 0xdc, 0x50, 0x01, 0xf1, 0xe1, 0x01, 0x93, 0x21, 0x11, 0x11
    dc.b    0x93, 0x22, 0x11, 0x11, 0x93, 0x32, 0x22, 0x21, 0x93, 0x33, 0x22, 0x22, 0x96, 0x63, 0x22, 0x21
    dc.b    0x44, 0x44, 0x41, 0x36, 0x44, 0x44, 0x44, 0x13, 0x10, 0x02, 0x14, 0x44, 0x7c, 0xa3, 0xf0, 0x00
    dc.b    0x11, 0x22, 0x21, 0x11, 0x22, 0x22, 0x11, 0x11, 0x12, 0x22, 0x90, 0x0a, 0xaa, 0xaa, 0x60, 0x08
    dc.b    0xba, 0xaa, 0x60, 0x8a, 0x88, 0x88, 0x60, 0x8a, 0x8a, 0x8a, 0x30, 0x08, 0x8a, 0x8b, 0x23, 0xb9
    dc.b    0x30, 0x00, 0x88, 0x00, 0x10, 0x01, 0xa7, 0xa0, 0xd0, 0x5f, 0x12, 0x01, 0x87, 0x00, 0x16, 0x3f
    dc.b    0x80, 0x00, 0x00, 0x00, 0x00, 0x00
spr_ken_300_animation0_frame2_tileset_data_size = .-spr_ken_300_animation0_frame2_tileset_data

    .align  2
spr_ken_300_animation0_frame3_tileset_data:
    dc.b    0x19, 0x00, 0x00, 0x00, 0x00, 0x01, 0xf8, 0x7c, 0x21, 0x01, 0x00, 0x00, 0xee, 0xee, 0x13, 0x01
    dc.b    0x00, 0x0e, 0x12, 0x01, 0xee, 0xbe, 0x30, 0x01, 0x0d, 0xbe, 0x00, 0x00, 0xe0, 0xdb, 0xde, 0x53
    dc.b    0x01, 0x01, 0x05, 0x1b, 0x10, 0x01, 0x00, 0x09, 0xf5, 0xa8, 0xe1, 0x01, 0x22, 0x22, 0x00, 0x06
    dc.b    0x33, 0x22, 0x00, 0x32, 0x11, 0x14, 0x02, 0x12, 0x6d, 0xdd, 0x32, 0x2d, 0xdb, 0xba, 0x22, 0xd8
    dc.b    0xb7, 0xcc, 0x2d, 0x8a, 0x7c, 0xcc, 0x2d, 0xba, 0x38, 0x21, 0x77, 0x7c, 0x2d, 0xba, 0xaa, 0x77
    dc.b    0x01, 0x38, 0xd2, 0x01, 0xee, 0xe0, 0xef, 0xff, 0xff, 0xfe, 0xee, 0xee, 0xfe, 0xef, 0xee, 0xee
    dc.b    0xef, 0xcf, 0xef, 0xff, 0xee, 0xfc, 0xee, 0xfc, 0xfe, 0xef, 0xee, 0xef, 0xce, 0xef, 0xf0, 0x00
    dc.b    0xce, 0xee, 0x8e, 0xef, 0xfe, 0xee, 0xbe, 0xff, 0xee, 0xee, 0xbe, 0xfe, 0xee, 0xef, 0xde, 0xfe
    dc.b    0xbe, 0xfe, 0xee, 0xeb, 0xef, 0xfe, 0xe6, 0xbe, 0xee, 0xbb, 0x93, 0x33, 0x33, 0x32, 0x20, 0x01
    dc.b    0x33, 0x32, 0x22, 0x11, 0xea, 0x4c, 0xf0, 0x00, 0x11, 0x14, 0x44, 0x44, 0x44, 0x44, 0xd9, 0x93
    dc.b    0x14, 0x44, 0xaa, 0xb9, 0x93, 0x14, 0xcc, 0xc7, 0xb9, 0x24, 0xcc, 0xcc, 0x78, 0x91, 0xcc, 0xcc
    dc.b    0x7a, 0x93, 0xcc, 0xcc, 0x7a, 0x89, 0xf0, 0x00, 0x77, 0x7a, 0xab, 0x89, 0x87, 0x7b, 0xa7, 0x77
    dc.b    0x8a, 0x7a, 0xba, 0x77, 0xdb, 0xaa, 0xba, 0xa7, 0xd8, 0xaa, 0xbb, 0xaa, 0x0d, 0x8b, 0xb8, 0xbb
    dc.b    0x00, 0xd8, 0x88, 0x88, 0xee, 0x0d, 0xf0, 0x00, 0xd8, 0xbb, 0xfe, 0x0d, 0x8a, 0xab, 0xcf, 0xed
    dc.b    0xba, 0xab, 0xfc, 0xf8, 0xba, 0xbb, 0xec, 0xf8, 0x8b, 0xaa, 0xec, 0xfe, 0xb7, 0x7c, 0xef, 0xfe
    dc.b    0x32, 0x12, 0xef, 0xee, 0x32, 0x11, 0xf0, 0x00, 0xfe, 0xee, 0xe3, 0x22, 0xfe, 0xeb, 0xe3, 0x33
    dc.b    0xee, 0xea, 0xe2, 0x62, 0xeb, 0xea, 0x84, 0x62, 0xeb, 0xa8, 0x41, 0x66, 0xbb, 0x14, 0x46, 0x63
    dc.b    0x24, 0x41, 0x66, 0x21, 0x12, 0x66, 0xe4, 0x01, 0x32, 0x44, 0x66, 0x32, 0x24, 0x44, 0x41, 0x11
    dc.b    0x44, 0x44, 0x41, 0x11, 0x14, 0x44, 0x41, 0x21, 0x11, 0x44, 0x41, 0x22, 0x11, 0x44, 0x41, 0x12
    dc.b    0x21, 0x14, 0x11, 0x12, 0x40, 0x01, 0x11, 0x22, 0x21, 0x14, 0xcc, 0xcc, 0xb0, 0x00, 0xd1, 0x12
    dc.b    0xd1, 0x01, 0x70, 0x00, 0x77, 0x77, 0x7a, 0x00, 0x88, 0xbb, 0xaa, 0x00, 0xbb, 0xaa, 0xba, 0x70
    dc.b    0xba, 0x7c, 0x7a, 0x70, 0xa7, 0xcc, 0xc7, 0xa0, 0xa7, 0xcc, 0xcc, 0x70, 0xf0, 0x00, 0xaa, 0xa7
    dc.b    0xcc, 0x70, 0xcc, 0x7a, 0x7c, 0x70, 0xcc, 0xcc, 0x7c, 0xa0, 0x41, 0x2c, 0x77, 0xa0, 0x14, 0x41
    dc.b    0xa7, 0xb0, 0x21, 0x44, 0x1b, 0xb0, 0x33, 0x24, 0x41, 0xb0, 0x12, 0x32, 0xc1, 0x01, 0x41, 0x30
    dc.b    0x21, 0x23, 0x24, 0x10, 0x62, 0x12, 0x34, 0x10, 0x26, 0x21, 0x24, 0x43, 0x12, 0x61, 0x22, 0x42
    dc.b    0x42, 0x62, 0x12, 0x44, 0x41, 0x26, 0x51, 0x01, 0x21, 0x44, 0x44, 0x16, 0x31, 0x44, 0x44, 0x13
    dc.b    0x61, 0x44, 0x11, 0x01, 0x44, 0x12, 0xb4, 0x01, 0x61, 0x41, 0x44, 0x12, 0x61, 0x12, 0x44, 0x13
    dc.b    0x61, 0x12, 0x00, 0x96, 0x66, 0x36, 0x00, 0x96, 0x66, 0x33, 0x09, 0x66, 0x63, 0x33, 0x13, 0x01
    dc.b    0x33, 0x32, 0xf0, 0x00, 0x96, 0x63, 0x33, 0x22, 0x96, 0x63, 0x66, 0x63, 0x96, 0x66, 0x32, 0x11
    dc.b    0x96, 0x32, 0x21, 0x11, 0x93, 0x22, 0x23, 0x99, 0x93, 0x26, 0x99, 0x63, 0x93, 0x22, 0x63, 0x22
    dc.b    0x93, 0x22, 0xf1, 0x01, 0x22, 0x21, 0x96, 0x33, 0x22, 0x21, 0x99, 0x63, 0x32, 0x21, 0x09, 0x66
    dc.b    0x32, 0x22, 0x00, 0x96, 0x33, 0x22, 0x00, 0x96, 0x63, 0x32, 0x00, 0x96, 0x66, 0x63, 0x00, 0x09
    dc.b    0x66, 0x66, 0x70, 0x01, 0x69, 0x32, 0x23, 0x99, 0x33, 0x99, 0x99, 0x22, 0x32, 0x22, 0x11, 0x11
    dc.b    0x22, 0x22, 0xc9, 0x2e, 0x11, 0x01, 0x22, 0x11, 0xf0, 0x00, 0x11, 0x12, 0x22, 0x11, 0x12, 0x22
    dc.b    0x22, 0x22, 0x22, 0x26, 0x22, 0x33, 0x36, 0x69, 0x11, 0x11, 0x11, 0x26, 0x23, 0x33, 0x32, 0x23
    dc.b    0x66, 0x66, 0x69, 0x99, 0x22, 0x11, 0x22, 0x30, 0x41, 0x01, 0x11, 0x44, 0x44, 0x12, 0x14, 0x44
    dc.b    0x44, 0x41, 0x32, 0x00, 0x11, 0x14, 0x44, 0x41, 0x11, 0x11, 0x01, 0x1d, 0xf0, 0x00, 0x32, 0x22
    dc.b    0x22, 0x22, 0x33, 0x33, 0x33, 0x21, 0x66, 0x33, 0x22, 0x21, 0x92, 0x29, 0x66, 0x33, 0x22, 0x29
    dc.b    0x66, 0x99, 0x12, 0x39, 0x99, 0x66, 0x12, 0x39, 0x63, 0x32, 0x22, 0x99, 0xf0, 0x00, 0x33, 0x21
    dc.b    0x23, 0x96, 0x32, 0x11, 0x29, 0x96, 0x32, 0x21, 0x39, 0x66, 0x32, 0x22, 0x99, 0x66, 0x33, 0x22
    dc.b    0x99, 0x66, 0x33, 0x3d, 0x99, 0x66, 0x63, 0x6d, 0x99, 0x66, 0x66, 0xdd, 0x21, 0x01, 0x00, 0x96
    dc.b    0x66, 0xd8, 0xf0, 0x00, 0x00, 0x09, 0x66, 0xd8, 0x20, 0x00, 0x96, 0xd8, 0x23, 0x00, 0x96, 0x68
    dc.b    0x12, 0x00, 0x09, 0x68, 0x12, 0x00, 0x00, 0x8a, 0x12, 0x30, 0x00, 0x8a, 0x22, 0x30, 0x00, 0x8a
    dc.b    0x22, 0x20, 0xf0, 0x00, 0x00, 0x8a, 0x11, 0x22, 0x00, 0x8b, 0x44, 0x11, 0x00, 0xd8, 0x32, 0x22
    dc.b    0x26, 0x00, 0x66, 0x66, 0x66, 0x00, 0x32, 0x22, 0x23, 0x00, 0x21, 0x44, 0x44, 0x20, 0x11, 0x44
    dc.b    0x44, 0x13, 0x12, 0x47, 0x11, 0x11, 0xf0, 0x00, 0x13, 0x88, 0x88, 0x81, 0xd8, 0xba, 0xcc, 0xca
    dc.b    0x88, 0xa7, 0x7c, 0xcc, 0x8b, 0xaa, 0xbb, 0xb7, 0x8b, 0xab, 0xbb, 0xba, 0x8b, 0xab, 0xbb, 0xbb
    dc.b    0x8a, 0xab, 0xbb, 0xb8, 0x8a, 0xbb, 0x92, 0x01, 0xbb, 0xb8, 0xbb, 0xbb, 0xaa, 0xa8, 0xba, 0xaa
    dc.b    0xaa, 0xab, 0x77, 0x7a, 0xaa, 0x7a, 0x77, 0x77, 0xaa, 0x77, 0xf0, 0x00, 0xaa, 0x7a, 0x77, 0x7a
    dc.b    0xa7, 0x78, 0xb8, 0xba, 0xaa, 0xb8, 0xa7, 0xad, 0x8d, 0x8a, 0x91, 0x12, 0x22, 0x14, 0x91, 0x22
    dc.b    0x32, 0x14, 0x92, 0x23, 0x32, 0x44, 0x92, 0x33, 0x21, 0x44, 0xf0, 0x00, 0x33, 0x33, 0x21, 0x44
    dc.b    0x33, 0x32, 0x14, 0x41, 0x33, 0x22, 0x14, 0x12, 0x32, 0x21, 0x11, 0x22, 0x22, 0x11, 0x22, 0x23
    dc.b    0x22, 0x22, 0x23, 0x33, 0x33, 0x33, 0x33, 0x22, 0x33, 0x32, 0x61, 0x00, 0x21, 0x11, 0x21, 0x11
    dc.b    0x11, 0x12, 0x22, 0x23, 0x36, 0xd5, 0x55, 0x55, 0x22, 0x8b, 0x59, 0x63, 0x12, 0x22, 0x30, 0x03
    dc.b    0x22, 0x22, 0x22, 0x22, 0x63, 0x33, 0xc8, 0x04, 0x11, 0x01, 0x33, 0x22, 0xf0, 0x00, 0x22, 0x39
    dc.b    0x44, 0x41, 0x36, 0x11, 0x44, 0x12, 0x36, 0x12, 0x41, 0x13, 0x63, 0x12, 0x41, 0x23, 0x63, 0x12
    dc.b    0x12, 0x36, 0x63, 0x22, 0x22, 0x36, 0x32, 0x32, 0x23, 0x63, 0x22, 0x32, 0xf0, 0x00, 0x36, 0x32
    dc.b    0x12, 0x32, 0x33, 0x21, 0x12, 0x33, 0x21, 0x11, 0x23, 0x99, 0x11, 0x11, 0x35, 0x52, 0x11, 0x35
    dc.b    0x55, 0x41, 0x65, 0x55, 0x54, 0x41, 0x55, 0x59, 0x44, 0x43, 0x96, 0x14, 0xf0, 0x00, 0x44, 0x33
    dc.b    0x24, 0x44, 0x43, 0x31, 0x44, 0x42, 0x33, 0x24, 0x11, 0x23, 0x21, 0x44, 0x22, 0x21, 0x44, 0x44
    dc.b    0x21, 0x11, 0x14, 0x42, 0x11, 0x11, 0x12, 0x99, 0x11, 0x12, 0x99, 0x63, 0x63, 0x01, 0x23, 0x99
    dc.b    0x96, 0x33, 0x99, 0x99, 0x63, 0x32, 0x30, 0x00, 0x00, 0x00, 0x18, 0x01, 0x60, 0x00, 0x10, 0x01
    dc.b    0x90, 0x00, 0x7e, 0x17, 0x01, 0x0f, 0x12, 0x01, 0x32, 0x00, 0xf0, 0x00, 0x21, 0x20, 0x00, 0x00
    dc.b    0x14, 0x22, 0x00, 0x00, 0x44, 0x13, 0x00, 0x00, 0x44, 0x29, 0x00, 0x00, 0x41, 0x90, 0x00, 0x00
    dc.b    0x19, 0x30, 0x00, 0x00, 0x93, 0x26, 0x00, 0x00, 0x32, 0x13, 0x60, 0x03, 0x00, 0x00, 0x22, 0x13
    dc.b    0x00, 0x00, 0x21, 0x13, 0x00, 0x00, 0x21, 0x23, 0x7d, 0xf7, 0xe0, 0x01, 0x00, 0x0b, 0xbd, 0xdb
    dc.b    0x00, 0x8a, 0x7a, 0x8d, 0x00, 0x87, 0x7d, 0xdb, 0x00, 0xb7, 0x77, 0xab, 0x00, 0xb5, 0xda, 0x7a
    dc.b    0x00, 0xb5, 0x55, 0x55, 0x00, 0x85, 0x55, 0x55, 0xe2, 0xf6, 0x2a, 0x00, 0x00, 0x55, 0x00, 0x00
    dc.b    0x10, 0x03, 0xab, 0x00, 0xce, 0x38, 0x01, 0x01, 0xf0, 0x00, 0x5b, 0xdd, 0x00, 0x00, 0x55, 0x85
    dc.b    0x55, 0x00, 0xd8, 0x58, 0x85, 0x58, 0xd5, 0x88, 0x5b, 0xaa, 0x5d, 0xd5, 0xb7, 0xc7, 0x5d, 0x58
    dc.b    0xcc, 0xcc, 0x55, 0x5b, 0xa7, 0xcc, 0x00, 0x58, 0x30, 0x02, 0xba, 0xa7, 0x00, 0x0d, 0x88, 0xba
    dc.b    0xc2, 0x13, 0xb1, 0x01, 0x03, 0xd8, 0xba, 0xaa, 0x06, 0xd8, 0xbb, 0xba, 0x06, 0xdd, 0x88, 0xbb
    dc.b    0x00, 0xdb, 0xa7, 0xcc, 0x0d, 0x8a, 0x7c, 0xcc, 0xd8, 0xba, 0xf0, 0x00, 0x77, 0xcc, 0xd8, 0xba
    dc.b    0xa7, 0x77, 0x8d, 0xbb, 0xaa, 0xab, 0xad, 0xbb, 0xbb, 0xba, 0xcb, 0x8b, 0xaa, 0xaa, 0xcc, 0xa8
    dc.b    0xbb, 0xa7, 0x77, 0x7b, 0xba, 0x77, 0xab, 0xbb, 0xaa, 0xab, 0xf0, 0x00, 0xb7, 0x77, 0x7a, 0xbb
    dc.b    0x8b, 0xb7, 0x77, 0xb8, 0xaa, 0xaa, 0xab, 0xb8, 0xaa, 0xaa, 0xbb, 0x88, 0xaa, 0xab, 0xb8, 0x88
    dc.b    0x7a, 0xaa, 0xa8, 0x8b, 0xc7, 0xaa, 0xa8, 0xb9, 0xc7, 0xaa, 0xf0, 0x00, 0x78, 0xb9, 0xca, 0xa7
    dc.b    0x78, 0xb9, 0xab, 0xa7, 0xa8, 0x93, 0xba, 0x77, 0xb9, 0x33, 0xa7, 0x7a, 0x83, 0x22, 0xa7, 0xab
    dc.b    0x86, 0x33, 0x7a, 0xb8, 0x99, 0x66, 0xab, 0x86, 0x33, 0x22, 0x70, 0x03, 0xb8, 0x55, 0x63, 0x33
    dc.b    0x89, 0x25, 0x55, 0x55, 0x09, 0x31, 0x36, 0x95, 0x96, 0x66, 0x7e, 0x33, 0x40, 0x01, 0x00, 0x96
    dc.b    0x63, 0x33, 0x00, 0x09, 0x63, 0x33, 0xc6, 0xff, 0xf0, 0x00, 0x09, 0x33, 0x00, 0x00, 0x00, 0x93
    dc.b    0x32, 0x22, 0x21, 0x44, 0x22, 0x23, 0x68, 0x99, 0x22, 0x88, 0x88, 0x89, 0x28, 0x88, 0x88, 0x88
    dc.b    0x38, 0x88, 0xba, 0x7b, 0xd8, 0x8b, 0x77, 0xcc, 0xf0, 0x00, 0xdd, 0xb7, 0x7c, 0xcc, 0xdd, 0xbc
    dc.b    0xc7, 0x7a, 0x41, 0x00, 0x87, 0x77, 0x31, 0x10, 0x08, 0x78, 0x92, 0x10, 0x00, 0x00, 0x92, 0x30
    dc.b    0x00, 0x00, 0x82, 0x00, 0x00, 0x00, 0xc7, 0x00, 0x8b, 0x9c, 0x00, 0x00, 0xcc, 0xa0, 0x00, 0x00
    dc.b    0xbb, 0xa0, 0x00, 0x00, 0xb8, 0x78, 0xa0, 0x00, 0xa8, 0xa0, 0xf0, 0x00, 0x00, 0x00, 0x00, 0x09
    dc.b    0x3d, 0xdb, 0x00, 0x09, 0x6d, 0xdb, 0x00, 0x00, 0x9d, 0x8b, 0x00, 0x00, 0x0d, 0x8b, 0x00, 0x00
    dc.b    0x08, 0x8b, 0x00, 0x00, 0x08, 0xba, 0x00, 0x00, 0x08, 0xb7, 0x82, 0x01, 0x00, 0x00, 0x8b, 0xa7
    dc.b    0x00, 0x00, 0x8b, 0x77, 0x00, 0x00, 0x8b, 0x7c, 0x00, 0x00, 0x8a, 0x7c, 0xe1, 0x01, 0x8a, 0x77
    dc.b    0x00, 0x08, 0x8b, 0xbb, 0x00, 0x08, 0x7a, 0xd8, 0x00, 0x08, 0x78, 0x78, 0xcc, 0x77, 0xab, 0xba
    dc.b    0xa7, 0x7a, 0xbb, 0xbb, 0xa7, 0xab, 0xbb, 0xb8, 0x77, 0xab, 0x21, 0x01, 0xbb, 0x80, 0x77, 0xbb
    dc.b    0xf0, 0x00, 0xbb, 0x00, 0x77, 0xab, 0xab, 0x00, 0xcc, 0x7b, 0x7a, 0x00, 0xcc, 0xcb, 0xc7, 0xb0
    dc.b    0xcc, 0xca, 0xcc, 0xb0, 0xcc, 0x7a, 0x77, 0xb0, 0x7a, 0xb7, 0x7b, 0x00, 0xbb, 0xab, 0x80, 0x00
    dc.b    0x10, 0x01, 0xd8, 0x88, 0xfc, 0x0d, 0x42, 0xf1, 0xdd, 0xd5, 0x55, 0xd5, 0x00, 0x00, 0x55, 0x5d
    dc.b    0xf0, 0x00, 0x55, 0x58, 0x00, 0x00, 0x58, 0xbb, 0x00, 0x00, 0xdb, 0xaa, 0x00, 0x00, 0xdb, 0xa7
    dc.b    0x00, 0x00, 0xdb, 0x77, 0xd8, 0x85, 0x00, 0x00, 0xdd, 0x55, 0x50, 0x00, 0x55, 0x8a, 0xcb, 0x00
    dc.b    0x81, 0x01, 0x87, 0x7c, 0xc7, 0x00, 0xb7, 0x7c, 0xcc, 0x70, 0xb7, 0x77, 0xcc, 0xca, 0xba, 0x77
    dc.b    0xcc, 0xcc, 0x0b, 0x6b, 0x31, 0x04, 0xa0, 0x00, 0x00, 0x00, 0x70, 0x00, 0xf3, 0x15, 0xda, 0x7b
    dc.b    0x00, 0x0d, 0xa7, 0x77, 0x00, 0xdd, 0x7d, 0xb7, 0x0d, 0x77, 0x8d, 0xbd, 0xd7, 0xda, 0x77, 0xdc
    dc.b    0xda, 0x7d, 0xdd, 0xac, 0xdd, 0xd7, 0xd7, 0x7b, 0x0d, 0xad, 0xd7, 0x7d, 0xcc, 0x9c, 0x55, 0x50
    dc.b    0x00, 0x00, 0x77, 0xb5, 0x00, 0x00, 0xcc, 0xc5, 0x50, 0x00, 0xcc, 0xa5, 0x85, 0x00, 0x88, 0xd8
    dc.b    0x85, 0x50, 0xd5, 0xdd, 0x58, 0x85, 0x22, 0x01, 0x00, 0x00, 0x20, 0x00, 0x14, 0x01, 0xb0, 0x00
    dc.b    0x14, 0x0b, 0x30, 0x00, 0x01, 0x05, 0x43, 0xb6, 0xdd, 0xd8, 0xbb, 0x80, 0x00, 0x0d, 0xd8, 0x00
    dc.b    0x02, 0x01, 0x12, 0x01, 0x00, 0x93, 0xf1, 0x01, 0x00, 0x09, 0x09, 0x33, 0x11, 0x11, 0x93, 0x99
    dc.b    0x32, 0x11, 0x93, 0x99, 0x93, 0x33, 0x23, 0x96, 0x96, 0x66, 0x29, 0x66, 0x69, 0x33, 0x39, 0x66
    dc.b    0x69, 0x33, 0x96, 0x66, 0x66, 0x93, 0x00, 0x00, 0x00, 0x00
spr_ken_300_animation0_frame3_tileset_data_size = .-spr_ken_300_animation0_frame3_tileset_data

    .align  2
spr_ken_300_animation0_frame4_tileset_data:
    dc.b    0x2c, 0x01, 0x00, 0x00, 0x00, 0x22, 0x50, 0x01, 0x00, 0x32, 0x00, 0x00, 0x00, 0x02, 0x00, 0x00
    dc.b    0x00, 0x53, 0xf7, 0xcb, 0x10, 0x01, 0x55, 0x55, 0xf7, 0xfe, 0x01, 0x01, 0x01, 0x05, 0x01, 0x09
    dc.b    0x10, 0x01, 0x00, 0x55, 0xed, 0xe1, 0x0f, 0x00, 0x30, 0x01, 0x00, 0x03, 0x00, 0x00, 0x00, 0x62
    dc.b    0xd8, 0x18, 0xf0, 0x00, 0x62, 0x14, 0x00, 0x06, 0x21, 0x44, 0x00, 0x62, 0x14, 0x44, 0x61, 0x6c
    dc.b    0xcb, 0xa7, 0x61, 0x8c, 0x7b, 0x77, 0x61, 0x8c, 0xaa, 0x7b, 0x61, 0x87, 0xba, 0xb1, 0x61, 0x8b
    dc.b    0xb2, 0x11, 0xf0, 0x00, 0x61, 0x3b, 0x32, 0x12, 0x61, 0x28, 0x22, 0x26, 0x32, 0x18, 0x22, 0x62
    dc.b    0x36, 0x19, 0x26, 0x32, 0x26, 0x19, 0x26, 0x32, 0x23, 0x69, 0x63, 0x32, 0x33, 0x69, 0x63, 0x33
    dc.b    0x03, 0x96, 0x21, 0x01, 0x93, 0x22, 0x05, 0x92, 0xf0, 0x00, 0x96, 0x32, 0x58, 0x7d, 0x67, 0x73
    dc.b    0x87, 0xdd, 0xa7, 0xcc, 0x77, 0xa8, 0xd5, 0x57, 0xa7, 0x7c, 0xc7, 0xa5, 0xb7, 0x55, 0x55, 0x58
    dc.b    0xd7, 0xd8, 0xd5, 0x8d, 0x87, 0xdd, 0xd5, 0xd5, 0xe3, 0x01, 0xda, 0x55, 0x55, 0x55, 0x0d, 0xd5
    dc.b    0x55, 0x55, 0x06, 0x69, 0x96, 0x66, 0x62, 0x22, 0x29, 0x93, 0x21, 0x41, 0x23, 0x69, 0x14, 0x41
    dc.b    0x12, 0x36, 0x44, 0x41, 0x12, 0x23, 0xf4, 0x01, 0x44, 0x11, 0x22, 0x23, 0x7a, 0x24, 0x11, 0x16
    dc.b    0xb1, 0x14, 0x16, 0x62, 0x11, 0x16, 0x62, 0x14, 0x11, 0x36, 0x21, 0x44, 0x26, 0x61, 0x44, 0x44
    dc.b    0x62, 0x44, 0x44, 0x44, 0x21, 0x44, 0xf0, 0x00, 0x22, 0x21, 0x11, 0x12, 0x22, 0x22, 0x22, 0x23
    dc.b    0x22, 0x22, 0x22, 0x33, 0x33, 0x33, 0x33, 0x33, 0x23, 0x33, 0x66, 0x66, 0x22, 0x23, 0x33, 0x36
    dc.b    0x32, 0x22, 0x23, 0x36, 0x33, 0x33, 0xf0, 0x00, 0x33, 0x66, 0x76, 0x63, 0x36, 0x69, 0x55, 0x99
    dc.b    0x99, 0x99, 0x5d, 0x55, 0xd5, 0x8d, 0x58, 0x88, 0x5b, 0xbb, 0xdd, 0xd5, 0x77, 0x77, 0xdd, 0x55
    dc.b    0x77, 0x7c, 0x55, 0x58, 0xba, 0xa7, 0xf0, 0x00, 0x95, 0x58, 0xbb, 0xba, 0x22, 0x3d, 0xd8, 0xbb
    dc.b    0x62, 0x11, 0x3d, 0xd8, 0x99, 0x62, 0x11, 0x2d, 0x69, 0x99, 0x93, 0x21, 0x69, 0x99, 0x69, 0x99
    dc.b    0x66, 0x99, 0x63, 0x66, 0x66, 0x99, 0x20, 0x01, 0x63, 0x36, 0x31, 0x11, 0xcc, 0x06, 0x02, 0x00
    dc.b    0xf0, 0x00, 0x43, 0x99, 0x44, 0x41, 0xdd, 0xba, 0x41, 0xdd, 0xba, 0x7c, 0x1d, 0x8b, 0xa7, 0x7c
    dc.b    0x28, 0xbb, 0xa7, 0x7c, 0x38, 0xbb, 0xa7, 0x77, 0x6b, 0xab, 0xb7, 0x77, 0xdb, 0xab, 0xba, 0xaa
    dc.b    0xb2, 0x01, 0xd8, 0xaa, 0xbb, 0xbb, 0xd8, 0xbb, 0xab, 0xbb, 0x98, 0x8b, 0xbb, 0xa7, 0x9d, 0x88
    dc.b    0xba, 0xba, 0x98, 0x8b, 0xab, 0xa7, 0x98, 0xbb, 0xd0, 0x01, 0x98, 0x8b, 0xaa, 0xba, 0xdd, 0x8b
    dc.b    0xaa, 0xbb, 0xab, 0x88, 0xba, 0xab, 0x7c, 0xca, 0x88, 0xba, 0xcc, 0xcc, 0x7a, 0xaa, 0x7c, 0xcc
    dc.b    0xc7, 0xa7, 0xaa, 0x77, 0xc1, 0x33, 0xf0, 0x00, 0xbb, 0x77, 0x77, 0x7c, 0xd8, 0xbb, 0xaa, 0x77
    dc.b    0x1d, 0xdd, 0xdd, 0xd9, 0x99, 0x63, 0x33, 0x22, 0x63, 0x33, 0x22, 0x11, 0x33, 0x22, 0x21, 0x11
    dc.b    0x00, 0x08, 0xba, 0x88, 0x00, 0x08, 0x56, 0x01, 0xa7, 0xb8, 0x00, 0x08, 0xa7, 0xbb, 0x00, 0x08
    dc.b    0x77, 0xab, 0x30, 0x01, 0xa7, 0xab, 0x00, 0x08, 0xa7, 0xaa, 0xd8, 0x0a, 0x90, 0x01, 0xb7, 0x7a
    dc.b    0x00, 0x08, 0xba, 0xaa, 0x00, 0x00, 0x88, 0xba, 0x00, 0x00, 0x08, 0x8a, 0x00, 0x00, 0x00, 0x8b
    dc.b    0xf9, 0x6f, 0x0e, 0x00, 0x81, 0x01, 0xba, 0x7c, 0x7b, 0x00, 0xa7, 0x7c, 0xca, 0xb0, 0xa7, 0x7c
    dc.b    0xc7, 0xb0, 0xa7, 0x7c, 0xcc, 0xb0, 0xf0, 0x00, 0xba, 0x7c, 0xca, 0xb0, 0xba, 0xa7, 0x7b, 0x00
    dc.b    0xbb, 0xbb, 0xb8, 0x80, 0xbb, 0xb8, 0x8b, 0xa7, 0xb8, 0x8b, 0xa7, 0xcc, 0x88, 0xbb, 0x77, 0xcc
    dc.b    0xa8, 0xba, 0xa7, 0x7c, 0xa8, 0xbb, 0xf0, 0x00, 0xaa, 0x77, 0xab, 0xbb, 0xbb, 0xaa, 0xaa, 0xab
    dc.b    0xbb, 0xbb, 0xba, 0xaa, 0xbb, 0xb2, 0x88, 0xbb, 0xaa, 0xb1, 0x08, 0x88, 0x8b, 0x22, 0x00, 0x88
    dc.b    0xb2, 0x26, 0x00, 0x08, 0x22, 0x61, 0x86, 0x36, 0x00, 0x08, 0x26, 0x31, 0x00, 0x02, 0x63, 0x1d
    dc.b    0x00, 0x32, 0x61, 0x2b, 0x00, 0x22, 0x61, 0x37, 0x00, 0x01, 0xc1, 0xd7, 0x01, 0x01, 0x63, 0x00
    dc.b    0x00, 0xee, 0xee, 0xef, 0x0e, 0xee, 0xee, 0xee, 0xbe, 0xee, 0xee, 0xee, 0xf0, 0x00, 0xea, 0xee
    dc.b    0x8e, 0x8e, 0xae, 0xbe, 0x8e, 0x8e, 0xab, 0x22, 0xd8, 0xbd, 0x21, 0x12, 0xdb, 0x75, 0x11, 0x16
    dc.b    0xda, 0x7b, 0x16, 0x62, 0xdd, 0x8b, 0x63, 0x12, 0xd5, 0x55, 0x11, 0x2d, 0xb3, 0x2c, 0xd5, 0x55
    dc.b    0x1d, 0xdd, 0xd8, 0x77, 0xdd, 0x8b, 0x8a, 0xaa, 0xac, 0xaa, 0xb8, 0x88, 0xcc, 0x7b, 0xab, 0xaa
    dc.b    0xc7, 0xba, 0xcc, 0xc7, 0xf0, 0x00, 0x00, 0xee, 0xe0, 0x00, 0xe0, 0xe0, 0x00, 0xee, 0x0e, 0xee
    dc.b    0xee, 0xe0, 0xee, 0xff, 0xfc, 0xcf, 0xff, 0xff, 0xff, 0xfc, 0xee, 0xee, 0xee, 0xff, 0xee, 0xef
    dc.b    0xfc, 0xef, 0xef, 0xee, 0xf0, 0x00, 0xef, 0xfe, 0xef, 0xff, 0xee, 0xfe, 0xee, 0xef, 0xff, 0xff
    dc.b    0xe5, 0x8e, 0xef, 0xff, 0x55, 0x58, 0xee, 0xfe, 0x5c, 0xb8, 0xee, 0xfe, 0xaa, 0xbb, 0xee, 0xfe
    dc.b    0xa7, 0xab, 0xee, 0xee, 0xf0, 0x00, 0xa7, 0x7b, 0x8e, 0xee, 0xa7, 0x7a, 0x8e, 0x8e, 0x77, 0x7b
    dc.b    0xde, 0x2e, 0xbb, 0xdd, 0xd2, 0x44, 0xb8, 0x82, 0x41, 0x66, 0xa2, 0x14, 0x46, 0x32, 0x11, 0x44
    dc.b    0x63, 0x22, 0x00, 0x00, 0x12, 0x01, 0x00, 0x06, 0x30, 0x01, 0x00, 0x62, 0x00, 0x00, 0x00, 0x61
    dc.b    0xe0, 0x47, 0x90, 0x01, 0x63, 0x44, 0x00, 0x00, 0x32, 0x44, 0x00, 0x00, 0x31, 0x44, 0x00, 0x00
    dc.b    0x63, 0x11, 0x00, 0x00, 0x93, 0x22, 0xf8, 0x2e, 0x52, 0x01, 0x09, 0x63, 0x00, 0x00, 0x00, 0x96
    dc.b    0x00, 0x00, 0x00, 0x09, 0x00, 0x0f, 0x00, 0x00, 0xf0, 0x00, 0x31, 0x14, 0x44, 0x44, 0x14, 0x44
    dc.b    0x44, 0x41, 0x14, 0x44, 0x44, 0x11, 0x44, 0x44, 0x41, 0x11, 0x44, 0x44, 0x11, 0x11, 0x44, 0x11
    dc.b    0x11, 0x12, 0x44, 0x11, 0x22, 0x33, 0x41, 0x22, 0xf0, 0x00, 0x11, 0x11, 0x16, 0x62, 0x22, 0x36
    dc.b    0x11, 0x16, 0x99, 0x96, 0x22, 0x11, 0x11, 0x44, 0x33, 0x22, 0x22, 0x22, 0x63, 0x33, 0x33, 0x33
    dc.b    0x36, 0x63, 0x33, 0x22, 0x33, 0x33, 0x32, 0x22, 0xa2, 0x45, 0x93, 0x33, 0x33, 0x22, 0x09, 0x33
    dc.b    0x33, 0x32, 0x09, 0x63, 0x33, 0x33, 0x00, 0x03, 0x23, 0x33, 0x00, 0x09, 0x32, 0x33, 0x10, 0x01
    dc.b    0x09, 0x22, 0xe8, 0x20, 0x71, 0x01, 0x00, 0x96, 0x11, 0x22, 0x33, 0x66, 0x12, 0x22, 0x33, 0x66
    dc.b    0x12, 0x23, 0x36, 0x69, 0xf0, 0x00, 0x22, 0x33, 0x66, 0x69, 0x23, 0x36, 0x66, 0x99, 0x36, 0x66
    dc.b    0x99, 0x90, 0x11, 0x36, 0x99, 0x00, 0x99, 0x99, 0x90, 0x00, 0x33, 0x11, 0x60, 0x00, 0x41, 0x13
    dc.b    0x60, 0x00, 0x23, 0x66, 0xf0, 0x00, 0x66, 0x00, 0x32, 0x22, 0x22, 0x30, 0x21, 0x11, 0x11, 0x13
    dc.b    0x21, 0x11, 0x11, 0x11, 0x22, 0x11, 0x11, 0x11, 0x22, 0x22, 0x21, 0x11, 0x22, 0x22, 0x22, 0x22
    dc.b    0x32, 0x22, 0x22, 0x22, 0xe1, 0x01, 0x33, 0x32, 0x22, 0x23, 0x33, 0x33, 0x33, 0x38, 0x23, 0x33
    dc.b    0x33, 0x88, 0x22, 0x23, 0x88, 0x8b, 0x23, 0x88, 0x88, 0xba, 0x99, 0x63, 0x36, 0x32, 0x99, 0x62
    dc.b    0x33, 0x32, 0xa0, 0x01, 0x99, 0x92, 0x33, 0x32, 0x90, 0x92, 0x33, 0x22, 0x00, 0x92, 0x33, 0x22
    dc.b    0x00, 0x93, 0x33, 0x22, 0x00, 0x96, 0x33, 0x22, 0xc4, 0x2a, 0x01, 0xa3, 0x01, 0x4b, 0x31, 0x01
    dc.b    0x93, 0x21, 0x00, 0x00, 0x96, 0x21, 0x41, 0x01, 0x20, 0x00, 0x96, 0x21, 0x12, 0x00, 0x09, 0x31
    dc.b    0xb0, 0x01, 0x20, 0x00, 0x09, 0x62, 0x30, 0x00, 0x00, 0x93, 0x8b, 0x00, 0x00, 0x06, 0x8c, 0x70
    dc.b    0x00, 0x09, 0xbc, 0xc7, 0x00, 0x09, 0x7c, 0xc7, 0xc1, 0xac, 0x80, 0x01, 0x09, 0x22, 0x23, 0x33
    dc.b    0x00, 0x92, 0x22, 0x23, 0x00, 0x96, 0x23, 0x88, 0x00, 0x09, 0x30, 0x88, 0x7e, 0x95, 0x01, 0x01
    dc.b    0x18, 0x01, 0x08, 0xbb, 0xf0, 0x00, 0x0b, 0xba, 0x00, 0x00, 0x0b, 0x8a, 0x00, 0x00, 0x08, 0x87
    dc.b    0x00, 0x00, 0x00, 0x88, 0x00, 0x00, 0x00, 0x08, 0x33, 0x88, 0xbc, 0xc7, 0x88, 0x8b, 0x7c, 0xc7
    dc.b    0x88, 0xba, 0x77, 0x7a, 0xc1, 0x01, 0xbb, 0xba, 0xaa, 0xab, 0xbb, 0xba, 0xaa, 0xb0, 0xbb, 0xba
    dc.b    0xa8, 0x00, 0xbb, 0xaa, 0xa8, 0x00, 0xbb, 0xa7, 0xa8, 0x00, 0xba, 0x77, 0x70, 0x00, 0xb1, 0xe2
    dc.b    0xba, 0x7c, 0x70, 0x00, 0xaa, 0x77, 0xa0, 0x00, 0x88, 0xba, 0xb0, 0x00, 0x87, 0xca, 0x00, 0x00
    dc.b    0xac, 0x7b, 0x00, 0x00, 0xbb, 0xb0, 0x21, 0x01, 0x96, 0x66, 0x00, 0x00, 0x12, 0xef, 0x09, 0x36
    dc.b    0x10, 0x01, 0x00, 0x93, 0xf0, 0x15, 0x00, 0x11, 0x7f, 0x0f, 0x00, 0x01, 0x7e, 0x1d, 0x00, 0x01
    dc.b    0xc4, 0x6e, 0x01, 0xe1, 0x21, 0x01, 0x22, 0x11, 0x14, 0x44, 0x43, 0x01, 0x21, 0x11, 0x44, 0x44
    dc.b    0x21, 0x11, 0x44, 0x41, 0x14, 0x01, 0x11, 0x14, 0x11, 0x01, 0x11, 0x44, 0x12, 0x01, 0x44, 0x11
    dc.b    0x12, 0x01, 0x44, 0x12, 0x10, 0x01, 0x41, 0x12, 0xc1, 0xf9, 0x00, 0x02, 0x7d, 0x8d, 0x6a, 0x01
    dc.b    0x33, 0x32, 0x66, 0x66, 0x66, 0x32, 0x12, 0x60, 0x00, 0x00, 0x12, 0x36, 0x16, 0x01, 0x12, 0x26
    dc.b    0x01, 0x09, 0x54, 0x01, 0x12, 0x33, 0x60, 0x00, 0x22, 0x32, 0x60, 0x00, 0x22, 0x31, 0xf0, 0x00
    dc.b    0x22, 0x21, 0x60, 0x00, 0x22, 0x12, 0x66, 0x00, 0x32, 0x13, 0x22, 0x60, 0x21, 0x23, 0x21, 0x30
    dc.b    0x22, 0x32, 0x14, 0x23, 0x22, 0x21, 0x44, 0x42, 0x21, 0x14, 0x44, 0x42, 0x66, 0x32, 0x31, 0x01
    dc.b    0x21, 0x14, 0x66, 0x32, 0x21, 0x11, 0xf1, 0x01, 0x66, 0x33, 0x22, 0x11, 0x36, 0x63, 0x22, 0x11
    dc.b    0x33, 0x63, 0x22, 0x21, 0x33, 0x66, 0x32, 0x22, 0x63, 0x36, 0x32, 0x22, 0x93, 0x36, 0x32, 0x22
    dc.b    0x96, 0x33, 0x63, 0x22, 0x09, 0x33, 0x34, 0xd1, 0x63, 0x32, 0x09, 0x63, 0x36, 0x88, 0x12, 0x01
    dc.b    0x00, 0x8a, 0xf2, 0x01, 0x08, 0xba, 0x00, 0x00, 0x8b, 0xaa, 0x00, 0xbb, 0xba, 0xaa, 0x07, 0x77
    dc.b    0x88, 0xbb, 0x08, 0xba, 0x87, 0x78, 0x08, 0x88, 0x8b, 0xb8, 0x00, 0x00, 0x08, 0x88, 0x44, 0x41
    dc.b    0x30, 0x00, 0x32, 0x01, 0x20, 0x00, 0x11, 0x11, 0x10, 0x00, 0xf0, 0x00, 0x38, 0x00, 0x11, 0x12
    dc.b    0x8b, 0xb0, 0x22, 0x28, 0xba, 0xab, 0x22, 0x88, 0xb7, 0xca, 0x28, 0x88, 0xac, 0xca, 0x28, 0x8a
    dc.b    0x7c, 0x7b, 0x88, 0xaa, 0x77, 0xb8, 0x8b, 0xa7, 0xaa, 0x80, 0x22, 0x01, 0xaa, 0x77, 0xa8, 0x00
    dc.b    0x62, 0x01, 0xab, 0x00, 0xaa, 0x7c, 0x7b, 0x00, 0xaa, 0x7c, 0xca, 0x00, 0xa7, 0x7c, 0x50, 0x01
    dc.b    0xba, 0x7c, 0x7b, 0x00, 0x77, 0x77, 0xa0, 0x00, 0xba, 0xab, 0xe2, 0x86, 0xf0, 0x00, 0x00, 0x00
    dc.b    0x0d, 0x77, 0x00, 0x0d, 0xdd, 0xcc, 0x00, 0xd7, 0xcd, 0x88, 0x0d, 0xda, 0xcc, 0xdb, 0x0d, 0x7d
    dc.b    0x77, 0xd7, 0xdd, 0xc7, 0xdd, 0x7a, 0xd7, 0xdc, 0xd8, 0xdd, 0xda, 0x7d, 0x81, 0x01, 0xa8, 0xbc
    dc.b    0xdd, 0xd7, 0x7b, 0xcc, 0x0d, 0x8a, 0x78, 0x77, 0x00, 0x5d, 0xdd, 0xd8, 0x00, 0x55, 0x31, 0x05
    dc.b    0xdd, 0xdd, 0x00, 0x55, 0x55, 0x5d, 0x25, 0xe5, 0x00, 0x85, 0x55, 0x55, 0x70, 0x01, 0x77, 0xa0
    dc.b    0x00, 0x00, 0x7b, 0xcb, 0x00, 0x00, 0xbd, 0xcb, 0x00, 0x00, 0xda, 0xcb, 0xe5, 0x0d, 0x52, 0x01
    dc.b    0xcc, 0x80, 0x00, 0x00, 0xad, 0x00, 0x00, 0x00, 0x85, 0x00, 0xf0, 0x00, 0x5d, 0x50, 0x00, 0x00
    dc.b    0x8d, 0x50, 0x00, 0x00, 0xd5, 0xab, 0x00, 0x00, 0xda, 0x7a, 0x00, 0x00, 0x11, 0x12, 0x30, 0x00
    dc.b    0x44, 0x44, 0x23, 0x00, 0x44, 0x44, 0x41, 0x30, 0x44, 0x44, 0xf0, 0x00, 0x14, 0x10, 0x8b, 0xb8
    dc.b    0x32, 0x10, 0x7c, 0xc7, 0xb3, 0x12, 0xcc, 0xcc, 0x7b, 0x31, 0xcc, 0xcc, 0xca, 0x31, 0xcc, 0xcc
    dc.b    0xc7, 0x33, 0xcc, 0xcc, 0xc7, 0x20, 0x77, 0x77, 0x7a, 0x10, 0xf0, 0x00, 0x77, 0x77, 0xab, 0x30
    dc.b    0xaa, 0xab, 0xb8, 0x60, 0xbb, 0xb8, 0x88, 0x00, 0x77, 0xaa, 0xb8, 0x00, 0x7c, 0xc7, 0xa8, 0x00
    dc.b    0xcc, 0xcc, 0x7a, 0x80, 0xcc, 0xcc, 0xca, 0x80, 0x7c, 0xcc, 0xf0, 0x00, 0xca, 0x80, 0x77, 0xcc
    dc.b    0x7b, 0x80, 0xa7, 0x77, 0xa8, 0x00, 0xbb, 0xbb, 0xb8, 0x00, 0xaa, 0xaa, 0xb8, 0x00, 0x77, 0xa8
    dc.b    0x80, 0x00, 0x7c, 0x78, 0x10, 0x00, 0xcc, 0xb8, 0x13, 0x00, 0xc3, 0x5d, 0xcc, 0x81, 0x13, 0x00
    dc.b    0xc7, 0x81, 0x99, 0x00, 0xa8, 0x99, 0x60, 0x00, 0x99, 0x33, 0x60, 0x00, 0x11, 0x12, 0x60, 0x00
    dc.b    0x14, 0x12, 0x36, 0x00, 0x34, 0x05, 0xee, 0xee, 0x00, 0x00, 0xe0, 0x00, 0xf0, 0x00, 0xfe, 0xee
    dc.b    0xee, 0x00, 0xce, 0xee, 0x00, 0xe0, 0xce, 0xee, 0xe0, 0x00, 0xff, 0xee, 0xee, 0x00, 0xef, 0xee
    dc.b    0x0e, 0xe0, 0xef, 0xfe, 0xe0, 0xe0, 0xff, 0xce, 0xe0, 0x0e, 0xff, 0xce, 0xf0, 0x00, 0xee, 0x0e
    dc.b    0xff, 0xfe, 0xe0, 0x00, 0xef, 0xee, 0xe0, 0x00, 0xee, 0x6e, 0xe0, 0x00, 0x2e, 0x6e, 0x30, 0x00
    dc.b    0x21, 0x61, 0x23, 0x00, 0x13, 0x64, 0x13, 0x00, 0x36, 0x14, 0x12, 0x30, 0x60, 0x00, 0x32, 0x11
    dc.b    0x42, 0x23, 0x22, 0x11, 0x12, 0x22, 0x11, 0x11, 0x11, 0x12, 0x00, 0x00, 0x00, 0x00
spr_ken_300_animation0_frame4_tileset_data_size = .-spr_ken_300_animation0_frame4_tileset_data

    .align  2
spr_ken_300_animation0_frame5_tileset_data:
    dc.b    0x13, 0x00, 0x00, 0x00, 0x12, 0x01, 0x00, 0x05, 0x12, 0x01, 0x00, 0x55, 0x12, 0x01, 0x0d, 0x55
    dc.b    0x10, 0x01, 0xd8, 0xbb, 0xc9, 0x89, 0x11, 0x01, 0xb7, 0x77, 0x41, 0x01, 0x00, 0xdb, 0x7c, 0x77
    dc.b    0x00, 0xdb, 0xcc, 0x7a, 0x80, 0x01, 0x00, 0xd8, 0x77, 0xab, 0x00, 0x0d, 0xb7, 0xab, 0x00, 0x0d
    dc.b    0x8b, 0xba, 0x00, 0x0d, 0x8b, 0xb7, 0xc9, 0x7c, 0x14, 0x29, 0x0d, 0xdd, 0x00, 0x0f, 0x00, 0x00
    dc.b    0xf0, 0x01, 0xdb, 0x7c, 0xcd, 0xaa, 0xdb, 0x7c, 0xca, 0xdd, 0x58, 0xa7, 0xc7, 0xba, 0x55, 0xd8
    dc.b    0xbb, 0xd8, 0x5d, 0xdd, 0x55, 0x00, 0x55, 0xd8, 0x85, 0x00, 0xdd, 0x55, 0x55, 0x00, 0xdd, 0xd8
    dc.b    0xc6, 0x0b, 0xf0, 0x00, 0xab, 0xa7, 0xc8, 0x0a, 0xab, 0xac, 0xcb, 0x8a, 0xaa, 0x7c, 0xca, 0x87
    dc.b    0xa7, 0x7c, 0xca, 0xba, 0xa7, 0x7c, 0xcb, 0xba, 0xa7, 0xcc, 0x78, 0xb2, 0xaa, 0xcc, 0xa8, 0xb3
    dc.b    0xa7, 0xca, 0xb2, 0x01, 0x88, 0x83, 0x7c, 0x7d, 0x88, 0x83, 0xc7, 0xd8, 0x88, 0x63, 0xad, 0x88
    dc.b    0x88, 0x62, 0xdd, 0xdd, 0xdd, 0x62, 0x00, 0x00, 0x00, 0x62, 0x32, 0x01, 0x00, 0x61, 0x00, 0x00
    dc.b    0x00, 0x64, 0x01, 0x05, 0x01, 0x01, 0x01, 0x0b, 0x10, 0x01, 0x00, 0x63, 0xfd, 0xa9, 0x20, 0x01
    dc.b    0x00, 0x96, 0xd8, 0x00, 0xc9, 0x24, 0x11, 0x46, 0xa0, 0x00, 0x12, 0x01, 0x00, 0xe0, 0x12, 0x01
    dc.b    0x00, 0xee, 0xf0, 0x00, 0x00, 0x0e, 0xba, 0x77, 0x7a, 0x2e, 0x77, 0x77, 0x11, 0x12, 0x77, 0x11
    dc.b    0x11, 0x26, 0x71, 0x11, 0x22, 0x63, 0x11, 0x12, 0x33, 0x11, 0x21, 0x22, 0x33, 0x12, 0x22, 0x22
    dc.b    0x31, 0x43, 0xf0, 0x00, 0x22, 0x12, 0x34, 0x4d, 0x22, 0x13, 0x24, 0x3d, 0x21, 0x13, 0x14, 0x6d
    dc.b    0x21, 0x43, 0x44, 0xd8, 0x14, 0x32, 0x42, 0xda, 0x14, 0x31, 0x43, 0xdc, 0x44, 0x31, 0x55, 0x8c
    dc.b    0x44, 0x34, 0x21, 0x01, 0x55, 0x5c, 0x44, 0x64, 0xf0, 0x00, 0x55, 0x57, 0x44, 0x64, 0x55, 0x5b
    dc.b    0x44, 0x64, 0x55, 0x55, 0x14, 0x64, 0x55, 0x55, 0x11, 0x61, 0x65, 0x55, 0x22, 0x61, 0x35, 0x55
    dc.b    0x32, 0x62, 0x25, 0x55, 0x33, 0x36, 0x35, 0x55, 0x11, 0x00, 0xee, 0xee, 0x21, 0x01, 0xef, 0xee
    dc.b    0xee, 0xfe, 0x41, 0x01, 0xe7, 0xee, 0xee, 0xfe, 0xff, 0xee, 0xee, 0xff, 0xf0, 0x00, 0xfe, 0xeb
    dc.b    0xeb, 0xee, 0xee, 0xea, 0x8a, 0xee, 0xee, 0xa7, 0x8a, 0xed, 0x5d, 0xa7, 0x3d, 0xba, 0xd5, 0x5d
    dc.b    0x2d, 0x8a, 0x7c, 0x58, 0xdd, 0xda, 0x77, 0xa8, 0xd8, 0xdb, 0xa7, 0xab, 0xe1, 0x01, 0xd8, 0x8d
    dc.b    0x8a, 0x55, 0x88, 0xb8, 0xda, 0x55, 0xbb, 0xba, 0xda, 0x7c, 0xaa, 0xb7, 0xbd, 0xdd, 0x8a, 0x8b
    dc.b    0xb5, 0x88, 0x7b, 0x85, 0x55, 0x7c, 0xcc, 0x85, 0x55, 0xcc, 0xf0, 0x00, 0xcc, 0x55, 0x55, 0xcc
    dc.b    0xc7, 0x55, 0x55, 0xcc, 0x7a, 0x55, 0x58, 0x77, 0xab, 0x55, 0x58, 0xaa, 0x88, 0x55, 0x5b, 0xbb
    dc.b    0x8b, 0x55, 0x5b, 0xbb, 0xba, 0x55, 0x58, 0x88, 0xbb, 0x55, 0x50, 0x01, 0x57, 0xb8, 0x5b, 0x55
    dc.b    0x58, 0x88, 0x58, 0x55, 0x5b, 0x82, 0xee, 0xcc, 0x02, 0x85, 0x20, 0x0f, 0x00, 0x00, 0x00, 0x09
    dc.b    0x7f, 0x28, 0x12, 0x9f, 0x00, 0x06, 0x01, 0xa3, 0x14, 0x01, 0x00, 0x99, 0x01, 0x1f, 0x12, 0x01
    dc.b    0x00, 0x66, 0x14, 0x01, 0x00, 0x33, 0x10, 0x01, 0x00, 0x32, 0xe5, 0x6f, 0x09, 0x01, 0xf0, 0x00
    dc.b    0x96, 0x31, 0x33, 0x63, 0x55, 0x55, 0x33, 0x63, 0x65, 0x55, 0x66, 0x66, 0x35, 0x55, 0x66, 0x66
    dc.b    0x66, 0x55, 0x96, 0x66, 0x66, 0x55, 0x09, 0x93, 0x22, 0x25, 0x09, 0x99, 0x93, 0x22, 0xf0, 0x00
    dc.b    0x05, 0x55, 0x59, 0x66, 0x05, 0x55, 0x55, 0x55, 0x09, 0x95, 0x55, 0x55, 0x99, 0x66, 0x66, 0x99
    dc.b    0x63, 0x32, 0x22, 0x21, 0x22, 0x11, 0x12, 0x22, 0x22, 0x44, 0x12, 0x33, 0x24, 0x44, 0xf0, 0x00
    dc.b    0x44, 0x41, 0x99, 0x32, 0x44, 0x44, 0x99, 0x99, 0x92, 0x24, 0x96, 0x66, 0x69, 0x93, 0x63, 0x22
    dc.b    0x23, 0x69, 0x32, 0x11, 0x41, 0x13, 0x22, 0x11, 0x44, 0x12, 0x22, 0x14, 0x44, 0x12, 0x21, 0x01
    dc.b    0x21, 0x14, 0x44, 0x11, 0x53, 0x01, 0x11, 0x14, 0x41, 0x11, 0x11, 0x44, 0x41, 0x12, 0x14, 0x44
    dc.b    0x14, 0x01, 0x11, 0x22, 0xf0, 0x00, 0x11, 0x21, 0x85, 0x55, 0xb8, 0x21, 0x85, 0x55, 0x88, 0x22
    dc.b    0x55, 0x55, 0x82, 0x22, 0x55, 0x55, 0x33, 0x39, 0x55, 0x55, 0x99, 0x96, 0x55, 0x55, 0x56, 0x99
    dc.b    0x55, 0x55, 0x52, 0x36, 0x34, 0x00, 0x35, 0x55, 0x55, 0x23, 0x55, 0x55, 0xc1, 0x45, 0x11, 0x11
    dc.b    0x14, 0x44, 0x21, 0x14, 0x44, 0x44, 0x32, 0x21, 0x44, 0x44, 0x22, 0x22, 0x22, 0x22, 0x41, 0x12
    dc.b    0x22, 0x22, 0x44, 0x44, 0x11, 0x11, 0x81, 0x01, 0x99, 0x93, 0x33, 0x22, 0x66, 0x69, 0x99, 0x99
    dc.b    0x33, 0x66, 0x69, 0x99, 0x23, 0x36, 0x66, 0x99, 0x31, 0x01, 0x22, 0x36, 0x66, 0x99, 0x22, 0x33
    dc.b    0x14, 0x01, 0x66, 0x90, 0x31, 0x01, 0x69, 0x90, 0x12, 0x33, 0x69, 0x00, 0xf0, 0x00, 0x23, 0x33
    dc.b    0x69, 0x00, 0x36, 0x22, 0x22, 0x23, 0x66, 0x33, 0x33, 0x66, 0x93, 0x33, 0x66, 0x66, 0x66, 0x66
    dc.b    0x66, 0x9d, 0x66, 0x66, 0x99, 0xdb, 0x33, 0x33, 0x33, 0x6d, 0x99, 0x63, 0xf0, 0x00, 0x33, 0x9d
    dc.b    0x69, 0x95, 0x55, 0x5d, 0x55, 0x55, 0x55, 0x5d, 0x55, 0x5d, 0x63, 0x12, 0x93, 0x24, 0x41, 0x22
    dc.b    0x44, 0x44, 0x12, 0x33, 0x44, 0x41, 0x23, 0x33, 0x11, 0x23, 0x22, 0x41, 0x20, 0x01, 0x33, 0x32
    dc.b    0x24, 0x44, 0xf0, 0xff, 0xc1, 0x01, 0x44, 0x41, 0x11, 0x12, 0x23, 0x99, 0x23, 0x39, 0x99, 0x63
    dc.b    0x99, 0x99, 0x63, 0x32, 0x99, 0x66, 0x33, 0x32, 0x96, 0x66, 0x63, 0x32, 0x66, 0x63, 0x42, 0x01
    dc.b    0x36, 0x33, 0x66, 0x63, 0x33, 0x33, 0x96, 0x66, 0x10, 0x01, 0x09, 0x66, 0xd9, 0x8c, 0x42, 0xfd
    dc.b    0x00, 0x09, 0x66, 0x66, 0x00, 0x00, 0x96, 0x63, 0x01, 0xf9, 0x03, 0xff, 0x1a, 0x01, 0x00, 0x93
    dc.b    0x03, 0x0f, 0x00, 0x02, 0x7e, 0xef, 0x00, 0x10, 0x7f, 0xff, 0x07, 0x00, 0x10, 0x01, 0x00, 0x08
    dc.b    0xc3, 0x3b, 0xc1, 0x01, 0x00, 0xaa, 0x00, 0x00, 0x0b, 0xaa, 0x00, 0x07, 0x78, 0x78, 0x00, 0x07
    dc.b    0xad, 0x7d, 0x32, 0x14, 0x44, 0x11, 0x31, 0x14, 0x44, 0x11, 0x21, 0x44, 0x12, 0x01, 0x44, 0x12
    dc.b    0x02, 0x07, 0x60, 0x01, 0x21, 0x14, 0x41, 0x11, 0x22, 0x21, 0x11, 0x12, 0x32, 0x22, 0x22, 0x22
    dc.b    0xfc, 0x65, 0x32, 0x01, 0x32, 0x22, 0x66, 0x32, 0x22, 0x21, 0x11, 0x01, 0x11, 0x21, 0x82, 0x01
    dc.b    0x66, 0x61, 0x11, 0x22, 0x66, 0x61, 0x41, 0x22, 0x66, 0x61, 0x41, 0x12, 0x66, 0x61, 0x44, 0x12
    dc.b    0x01, 0x07, 0x92, 0x01, 0x18, 0x88, 0x08, 0x88, 0x88, 0x8b, 0x8b, 0xaa, 0xaa, 0xa7, 0xb7, 0x77
    dc.b    0x77, 0x7c, 0x77, 0x77, 0x7c, 0xcc, 0xa1, 0x01, 0xcc, 0xc7, 0xab, 0xba, 0xa7, 0xca, 0x78, 0x7c
    dc.b    0xca, 0x7b, 0xad, 0x77, 0x7b, 0xb0, 0x22, 0x12, 0x33, 0x69, 0x21, 0x23, 0x41, 0x01, 0x36, 0x69
    dc.b    0x21, 0x23, 0x36, 0x90, 0x12, 0x33, 0x42, 0xd1, 0x69, 0x00, 0x22, 0x36, 0x99, 0x00, 0x23, 0x66
    dc.b    0xe1, 0x01, 0x32, 0x31, 0x36, 0x00, 0x22, 0x24, 0x23, 0x00, 0x22, 0x44, 0x13, 0x00, 0x14, 0x44
    dc.b    0x13, 0x00, 0x44, 0x44, 0x13, 0x00, 0x44, 0x41, 0x16, 0x00, 0x11, 0x11, 0x26, 0x00, 0xb0, 0x01
    dc.b    0x21, 0x12, 0x26, 0x00, 0x22, 0x22, 0x36, 0x00, 0x22, 0x22, 0x30, 0x00, 0x22, 0x20, 0x00, 0x00
    dc.b    0x28, 0x80, 0x00, 0x00, 0x8b, 0xb0, 0xf2, 0x15, 0x40, 0x01, 0x7c, 0xca, 0x00, 0x00, 0x77, 0xca
    dc.b    0x00, 0x00, 0xe4, 0x43, 0x26, 0x8a, 0x00, 0x00, 0x80, 0x00, 0x70, 0x01, 0x63, 0x32, 0x21, 0x22
    dc.b    0x63, 0x22, 0x33, 0x21, 0x96, 0x66, 0x62, 0x14, 0x09, 0x63, 0xc5, 0xe4, 0xf0, 0x00, 0x09, 0x96
    dc.b    0x21, 0x22, 0x09, 0x62, 0x23, 0x33, 0x09, 0x96, 0x63, 0x32, 0x09, 0x63, 0x32, 0x21, 0x09, 0x32
    dc.b    0x22, 0x22, 0x09, 0x63, 0x23, 0x33, 0x09, 0x66, 0x33, 0x33, 0x00, 0x96, 0x11, 0xe1, 0x66, 0x66
    dc.b    0x25, 0x01, 0x00, 0x93, 0x33, 0x33, 0x20, 0x01, 0x00, 0x03, 0x33, 0x33, 0x7e, 0x49, 0x09, 0xbb
    dc.b    0x32, 0x01, 0x00, 0x0b, 0x00, 0x00, 0x00, 0xba, 0x12, 0x09, 0x00, 0x8b, 0x02, 0x00, 0x10, 0x01
    dc.b    0x14, 0x44, 0xfb, 0xd3, 0xa1, 0xbc, 0x11, 0x24, 0x44, 0x11, 0x12, 0x24, 0x41, 0x11, 0x22, 0x11
    dc.b    0x41, 0x11, 0x22, 0x14, 0x22, 0x22, 0x21, 0x41, 0x33, 0x22, 0xb1, 0x01, 0x12, 0x23, 0x32, 0x12
    dc.b    0x23, 0x33, 0x22, 0x12, 0x33, 0x33, 0x21, 0x12, 0x63, 0x33, 0x21, 0x12, 0x33, 0x33, 0x11, 0x42
    dc.b    0x33, 0x32, 0x22, 0x01, 0x14, 0x42, 0x33, 0x22, 0x32, 0x01, 0x32, 0x22, 0x14, 0x12, 0x22, 0x21
    dc.b    0xc1, 0x01, 0x83, 0x21, 0x14, 0x13, 0x88, 0x88, 0x88, 0x80, 0x88, 0x88, 0x88, 0x00, 0x88, 0xbb
    dc.b    0xbb, 0x00, 0xbb, 0xaa, 0x77, 0x70, 0xaa, 0xa7, 0xcc, 0xcc, 0xb0, 0x01, 0xba, 0xa7, 0x7c, 0xcc
    dc.b    0xba, 0xa7, 0x77, 0xcc, 0x88, 0xaa, 0xaa, 0xaa, 0x08, 0xa7, 0x88, 0xb7, 0x08, 0xb7, 0x77, 0x87
    dc.b    0x12, 0x00, 0xe7, 0xa5, 0x12, 0x01, 0x13, 0x00, 0x10, 0x01, 0x23, 0x00, 0xd4, 0xe6, 0x1e, 0x01
    dc.b    0x36, 0x00, 0x01, 0x11, 0x03, 0x01, 0x10, 0x01, 0x20, 0x00, 0xe7, 0x97, 0x01, 0x01, 0x0b, 0x00
    dc.b    0x50, 0x01, 0xc0, 0x00, 0x00, 0x00, 0xc7, 0x00, 0x00, 0x00, 0xc7, 0x70, 0xed, 0x90, 0xf0, 0x00
    dc.b    0x7b, 0x77, 0xb7, 0x00, 0xa8, 0x77, 0x8a, 0x00, 0xee, 0xfe, 0xec, 0xee, 0xee, 0xff, 0xec, 0xee
    dc.b    0xee, 0xfc, 0xfc, 0xef, 0xee, 0xfc, 0xff, 0xef, 0xee, 0xee, 0xff, 0xfc, 0xee, 0xee, 0xf0, 0x00
    dc.b    0xfe, 0xfc, 0xab, 0xbe, 0xee, 0xff, 0x77, 0xbe, 0xef, 0xfe, 0x77, 0xab, 0xee, 0xee, 0x77, 0xbd
    dc.b    0x5d, 0xee, 0xbd, 0x55, 0x8d, 0xe0, 0xa7, 0xc5, 0xad, 0x83, 0xaa, 0x77, 0xa2, 0x41, 0xf0, 0x00
    dc.b    0xb7, 0x7a, 0x82, 0x44, 0x55, 0xad, 0x84, 0x43, 0x55, 0xa8, 0x84, 0x46, 0xc7, 0xad, 0x34, 0x46
    dc.b    0xdd, 0xd8, 0x24, 0x36, 0x88, 0x88, 0x44, 0x63, 0xca, 0x83, 0x14, 0x63, 0xca, 0x82, 0xf0, 0x00
    dc.b    0x14, 0x64, 0xca, 0x84, 0x13, 0x64, 0xcb, 0x44, 0x26, 0x34, 0x78, 0x44, 0x23, 0x44, 0xa2, 0x41
    dc.b    0x33, 0x44, 0xb4, 0x41, 0x33, 0x44, 0x84, 0x41, 0x34, 0x44, 0x84, 0x11, 0x34, 0x44, 0xa3, 0x01
    dc.b    0x24, 0x13, 0x34, 0x44, 0x11, 0x16, 0x44, 0x44, 0x41, 0x36, 0x11, 0x12, 0x13, 0x62, 0x22, 0x22
    dc.b    0xee, 0x00, 0x00, 0x00, 0x12, 0x01, 0xe0, 0x00, 0x10, 0x01, 0xe0, 0xe0, 0x7c, 0xbe, 0x14, 0x0b
    dc.b    0x0e, 0x00, 0x03, 0x00, 0xf0, 0x00, 0x61, 0x10, 0x00, 0x00, 0x64, 0x41, 0x20, 0x00, 0x64, 0x41
    dc.b    0x11, 0x12, 0x34, 0x41, 0x11, 0x44, 0x34, 0x11, 0x14, 0x44, 0x44, 0x12, 0x14, 0x44, 0x44, 0x22
    dc.b    0x14, 0x44, 0x44, 0x21, 0xf0, 0x00, 0x11, 0x6d, 0x41, 0x22, 0x22, 0xdb, 0x41, 0x32, 0x6d, 0x8a
    dc.b    0x41, 0x33, 0x9d, 0xba, 0x41, 0x33, 0xd8, 0xba, 0x41, 0x36, 0xdb, 0xba, 0x41, 0x36, 0xd8, 0xbb
    dc.b    0x41, 0x3d, 0xd8, 0x8b, 0xa0, 0x14, 0x41, 0x6d, 0x88, 0xbb, 0x42, 0x6d, 0x8b, 0xaa, 0x12, 0x6d
    dc.b    0x8b, 0xaa, 0x23, 0x6d, 0x8b, 0xaa, 0x36, 0x9d, 0x88, 0xba, 0x7c, 0x2b, 0x07, 0x00, 0xf0, 0x00
    dc.b    0x41, 0x20, 0x00, 0x00, 0x44, 0x42, 0x00, 0x00, 0x44, 0x41, 0x20, 0x00, 0x2d, 0xdd, 0xd2, 0x00
    dc.b    0xdb, 0xbb, 0x8d, 0x00, 0xa7, 0xcc, 0xc8, 0x00, 0x7c, 0xcc, 0xc7, 0x00, 0x7c, 0xcc, 0xf0, 0x00
    dc.b    0xcc, 0x00, 0x77, 0xcc, 0xc7, 0x00, 0x77, 0x77, 0x7a, 0x00, 0xaa, 0xa7, 0xab, 0x00, 0xbb, 0x7c
    dc.b    0x7b, 0xb0, 0xba, 0x7c, 0xc7, 0xb0, 0xba, 0xcc, 0xcc, 0xab, 0xba, 0xcc, 0xcc, 0x7b, 0xf0, 0x00
    dc.b    0xba, 0x7c, 0xcc, 0x7b, 0xbb, 0xac, 0xc7, 0xa8, 0x26, 0xd8, 0xba, 0xab, 0x36, 0xd8, 0xba, 0xab
    dc.b    0x69, 0xd8, 0x8b, 0xab, 0x69, 0x0d, 0x88, 0xba, 0x9d, 0xdd, 0xdd, 0xd8, 0x7c, 0xcc, 0xf0, 0x00
    dc.b    0xcc, 0x5d, 0xa8, 0x8d, 0xaa, 0x85, 0xda, 0x77, 0xcc, 0x85, 0xb8, 0x8d, 0x7a, 0x85, 0xda, 0x7c
    dc.b    0xcc, 0x55, 0x8b, 0xa7, 0x7d, 0x55, 0xdd, 0xdd, 0x55, 0x8b, 0x33, 0x00, 0x0d, 0x88, 0xf0, 0x01
    dc.b    0x33, 0x20, 0x00, 0xdd, 0x29, 0x92, 0x30, 0x00, 0x13, 0x99, 0x90, 0x00, 0x44, 0x19, 0x39, 0x30
    dc.b    0x44, 0x11, 0x96, 0x93, 0x29, 0x99, 0x96, 0x69, 0x96, 0x32, 0x22, 0x20, 0x21, 0x14, 0xc2, 0x1f
    dc.b    0x00, 0x02, 0xe3, 0x2e, 0xf0, 0x00, 0x21, 0x11, 0x44, 0x44, 0x22, 0x11, 0x14, 0x44, 0x32, 0x11
    dc.b    0x11, 0x44, 0x32, 0x21, 0x11, 0x44, 0x22, 0x22, 0x11, 0x14, 0x33, 0x22, 0x22, 0x11, 0x33, 0x32
    dc.b    0x21, 0x14, 0x63, 0x21, 0x41, 0x4b, 0x11, 0x11, 0xac, 0xcc, 0xc7, 0xb0, 0xa7, 0xcc, 0xf0, 0x00
    dc.b    0x7a, 0x80, 0xbb, 0x77, 0xab, 0x80, 0x88, 0xba, 0xab, 0x00, 0xb7, 0xcc, 0x7b, 0x00, 0xac, 0xcc
    dc.b    0xc7, 0x00, 0x5c, 0xcc, 0xcc, 0x00, 0x57, 0xcc, 0xcc, 0xa0, 0x8b, 0xa7, 0x77, 0x70, 0x7e, 0x8b
    dc.b    0x88, 0xbb, 0xaa, 0xa0, 0xbb, 0x88, 0x8d, 0x00, 0xbb, 0xb8, 0xd0, 0x00, 0xdd, 0xdd, 0x73, 0x91
    dc.b    0x10, 0x00, 0x00, 0x00, 0x41, 0x00, 0x00, 0x00, 0x44, 0x00, 0x00, 0x00, 0x44, 0x10, 0x50, 0x01
    dc.b    0x00, 0x00, 0x44, 0x44, 0x10, 0x00, 0x44, 0x44, 0x42, 0x00, 0xfb, 0xfe, 0x37, 0x1d, 0x44, 0x20
    dc.b    0x44, 0x44, 0x44, 0x13, 0x8c, 0x32, 0x00, 0xd8, 0x8b, 0x00, 0x0d, 0xac, 0xcb, 0xbb, 0xdb, 0x77
    dc.b    0xdd, 0xcb, 0xda, 0x77, 0xd7, 0x7b, 0x36, 0x08, 0x00, 0x0e, 0xb0, 0x00, 0x00, 0x0e, 0x11, 0x01
    dc.b    0x00, 0xe0, 0x66, 0x19, 0x0e, 0x0e, 0xe0, 0xe0, 0x0e, 0x0e, 0xe0, 0xee, 0x0e, 0xee, 0xee, 0xee
    dc.b    0x90, 0x00, 0xe0, 0x00, 0x00, 0xe0, 0xe0, 0x00, 0xe0, 0xe0, 0xee, 0x00, 0xee, 0xee, 0xee, 0x00
    dc.b    0xef, 0xee, 0xfe, 0x0e, 0x00, 0x00, 0x00, 0x00
spr_ken_300_animation0_frame5_tileset_data_size = .-spr_ken_300_animation0_frame5_tileset_data

    .align  2
spr_ken_420_animation0_frame0_tileset_data:
    dc.b    0x00, 0x01, 0xf1, 0xc1, 0x0f, 0x00, 0x92, 0x01, 0x00, 0x22, 0x00, 0x00, 0x02, 0x3d, 0x00, 0x00
    dc.b    0x02, 0x38, 0x00, 0x00, 0x93, 0x38, 0x00, 0x00, 0x93, 0xdb, 0x14, 0x01, 0x93, 0xd8, 0x12, 0x01
    dc.b    0x9d, 0x88, 0x12, 0x01, 0x98, 0x88, 0x50, 0x01, 0x98, 0x8a, 0x00, 0x00, 0x98, 0xba, 0x00, 0x00
    dc.b    0x9b, 0xba, 0xf8, 0x08, 0x10, 0x01, 0x08, 0xbb, 0xf8, 0x03, 0x10, 0x01, 0x00, 0x88, 0xe4, 0xd1
    dc.b    0x1d, 0x38, 0x00, 0x0d, 0xf0, 0x00, 0x00, 0x32, 0x11, 0x11, 0x22, 0x44, 0x44, 0x44, 0x2d, 0xd8
    dc.b    0x88, 0x8d, 0xd8, 0xbb, 0xbb, 0xbb, 0x8b, 0xbb, 0xa7, 0x77, 0xbb, 0xba, 0x7c, 0xcc, 0xaa, 0xb7
    dc.b    0xcc, 0xcc, 0xa7, 0xb7, 0xf0, 0x00, 0xcc, 0xcc, 0xa7, 0xba, 0x7c, 0xcc, 0xa7, 0xba, 0xa7, 0x77
    dc.b    0xba, 0xab, 0xaa, 0xaa, 0x8b, 0xbb, 0xbb, 0xa7, 0xbb, 0xa7, 0xcc, 0xcc, 0xba, 0xa7, 0xcc, 0xcc
    dc.b    0xbb, 0xaa, 0x77, 0x77, 0x72, 0x01, 0x88, 0xbb, 0xbb, 0xb8, 0xa7, 0x7a, 0xa7, 0x77, 0x77, 0xcc
    dc.b    0xcc, 0xcc, 0x7c, 0xcc, 0xc8, 0x3c, 0xa7, 0x7c, 0xcc, 0x77, 0xba, 0x77, 0x7a, 0xaa, 0x8b, 0xbb
    dc.b    0xbb, 0xbb, 0xb8, 0x88, 0x88, 0x88, 0xa7, 0xbb, 0x88, 0x88, 0xda, 0xaa, 0x88, 0x83, 0x11, 0x02
    dc.b    0x00, 0xee, 0xf0, 0x00, 0x12, 0x23, 0x36, 0x63, 0x44, 0x41, 0x23, 0x6e, 0xd4, 0x44, 0x41, 0x34
    dc.b    0x8d, 0x24, 0x41, 0x31, 0xa8, 0xd2, 0x44, 0x23, 0xc7, 0x8d, 0x14, 0x23, 0xcc, 0xad, 0x24, 0x22
    dc.b    0xc7, 0xad, 0xf0, 0x00, 0x21, 0x21, 0x7a, 0xbd, 0x22, 0x14, 0xab, 0xd3, 0x22, 0x14, 0xbb, 0x83
    dc.b    0x22, 0x14, 0x7a, 0x83, 0x22, 0x14, 0xc7, 0x83, 0x22, 0x14, 0xca, 0xd3, 0x22, 0x22, 0xab, 0xd9
    dc.b    0x33, 0x65, 0xf0, 0x00, 0x8d, 0xd9, 0x99, 0x55, 0xcc, 0xc7, 0x55, 0xdd, 0xcc, 0xc5, 0xdd, 0x88
    dc.b    0xcc, 0xc5, 0x88, 0x88, 0x77, 0x78, 0xd8, 0xdd, 0xaa, 0xab, 0x55, 0x5d, 0xab, 0xb8, 0x55, 0x55
    dc.b    0xb8, 0x88, 0x72, 0x39, 0xd5, 0x54, 0x88, 0x88, 0x81, 0x11, 0x88, 0x22, 0x22, 0x22, 0x33, 0x33
    dc.b    0x33, 0x22, 0xa1, 0x07, 0x0e, 0xee, 0x00, 0x0e, 0xee, 0xee, 0xee, 0xff, 0xff, 0xfe, 0xff, 0xee
    dc.b    0xee, 0xee, 0xee, 0xe8, 0xee, 0xef, 0x38, 0x8e, 0xf0, 0x00, 0xee, 0xee, 0x4e, 0xef, 0xcc, 0xcf
    dc.b    0x44, 0xe8, 0x8e, 0xff, 0x44, 0x8e, 0xee, 0xee, 0x14, 0x48, 0x88, 0x8d, 0x34, 0x44, 0x7a, 0xbd
    dc.b    0x32, 0x44, 0x7b, 0xb8, 0x13, 0x14, 0x4b, 0xb8, 0xf0, 0x00, 0x42, 0x31, 0x41, 0x8b, 0x44, 0x23
    dc.b    0x44, 0x4a, 0x41, 0xdd, 0x7d, 0x8c, 0x1d, 0xba, 0xda, 0x7c, 0xdb, 0xbb, 0x7c, 0xcc, 0x8b, 0x55
    dc.b    0x5d, 0xd5, 0x5d, 0xdd, 0x88, 0xdd, 0x55, 0xd8, 0xf0, 0x00, 0x8d, 0xdd, 0xd5, 0xdd, 0xdd, 0x55
    dc.b    0x85, 0xdd, 0x55, 0x8b, 0xd5, 0x55, 0x58, 0x12, 0x55, 0x55, 0x44, 0x12, 0x55, 0x44, 0x44, 0x42
    dc.b    0x44, 0x44, 0x44, 0x43, 0x11, 0x44, 0x44, 0x43, 0x4f, 0xfc, 0x11, 0x11, 0x11, 0x26, 0x22, 0x22
    dc.b    0x26, 0x69, 0x24, 0x01, 0x00, 0x00, 0x00, 0x09, 0x12, 0x01, 0x00, 0x96, 0x14, 0x01, 0x00, 0x93
    dc.b    0x01, 0x07, 0x14, 0x17, 0x00, 0x06, 0x12, 0x01, 0x00, 0x08, 0x10, 0x01, 0x00, 0x8a, 0xf0, 0xc8
    dc.b    0xb0, 0x01, 0xba, 0xa7, 0x00, 0x00, 0xba, 0x77, 0x00, 0x0b, 0xaa, 0x77, 0x00, 0xba, 0xaa, 0xaa
    dc.b    0x00, 0x87, 0x87, 0x7b, 0x00, 0x8b, 0x87, 0x87, 0x7e, 0xfb, 0x01, 0x2a, 0x51, 0x01, 0x22, 0x11
    dc.b    0x00, 0x96, 0x22, 0x14, 0x00, 0x93, 0x21, 0x14, 0xb1, 0x95, 0x09, 0x63, 0x21, 0x44, 0x09, 0x33
    dc.b    0x21, 0x44, 0x96, 0x33, 0x21, 0x44, 0x93, 0x33, 0x21, 0x11, 0x63, 0x33, 0x32, 0x22, 0x63, 0x33
    dc.b    0xf0, 0x00, 0x22, 0x11, 0x33, 0x33, 0x21, 0x41, 0x33, 0x32, 0x14, 0x44, 0x33, 0x32, 0x44, 0x44
    dc.b    0x33, 0x31, 0x44, 0x11, 0x33, 0x34, 0x41, 0x12, 0x33, 0x14, 0x41, 0x12, 0x33, 0x44, 0x11, 0x22
    dc.b    0xf0, 0x00, 0x62, 0x44, 0x12, 0x22, 0x81, 0x41, 0x22, 0x23, 0x88, 0x88, 0x88, 0x88, 0xbb, 0xbb
    dc.b    0xaa, 0xaa, 0xa7, 0x77, 0x77, 0x7a, 0x77, 0xcc, 0xc7, 0x80, 0x7c, 0xcc, 0xc7, 0x80, 0xcc, 0xcc
    dc.b    0xa2, 0x56, 0xc7, 0x00, 0x7c, 0xcc, 0x77, 0x00, 0xaa, 0xa7, 0x7a, 0x00, 0xab, 0xba, 0x7a, 0x00
    dc.b    0x8a, 0xcc, 0x70, 0x00, 0x8a, 0xaa, 0xe0, 0x01, 0x44, 0x44, 0x44, 0x12, 0x44, 0x44, 0x41, 0x22
    dc.b    0x44, 0x44, 0x41, 0x21, 0x44, 0x44, 0x42, 0x11, 0x44, 0x44, 0x11, 0x12, 0x44, 0x44, 0x11, 0x23
    dc.b    0x44, 0x41, 0x22, 0x36, 0xc5, 0x2d, 0xf0, 0x00, 0x66, 0x32, 0x33, 0x63, 0x31, 0x26, 0x14, 0x44
    dc.b    0x12, 0x39, 0x22, 0x23, 0x36, 0x69, 0x44, 0x23, 0x66, 0x90, 0x22, 0x33, 0x66, 0x90, 0x22, 0x36
    dc.b    0x69, 0x00, 0x23, 0x36, 0x69, 0x00, 0x10, 0x01, 0x23, 0x66, 0xe6, 0x9a, 0x10, 0x01, 0x36, 0x99
    dc.b    0xe6, 0xd9, 0x00, 0x16, 0x00, 0x00, 0x10, 0x01, 0x21, 0x36, 0xc9, 0x9f, 0x10, 0x01, 0x13, 0x69
    dc.b    0xe6, 0xcf, 0x12, 0x23, 0x39, 0x90, 0x16, 0x01, 0x90, 0x00, 0x00, 0x2a, 0x00, 0x00, 0xf0, 0x00
    dc.b    0xb3, 0x44, 0xbb, 0x84, 0x26, 0x14, 0xb8, 0xd1, 0x26, 0x14, 0x8d, 0xd1, 0x26, 0x14, 0xdd, 0x2d
    dc.b    0x39, 0x14, 0xd6, 0x2d, 0x39, 0x14, 0x62, 0x00, 0x69, 0x12, 0x63, 0x00, 0x93, 0x29, 0xf0, 0x00
    dc.b    0x26, 0x00, 0x32, 0x92, 0x69, 0x00, 0x35, 0x59, 0xd0, 0x00, 0x55, 0x32, 0x00, 0x00, 0x24, 0x12
    dc.b    0x00, 0x00, 0x44, 0x23, 0x30, 0x00, 0x12, 0x21, 0x20, 0x00, 0x22, 0x14, 0x12, 0x00, 0xd0, 0x02
    dc.b    0x21, 0x44, 0x41, 0x20, 0x14, 0x44, 0x44, 0x13, 0x44, 0x44, 0x44, 0x41, 0x11, 0x26, 0x66, 0x99
    dc.b    0x36, 0x63, 0x11, 0x23, 0x63, 0x24, 0x44, 0x42, 0x21, 0x44, 0xea, 0xa4, 0x10, 0x01, 0x44, 0x44
    dc.b    0xf9, 0x8b, 0x32, 0x01, 0x14, 0x44, 0x22, 0x11, 0x11, 0x44, 0xf0, 0x00, 0x11, 0x14, 0x22, 0x21
    dc.b    0x41, 0x11, 0x32, 0x21, 0x14, 0x11, 0x32, 0x22, 0x14, 0x41, 0x8b, 0xaa, 0x7c, 0x7b, 0x8b, 0xba
    dc.b    0xab, 0x8b, 0x88, 0xbb, 0xb8, 0xd7, 0x88, 0x88, 0xdd, 0x7c, 0xa0, 0x01, 0xd8, 0x8d, 0xd5, 0xad
    dc.b    0x0d, 0x8d, 0xaa, 0x58, 0x00, 0xd8, 0x8a, 0xa5, 0x00, 0x0d, 0xdd, 0xba, 0x00, 0x00, 0x0d, 0xdd
    dc.b    0xe1, 0x0f, 0x0c, 0x00, 0x12, 0x01, 0x30, 0x00, 0x50, 0x01, 0x96, 0x00, 0x00, 0x00, 0x39, 0x00
    dc.b    0x00, 0x00, 0x23, 0x00, 0xf2, 0x63, 0x11, 0x57, 0x41, 0x30, 0xf0, 0x00, 0x00, 0x00, 0x44, 0x12
    dc.b    0x00, 0x00, 0x44, 0x41, 0x30, 0x00, 0x44, 0x41, 0x20, 0x00, 0x44, 0x44, 0x13, 0x00, 0x44, 0x44
    dc.b    0x42, 0x00, 0x14, 0x44, 0x41, 0x30, 0x14, 0x44, 0x44, 0x20, 0xf0, 0x00, 0xb8, 0x00, 0x00, 0x00
    dc.b    0x77, 0xa8, 0x00, 0x00, 0xcc, 0xc7, 0x80, 0x00, 0xad, 0xcc, 0xb8, 0x00, 0xd7, 0xd7, 0xc8, 0x00
    dc.b    0xbd, 0x7d, 0xc7, 0x00, 0xdb, 0xd8, 0x78, 0x00, 0xdd, 0x8b, 0x40, 0x2b, 0x88, 0x00, 0xd8, 0xdd
    dc.b    0xd0, 0x00, 0xdd, 0xd0, 0x7f, 0x41, 0x40, 0x01, 0x96, 0x66, 0x33, 0x22, 0x09, 0x66, 0x63, 0x32
    dc.b    0xf5, 0xff, 0xf0, 0x00, 0x66, 0x63, 0x00, 0x09, 0x66, 0x33, 0x00, 0x09, 0x99, 0x66, 0x00, 0x09
    dc.b    0x63, 0x22, 0x00, 0x96, 0x32, 0x11, 0x00, 0x96, 0x32, 0x22, 0x00, 0x93, 0x22, 0x22, 0x09, 0x63
    dc.b    0x22, 0x23, 0x72, 0x01, 0x09, 0x62, 0x23, 0x33, 0x09, 0x62, 0x33, 0x33, 0x09, 0x63, 0x33, 0x33
    dc.b    0x00, 0x93, 0x82, 0x01, 0x00, 0x96, 0x33, 0x33, 0x00, 0x00, 0x63, 0x33, 0x00, 0x00, 0x08, 0x63
    dc.b    0x00, 0x00, 0x08, 0x88, 0x90, 0x01, 0x88, 0x8b, 0x00, 0x00, 0x8b, 0xbb, 0x00, 0x00, 0x8b, 0xba
    dc.b    0x00, 0x00, 0x8a, 0xaa, 0x00, 0x00, 0x08, 0xa7, 0x7e, 0x39, 0x10, 0x03, 0x00, 0x8b, 0x7e, 0x31
    dc.b    0x01, 0x01, 0xf0, 0x00, 0x00, 0x00, 0x21, 0x14, 0x41, 0x14, 0x22, 0x11, 0x44, 0x11, 0x22, 0x21
    dc.b    0x14, 0x41, 0x22, 0x12, 0x14, 0x44, 0x32, 0x21, 0x11, 0x14, 0x33, 0x22, 0x11, 0x11, 0x23, 0x32
    dc.b    0x22, 0x11, 0x21, 0x00, 0x11, 0x22, 0x22, 0x22, 0x81, 0x01, 0x22, 0x33, 0x22, 0x21, 0x33, 0x32
    dc.b    0x21, 0x11, 0x33, 0x32, 0x21, 0x41, 0x33, 0x22, 0x11, 0x44, 0x11, 0x15, 0x32, 0x21, 0x21, 0xed
    dc.b    0x14, 0x44, 0x22, 0x21, 0x02, 0x01, 0xf0, 0x02, 0x32, 0x11, 0x14, 0x44, 0x88, 0x82, 0x14, 0x44
    dc.b    0xbb, 0xbb, 0xb0, 0x00, 0xaa, 0xaa, 0xa0, 0x00, 0xa7, 0x77, 0x7a, 0x00, 0x77, 0x7c, 0xcc, 0xa0
    dc.b    0x77, 0xcc, 0xcc, 0xca, 0x77, 0xcc, 0xf1, 0x20, 0x71, 0xcb, 0x77, 0x77, 0xaa, 0xaa, 0xb8, 0xaa
    dc.b    0xba, 0xac, 0xc7, 0x8c, 0x88, 0x8a, 0x7b, 0x8b, 0x11, 0xcb, 0x44, 0x44, 0x11, 0xcf, 0x20, 0x00
    dc.b    0x10, 0x01, 0x44, 0x12, 0xc2, 0xc1, 0x30, 0x01, 0x22, 0x36, 0x00, 0x00, 0x22, 0x66, 0xc2, 0xc1
    dc.b    0x01, 0x01, 0x34, 0x01, 0x13, 0x60, 0x00, 0x00, 0x16, 0x00, 0x12, 0x01, 0x26, 0x00, 0x03, 0xfd
    dc.b    0x05, 0x01, 0x09, 0x00, 0x12, 0x01, 0xa0, 0x00, 0x10, 0x01, 0x7a, 0x00, 0xf0, 0xc5, 0x3f, 0xce
    dc.b    0x8a, 0x80, 0x00, 0x00, 0x88, 0x00, 0x10, 0x01, 0x00, 0x06, 0xdf, 0x72, 0x30, 0x01, 0x00, 0x02
    dc.b    0x00, 0x00, 0x00, 0x61, 0xd5, 0xec, 0x10, 0x03, 0x00, 0x91, 0x7d, 0x79, 0x00, 0x02, 0x7d, 0x7f
    dc.b    0x10, 0x01, 0x09, 0x33, 0xe0, 0x16, 0xf0, 0x00, 0x93, 0x32, 0x00, 0x00, 0x93, 0x22, 0x00, 0x00
    dc.b    0x93, 0x21, 0x00, 0x09, 0x62, 0x21, 0x00, 0x09, 0x32, 0x11, 0x00, 0x99, 0x99, 0x99, 0x00, 0x00
    dc.b    0x55, 0x55, 0x00, 0x01, 0x39, 0x55, 0xf0, 0x00, 0x00, 0x34, 0x41, 0x22, 0x03, 0x12, 0x14, 0x44
    dc.b    0x02, 0x22, 0x22, 0x21, 0x61, 0x39, 0x61, 0x22, 0x21, 0x92, 0x31, 0x11, 0x13, 0x92, 0x34, 0x41
    dc.b    0x19, 0x32, 0x34, 0x44, 0x39, 0x22, 0x21, 0x01, 0x34, 0x44, 0x93, 0x22, 0xd2, 0x01, 0x64, 0x44
    dc.b    0x33, 0x22, 0x61, 0x11, 0x32, 0x12, 0x63, 0x11, 0x31, 0x11, 0x26, 0x99, 0x21, 0x11, 0x12, 0x23
    dc.b    0x21, 0x14, 0x41, 0x12, 0x11, 0x44, 0x44, 0x11, 0x23, 0x01, 0x44, 0x41, 0x14, 0x44, 0xf1, 0xdd
    dc.b    0x44, 0x42, 0x66, 0x66, 0x66, 0x66, 0x55, 0x96, 0x22, 0x14, 0x55, 0x55, 0x55, 0x55, 0x39, 0x55
    dc.b    0x55, 0x55, 0x44, 0x23, 0x69, 0x55, 0x11, 0x11, 0x11, 0x11, 0x22, 0x21, 0x11, 0x11, 0xf0, 0x00
    dc.b    0x12, 0x22, 0x22, 0x22, 0x11, 0x22, 0x33, 0x33, 0x11, 0x22, 0x33, 0x36, 0x11, 0x22, 0x33, 0x39
    dc.b    0x11, 0x23, 0x33, 0x35, 0x11, 0x23, 0x33, 0x65, 0x12, 0x23, 0x36, 0x95, 0x99, 0x99, 0xe0, 0x01
    dc.b    0x99, 0x55, 0x36, 0x66, 0x65, 0x55, 0x23, 0x66, 0x95, 0x55, 0x23, 0x36, 0x55, 0x55, 0x12, 0x35
    dc.b    0x55, 0x59, 0x13, 0x35, 0x55, 0x99, 0x23, 0x33, 0x66, 0x90, 0x23, 0x33, 0xfb, 0x42, 0x41, 0x2f
    dc.b    0x66, 0x66, 0x66, 0x99, 0x44, 0x23, 0x99, 0x33, 0xe2, 0x01, 0x55, 0x55, 0x55, 0x56, 0x55, 0x55
    dc.b    0x56, 0x31, 0x55, 0x55, 0x55, 0x11, 0x55, 0x55, 0x55, 0x22, 0x55, 0x5d, 0x55, 0x62, 0x55, 0x59
    dc.b    0x55, 0x92, 0x55, 0x56, 0x55, 0x51, 0xf0, 0x00, 0x55, 0x52, 0x55, 0x56, 0x55, 0x59, 0x55, 0x99
    dc.b    0x55, 0x53, 0x55, 0x99, 0x55, 0x52, 0x55, 0x9d, 0x55, 0x52, 0x59, 0x9d, 0x55, 0xd2, 0x59, 0x95
    dc.b    0x55, 0x62, 0x99, 0x55, 0x55, 0x32, 0xd1, 0x00, 0x99, 0x55, 0x53, 0x32, 0x95, 0x55, 0x63, 0x33
    dc.b    0x99, 0x56, 0x63, 0x33, 0x99, 0x66, 0x66, 0x33, 0x00, 0x96, 0x66, 0x33, 0xee, 0xee, 0xee, 0xe0
    dc.b    0xee, 0xee, 0xf0, 0x00, 0xef, 0xee, 0xee, 0xee, 0xff, 0xee, 0xee, 0xff, 0xcf, 0xef, 0xff, 0xcc
    dc.b    0xfe, 0xfc, 0xee, 0xee, 0xff, 0xff, 0xff, 0xe8, 0x8e, 0xee, 0xfe, 0xe8, 0x8d, 0x5d, 0xee, 0xa7
    dc.b    0xcc, 0x55, 0xf0, 0x00, 0xba, 0xac, 0x7a, 0xb8, 0xa7, 0xa7, 0x7a, 0xb8, 0xa7, 0x7c, 0xc7, 0xbd
    dc.b    0xd7, 0x7a, 0xbd, 0xd3, 0xdd, 0xac, 0x77, 0xd3, 0x8d, 0xdd, 0xdd, 0x23, 0xbb, 0x88, 0x8d, 0x12
    dc.b    0xda, 0xbb, 0xd1, 0xe2, 0x8d, 0x12, 0xad, 0x7a, 0xbd, 0x42, 0xc7, 0x7a, 0xbd, 0x43, 0xa7, 0x7a
    dc.b    0xa8, 0x43, 0x57, 0x2a, 0xa8, 0x43, 0x5a, 0x1a, 0xab, 0x46, 0xb4, 0x4a, 0xa8, 0x46, 0x10, 0x01
    dc.b    0xe0, 0x00, 0xcd, 0x79, 0xf0, 0x00, 0xce, 0xfc, 0xe0, 0x00, 0xcf, 0xef, 0xce, 0x00, 0xcf, 0xee
    dc.b    0xcf, 0xe0, 0xfe, 0xee, 0xff, 0xe0, 0xee, 0x8e, 0xfe, 0xe0, 0xe8, 0xbe, 0xe8, 0xe0, 0xdd, 0xee
    dc.b    0xde, 0x00, 0xae, 0x00, 0x20, 0x01, 0xe0, 0x00, 0x70, 0x00, 0xd7, 0xd3, 0x71, 0x01, 0x21, 0x00
    dc.b    0x00, 0x00, 0x11, 0x70, 0x00, 0x00, 0x11, 0xc7, 0x00, 0x00, 0x11, 0xcc, 0xd0, 0x00, 0xa0, 0x00
    dc.b    0x17, 0xcc, 0xa0, 0x00, 0x1a, 0x77, 0xa0, 0x00, 0x3a, 0xab, 0xbb, 0x00, 0x8b, 0xba, 0xaa, 0xb0
    dc.b    0xbb, 0x77, 0xc7, 0xa0, 0xba, 0x7c, 0xcc, 0x7b, 0x00, 0x00, 0x00, 0x00
spr_ken_420_animation0_frame0_tileset_data_size = .-spr_ken_420_animation0_frame0_tileset_data

    .align  2
spr_ken_420_animation0_frame1_tileset_data:
    dc.b    0x17, 0x00, 0x00, 0x00, 0xb2, 0x01, 0x00, 0x22, 0x00, 0x00, 0x02, 0x2d, 0x00, 0x00, 0x22, 0xd8
    dc.b    0x00, 0x00, 0x23, 0x8b, 0x00, 0x00, 0x33, 0x8a, 0x00, 0x06, 0x3d, 0xba, 0x91, 0x03, 0x3d, 0x8a
    dc.b    0x00, 0x06, 0xd8, 0x8b, 0x00, 0x06, 0xd8, 0x88, 0x00, 0x0d, 0x88, 0xbb, 0x00, 0x0d, 0x88, 0xba
    dc.b    0x82, 0x03, 0x00, 0x08, 0x88, 0x88, 0x00, 0x88, 0xba, 0x77, 0x00, 0x8b, 0xa7, 0x7c, 0x00, 0x8b
    dc.b    0xa7, 0xcc, 0x91, 0x13, 0xba, 0x77, 0x00, 0x88, 0xbb, 0xa7, 0x00, 0x88, 0x8b, 0xbb, 0x00, 0x8b
    dc.b    0xb8, 0x88, 0x00, 0x8a, 0xab, 0xb8, 0x08, 0x37, 0x02, 0x00, 0x00, 0x02, 0xfc, 0x7f, 0x84, 0x01
    dc.b    0xdd, 0x88, 0x88, 0xdd, 0x8b, 0xbb, 0xbb, 0xb8, 0xbb, 0xba, 0x77, 0x7a, 0xba, 0x7c, 0xcc, 0xcc
    dc.b    0x70, 0x01, 0xcc, 0xc7, 0xab, 0xaa, 0x77, 0x7a, 0xaa, 0xba, 0xaa, 0xab, 0xbb, 0xa7, 0x77, 0x77
    dc.b    0xd4, 0xff, 0xf0, 0x00, 0xcc, 0xca, 0xaa, 0x77, 0x77, 0xab, 0xbb, 0xbb, 0xbb, 0xbd, 0x77, 0xab
    dc.b    0x88, 0x8d, 0xcc, 0xcc, 0x7c, 0xc7, 0xcc, 0xcc, 0xcc, 0xc7, 0xcc, 0xcc, 0xcc, 0xc8, 0x77, 0xcc
    dc.b    0xc7, 0x75, 0x71, 0x00, 0x77, 0x77, 0x7a, 0xa5, 0xba, 0xaa, 0xab, 0xb5, 0xbb, 0xbb, 0xb8, 0x8d
    dc.b    0x88, 0x88, 0xb1, 0x3f, 0x83, 0x33, 0x00, 0x99, 0x66, 0x66, 0x00, 0x55, 0x59, 0x93, 0x03, 0x39
    dc.b    0x55, 0x55, 0x01, 0x36, 0x95, 0x55, 0x00, 0x00, 0x00, 0xee, 0xf0, 0x00, 0x12, 0x33, 0x00, 0x00
    dc.b    0x44, 0x11, 0x23, 0x6e, 0x24, 0x44, 0x44, 0x33, 0xd3, 0x14, 0x44, 0x23, 0x8d, 0x32, 0x44, 0x42
    dc.b    0x78, 0xd2, 0x14, 0x41, 0xca, 0xd2, 0x14, 0x11, 0x7a, 0xd3, 0xf0, 0x00, 0x21, 0x11, 0xab, 0xd3
    dc.b    0x22, 0x11, 0xbd, 0xd3, 0x22, 0x11, 0xbd, 0x63, 0x22, 0x14, 0xad, 0x33, 0x22, 0x14, 0x86, 0x32
    dc.b    0x22, 0x14, 0xd3, 0x32, 0x21, 0x14, 0xd3, 0x22, 0x21, 0x44, 0xf0, 0x01, 0x63, 0x32, 0x11, 0x4d
    dc.b    0x66, 0x63, 0x32, 0xdb, 0x75, 0x55, 0x55, 0x5d, 0x55, 0xdd, 0xd5, 0x55, 0x58, 0x88, 0x8d, 0xdd
    dc.b    0xdd, 0xd8, 0x85, 0xdd, 0xdd, 0xdd, 0xd5, 0xdd, 0x5d, 0xdd, 0xd2, 0xb0, 0xa1, 0x0b, 0x85, 0x55
    dc.b    0x55, 0x22, 0x33, 0x22, 0x22, 0x22, 0x66, 0x63, 0x33, 0x33, 0x33, 0x22, 0x21, 0x11, 0x59, 0x62
    dc.b    0x11, 0x44, 0xf0, 0x00, 0xfe, 0xee, 0xee, 0xee, 0xee, 0x88, 0xee, 0xef, 0xee, 0xee, 0xee, 0xee
    dc.b    0xef, 0xff, 0xcc, 0xcc, 0x4e, 0xef, 0xff, 0xff, 0x14, 0xee, 0xee, 0xee, 0x34, 0x8e, 0xee, 0xbb
    dc.b    0x31, 0x4c, 0xf0, 0x00, 0x88, 0x8d, 0x23, 0x44, 0x7a, 0xbd, 0x13, 0x14, 0x1b, 0xb8, 0x42, 0x34
    dc.b    0x41, 0xb8, 0x44, 0x31, 0x44, 0x2b, 0x44, 0x46, 0x14, 0x4a, 0x44, 0x42, 0x61, 0x44, 0x44, 0x41
    dc.b    0x26, 0x14, 0xf0, 0x00, 0x44, 0x44, 0x12, 0x61, 0x44, 0x44, 0x12, 0x36, 0x7c, 0x7a, 0xdd, 0x26
    dc.b    0xc7, 0xbd, 0x7c, 0xd3, 0xb8, 0xdd, 0xcc, 0xcd, 0xbb, 0x7a, 0x55, 0xcb, 0x55, 0x55, 0xd5, 0xcb
    dc.b    0x88, 0x88, 0xf0, 0x00, 0xd5, 0x7b, 0xd8, 0x8d, 0x55, 0xb4, 0xdd, 0xd5, 0x5b, 0x44, 0x55, 0x58
    dc.b    0x44, 0x44, 0x11, 0x11, 0x11, 0x12, 0x22, 0x22, 0x22, 0x66, 0x33, 0x33, 0x66, 0x99, 0x22, 0x23
    dc.b    0x36, 0x92, 0x21, 0x3f, 0x42, 0x39, 0x93, 0x33, 0x00, 0x01, 0xdd, 0x8c, 0x32, 0xfd, 0x00, 0x01
    dc.b    0x00, 0x00, 0x00, 0x34, 0xf0, 0x01, 0x03, 0x21, 0x00, 0x00, 0x61, 0x39, 0x00, 0x00, 0x31, 0x99
    dc.b    0x00, 0x06, 0x12, 0x99, 0x00, 0x03, 0x19, 0x96, 0x00, 0x02, 0x19, 0x63, 0x00, 0x02, 0x96, 0x33
    dc.b    0x00, 0x09, 0x93, 0x32, 0xeb, 0x5b, 0x00, 0x01, 0xf6, 0x44, 0x01, 0x01, 0x21, 0x01, 0x00, 0x93
    dc.b    0x32, 0x22, 0x11, 0x01, 0x09, 0x63, 0xf0, 0x00, 0x22, 0x22, 0x09, 0x33, 0x22, 0x22, 0x96, 0x32
    dc.b    0x22, 0x22, 0x96, 0x22, 0x22, 0x22, 0x96, 0x21, 0x22, 0x21, 0x93, 0x21, 0x22, 0x11, 0x93, 0x21
    dc.b    0x22, 0x14, 0x63, 0x21, 0x21, 0x14, 0x60, 0x01, 0x63, 0x21, 0x21, 0x44, 0x63, 0x21, 0x14, 0x44
    dc.b    0x33, 0x21, 0x14, 0x44, 0xfb, 0x15, 0xf0, 0x00, 0x11, 0x11, 0x39, 0x55, 0x55, 0x59, 0x36, 0x95
    dc.b    0x55, 0x55, 0x41, 0x22, 0x36, 0x99, 0x14, 0x44, 0x41, 0x23, 0x11, 0x14, 0x44, 0x44, 0x31, 0x22
    dc.b    0x14, 0x44, 0x31, 0x44, 0x42, 0x22, 0x61, 0x01, 0x32, 0x44, 0x44, 0x12, 0x92, 0x14, 0x44, 0x41
    dc.b    0x93, 0x14, 0x44, 0x11, 0xf0, 0x00, 0x69, 0x21, 0x41, 0x12, 0x39, 0x21, 0x12, 0x22, 0x39, 0x66
    dc.b    0x63, 0x33, 0x23, 0x99, 0x99, 0x95, 0x23, 0x33, 0x33, 0x55, 0x22, 0x22, 0x22, 0x55, 0x22, 0x11
    dc.b    0x11, 0x55, 0x21, 0x14, 0x10, 0x01, 0x41, 0x55, 0xd1, 0x7b, 0x10, 0x01, 0x41, 0x12, 0xf8, 0xa4
    dc.b    0x30, 0x01, 0x11, 0x13, 0x14, 0x44, 0x11, 0x23, 0xfc, 0x74, 0x11, 0x01, 0x12, 0x36, 0xc1, 0x83
    dc.b    0x44, 0x11, 0x23, 0x69, 0x44, 0x11, 0x23, 0x90, 0x41, 0x12, 0x39, 0x90, 0x41, 0x23, 0x69, 0x00
    dc.b    0x12, 0x36, 0x90, 0x00, 0x62, 0x11, 0x44, 0x42, 0x00, 0x02, 0xc9, 0x0c, 0xf0, 0x00, 0x44, 0x13
    dc.b    0x95, 0x55, 0x11, 0x23, 0xd5, 0x55, 0x22, 0x39, 0x55, 0x55, 0x22, 0x25, 0x55, 0x95, 0x12, 0x55
    dc.b    0x55, 0x35, 0x13, 0x55, 0x59, 0x35, 0x29, 0x55, 0x53, 0x95, 0x25, 0x55, 0x40, 0x01, 0x93, 0x55
    dc.b    0x55, 0x55, 0x29, 0x55, 0x55, 0x55, 0xcc, 0x7b, 0x00, 0x01, 0xfe, 0x02, 0xa0, 0x01, 0x59, 0x66
    dc.b    0x56, 0x66, 0x99, 0x66, 0x36, 0x69, 0x99, 0x66, 0x33, 0x69, 0x99, 0x96, 0x33, 0x69, 0x00, 0x99
    dc.b    0x36, 0x90, 0xf0, 0x16, 0x12, 0x01, 0x69, 0x00, 0x12, 0x01, 0x90, 0x00, 0x09, 0x00, 0xf0, 0x00
    dc.b    0x39, 0x93, 0x33, 0x55, 0x55, 0x55, 0x55, 0x53, 0x55, 0x55, 0x61, 0x13, 0x56, 0x32, 0x44, 0x23
    dc.b    0x51, 0x14, 0x11, 0x22, 0x53, 0x11, 0x22, 0x21, 0x59, 0x22, 0x21, 0x14, 0x55, 0x21, 0xf0, 0x00
    dc.b    0x44, 0x44, 0x55, 0x14, 0x44, 0x44, 0x55, 0x44, 0x44, 0x11, 0x55, 0x44, 0x13, 0x66, 0x59, 0x23
    dc.b    0x66, 0x32, 0x59, 0x66, 0x32, 0x21, 0x96, 0x33, 0x32, 0x11, 0x66, 0x33, 0x22, 0x11, 0x70, 0x01
    dc.b    0x63, 0x33, 0x22, 0x11, 0x33, 0x33, 0x32, 0x21, 0x33, 0x33, 0x33, 0x22, 0x33, 0x22, 0xfb, 0xd7
    dc.b    0x61, 0xcf, 0x66, 0x33, 0x33, 0x11, 0x96, 0x63, 0x33, 0x33, 0x09, 0x66, 0x66, 0x63, 0x40, 0x01
    dc.b    0x00, 0x09, 0x93, 0x33, 0x00, 0x00, 0x96, 0x66, 0xd6, 0xc2, 0x98, 0x48, 0x09, 0x32, 0x00, 0x00
    dc.b    0x93, 0x11, 0x00, 0x09, 0x32, 0x36, 0x00, 0x09, 0x33, 0x63, 0x00, 0x93, 0x66, 0x33, 0x12, 0x01
    dc.b    0x00, 0x09, 0x00, 0x04, 0xe6, 0xa0, 0x01, 0x01, 0x32, 0x01, 0x09, 0x33, 0x00, 0x00, 0x96, 0x33
    dc.b    0x01, 0x29, 0x01, 0x01, 0xf0, 0x00, 0x03, 0x33, 0x00, 0x00, 0x00, 0x32, 0x00, 0x00, 0x08, 0x83
    dc.b    0x00, 0x00, 0x08, 0x88, 0x00, 0x00, 0x88, 0x88, 0x00, 0x08, 0xbb, 0xba, 0x00, 0x8b, 0xaa, 0x77
    dc.b    0x00, 0x8a, 0x77, 0x7c, 0x42, 0x01, 0x08, 0xa7, 0x77, 0xcc, 0x09, 0x63, 0x21, 0x21, 0x00, 0x01
    dc.b    0xcc, 0x2c, 0x71, 0x01, 0x66, 0x32, 0x21, 0x11, 0x36, 0x22, 0x22, 0x11, 0x33, 0x32, 0x22, 0x22
    dc.b    0x33, 0x33, 0xd1, 0x01, 0x32, 0x22, 0x33, 0x33, 0x21, 0x11, 0x33, 0x32, 0x21, 0x12, 0x33, 0x32
    dc.b    0x11, 0x23, 0x33, 0x21, 0x11, 0x11, 0x33, 0x21, 0x11, 0x22, 0x32, 0x11, 0x12, 0x22, 0xa0, 0x01
    dc.b    0x21, 0x11, 0x22, 0x23, 0x21, 0x11, 0x22, 0x33, 0x11, 0x12, 0x22, 0x33, 0x88, 0x88, 0x80, 0x00
    dc.b    0xaa, 0xab, 0xb0, 0x00, 0xe1, 0x4d, 0x02, 0x01, 0x21, 0xf1, 0x14, 0x44, 0x41, 0x12, 0x02, 0xf3
    dc.b    0xa0, 0x01, 0x12, 0x39, 0x44, 0x41, 0x23, 0x69, 0x11, 0x12, 0x36, 0x90, 0x22, 0x23, 0x69, 0x90
    dc.b    0x22, 0x36, 0x66, 0x90, 0x22, 0x23, 0xd0, 0xdc, 0x32, 0xf9, 0x23, 0x33, 0x69, 0x00, 0x33, 0x23
    dc.b    0x74, 0xd1, 0x22, 0x39, 0x90, 0x00, 0x23, 0x69, 0x00, 0x00, 0x33, 0x90, 0x00, 0x00, 0x39, 0x90
    dc.b    0x09, 0x00, 0xf0, 0x00, 0x61, 0x42, 0x7a, 0x84, 0x31, 0x41, 0xa8, 0x84, 0x32, 0x44, 0x88, 0xd2
    dc.b    0x33, 0x44, 0x88, 0xd2, 0x36, 0x14, 0x8d, 0x32, 0x39, 0x14, 0xd6, 0x28, 0x39, 0x14, 0x62, 0x2d
    dc.b    0x69, 0x12, 0xf0, 0x00, 0x62, 0x30, 0x93, 0x29, 0x26, 0x00, 0x32, 0x92, 0x60, 0x00, 0x29, 0x33
    dc.b    0x00, 0x00, 0x55, 0x90, 0x00, 0x00, 0x53, 0x00, 0x00, 0x00, 0x13, 0x60, 0x00, 0x00, 0x23, 0x20
    dc.b    0x00, 0x00, 0xf0, 0x00, 0x22, 0x22, 0x00, 0x00, 0x21, 0x12, 0x30, 0x00, 0x14, 0x41, 0x23, 0x00
    dc.b    0x44, 0x44, 0x12, 0x30, 0x44, 0x44, 0x41, 0x26, 0x11, 0x36, 0x66, 0x92, 0x66, 0x32, 0x22, 0x39
    dc.b    0x32, 0x21, 0xf0, 0x00, 0x12, 0x22, 0x21, 0x14, 0x44, 0x11, 0x38, 0x88, 0xa7, 0x77, 0xb8, 0xb7
    dc.b    0xcc, 0xc7, 0x88, 0xa7, 0xc7, 0xa5, 0x8b, 0xaa, 0xab, 0x55, 0x8b, 0xba, 0xa5, 0x5a, 0x88, 0xbb
    dc.b    0xb5, 0xa7, 0x60, 0x01, 0xd8, 0x88, 0xb5, 0xa7, 0x0d, 0xdd, 0x85, 0x58, 0x00, 0x00, 0xdd, 0x5d
    dc.b    0xcd, 0xe4, 0x00, 0x17, 0x00, 0x00, 0xf0, 0x00, 0x20, 0x00, 0x00, 0x00, 0xb0, 0x00, 0x00, 0x00
    dc.b    0xab, 0x00, 0x00, 0x00, 0x58, 0xbb, 0xb8, 0x00, 0xbd, 0x7c, 0xc7, 0x00, 0xdb, 0x77, 0xdc, 0xc0
    dc.b    0x5a, 0xad, 0x7d, 0xc7, 0x75, 0x8b, 0x80, 0x01, 0xd7, 0xdc, 0x77, 0x5d, 0xbd, 0x87, 0xdd, 0x8d
    dc.b    0xd8, 0xb8, 0xd8, 0xb8, 0xdd, 0xd0, 0x0d, 0xdd, 0xc5, 0x32, 0x00, 0x1b, 0x00, 0x00, 0x20, 0x01
    dc.b    0x0e, 0xee, 0x00, 0xee, 0xe1, 0x21, 0x51, 0x07, 0xef, 0xee, 0xee, 0xee, 0x0e, 0xe8, 0x8e, 0xee
    dc.b    0x0e, 0xee, 0xf0, 0x00, 0xfc, 0xcc, 0x34, 0xee, 0xff, 0xff, 0x31, 0x4e, 0xee, 0xee, 0x23, 0x48
    dc.b    0xee, 0xeb, 0x13, 0x14, 0xc8, 0x88, 0x12, 0x34, 0x47, 0xab, 0x11, 0x31, 0x41, 0xbb, 0x14, 0x23
    dc.b    0x44, 0x1b, 0x50, 0x02, 0x14, 0x43, 0x14, 0x42, 0x44, 0x44, 0x61, 0x44, 0x44, 0x44, 0x7d, 0x99
    dc.b    0x72, 0x2c, 0x41, 0x26, 0x44, 0x44, 0x41, 0x23, 0xd7, 0xc7, 0xad, 0xd2, 0xbc, 0x7b, 0xd7, 0xcd
    dc.b    0x12, 0x00, 0xee, 0xee, 0x30, 0x03, 0xee, 0xfe, 0xee, 0xee, 0xfc, 0xfe, 0xfc, 0xe9, 0xf0, 0x00
    dc.b    0xef, 0xff, 0xcf, 0xfe, 0x88, 0xee, 0xff, 0xeb, 0x88, 0xd5, 0xee, 0xba, 0x7c, 0xc5, 0xbb, 0xaa
    dc.b    0xc7, 0xab, 0xda, 0x7a, 0x77, 0xab, 0xda, 0x77, 0xcc, 0x7b, 0x8d, 0x77, 0xab, 0xdd, 0xf0, 0x00
    dc.b    0x8d, 0xda, 0xc7, 0x7d, 0xbb, 0x8d, 0xdd, 0xdd, 0xab, 0xb8, 0x88, 0xdd, 0x4c, 0xaa, 0xab, 0x8d
    dc.b    0x44, 0xc7, 0x77, 0xbd, 0x14, 0x47, 0x77, 0xad, 0x64, 0x47, 0x77, 0x78, 0x62, 0x41, 0x33, 0x5e
    dc.b    0x77, 0x78, 0x36, 0x11, 0x77, 0xa8, 0xa1, 0x35, 0xee, 0x00, 0x00, 0x00, 0xef, 0xfe, 0xe0, 0x00
    dc.b    0xfc, 0xef, 0xce, 0x00, 0xcf, 0xff, 0xcf, 0xe0, 0xff, 0xee, 0xfc, 0xf0, 0x90, 0x01, 0xee, 0x8e
    dc.b    0xef, 0xee, 0xd8, 0x8e, 0xe8, 0xee, 0x5d, 0xee, 0x8e, 0xe0, 0x8a, 0xe0, 0x0e, 0x00, 0x87, 0x00
    dc.b    0xe9, 0xd8, 0xf0, 0x00, 0x23, 0x7a, 0x00, 0x00, 0x13, 0x7c, 0xa0, 0x00, 0x43, 0x7c, 0x70, 0x00
    dc.b    0x42, 0x77, 0x7a, 0x00, 0x42, 0xa7, 0xaa, 0x00, 0x42, 0xb7, 0x77, 0xa0, 0x43, 0xa7, 0xcc, 0xa0
    dc.b    0x43, 0xa7, 0x50, 0x03, 0xcc, 0x7a, 0x43, 0xba, 0x77, 0xab, 0x43, 0x8b, 0xb8, 0xb8, 0x7e, 0x5b
    dc.b    0x03, 0x01, 0x12, 0x38, 0x00, 0x06, 0x10, 0x01, 0x00, 0x08, 0x7e, 0x67, 0x10, 0x01, 0x8b, 0xb8
    dc.b    0xfb, 0x7e, 0x03, 0x01, 0x12, 0x01, 0x08, 0xba, 0x32, 0x01, 0x08, 0xaa, 0x00, 0x00, 0x08, 0xa7
    dc.b    0x40, 0x01, 0x08, 0xb7, 0x00, 0x00, 0x00, 0x87, 0x00, 0x00, 0xdb, 0x64, 0x05, 0xba, 0xf0, 0x00
    dc.b    0x66, 0x33, 0x22, 0x22, 0x63, 0x22, 0x22, 0x22, 0x32, 0x22, 0x22, 0x11, 0x22, 0x22, 0x21, 0x11
    dc.b    0x32, 0x22, 0x11, 0x11, 0x63, 0x11, 0x11, 0x11, 0x83, 0x11, 0x11, 0x14, 0x88, 0x31, 0x50, 0x01
    dc.b    0x11, 0x14, 0x88, 0x88, 0x21, 0x44, 0xbb, 0x88, 0x86, 0x21, 0xf5, 0x4d, 0x51, 0x01, 0xa8, 0x00
    dc.b    0xaa, 0x77, 0x7b, 0x00, 0x77, 0x77, 0x7a, 0x00, 0xd1, 0x5b, 0x77, 0xcc, 0xc7, 0xb0, 0x77, 0xcc
    dc.b    0xcc, 0x70, 0x77, 0xcc, 0xcc, 0xc7, 0x77, 0x77, 0x77, 0x7b, 0x7a, 0xbb, 0xab, 0xbb, 0x7c, 0xc8
    dc.b    0x78, 0x78, 0x8b, 0xb8, 0x02, 0x00, 0xf0, 0x00, 0x21, 0x11, 0x44, 0x26, 0x11, 0x11, 0x41, 0x36
    dc.b    0x11, 0x14, 0x43, 0x60, 0x11, 0x44, 0x13, 0x60, 0x14, 0x41, 0x36, 0x00, 0x44, 0x12, 0x60, 0x00
    dc.b    0x44, 0x23, 0x60, 0x00, 0x41, 0x26, 0x20, 0x01, 0x00, 0x00, 0x11, 0x60, 0xdf, 0x7e, 0x0f, 0x00
    dc.b    0x30, 0x01, 0xaa, 0x00, 0x00, 0x00, 0x77, 0x00, 0xd9, 0xea, 0x05, 0x00, 0x20, 0x01, 0x44, 0x44
    dc.b    0x41, 0x12, 0xcd, 0x59, 0x10, 0x01, 0x44, 0x41, 0xe3, 0x32, 0x61, 0x07, 0x11, 0x44, 0x11, 0x44
    dc.b    0x44, 0x44, 0x11, 0x11, 0x14, 0x44, 0x11, 0x11, 0x21, 0x06, 0x11, 0x14, 0x32, 0x21, 0x02, 0x0d
    dc.b    0xc1, 0x7d, 0x66, 0x33, 0x32, 0x21, 0x32, 0x14, 0x44, 0x41, 0x11, 0x12, 0x22, 0x22, 0x22, 0x33
    dc.b    0x33, 0x22, 0x63, 0x33, 0x22, 0x22, 0x33, 0x22, 0x22, 0x21, 0x60, 0x01, 0x22, 0x22, 0x11, 0x14
    dc.b    0x22, 0x21, 0x11, 0x14, 0x21, 0x11, 0x11, 0x44, 0xdb, 0xda, 0x10, 0x02, 0x44, 0x13, 0x7e, 0x7d
    dc.b    0x50, 0x02, 0x23, 0x00, 0x00, 0x00, 0x12, 0x30, 0x00, 0x00, 0x41, 0x20, 0xfa, 0xaa, 0x10, 0x01
    dc.b    0x20, 0x00, 0xf4, 0xbe, 0x30, 0x01, 0x12, 0x00, 0x14, 0x44, 0x42, 0x30, 0xf4, 0xbb, 0xf0, 0x00
    dc.b    0x41, 0x30, 0x11, 0x44, 0x12, 0x30, 0x11, 0x11, 0x23, 0x60, 0x22, 0x22, 0x36, 0x00, 0x22, 0x23
    dc.b    0x36, 0x00, 0x21, 0x23, 0x60, 0x00, 0x11, 0x36, 0x00, 0x00, 0x42, 0x36, 0x00, 0x00, 0x10, 0x01
    dc.b    0x42, 0x60, 0x7e, 0x13, 0x12, 0x01, 0x36, 0x00, 0x11, 0xc8, 0x60, 0x00, 0x00, 0x01, 0x7d, 0x8d
    dc.b    0xa1, 0xd5, 0x8b, 0xa7, 0x77, 0xcc, 0x8a, 0xb7, 0x77, 0x7c, 0x8b, 0x87, 0xb7, 0x7b, 0x08, 0xda
    dc.b    0x87, 0xa8, 0x00, 0x08, 0xd8, 0xdb, 0x00, 0x02, 0x7d, 0xad, 0x01, 0x01, 0xa0, 0x00, 0xcc, 0x77
    dc.b    0x00, 0x00, 0xba, 0x77, 0x00, 0x00, 0xcc, 0x7a, 0x00, 0x00, 0x7c, 0xa0, 0x00, 0x00, 0x88, 0x00
    dc.b    0x00, 0x00, 0x00, 0x00, 0x00, 0x00
spr_ken_420_animation0_frame1_tileset_data_size = .-spr_ken_420_animation0_frame1_tileset_data

    .align  2
spr_ken_420_animation0_frame2_tileset_data:
    dc.b    0x1f, 0x00, 0x00, 0x00, 0x10, 0x01, 0x00, 0x02, 0xfd, 0xf5, 0x90, 0x01, 0x00, 0x23, 0x00, 0x00
    dc.b    0x03, 0x3d, 0x00, 0x00, 0x03, 0x6d, 0x00, 0x00, 0x03, 0xd8, 0x00, 0x00, 0x06, 0xd8, 0xf0, 0xbd
    dc.b    0x32, 0x01, 0xd8, 0x8b, 0x00, 0x00, 0xd8, 0xbb, 0x72, 0x01, 0x88, 0x88, 0x00, 0x08, 0x8b, 0xa7
    dc.b    0x00, 0x08, 0xba, 0x77, 0x00, 0x08, 0xb7, 0x7c, 0x01, 0x05, 0x10, 0x01, 0xbb, 0xaa, 0xf0, 0xc0
    dc.b    0x50, 0x01, 0xb8, 0x8b, 0x00, 0x08, 0xbb, 0xb8, 0x00, 0x08, 0x88, 0x8b, 0xeb, 0x9d, 0x09, 0x00
    dc.b    0xe2, 0x01, 0x32, 0x21, 0x00, 0x33, 0x21, 0x14, 0x03, 0x68, 0xbb, 0xbb, 0x2d, 0x8b, 0xbb, 0xbb
    dc.b    0xd8, 0xbb, 0xba, 0x77, 0x8b, 0xba, 0x7c, 0xcc, 0x8a, 0xba, 0x7c, 0xcc, 0xba, 0xba, 0xf0, 0x00
    dc.b    0x8a, 0xab, 0xaa, 0x77, 0x8b, 0xaa, 0xba, 0xaa, 0xb8, 0xbb, 0xa7, 0x77, 0xba, 0x7c, 0xcc, 0xcc
    dc.b    0xaa, 0x7c, 0xcc, 0xcc, 0xba, 0xa7, 0x7c, 0xc7, 0x8b, 0xbb, 0xbb, 0xbb, 0x77, 0x7a, 0x30, 0x01
    dc.b    0xb8, 0x8d, 0xcc, 0xcc, 0x77, 0xad, 0xfc, 0x25, 0x20, 0x01, 0xcc, 0xcc, 0x77, 0xcc, 0xc7, 0x85
    dc.b    0x00, 0x02, 0xd8, 0xad, 0x31, 0x00, 0x88, 0xbb, 0xbb, 0x88, 0x88, 0x88, 0x37, 0x3e, 0x83, 0x33
    dc.b    0x00, 0x09, 0x66, 0x33, 0xf0, 0x00, 0x11, 0x11, 0x23, 0x00, 0x44, 0x44, 0x41, 0x23, 0x88, 0x21
    dc.b    0x44, 0x41, 0xbb, 0x88, 0x44, 0x44, 0x7a, 0xb8, 0x34, 0x44, 0xcc, 0x7b, 0xd2, 0x14, 0xcc, 0xca
    dc.b    0xd9, 0x11, 0xcc, 0x7a, 0xf0, 0x00, 0xdd, 0x21, 0xc7, 0xab, 0xdd, 0x21, 0x7a, 0xb8, 0xd6, 0x32
    dc.b    0xab, 0xbd, 0xd3, 0x32, 0xab, 0xdd, 0x63, 0x22, 0x7d, 0xd6, 0x33, 0x22, 0xad, 0x33, 0x32, 0x21
    dc.b    0xbd, 0x33, 0x32, 0x21, 0xd1, 0x01, 0xd3, 0x33, 0x22, 0x11, 0xd3, 0x22, 0x21, 0x11, 0x33, 0x32
    dc.b    0x21, 0x1d, 0x7b, 0x55, 0x55, 0x5b, 0xb5, 0x5d, 0xdd, 0x55, 0x55, 0x88, 0x88, 0x5d, 0x5d, 0xdd
    dc.b    0xf0, 0x00, 0xdd, 0x5d, 0x55, 0xdd, 0xdd, 0x5d, 0xd5, 0x55, 0x55, 0x55, 0x88, 0x55, 0x55, 0x51
    dc.b    0x22, 0x22, 0x22, 0x22, 0x33, 0x33, 0x32, 0x22, 0x00, 0xee, 0xee, 0xee, 0x00, 0x0e, 0xef, 0xfe
    dc.b    0xf0, 0x00, 0x00, 0xef, 0xff, 0xff, 0x0e, 0xee, 0xee, 0xee, 0x00, 0x00, 0xee, 0xee, 0x39, 0x3e
    dc.b    0xfc, 0xcf, 0x26, 0xee, 0xff, 0xff, 0x43, 0x44, 0xee, 0xef, 0x43, 0x14, 0x48, 0x8e, 0x42, 0x31
    dc.b    0xf0, 0x01, 0x48, 0xee, 0x11, 0x33, 0x14, 0x48, 0x11, 0x13, 0x24, 0x47, 0x11, 0x12, 0x31, 0x44
    dc.b    0x11, 0x11, 0x32, 0x14, 0x11, 0x44, 0x13, 0x14, 0x11, 0x44, 0x11, 0x31, 0x11, 0x44, 0x41, 0x23
    dc.b    0xf7, 0x1f, 0x01, 0x01, 0xf0, 0x00, 0x44, 0x41, 0xd7, 0xc7, 0xa4, 0x41, 0xbc, 0x78, 0xd8, 0x81
    dc.b    0xbb, 0x8d, 0xdc, 0xc8, 0x58, 0xb7, 0x77, 0x7c, 0xd5, 0x55, 0x55, 0x5c, 0x88, 0x88, 0x8d, 0x57
    dc.b    0xdd, 0x88, 0xdd, 0x5b, 0x81, 0x41, 0xdd, 0xdd, 0x55, 0x5b, 0x55, 0x55, 0x58, 0xb4, 0x11, 0x11
    dc.b    0x14, 0x44, 0x21, 0x11, 0x11, 0x11, 0x22, 0x00, 0x00, 0x0e, 0xee, 0xee, 0x20, 0x01, 0xee, 0xef
    dc.b    0xff, 0xee, 0xd9, 0x77, 0xf0, 0x00, 0xee, 0xff, 0xff, 0xfe, 0xfe, 0xee, 0xee, 0xef, 0xff, 0xff
    dc.b    0xfe, 0x88, 0xfe, 0xee, 0xeb, 0x88, 0xee, 0xeb, 0xaa, 0x7c, 0xeb, 0xba, 0xaa, 0xc7, 0x88, 0xda
    dc.b    0x7a, 0x77, 0xab, 0xda, 0xf0, 0x00, 0x77, 0xcc, 0xbb, 0x8d, 0x77, 0xab, 0x4b, 0x8d, 0xda, 0xc7
    dc.b    0x44, 0x88, 0xdd, 0xdd, 0x44, 0x18, 0x88, 0x88, 0x14, 0x42, 0xab, 0xb8, 0x34, 0x44, 0xaa, 0x7b
    dc.b    0x31, 0x44, 0x27, 0xca, 0xf0, 0x00, 0x26, 0x14, 0x17, 0xca, 0x26, 0x24, 0x47, 0xca, 0x16, 0x24
    dc.b    0x47, 0x7a, 0x16, 0x34, 0x47, 0xab, 0x83, 0x64, 0x4a, 0xa8, 0x82, 0x64, 0x4a, 0xb8, 0x82, 0x64
    dc.b    0x4a, 0x88, 0x42, 0x64, 0xa1, 0x78, 0x4b, 0x88, 0x42, 0x64, 0x48, 0x8d, 0x42, 0x61, 0x48, 0xd6
    dc.b    0x43, 0x91, 0x18, 0x63, 0x16, 0x91, 0x18, 0x62, 0xee, 0x00, 0xf0, 0x00, 0x00, 0x00, 0xfe, 0xff
    dc.b    0xfe, 0xe0, 0xfe, 0xcf, 0xef, 0xfe, 0xec, 0xcf, 0xfc, 0xff, 0xfc, 0xff, 0xef, 0xcf, 0xff, 0xee
    dc.b    0xee, 0xff, 0xee, 0xe8, 0x8e, 0xef, 0xd5, 0xd8, 0xee, 0x8e, 0xf0, 0x00, 0xc5, 0x5e, 0xe8, 0xe0
    dc.b    0xab, 0x8a, 0x50, 0x00, 0xab, 0x87, 0x00, 0x00, 0x7b, 0xdd, 0xa0, 0x00, 0xdd, 0xda, 0x7a, 0x00
    dc.b    0x7d, 0x27, 0xca, 0x00, 0xd8, 0x1c, 0xca, 0xb0, 0xd3, 0x1c, 0x71, 0x01, 0x7a, 0xa0, 0xd1, 0x47
    dc.b    0xa7, 0xc7, 0xd4, 0x4b, 0x77, 0xcc, 0xd4, 0x1b, 0x7c, 0xcc, 0xf0, 0x00, 0x84, 0x3b, 0xa7, 0xc7
    dc.b    0x84, 0x3b, 0xba, 0xaa, 0x84, 0xb8, 0xbb, 0xb8, 0x84, 0xbb, 0x88, 0x8b, 0x81, 0x8b, 0xb8, 0xba
    dc.b    0xd1, 0x88, 0x88, 0xba, 0xd2, 0x8d, 0x88, 0xba, 0x62, 0xdd, 0x77, 0xff, 0x88, 0x8b, 0x20, 0x0d
    dc.b    0xd8, 0x88, 0x20, 0x00, 0xdb, 0xbb, 0x00, 0x00, 0x0d, 0xdd, 0x32, 0x01, 0xe0, 0x00, 0x00, 0x00
    dc.b    0xf0, 0x00, 0x01, 0x05, 0x00, 0x12, 0x00, 0x00, 0x32, 0x01, 0xa0, 0x00, 0x00, 0x00, 0x7b, 0x00
    dc.b    0xf0, 0x00, 0xab, 0x00, 0x00, 0x00, 0xb8, 0x80, 0x00, 0x00, 0x8a, 0x7c, 0x7a, 0x55, 0x7c, 0xcc
    dc.b    0xcd, 0x5a, 0xcc, 0xcc, 0xd8, 0xaa, 0xa7, 0x77, 0x88, 0xaa, 0xba, 0xaa, 0xdd, 0x58, 0xbb, 0xbb
    dc.b    0x60, 0x01, 0x55, 0x5d, 0x88, 0x88, 0x55, 0x55, 0x88, 0x88, 0x8d, 0x55, 0xdd, 0xdd, 0xc2, 0x6c
    dc.b    0x00, 0x28, 0x00, 0x00, 0x30, 0x03, 0x08, 0xbb, 0xb8, 0x00, 0xbd, 0x77, 0xfd, 0x24, 0x93, 0x3d
    dc.b    0xa5, 0x8b, 0xd7, 0xdc, 0xa7, 0x5d, 0xbd, 0x87, 0xdb, 0xad, 0xd8, 0xb8, 0xdd, 0xd8, 0x8d, 0xd0
    dc.b    0x5d, 0xdd, 0x20, 0x02, 0x00, 0x09, 0x00, 0x00, 0xe3, 0x03, 0x12, 0x01, 0x00, 0x99, 0x01, 0x05
    dc.b    0x90, 0x01, 0x09, 0x62, 0x00, 0x00, 0x96, 0x62, 0x00, 0x09, 0x63, 0x62, 0x00, 0x09, 0x33, 0x33
    dc.b    0x00, 0x09, 0x32, 0x23, 0xf9, 0x08, 0x01, 0x01, 0x33, 0x01, 0x33, 0x22, 0x09, 0x63, 0x33, 0x33
    dc.b    0xf0, 0x00, 0x00, 0x06, 0x33, 0x33, 0x00, 0x88, 0x83, 0x33, 0x00, 0x88, 0x88, 0x32, 0x00, 0x8b
    dc.b    0xb8, 0x82, 0x00, 0x8a, 0xab, 0x88, 0x08, 0xba, 0x77, 0xaa, 0x08, 0xa7, 0x7c, 0xcc, 0x8b, 0x77
    dc.b    0xf0, 0x00, 0xcc, 0xcc, 0x8a, 0x77, 0xcc, 0xcc, 0x87, 0x77, 0xcc, 0xcc, 0x8c, 0xa7, 0x7c, 0xcc
    dc.b    0x8a, 0xac, 0xa7, 0x77, 0x08, 0x87, 0xbc, 0xab, 0x00, 0x88, 0xd7, 0x87, 0x00, 0x00, 0x88, 0xd7
    dc.b    0xf0, 0x00, 0x63, 0x21, 0x12, 0x11, 0x63, 0x21, 0x41, 0x11, 0x36, 0x21, 0x41, 0x11, 0x13, 0x32
    dc.b    0x44, 0x11, 0x31, 0x32, 0x44, 0x11, 0x61, 0x22, 0x14, 0x14, 0x62, 0x12, 0x14, 0x44, 0x23, 0x12
    dc.b    0xf0, 0x00, 0x11, 0x44, 0x12, 0x32, 0x23, 0x11, 0x11, 0x22, 0x23, 0x33, 0x21, 0x11, 0x22, 0x23
    dc.b    0x32, 0x11, 0x11, 0x22, 0x22, 0x22, 0x22, 0x22, 0x22, 0x23, 0x32, 0x12, 0x23, 0x33, 0x21, 0x13
    dc.b    0xd0, 0x01, 0x33, 0x32, 0x21, 0x26, 0x33, 0x22, 0x14, 0x39, 0x32, 0x21, 0x42, 0x90, 0x22, 0x14
    dc.b    0x16, 0x90, 0x21, 0x41, 0x69, 0x00, 0x14, 0x16, 0x90, 0x00, 0x81, 0x39, 0xd4, 0xd4, 0x01, 0xc5
    dc.b    0x10, 0x01, 0xca, 0x00, 0xf5, 0x83, 0x01, 0x01, 0x12, 0x01, 0x7a, 0x00, 0x12, 0x07, 0xa7, 0x00
    dc.b    0x20, 0x01, 0x78, 0x00, 0x00, 0x00, 0xfc, 0x7a, 0x01, 0x01, 0x31, 0x01, 0x12, 0x60, 0x44, 0x44
    dc.b    0x13, 0x60, 0x90, 0x01, 0x44, 0x41, 0x13, 0x00, 0x44, 0x41, 0x26, 0x00, 0x44, 0x41, 0x36, 0x00
    dc.b    0x44, 0x13, 0x69, 0x00, 0x33, 0x36, 0xde, 0x8b, 0x11, 0x01, 0x36, 0x90, 0x30, 0x01, 0x00, 0x09
    dc.b    0x69, 0x00, 0x00, 0x09, 0xe2, 0x75, 0x03, 0xb6, 0x52, 0x01, 0x00, 0x08, 0x00, 0x00, 0x00, 0x8b
    dc.b    0x00, 0x00, 0x00, 0xba, 0x01, 0x05, 0x03, 0x01, 0x12, 0x01, 0x00, 0x8a, 0x01, 0x0b, 0x12, 0x01
    dc.b    0x00, 0xb7, 0x12, 0x19, 0x00, 0x87, 0x10, 0x01, 0x00, 0x00, 0xec, 0xe9, 0x30, 0x01, 0x63, 0x32
    dc.b    0x00, 0x09, 0x63, 0x33, 0xe8, 0xf5, 0xf0, 0x00, 0x99, 0x96, 0x00, 0x09, 0x66, 0x69, 0x00, 0x96
    dc.b    0x33, 0x22, 0x00, 0x93, 0x22, 0x21, 0x09, 0x62, 0x22, 0x23, 0x09, 0x62, 0x33, 0x32, 0x96, 0x33
    dc.b    0x32, 0x21, 0x96, 0x33, 0x22, 0x22, 0x12, 0x01, 0x63, 0x32, 0x11, 0x01, 0x63, 0x22, 0xf0, 0x00
    dc.b    0x22, 0x21, 0x83, 0x22, 0x11, 0x11, 0x88, 0x62, 0x21, 0x11, 0x88, 0x88, 0x22, 0x11, 0xab, 0xb8
    dc.b    0x83, 0x11, 0xaa, 0xaa, 0xb8, 0x82, 0xaa, 0xa7, 0x77, 0xb0, 0xa7, 0x77, 0xcc, 0xa0, 0xf0, 0x00
    dc.b    0xa7, 0x7c, 0xcc, 0x70, 0xa7, 0x7c, 0xcc, 0xc0, 0x77, 0x7c, 0xcc, 0xcb, 0x77, 0x7c, 0xcc, 0xca
    dc.b    0x77, 0x7c, 0xcc, 0xc7, 0xab, 0xb7, 0xcc, 0x7a, 0x7c, 0xb7, 0x7b, 0x7b, 0x77, 0x8a, 0x30, 0x09
    dc.b    0x78, 0xa8, 0x88, 0xd8, 0xd8, 0x80, 0x7e, 0xe2, 0x12, 0x01, 0x00, 0x06, 0x12, 0x01, 0x00, 0x63
    dc.b    0x52, 0x01, 0x00, 0x33, 0x00, 0x00, 0x03, 0x69, 0x00, 0x00, 0x03, 0x96, 0x1a, 0x01, 0x00, 0x96
    dc.b    0x16, 0x01, 0x00, 0x09, 0x01, 0x02, 0xf0, 0x00, 0x96, 0x66, 0x00, 0x05, 0x55, 0x99, 0x06, 0x66
    dc.b    0x55, 0x55, 0x62, 0x23, 0x36, 0x95, 0x64, 0x41, 0x11, 0x23, 0x11, 0x14, 0x44, 0x41, 0x22, 0x22
    dc.b    0x21, 0x11, 0x39, 0x24, 0x22, 0x22, 0x91, 0x01, 0x69, 0x24, 0x41, 0x12, 0x93, 0x64, 0x44, 0x41
    dc.b    0x66, 0x21, 0x44, 0x44, 0x36, 0x21, 0x44, 0x44, 0x33, 0x61, 0x40, 0x01, 0x42, 0x36, 0x33, 0x62
    dc.b    0x66, 0x63, 0x33, 0x66, 0xe5, 0x91, 0x21, 0x01, 0x33, 0x32, 0x32, 0x11, 0x22, 0x01, 0x63, 0x32
    dc.b    0x22, 0x11, 0x11, 0x01, 0x12, 0x21, 0x80, 0x02, 0x96, 0x32, 0x11, 0x21, 0x66, 0x66, 0x33, 0x32
    dc.b    0x33, 0x32, 0x22, 0x11, 0x55, 0x96, 0x21, 0x14, 0xc3, 0xea, 0xf0, 0x00, 0x13, 0x69, 0x95, 0x55
    dc.b    0x11, 0x11, 0x23, 0x65, 0x22, 0x22, 0x22, 0x95, 0x22, 0x33, 0x33, 0x55, 0x12, 0x22, 0x33, 0x55
    dc.b    0x44, 0x12, 0x23, 0x55, 0x44, 0x11, 0x29, 0x55, 0x44, 0x41, 0xf0, 0x00, 0x15, 0x55, 0x66, 0x66
    dc.b    0x95, 0x55, 0x33, 0x33, 0x65, 0x55, 0x11, 0x12, 0x95, 0x55, 0x44, 0x42, 0x55, 0x59, 0x44, 0x42
    dc.b    0x55, 0x56, 0x44, 0x45, 0x55, 0x53, 0x44, 0x45, 0x55, 0x23, 0x61, 0x01, 0x44, 0x45, 0x56, 0x23
    dc.b    0x44, 0x45, 0x51, 0x23, 0x44, 0x44, 0x41, 0x23, 0x61, 0x2f, 0x22, 0x23, 0x36, 0x69, 0x12, 0x22
    dc.b    0x33, 0x69, 0x44, 0x12, 0x22, 0x93, 0xf0, 0x00, 0x55, 0x55, 0x55, 0x53, 0x55, 0x53, 0x31, 0x44
    dc.b    0x55, 0x51, 0x11, 0x13, 0x55, 0x59, 0x12, 0x32, 0x55, 0x55, 0x22, 0x21, 0x59, 0x55, 0x92, 0x14
    dc.b    0x59, 0x55, 0x51, 0x14, 0x53, 0x55, 0x93, 0x01, 0x51, 0x11, 0x52, 0x55, 0x53, 0x66, 0x33, 0x55
    dc.b    0x59, 0x32, 0x66, 0x55, 0x56, 0x21, 0x99, 0x55, 0x52, 0x21, 0x20, 0x01, 0x95, 0x55, 0x92, 0x21
    dc.b    0xc2, 0xcc, 0x70, 0x0a, 0x22, 0x11, 0x95, 0x53, 0x32, 0x22, 0x99, 0x66, 0x63, 0x32, 0x09, 0x66
    dc.b    0x66, 0x33, 0x7d, 0x75, 0xf0, 0x00, 0x69, 0x32, 0x89, 0x26, 0x63, 0x69, 0x62, 0x90, 0x22, 0x92
    dc.b    0x20, 0x00, 0x35, 0x59, 0x00, 0x00, 0x55, 0x20, 0x00, 0x00, 0x11, 0x20, 0x00, 0x00, 0x12, 0x36
    dc.b    0x00, 0x00, 0x33, 0x36, 0xf0, 0x01, 0x00, 0x00, 0x11, 0x42, 0x60, 0x00, 0x44, 0x44, 0x26, 0x00
    dc.b    0x44, 0x44, 0x42, 0x60, 0x44, 0x44, 0x41, 0x13, 0x13, 0x66, 0x66, 0x99, 0x66, 0x32, 0x23, 0x69
    dc.b    0x21, 0x14, 0x41, 0x26, 0xd4, 0x91, 0x21, 0x01, 0x44, 0x41, 0x11, 0x44, 0x00, 0x02, 0xe1, 0xc1
    dc.b    0x22, 0x05, 0x44, 0x44, 0x14, 0x44, 0x10, 0x01, 0x21, 0x11, 0xf5, 0x2c, 0x20, 0x12, 0x22, 0x22
    dc.b    0x11, 0x14, 0x7d, 0x75, 0x0f, 0x00, 0x12, 0x01, 0x30, 0x00, 0x01, 0x00, 0x30, 0x01, 0x60, 0x00
    dc.b    0x00, 0x00, 0x36, 0x00, 0xf1, 0xc0, 0xa0, 0x01, 0x12, 0x60, 0x00, 0x00, 0x41, 0x26, 0x00, 0x00
    dc.b    0x41, 0x13, 0x00, 0x00, 0x44, 0x12, 0x60, 0x00, 0x44, 0x11, 0x20, 0x00, 0x7e, 0x53, 0xf0, 0x01
    dc.b    0x13, 0x00, 0x44, 0x44, 0x12, 0x60, 0x21, 0x11, 0x11, 0x44, 0x33, 0x32, 0x21, 0x14, 0x41, 0x11
    dc.b    0x22, 0x14, 0x32, 0x14, 0x44, 0x21, 0x99, 0x33, 0x22, 0x42, 0x23, 0x66, 0x32, 0x22, 0xf3, 0x59
    dc.b    0x90, 0x01, 0x22, 0x22, 0x21, 0x11, 0x11, 0x11, 0x12, 0x22, 0x21, 0x14, 0x22, 0x22, 0x11, 0x42
    dc.b    0x22, 0x11, 0x14, 0x43, 0xfc, 0x1f, 0x10, 0x01, 0x42, 0x30, 0xfc, 0x20, 0x10, 0x02, 0x16, 0x00
    dc.b    0xfc, 0x21, 0x10, 0x01, 0x11, 0x26, 0xcc, 0xff, 0x16, 0x4b, 0x03, 0x30, 0x02, 0x33, 0x10, 0x01
    dc.b    0x12, 0x00, 0xf1, 0x1b, 0xa2, 0x55, 0x26, 0x00, 0x11, 0x12, 0x30, 0x00, 0x22, 0x23, 0x60, 0x00
    dc.b    0x23, 0x36, 0x00, 0x00, 0x33, 0x60, 0x00, 0x00, 0x26, 0x60, 0x01, 0x01, 0x01, 0x5b, 0x00, 0x16
    dc.b    0x00, 0x00, 0x00, 0x00, 0x00, 0x00
spr_ken_420_animation0_frame2_tileset_data_size = .-spr_ken_420_animation0_frame2_tileset_data

    .align  2
spr_ken_420_animation0_frame3_tileset_data:
    dc.b    0x75, 0x00, 0x00, 0x8a, 0xab, 0xb8, 0x00, 0x08, 0x88, 0x88, 0x00, 0x00, 0x00, 0x09, 0x00, 0x00
    dc.b    0x12, 0x01, 0x00, 0x03, 0x12, 0x01, 0x00, 0x39, 0x32, 0x01, 0x03, 0x99, 0x00, 0x00, 0x03, 0x96
    dc.b    0x10, 0x01, 0x03, 0x93, 0xe1, 0x05, 0x07, 0x01, 0x10, 0x01, 0x09, 0x33, 0xd7, 0xb6, 0x05, 0x01
    dc.b    0x12, 0x01, 0x96, 0x32, 0x32, 0x01, 0x96, 0x22, 0x00, 0x00, 0x96, 0x21, 0x13, 0x01, 0x93, 0x21
    dc.b    0x11, 0x00, 0x88, 0x88, 0xc0, 0x01, 0x83, 0x33, 0x99, 0x99, 0x66, 0x66, 0x55, 0x99, 0x99, 0x93
    dc.b    0x55, 0x55, 0x55, 0x55, 0x33, 0x36, 0x55, 0x55, 0x22, 0x41, 0x12, 0x36, 0x93, 0x14, 0xcf, 0x77
    dc.b    0x83, 0x01, 0x66, 0x66, 0x32, 0x11, 0x61, 0x12, 0x22, 0x22, 0x61, 0x11, 0x12, 0x22, 0x61, 0x44
    dc.b    0x44, 0x44, 0x50, 0x01, 0x66, 0x66, 0x66, 0x66, 0x32, 0x21, 0x11, 0x12, 0x22, 0x14, 0xd7, 0xc1
    dc.b    0x13, 0x01, 0x21, 0x44, 0x11, 0x01, 0x44, 0x41, 0x12, 0x01, 0x11, 0x44, 0x24, 0x01, 0x14, 0x44
    dc.b    0x44, 0x11, 0x41, 0x01, 0x41, 0x11, 0x14, 0x44, 0x41, 0x12, 0x44, 0x44, 0x10, 0x08, 0x41, 0x23
    dc.b    0xf8, 0xf1, 0x01, 0x41, 0x61, 0x01, 0x65, 0x55, 0x55, 0x55, 0x13, 0x69, 0x55, 0x55, 0x11, 0x11
    dc.b    0x19, 0x55, 0xf0, 0x00, 0x22, 0x22, 0x25, 0x55, 0x23, 0x33, 0x35, 0x55, 0x12, 0x33, 0x55, 0x55
    dc.b    0x41, 0x23, 0x55, 0x55, 0x44, 0x12, 0x55, 0x55, 0x63, 0x33, 0x55, 0x55, 0x26, 0x96, 0x55, 0x55
    dc.b    0x22, 0x99, 0x52, 0x01, 0x55, 0x55, 0x11, 0x33, 0x55, 0x55, 0x11, 0x23, 0x95, 0x55, 0x91, 0x01
    dc.b    0x65, 0x55, 0x11, 0x22, 0x66, 0x55, 0x11, 0x22, 0x63, 0x65, 0x12, 0x22, 0x33, 0x69, 0x12, 0x22
    dc.b    0x36, 0x99, 0xa0, 0x06, 0x22, 0x32, 0x39, 0x00, 0x23, 0x22, 0x69, 0x00, 0x23, 0x23, 0x90, 0x00
    dc.b    0x33, 0x26, 0x90, 0x00, 0x32, 0x69, 0x90, 0x00, 0xf8, 0xff, 0x21, 0x3f, 0x42, 0x39, 0x93, 0x33
    dc.b    0xf0, 0x00, 0x55, 0x55, 0x55, 0x11, 0x55, 0x63, 0x11, 0x12, 0x55, 0x51, 0x11, 0x23, 0x95, 0x53
    dc.b    0x22, 0x22, 0x65, 0x55, 0x22, 0x11, 0x25, 0x55, 0x11, 0x14, 0x25, 0x55, 0x91, 0x44, 0x35, 0x55
    dc.b    0xb1, 0x01, 0x54, 0x44, 0x39, 0x55, 0x54, 0x44, 0x36, 0x55, 0x52, 0x22, 0x36, 0x55, 0x59, 0x66
    dc.b    0x66, 0x55, 0x55, 0x33, 0x99, 0x55, 0x55, 0x22, 0xf0, 0x00, 0x96, 0x55, 0x55, 0x21, 0x66, 0x55
    dc.b    0x55, 0x21, 0x66, 0x65, 0x55, 0x22, 0x66, 0x35, 0x55, 0x22, 0x96, 0x33, 0x52, 0x22, 0x96, 0x63
    dc.b    0x32, 0x22, 0x99, 0x63, 0x32, 0x12, 0x99, 0x66, 0x52, 0xc9, 0x33, 0x12, 0x09, 0x96, 0x33, 0x21
    dc.b    0x00, 0x99, 0x63, 0x21, 0x01, 0xd9, 0x07, 0x00, 0xf0, 0x00, 0x00, 0x0e, 0x00, 0x00, 0x0e, 0xef
    dc.b    0x00, 0x00, 0xee, 0xfe, 0x00, 0x00, 0x00, 0xee, 0x33, 0x00, 0x00, 0xee, 0x11, 0x23, 0x6e, 0xef
    dc.b    0x44, 0x44, 0x33, 0x4e, 0x14, 0x44, 0x23, 0x14, 0xd0, 0x01, 0x32, 0x44, 0x42, 0x34, 0xd2, 0x14
    dc.b    0x41, 0x31, 0xd2, 0x14, 0x11, 0x23, 0xd3, 0x21, 0x11, 0x13, 0xd3, 0x22, 0x11, 0x42, 0xd3, 0x22
    dc.b    0x11, 0x44, 0x63, 0x22, 0xcf, 0xf0, 0x10, 0x01, 0x32, 0x22, 0xcf, 0xeb, 0xf0, 0x00, 0x22, 0x21
    dc.b    0x44, 0x44, 0x32, 0x11, 0x4d, 0x7c, 0x63, 0x32, 0xdb, 0xc7, 0x55, 0x55, 0x5d, 0xb8, 0xdd, 0xd5
    dc.b    0x55, 0xbb, 0x88, 0x8d, 0xdd, 0x55, 0xd8, 0x85, 0xdd, 0x88, 0xdd, 0xd5, 0x31, 0x72, 0xdd, 0xd8
    dc.b    0xdd, 0xd5, 0xdd, 0xdd, 0x04, 0x3b, 0x31, 0x00, 0x00, 0xee, 0x00, 0xee, 0xee, 0xee, 0x61, 0x07
    dc.b    0xff, 0xff, 0xfe, 0xee, 0xee, 0xee, 0xee, 0xef, 0x88, 0xee, 0xef, 0xfc, 0x20, 0x01, 0xff, 0xcc
    dc.b    0xcc, 0xff, 0xe9, 0xc6, 0xf0, 0x00, 0xee, 0xeb, 0x8e, 0xee, 0xbb, 0xba, 0x4c, 0x88, 0x8d, 0xa7
    dc.b    0x44, 0x7a, 0xbd, 0xa7, 0x14, 0x1b, 0xb8, 0xd7, 0x34, 0x41, 0xb8, 0xdd, 0x31, 0x44, 0x2b, 0xb8
    dc.b    0x46, 0x14, 0x4a, 0xbb, 0xf0, 0x00, 0x42, 0x61, 0x44, 0xca, 0x41, 0x26, 0x14, 0x4c, 0x44, 0x12
    dc.b    0x61, 0x44, 0x44, 0x12, 0x36, 0x44, 0x7a, 0xdd, 0x26, 0x24, 0xbd, 0x7c, 0xd3, 0x61, 0xdd, 0xcc
    dc.b    0xcd, 0x61, 0x7a, 0x55, 0xb3, 0x3e, 0xcb, 0x31, 0x55, 0xd5, 0xcb, 0x32, 0x88, 0xd5, 0x7b, 0x33
    dc.b    0x8d, 0x55, 0xb4, 0x36, 0xd5, 0x5b, 0x44, 0x39, 0x58, 0x44, 0x44, 0x39, 0x00, 0x01, 0xc7, 0xf7
    dc.b    0xf0, 0x00, 0xee, 0xe0, 0xee, 0xef, 0xee, 0xff, 0xef, 0xcf, 0xef, 0xce, 0xfc, 0xfe, 0xfc, 0xff
    dc.b    0xcf, 0xef, 0xcf, 0xfe, 0xee, 0xff, 0xfe, 0xee, 0xe8, 0x8e, 0xee, 0xe8, 0xb8, 0x8d, 0x5d, 0x88
    dc.b    0xf0, 0x00, 0xa7, 0xcc, 0x55, 0xde, 0xac, 0x7a, 0xb8, 0xae, 0xa7, 0x7a, 0xb8, 0x70, 0x7c, 0xc7
    dc.b    0xbd, 0xd0, 0x7a, 0xbd, 0xd2, 0x37, 0xac, 0x77, 0xd1, 0x37, 0xdd, 0xdd, 0xd4, 0x37, 0x88, 0x8d
    dc.b    0xf0, 0x00, 0xd4, 0x27, 0xaa, 0xb8, 0xd4, 0x2a, 0x77, 0x7b, 0xd4, 0x2b, 0x77, 0x7a, 0xd4, 0x3a
    dc.b    0x77, 0x77, 0x84, 0x3a, 0x17, 0x77, 0x84, 0x3b, 0x17, 0x7a, 0x84, 0x38, 0x42, 0x7a, 0x84, 0x38
    dc.b    0xc7, 0xbe, 0x41, 0xa8, 0x84, 0xb8, 0x44, 0x88, 0xd2, 0x88, 0x44, 0x88, 0xd2, 0x8b, 0x14, 0x8d
    dc.b    0x32, 0x8b, 0x14, 0xd6, 0x28, 0x88, 0x14, 0x62, 0x2d, 0xd8, 0x50, 0x01, 0xee, 0x00, 0x00, 0x00
    dc.b    0xfc, 0xe0, 0x00, 0x00, 0xfc, 0xfe, 0xc7, 0x83, 0x94, 0x15, 0xef, 0xcf, 0xe0, 0x00, 0xee, 0xfe
    dc.b    0xe0, 0x00, 0xee, 0x8e, 0xe0, 0x00, 0xe8, 0xee, 0x00, 0x00, 0x00, 0xe0, 0x30, 0x01, 0xa0, 0x00
    dc.b    0x00, 0x00, 0xca, 0x00, 0xf2, 0x78, 0xf0, 0x00, 0x77, 0xa0, 0x00, 0x00, 0x7a, 0xa0, 0x00, 0x00
    dc.b    0x77, 0x7a, 0x00, 0x00, 0x7c, 0xca, 0x00, 0x00, 0x7c, 0xc7, 0xa0, 0x00, 0xa7, 0x7a, 0xb0, 0x00
    dc.b    0xbb, 0x8b, 0x80, 0x00, 0x88, 0xa7, 0xd0, 0x09, 0x77, 0xb0, 0xb7, 0xcc, 0xc7, 0xab, 0xa7, 0xc7
    dc.b    0xa5, 0x58, 0xaa, 0xab, 0x55, 0xbd, 0xba, 0xa5, 0x5a, 0xdb, 0xbb, 0xb5, 0xa7, 0x5a, 0x88, 0xb5
    dc.b    0xa7, 0x75, 0xf9, 0x37, 0x00, 0x07, 0xf9, 0x41, 0x10, 0x01, 0x50, 0x00, 0xd9, 0xe6, 0x01, 0x01
    dc.b    0x00, 0x01, 0xfe, 0x0b, 0x70, 0x01, 0x00, 0x00, 0x23, 0x60, 0x00, 0x00, 0x41, 0x26, 0x60, 0x00
    dc.b    0x44, 0x44, 0x12, 0x20, 0xf4, 0xb0, 0x90, 0x06, 0x41, 0x60, 0x36, 0x99, 0x99, 0x00, 0x66, 0x33
    dc.b    0x36, 0x00, 0x22, 0x11, 0x23, 0x60, 0x11, 0x44, 0x41, 0x26, 0xf9, 0x4e, 0x00, 0x04, 0xf9, 0x55
    dc.b    0x00, 0x01, 0xc7, 0x3d, 0x00, 0x1d, 0x00, 0x00, 0x00, 0x07, 0xf9, 0x5f, 0x00, 0x06, 0xf9, 0x67
    dc.b    0x10, 0x1c, 0xd0, 0x00, 0x7f, 0xd1, 0xf0, 0x00, 0x93, 0x11, 0x44, 0x41, 0x93, 0x31, 0x11, 0x11
    dc.b    0x96, 0x33, 0x33, 0x33, 0x09, 0x32, 0x22, 0x23, 0x09, 0x63, 0x21, 0x22, 0x09, 0x66, 0x21, 0x42
    dc.b    0x00, 0x96, 0x31, 0x44, 0x00, 0x96, 0x70, 0x01, 0x62, 0x14, 0x00, 0x09, 0x63, 0x14, 0x00, 0x00
    dc.b    0x96, 0x24, 0x00, 0x00, 0x96, 0x31, 0x7e, 0x59, 0x30, 0x01, 0x08, 0x88, 0x00, 0x00, 0x08, 0xbb
    dc.b    0xc4, 0xe8, 0x32, 0x01, 0x8b, 0xa7, 0x00, 0x00, 0x8a, 0x77, 0x14, 0x05, 0x87, 0x77, 0x10, 0x01
    dc.b    0x8b, 0x87, 0xeb, 0x62, 0x80, 0x01, 0x00, 0x00, 0x12, 0x32, 0x69, 0x66, 0x23, 0x36, 0x62, 0x36
    dc.b    0x33, 0x33, 0x22, 0x33, 0x32, 0x22, 0xe4, 0x73, 0x11, 0x01, 0x22, 0x22, 0xf0, 0x00, 0x22, 0x22
    dc.b    0x11, 0x22, 0x22, 0x23, 0x41, 0x11, 0x11, 0x26, 0x44, 0x11, 0x11, 0x30, 0x44, 0x11, 0x13, 0x00
    dc.b    0x11, 0x13, 0x88, 0x00, 0x33, 0x88, 0xb8, 0x00, 0xba, 0xaa, 0xb8, 0x00, 0x51, 0x01, 0x7c, 0xc7
    dc.b    0xb0, 0x00, 0xcc, 0xc7, 0xa0, 0x00, 0xcc, 0xcc, 0xd3, 0x63, 0x7b, 0x00, 0xcc, 0xcc, 0x7a, 0x00
    dc.b    0xcc, 0xcc, 0xc7, 0x00, 0x7c, 0xcc, 0xc7, 0x00, 0xb7, 0xaa, 0x7a, 0x00, 0x87, 0x8c, 0xcc, 0x00
    dc.b    0x8b, 0x8a, 0xca, 0x00, 0x01, 0xd9, 0x03, 0xdf, 0x03, 0xe1, 0x00, 0x23, 0x00, 0x00, 0xd2, 0x01
    dc.b    0x00, 0x22, 0x00, 0x00, 0x22, 0xdd, 0x00, 0x02, 0x2d, 0x8b, 0x00, 0x22, 0xd8, 0xbb, 0x00, 0x23
    dc.b    0x8b, 0xba, 0x00, 0x33, 0x8a, 0xba, 0x06, 0x3d, 0xba, 0xba, 0xf0, 0x00, 0x8a, 0xab, 0x06, 0xd8
    dc.b    0x8b, 0xaa, 0x06, 0xd8, 0x88, 0xbb, 0x0d, 0x88, 0xbb, 0xa7, 0x0d, 0x88, 0xba, 0xa7, 0x0d, 0x88
    dc.b    0xbb, 0xaa, 0x08, 0x88, 0x88, 0xbb, 0x88, 0xba, 0x77, 0x77, 0x41, 0x03, 0x8b, 0xa7, 0x7c, 0xcc
    dc.b    0x8b, 0xa7, 0xcc, 0xcc, 0x90, 0x01, 0x8b, 0xba, 0x77, 0x77, 0x88, 0xbb, 0xa7, 0x77, 0x88, 0x8b
    dc.b    0xbb, 0xba, 0x8b, 0xb8, 0x88, 0xbb, 0x32, 0x11, 0xcc, 0xd6, 0xf0, 0x00, 0x88, 0x88, 0xdd, 0x24
    dc.b    0xbb, 0xbb, 0xb8, 0xd3, 0xba, 0x77, 0x7a, 0x8d, 0x7c, 0xcc, 0xcc, 0x78, 0x7c, 0xcc, 0xcc, 0xca
    dc.b    0x7c, 0xcc, 0xcc, 0x7a, 0x7c, 0xcc, 0xc7, 0xab, 0xaa, 0x77, 0xf0, 0x00, 0x7a, 0xbd, 0xba, 0xaa
    dc.b    0xab, 0xbd, 0xa7, 0x77, 0x77, 0xad, 0xcc, 0xcc, 0xc7, 0x86, 0xcc, 0xcc, 0xca, 0xd3, 0x77, 0x77
    dc.b    0xab, 0xd3, 0xbb, 0xbb, 0xbd, 0x63, 0xab, 0x88, 0x8d, 0x66, 0xf0, 0x00, 0xcc, 0x7c, 0xc7, 0x75
    dc.b    0xcc, 0xcc, 0xc7, 0x55, 0xcc, 0xcc, 0xc8, 0x58, 0xcc, 0xc7, 0x75, 0xdd, 0x77, 0x7a, 0xa5, 0xdd
    dc.b    0xaa, 0xab, 0xb5, 0x5d, 0xbb, 0xb8, 0x8d, 0x55, 0x52, 0x21, 0x31, 0x01, 0x44, 0x44, 0x52, 0x11
    dc.b    0x14, 0x44, 0x12, 0x01, 0x52, 0x21, 0x21, 0x01, 0x22, 0x21, 0x11, 0x44, 0xf0, 0x00, 0x21, 0x22
    dc.b    0x11, 0x44, 0x31, 0x22, 0x11, 0x14, 0x32, 0x12, 0x21, 0x14, 0x32, 0x11, 0x21, 0x11, 0x63, 0x21
    dc.b    0x12, 0x11, 0x96, 0x32, 0x11, 0x41, 0x99, 0x63, 0x21, 0x14, 0x99, 0x96, 0x90, 0x01, 0x66, 0x31
    dc.b    0x96, 0x32, 0x11, 0x12, 0x63, 0x33, 0x33, 0x33, 0x66, 0x66, 0x33, 0x22, 0x96, 0x63, 0x22, 0x21
    dc.b    0xe8, 0xdc, 0x00, 0x01, 0xe7, 0xc6, 0x50, 0x01, 0x96, 0x21, 0x11, 0x11, 0x09, 0x21, 0x11, 0x12
    dc.b    0x41, 0x36, 0xe9, 0xe4, 0x00, 0x01, 0xf4, 0x40, 0x11, 0x01, 0x20, 0x00, 0x00, 0x01, 0xe0, 0x2e
    dc.b    0x91, 0x01, 0x41, 0x30, 0x44, 0x44, 0x41, 0x20, 0x44, 0x44, 0x41, 0x23, 0x44, 0x44, 0x44, 0x13
    dc.b    0x44, 0x44, 0x44, 0x42, 0x11, 0x03, 0x14, 0x44, 0xc2, 0x01, 0x44, 0x23, 0x11, 0x11, 0x22, 0x33
    dc.b    0x22, 0x22, 0x22, 0x26, 0x22, 0x22, 0x21, 0x26, 0x22, 0x22, 0x11, 0x26, 0x12, 0x22, 0x41, 0x26
    dc.b    0x22, 0x22, 0x13, 0x01, 0x22, 0x21, 0xc2, 0xa9, 0x41, 0x36, 0x08, 0x21, 0x11, 0x22, 0x08, 0x82
    dc.b    0x22, 0x22, 0x88, 0x88, 0x83, 0x22, 0x88, 0x88, 0x88, 0x83, 0x88, 0xbb, 0xbb, 0xb8, 0x8b, 0xaa
    dc.b    0x14, 0x01, 0x08, 0xa7, 0x21, 0x01, 0x8b, 0xa7, 0x77, 0xcc, 0x01, 0x0d, 0xf0, 0x01, 0x08, 0xaa
    dc.b    0xbb, 0xaa, 0x08, 0xb7, 0x78, 0x78, 0x00, 0x8b, 0xad, 0xbd, 0x22, 0x44, 0x23, 0x60, 0x22, 0x41
    dc.b    0x36, 0x00, 0x22, 0x43, 0x60, 0x00, 0x22, 0x30, 0x00, 0x00, 0x80, 0x00, 0xf8, 0x29, 0x32, 0x01
    dc.b    0x7b, 0x00, 0x00, 0x00, 0xc7, 0xb0, 0x32, 0x01, 0xcc, 0xa0, 0x00, 0x00, 0xcc, 0x7b, 0x52, 0x13
    dc.b    0x7a, 0x7b, 0x00, 0x00, 0xab, 0x7b, 0x00, 0x00, 0x78, 0xb0, 0x00, 0x00, 0x00, 0x00
spr_ken_420_animation0_frame3_tileset_data_size = .-spr_ken_420_animation0_frame3_tileset_data

    .align  2
spr_ken_420_animation0_frame4_tileset_data:
    dc.b    0x31, 0x01, 0x62, 0x44, 0x44, 0x41, 0x61, 0x44, 0xf0, 0x00, 0x44, 0x11, 0x64, 0x44, 0x41, 0x11
    dc.b    0x64, 0x44, 0x44, 0x11, 0x94, 0x44, 0x44, 0x44, 0x91, 0x11, 0x11, 0x11, 0x93, 0x11, 0x12, 0x31
    dc.b    0x09, 0x14, 0x12, 0x33, 0x09, 0x34, 0x11, 0x22, 0xc0, 0x01, 0x00, 0x92, 0x41, 0x22, 0x00, 0x09
    dc.b    0x44, 0x12, 0x00, 0x09, 0x34, 0x41, 0x00, 0x00, 0x91, 0x44, 0x00, 0x00, 0x09, 0x14, 0x00, 0x00
    dc.b    0x09, 0x31, 0xdd, 0xed, 0x20, 0x19, 0x00, 0x09, 0x00, 0x00, 0x00, 0x00, 0xf0, 0x00, 0x11, 0x12
    dc.b    0x23, 0x33, 0x11, 0x23, 0x33, 0x36, 0x11, 0x22, 0x22, 0x36, 0x22, 0x22, 0x33, 0x69, 0x13, 0x33
    dc.b    0x66, 0x99, 0x41, 0x11, 0x12, 0x39, 0x31, 0x12, 0x36, 0x92, 0x13, 0x36, 0xf0, 0x00, 0x99, 0x23
    dc.b    0x11, 0x11, 0x11, 0x39, 0x33, 0x66, 0x69, 0x96, 0x22, 0x21, 0x11, 0x11, 0x23, 0x32, 0x22, 0x22
    dc.b    0x22, 0x33, 0x33, 0x32, 0x11, 0x22, 0x33, 0x33, 0x11, 0x12, 0x22, 0x23, 0xc0, 0x01, 0x44, 0x11
    dc.b    0x11, 0x22, 0x14, 0x41, 0x11, 0x11, 0x31, 0x44, 0x44, 0x44, 0x99, 0x24, 0x44, 0x44, 0x00, 0x92
    dc.b    0x44, 0x41, 0x00, 0x09, 0x22, 0x38, 0xec, 0xbf, 0x01, 0x01, 0x10, 0x01, 0x00, 0x8b, 0xe9, 0xf7
    dc.b    0x93, 0x3f, 0x8b, 0xa7, 0x00, 0x08, 0xba, 0xa7, 0x08, 0xaa, 0xaa, 0xba, 0x08, 0x77, 0x87, 0x87
    dc.b    0x00, 0x8b, 0xda, 0xda, 0x20, 0x02, 0x69, 0x00, 0x00, 0x96, 0xdd, 0xa0, 0x05, 0x63, 0x30, 0x01
    dc.b    0x90, 0x00, 0x00, 0x00, 0x99, 0x00, 0xdc, 0x0b, 0x90, 0x01, 0x32, 0x29, 0x00, 0x00, 0x11, 0x26
    dc.b    0x90, 0x00, 0x22, 0x33, 0x90, 0x00, 0x23, 0x33, 0x69, 0x00, 0x66, 0x66, 0xc4, 0xb7, 0xf0, 0x00
    dc.b    0x23, 0x33, 0x39, 0x00, 0x22, 0x23, 0x39, 0x00, 0x41, 0x12, 0x80, 0x00, 0x41, 0x28, 0x88, 0x00
    dc.b    0x28, 0x88, 0xa7, 0xa0, 0x88, 0xba, 0x77, 0x70, 0x8b, 0xa7, 0x77, 0xa0, 0xaa, 0x77, 0xf3, 0x33
    dc.b    0xca, 0x00, 0xa7, 0xcc, 0xca, 0x00, 0x77, 0xcc, 0xca, 0x00, 0xcc, 0xcc, 0xca, 0x00, 0x77, 0x77
    dc.b    0x77, 0x00, 0xaa, 0xaa, 0x77, 0x00, 0xa8, 0xcc, 0x7b, 0x00, 0xd8, 0xba, 0xb0, 0x00, 0x61, 0x01
    dc.b    0x66, 0x32, 0x11, 0x44, 0x66, 0x33, 0x11, 0x44, 0x66, 0x63, 0x21, 0x14, 0xa0, 0x01, 0x96, 0x66
    dc.b    0x32, 0x11, 0x99, 0x66, 0x32, 0x11, 0x09, 0x66, 0x62, 0x21, 0x09, 0x96, 0x63, 0x22, 0x00, 0x96
    dc.b    0x63, 0x32, 0xf3, 0x6f, 0x70, 0x01, 0x66, 0x33, 0x00, 0x00, 0x96, 0x63, 0x00, 0x00, 0x96, 0x66
    dc.b    0x00, 0x00, 0x96, 0x36, 0xe3, 0xe9, 0x12, 0xbf, 0x09, 0x63, 0x10, 0x1c, 0x00, 0x96, 0x7f, 0x3f
    dc.b    0x0c, 0x00, 0x12, 0x01, 0x00, 0x02, 0x92, 0x01, 0x02, 0x2d, 0x00, 0x00, 0x23, 0xd8, 0x00, 0x00
    dc.b    0x23, 0x8b, 0x00, 0x09, 0x33, 0x8a, 0x00, 0x09, 0x3d, 0xba, 0x72, 0x01, 0x3d, 0x8a, 0x00, 0x09
    dc.b    0x3d, 0x8b, 0x00, 0x09, 0x3d, 0x88, 0x00, 0x09, 0xd8, 0x8b, 0x91, 0xbf, 0x88, 0x8b, 0x00, 0x09
    dc.b    0x88, 0x88, 0x00, 0x09, 0x88, 0xaa, 0x00, 0x09, 0x8b, 0xa7, 0x00, 0x09, 0xbb, 0xa7, 0x00, 0x01
    dc.b    0xf3, 0x63, 0x10, 0x01, 0x88, 0xbb, 0xf6, 0xa0, 0x30, 0x01, 0x0d, 0x8b, 0x00, 0x00, 0x00, 0xda
    dc.b    0xc5, 0x17, 0x0a, 0x00, 0x40, 0x04, 0x03, 0x21, 0x11, 0x11, 0x24, 0x44, 0x44, 0x44, 0xf4, 0xec
    dc.b    0x90, 0x01, 0xbb, 0xa7, 0xcc, 0xcc, 0xab, 0x7c, 0xcc, 0xcc, 0x7b, 0x7c, 0xcc, 0xcc, 0x7b, 0xa7
    dc.b    0xcc, 0xc7, 0x7b, 0xaa, 0xf4, 0xec, 0x20, 0x03, 0xbb, 0xbb, 0xba, 0x77, 0xf8, 0xc6, 0x72, 0x00
    dc.b    0x77, 0x7a, 0x8b, 0xbb, 0xbb, 0x88, 0x77, 0xaa, 0x77, 0x7c, 0x7c, 0xcc, 0xcc, 0xcc, 0xd6, 0x3a
    dc.b    0xcc, 0xc7, 0x77, 0xcc, 0xc7, 0x7a, 0xa7, 0x77, 0xaa, 0xaa, 0xbb, 0xbb, 0xbb, 0xbb, 0x88, 0x88
    dc.b    0x88, 0x88, 0x7b, 0xb8, 0x88, 0x88, 0xaa, 0xa8, 0x88, 0x33, 0x00, 0x02, 0xfc, 0xa8, 0xf0, 0x00
    dc.b    0x00, 0x0e, 0x22, 0x33, 0x66, 0x33, 0x44, 0x12, 0x36, 0xee, 0x44, 0x44, 0x13, 0x44, 0xd2, 0x44
    dc.b    0x13, 0x14, 0x8d, 0x24, 0x42, 0x34, 0x78, 0xd1, 0x42, 0x31, 0xca, 0xd2, 0x42, 0x23, 0xf0, 0x00
    dc.b    0x7a, 0xd2, 0x12, 0x13, 0xab, 0xd2, 0x21, 0x41, 0xbd, 0x32, 0x21, 0x44, 0xb8, 0x32, 0x21, 0x44
    dc.b    0xa8, 0x32, 0x21, 0x44, 0x78, 0x32, 0x21, 0x41, 0xad, 0x32, 0x22, 0x2d, 0xbd, 0x93, 0xf0, 0x00
    dc.b    0x36, 0x58, 0xdd, 0x99, 0x95, 0x55, 0xcc, 0x75, 0x5d, 0xd5, 0xcc, 0x5d, 0xd8, 0x8d, 0xcc, 0x58
    dc.b    0x88, 0x88, 0x77, 0x8d, 0x8d, 0xdd, 0xaa, 0xb5, 0x55, 0xd5, 0xbb, 0x85, 0x55, 0x55, 0x82, 0x39
    dc.b    0x88, 0x8d, 0x55, 0x44, 0x88, 0x88, 0x11, 0x11, 0x82, 0x22, 0x22, 0x21, 0x33, 0x33, 0x32, 0x22
    dc.b    0x10, 0x01, 0xee, 0xee, 0xe2, 0xc4, 0xf0, 0x00, 0xff, 0xee, 0xfe, 0xee, 0xee, 0xee, 0xee, 0x8e
    dc.b    0xee, 0xff, 0x88, 0xee, 0xee, 0xee, 0xef, 0xfe, 0xee, 0xef, 0xee, 0xfc, 0xcc, 0xff, 0x4e, 0x88
    dc.b    0xef, 0xfe, 0x48, 0xee, 0xee, 0xeb, 0xf0, 0x00, 0x44, 0x88, 0x88, 0xda, 0x44, 0x47, 0xab, 0xda
    dc.b    0x24, 0x47, 0xbb, 0x8d, 0x31, 0x44, 0xbb, 0x8d, 0x23, 0x14, 0x18, 0xb8, 0x42, 0x34, 0x44, 0xab
    dc.b    0x1d, 0xd7, 0xd8, 0xcd, 0xdb, 0xad, 0xf0, 0x00, 0xa7, 0xca, 0xbb, 0xb7, 0xcc, 0xcc, 0xb5, 0x55
    dc.b    0xdd, 0x5a, 0xdd, 0xd8, 0x8d, 0xd5, 0x5d, 0x88, 0xdd, 0xd5, 0x5d, 0xdd, 0xd5, 0x5b, 0x5d, 0xd5
    dc.b    0x58, 0xb3, 0x55, 0x55, 0x81, 0x26, 0xc0, 0x27, 0x55, 0x54, 0x41, 0x26, 0x54, 0x44, 0x44, 0x26
    dc.b    0x44, 0x44, 0x44, 0x39, 0x14, 0x44, 0x44, 0x39, 0x11, 0x11, 0x12, 0x69, 0x22, 0x22, 0x66, 0x93
    dc.b    0x7e, 0xe7, 0x14, 0x01, 0x00, 0x06, 0x50, 0x01, 0x00, 0x63, 0x00, 0x00, 0x99, 0x99, 0x00, 0x00
    dc.b    0x00, 0x55, 0xdb, 0x04, 0x30, 0x01, 0x62, 0x41, 0x00, 0x00, 0x63, 0x14, 0xf2, 0x9b, 0xf1, 0x01
    dc.b    0x62, 0x11, 0x00, 0x06, 0x21, 0x14, 0x00, 0x63, 0x21, 0x44, 0x00, 0x32, 0x11, 0x44, 0x03, 0x39
    dc.b    0x96, 0x63, 0x03, 0x96, 0x11, 0x12, 0x09, 0x93, 0x14, 0x44, 0x00, 0x61, 0x44, 0x44, 0x70, 0x01
    dc.b    0x06, 0x31, 0x44, 0x44, 0x06, 0x14, 0x44, 0x44, 0x63, 0x14, 0x44, 0x44, 0x61, 0x14, 0xf6, 0xa0
    dc.b    0x30, 0x01, 0x31, 0x44, 0x44, 0x41, 0x11, 0x44, 0xea, 0xc6, 0xf0, 0x00, 0x14, 0x44, 0x41, 0x11
    dc.b    0x99, 0x66, 0x66, 0x66, 0x55, 0x55, 0x96, 0x22, 0x55, 0x55, 0x55, 0x55, 0x12, 0x36, 0x69, 0x55
    dc.b    0x44, 0x44, 0x13, 0x69, 0x22, 0x21, 0x11, 0x11, 0x12, 0x22, 0x30, 0x01, 0x22, 0x11, 0x44, 0x41
    dc.b    0x22, 0x66, 0xf1, 0x92, 0xf0, 0x00, 0x44, 0x42, 0x32, 0x11, 0x44, 0x44, 0x23, 0x66, 0x32, 0x11
    dc.b    0x41, 0x23, 0x99, 0x99, 0x44, 0x12, 0x23, 0x69, 0x44, 0x11, 0x22, 0x36, 0x44, 0x11, 0x12, 0x36
    dc.b    0x41, 0x11, 0x12, 0x33, 0x61, 0x01, 0x41, 0x11, 0x22, 0x33, 0x11, 0x11, 0x22, 0x33, 0x11, 0x12
    dc.b    0x23, 0x33, 0x00, 0x01, 0xf3, 0x17, 0x71, 0x2f, 0x33, 0x36, 0x12, 0x22, 0x33, 0x39, 0x66, 0x66
    dc.b    0x66, 0x66, 0x14, 0x44, 0x23, 0x99, 0x02, 0x00, 0xf0, 0x00, 0x55, 0xd6, 0x55, 0x55, 0x51, 0x11
    dc.b    0x55, 0x55, 0x53, 0x11, 0x55, 0x55, 0x55, 0x22, 0x55, 0x59, 0x55, 0x62, 0x55, 0x59, 0x55, 0x52
    dc.b    0xd5, 0x56, 0x95, 0x55, 0x65, 0x55, 0x29, 0x55, 0xe2, 0x01, 0x25, 0x55, 0x62, 0x55, 0x99, 0x55
    dc.b    0x59, 0x95, 0x99, 0x55, 0x55, 0x96, 0x69, 0x95, 0x55, 0x53, 0x69, 0x99, 0x55, 0x55, 0x69, 0x99
    dc.b    0x66, 0x55, 0x69, 0x96, 0x66, 0x33, 0xf0, 0x00, 0x66, 0x63, 0x99, 0x99, 0x66, 0x63, 0x90, 0x99
    dc.b    0x66, 0x63, 0x00, 0x09, 0x66, 0x63, 0x81, 0x26, 0x14, 0xb8, 0x41, 0x26, 0x14, 0x8d, 0x44, 0x26
    dc.b    0x14, 0xdd, 0x44, 0x39, 0x14, 0xd6, 0xf0, 0x00, 0x44, 0x39, 0x14, 0x62, 0x12, 0x69, 0x12, 0x63
    dc.b    0x66, 0x93, 0x29, 0x26, 0x99, 0x32, 0x92, 0x69, 0x33, 0x35, 0x59, 0xd0, 0x55, 0x55, 0x60, 0x00
    dc.b    0x56, 0x31, 0x13, 0x00, 0x32, 0x11, 0x31, 0x4d, 0x13, 0x00, 0x11, 0x11, 0x23, 0x60, 0x61, 0x87
    dc.b    0x22, 0x33, 0x32, 0x23, 0x33, 0x22, 0x14, 0x12, 0x11, 0x14, 0x44, 0x11, 0xf2, 0x01, 0x51, 0x44
    dc.b    0x44, 0x41, 0x55, 0x11, 0x12, 0x69, 0x55, 0x59, 0x66, 0x33, 0x95, 0x55, 0x62, 0x11, 0x36, 0x95
    dc.b    0x55, 0x41, 0x62, 0x44, 0x44, 0x41, 0x59, 0x44, 0x44, 0x44, 0x21, 0x44, 0x12, 0x01, 0x21, 0x14
    dc.b    0x21, 0x87, 0x21, 0x11, 0x44, 0x44, 0x01, 0x01, 0xe0, 0x0c, 0xd1, 0x8b, 0xba, 0xab, 0xd1, 0x88
    dc.b    0xbb, 0xb8, 0x2d, 0x88, 0x88, 0xdd, 0x2d, 0xd8, 0x8d, 0xd5, 0x00, 0x0d, 0x8d, 0xaa, 0x00, 0x00
    dc.b    0xd8, 0x8a, 0x00, 0x00, 0x0d, 0xdd, 0x7e, 0x31, 0x12, 0x01, 0x60, 0x00, 0x10, 0x01, 0x36, 0x00
    dc.b    0xc3, 0x6d, 0x30, 0x01, 0x23, 0x60, 0x00, 0x00, 0x99, 0x90, 0xe4, 0xd5, 0x01, 0x05, 0x01, 0x01
    dc.b    0x10, 0x01, 0x12, 0x66, 0xfa, 0x1a, 0x02, 0x01, 0x41, 0x01, 0x60, 0x00, 0x11, 0x33, 0x60, 0x00
    dc.b    0x11, 0x23, 0x11, 0x01, 0x36, 0x00, 0xf0, 0x00, 0x41, 0x23, 0x26, 0x00, 0x8b, 0x77, 0xa8, 0x00
    dc.b    0xd7, 0xcc, 0xc7, 0x80, 0x7c, 0xad, 0xcc, 0xb8, 0xad, 0xd7, 0xd7, 0xc8, 0x58, 0xbd, 0x7d, 0xc7
    dc.b    0xa5, 0xdb, 0xd8, 0x78, 0xba, 0xdd, 0x50, 0x27, 0x8b, 0x88, 0xdd, 0xd8, 0xdd, 0xd0, 0xdd, 0xdd
    dc.b    0xd0, 0x00, 0x7e, 0xaf, 0x04, 0x00, 0x31, 0x01, 0x44, 0x41, 0x23, 0x23, 0x44, 0x44, 0x12, 0x01
    dc.b    0x13, 0x23, 0x11, 0x01, 0x12, 0x23, 0xf0, 0x00, 0x14, 0x44, 0x22, 0x32, 0x22, 0x22, 0x22, 0x32
    dc.b    0x33, 0x32, 0x23, 0x21, 0x33, 0x22, 0x32, 0x11, 0x32, 0x22, 0x21, 0x41, 0x32, 0x11, 0x44, 0x41
    dc.b    0x33, 0x21, 0x44, 0x44, 0x63, 0x22, 0x10, 0x01, 0x14, 0x44, 0xf0, 0x8c, 0xd0, 0x01, 0x21, 0x44
    dc.b    0x23, 0x33, 0x21, 0x44, 0x32, 0x33, 0x22, 0x14, 0x92, 0x23, 0x32, 0x14, 0x96, 0x22, 0x33, 0x21
    dc.b    0x09, 0x32, 0x23, 0x22, 0x09, 0x62, 0x22, 0x32, 0x7d, 0x8d, 0x00, 0x06, 0x7c, 0xbd, 0x10, 0x01
    dc.b    0x08, 0xa7, 0xe7, 0x9c, 0x12, 0x03, 0x8b, 0xcc, 0x13, 0xa3, 0x08, 0xb8, 0x01, 0x01, 0x12, 0x01
    dc.b    0x66, 0x00, 0x01, 0xa9, 0x12, 0xa1, 0x33, 0x60, 0x41, 0x01, 0x23, 0x36, 0x00, 0x00, 0x23, 0x23
    dc.b    0x60, 0x00, 0x53, 0x01, 0x23, 0x13, 0x60, 0x00, 0x22, 0x13, 0x36, 0x00, 0x12, 0x12, 0x31, 0x01
    dc.b    0x33, 0x60, 0x41, 0x12, 0x23, 0x60, 0x11, 0x01, 0x44, 0x12, 0xf0, 0x00, 0x26, 0x00, 0x44, 0x42
    dc.b    0x30, 0x00, 0x24, 0x42, 0x80, 0x00, 0x88, 0x88, 0xb0, 0x00, 0x8b, 0xa7, 0xab, 0x00, 0xba, 0x77
    dc.b    0xca, 0x00, 0xa7, 0xcc, 0xcc, 0xa0, 0x7c, 0xcc, 0xcc, 0xc0, 0xad, 0x8d, 0x7c, 0xcc, 0xcc, 0xca
    dc.b    0x77, 0xcc, 0xcc, 0xca, 0xba, 0xba, 0xba, 0xaa, 0xd7, 0x87, 0xb7, 0xab, 0xda, 0x8b, 0x8b, 0x88
    dc.b    0x31, 0x00, 0xee, 0xee, 0xee, 0x00, 0xee, 0xee, 0x70, 0x01, 0xfe, 0xef, 0xee, 0xef, 0xfe, 0xec
    dc.b    0xef, 0xfc, 0xfe, 0xfc, 0xfc, 0xcf, 0xef, 0xcc, 0xf7, 0x60, 0xf0, 0x00, 0xee, 0xee, 0xee, 0x88
    dc.b    0xd5, 0xde, 0xea, 0x7c, 0xc5, 0x5d, 0xaa, 0xc7, 0xab, 0x8a, 0x7a, 0x77, 0xab, 0x87, 0x77, 0xcc
    dc.b    0x7b, 0xdd, 0x77, 0xab, 0xdd, 0x32, 0xda, 0xc7, 0x7d, 0x31, 0xf0, 0x00, 0xdd, 0xdd, 0xd2, 0x31
    dc.b    0xb8, 0x88, 0xd1, 0x21, 0xab, 0xb8, 0xd1, 0x21, 0xd7, 0xab, 0xd4, 0x21, 0x77, 0xab, 0xd4, 0x31
    dc.b    0x77, 0xaa, 0x84, 0x33, 0x72, 0xaa, 0x84, 0x38, 0xa1, 0xaa, 0x50, 0x10, 0xb4, 0x6b, 0x44, 0xaa
    dc.b    0x84, 0x6b, 0x44, 0xbb, 0x84, 0x8b, 0x7f, 0x2f, 0xf0, 0x00, 0xfe, 0xe0, 0x00, 0x00, 0xef, 0xce
    dc.b    0x00, 0x00, 0xfe, 0xfc, 0xe0, 0x00, 0xfe, 0xec, 0xfe, 0x00, 0xee, 0xef, 0xfe, 0x00, 0xe8, 0xef
    dc.b    0xee, 0x00, 0x8b, 0xee, 0x8e, 0x00, 0xde, 0xed, 0x24, 0x15, 0xe0, 0x00, 0xe0, 0x0e, 0x10, 0x01
    dc.b    0x10, 0x00, 0xf2, 0x69, 0x50, 0x01, 0x1c, 0x70, 0x00, 0x00, 0x1c, 0xc0, 0x00, 0x00, 0x1c, 0xca
    dc.b    0xfb, 0x42, 0xc0, 0x00, 0xa7, 0x7a, 0x00, 0x00, 0xaa, 0xbb, 0xb0, 0x00, 0xbb, 0xaa, 0xab, 0x00
    dc.b    0xb7, 0x7c, 0x7a, 0x00, 0xa7, 0xcc, 0xc7, 0xb0, 0xaa, 0x7c, 0x7b, 0xb8, 0x00, 0x00, 0x00, 0x00
spr_ken_420_animation0_frame4_tileset_data_size = .-spr_ken_420_animation0_frame4_tileset_data

    .align  2
spr_ken_501_animation0_frame0_tileset_data:
    dc.b    0x00, 0x01, 0xf9, 0xa5, 0x61, 0x01, 0x00, 0x0e, 0x00, 0x00, 0x00, 0xee, 0x92, 0x20, 0xee, 0xee
    dc.b    0x91, 0x1e, 0xf0, 0x00, 0xeb, 0xee, 0x29, 0x48, 0x8e, 0xef, 0x29, 0x48, 0xef, 0xfe, 0x29, 0x48
    dc.b    0xee, 0xbe, 0x29, 0x41, 0x88, 0xee, 0x29, 0x24, 0x8e, 0xef, 0x13, 0x94, 0x88, 0x8e, 0x12, 0x94
    dc.b    0x28, 0x88, 0xf0, 0x00, 0x12, 0x94, 0x1b, 0x88, 0x12, 0x94, 0x4b, 0xb8, 0x12, 0x94, 0x47, 0xb8
    dc.b    0x12, 0x94, 0x47, 0x78, 0x13, 0x94, 0x47, 0x78, 0x23, 0x94, 0x47, 0xbb, 0x26, 0x94, 0x17, 0xba
    dc.b    0x39, 0x34, 0xf0, 0x00, 0x2b, 0xb7, 0x69, 0x24, 0xd8, 0x77, 0x99, 0x41, 0xda, 0xaa, 0xad, 0x1d
    dc.b    0x88, 0x88, 0xcc, 0xd2, 0x11, 0x11, 0xa7, 0xd3, 0x39, 0x99, 0xdd, 0x99, 0x96, 0x26, 0xcd, 0x22
    dc.b    0x22, 0x60, 0x90, 0x01, 0xdd, 0x11, 0x16, 0x00, 0xd9, 0x99, 0x90, 0x00, 0x31, 0x12, 0x00, 0x00
    dc.b    0x99, 0x99, 0x10, 0x00, 0x00, 0xee, 0xf2, 0xb6, 0x01, 0x02, 0x00, 0x01, 0xd0, 0x3d, 0xf0, 0x00
    dc.b    0xfc, 0xcc, 0xfe, 0xee, 0xff, 0xff, 0xee, 0xfe, 0xee, 0xee, 0xef, 0xee, 0xfe, 0xd5, 0xcc, 0xec
    dc.b    0xfe, 0x8d, 0xef, 0xcf, 0xeb, 0xac, 0xff, 0xee, 0xba, 0x7a, 0xee, 0xeb, 0xa7, 0x7a, 0xf0, 0x00
    dc.b    0x8d, 0xa7, 0x7c, 0xc7, 0x88, 0xd7, 0x7a, 0xbd, 0xdd, 0xdd, 0xac, 0x77, 0x8b, 0xb8, 0xdd, 0xd2
    dc.b    0xb7, 0x7b, 0xd1, 0x32, 0xaa, 0xab, 0xd1, 0x32, 0x77, 0xa8, 0xd1, 0x21, 0x77, 0xbd, 0xf0, 0x00
    dc.b    0x31, 0x11, 0x77, 0xbd, 0x11, 0x12, 0x7b, 0xd1, 0x11, 0x2b, 0xbd, 0x11, 0x1b, 0x7c, 0xd1, 0x18
    dc.b    0xbc, 0xcc, 0x12, 0x8a, 0xcc, 0xcc, 0x98, 0xba, 0xa7, 0x77, 0xd8, 0xbb, 0xaa, 0xaa, 0x62, 0x7b
    dc.b    0xd8, 0xbb, 0xb8, 0x8b, 0x08, 0xba, 0xab, 0xb8, 0x00, 0x88, 0x88, 0x88, 0xf0, 0x00, 0x00, 0x00
    dc.b    0xe0, 0x00, 0x00, 0x00, 0xee, 0xe0, 0x00, 0x00, 0xff, 0xfe, 0xee, 0x00, 0xce, 0xfc, 0xfe, 0xe0
    dc.b    0xff, 0xef, 0xcf, 0xce, 0xfe, 0xef, 0xcf, 0xfc, 0xee, 0xef, 0xfe, 0xfc, 0xb0, 0x01, 0xde, 0x8f
    dc.b    0xee, 0xef, 0x5d, 0xee, 0x8e, 0xef, 0x55, 0x58, 0xee, 0xfe, 0xb8, 0xa0, 0x00, 0xee, 0xb8, 0x70
    dc.b    0x0e, 0x00, 0xbd, 0xd0, 0xc9, 0x73, 0x10, 0x01, 0xd3, 0x00, 0xd4, 0x9a, 0x03, 0x01, 0x10, 0x01
    dc.b    0x20, 0x00, 0xd4, 0x94, 0x01, 0x00, 0xf0, 0x00, 0xb8, 0x00, 0x00, 0x00, 0xc7, 0xaa, 0x55, 0x55
    dc.b    0xcc, 0xc8, 0x8d, 0x5d, 0x77, 0xdd, 0xd5, 0xd7, 0x77, 0x55, 0x55, 0xdd, 0xaa, 0x55, 0x55, 0xac
    dc.b    0xbb, 0x55, 0x55, 0xb7, 0x88, 0x85, 0x33, 0x3f, 0x55, 0xdb, 0x88, 0x88, 0xd5, 0x5d, 0x09, 0x00
    dc.b    0x01, 0x49, 0x32, 0x01, 0xee, 0x00, 0x00, 0x00, 0xfe, 0x00, 0x01, 0x07, 0x00, 0x16, 0x00, 0x00
    dc.b    0xf0, 0x00, 0x5a, 0xc7, 0x70, 0x00, 0x7c, 0xcd, 0xa7, 0x00, 0xcc, 0xda, 0xcd, 0x70, 0xdd, 0xac
    dc.b    0xda, 0xc7, 0xda, 0xcd, 0xac, 0xd7, 0xcd, 0xdd, 0xcd, 0x7b, 0x7b, 0xda, 0xd7, 0xb0, 0xdd, 0xdd
    dc.b    0x14, 0x14, 0x88, 0x00, 0xf0, 0x00, 0x00, 0x33, 0x00, 0x00, 0x03, 0x12, 0x00, 0x00, 0x22, 0x11
    dc.b    0x00, 0x02, 0x39, 0x11, 0x00, 0x23, 0x91, 0x11, 0x00, 0x29, 0x31, 0x39, 0x02, 0x99, 0x13, 0x99
    dc.b    0x32, 0x92, 0x19, 0x96, 0x71, 0x01, 0x99, 0x92, 0x99, 0x66, 0x09, 0x93, 0x99, 0x66, 0x00, 0x09
    dc.b    0x99, 0x66, 0x00, 0x00, 0x10, 0x02, 0x09, 0x66, 0xe8, 0x34, 0x00, 0x17, 0x7f, 0xb6, 0x08, 0x00
    dc.b    0xf0, 0x00, 0x23, 0x65, 0x58, 0xb8, 0x33, 0x23, 0x65, 0x58, 0x12, 0x22, 0x12, 0x55, 0x11, 0x23
    dc.b    0x99, 0x99, 0x35, 0x55, 0x55, 0x55, 0x96, 0x55, 0x55, 0x55, 0x66, 0x66, 0x66, 0x66, 0x66, 0x63
    dc.b    0x11, 0x01, 0x33, 0x55, 0x71, 0x01, 0x33, 0x63, 0x32, 0x22, 0x33, 0x63, 0x22, 0x21, 0x33, 0x33
    dc.b    0x22, 0x11, 0x33, 0x23, 0xd0, 0x16, 0x32, 0x21, 0x63, 0x22, 0x32, 0x21, 0x96, 0x32, 0x23, 0x22
    dc.b    0x09, 0x63, 0x22, 0x32, 0x00, 0x96, 0x32, 0x33, 0x00, 0x09, 0x63, 0x23, 0x00, 0x00, 0x99, 0x32
    dc.b    0x7f, 0xb3, 0x62, 0x00, 0x8b, 0x5d, 0xdd, 0xd5, 0x88, 0x55, 0x5d, 0x55, 0x58, 0x55, 0x55, 0x55
    dc.b    0xf0, 0x00, 0x95, 0x55, 0x55, 0x53, 0x35, 0x55, 0x99, 0x99, 0x55, 0x51, 0x55, 0x55, 0x55, 0x96
    dc.b    0x55, 0x55, 0x33, 0x69, 0x21, 0x11, 0x12, 0x23, 0x11, 0x41, 0x11, 0x12, 0x11, 0x44, 0x41, 0x11
    dc.b    0x10, 0x01, 0x11, 0x44, 0xe0, 0x3c, 0x00, 0x01, 0xf4, 0x98, 0x10, 0x02, 0x11, 0x14, 0xe8, 0x3b
    dc.b    0x30, 0x01, 0x32, 0x21, 0x11, 0x11, 0x33, 0x22, 0xd7, 0x6e, 0xc0, 0x01, 0x96, 0x33, 0x22, 0x11
    dc.b    0x99, 0x63, 0x32, 0x21, 0x09, 0x99, 0x93, 0x22, 0x00, 0x96, 0x66, 0x33, 0x00, 0x96, 0x66, 0x66
    dc.b    0x00, 0x09, 0x66, 0x63, 0xfc, 0x12, 0x06, 0x9f, 0xf0, 0x00, 0x88, 0x85, 0x7d, 0x8a, 0x88, 0xd5
    dc.b    0xca, 0xbd, 0xdd, 0x5d, 0xcc, 0xcc, 0x55, 0xdb, 0xaa, 0x8d, 0x5d, 0xac, 0xcc, 0x7d, 0x33, 0xdd
    dc.b    0xdd, 0xd3, 0x11, 0x23, 0x36, 0x69, 0x33, 0x36, 0xf0, 0x00, 0x99, 0x99, 0x99, 0x99, 0x96, 0x63
    dc.b    0x99, 0x96, 0x63, 0x31, 0x36, 0x96, 0x33, 0x22, 0x23, 0x99, 0x63, 0x32, 0x12, 0x36, 0x96, 0x32
    dc.b    0x41, 0x23, 0x99, 0x63, 0x44, 0x12, 0x36, 0x96, 0xa1, 0x01, 0x44, 0x41, 0x23, 0x69, 0x44, 0x44
    dc.b    0x12, 0x39, 0x44, 0x44, 0x11, 0x23, 0x14, 0x44, 0x44, 0x22, 0x11, 0x44, 0x44, 0x12, 0x00, 0x01
    dc.b    0xcc, 0x61, 0x20, 0x01, 0x41, 0x12, 0x11, 0x11, 0xf6, 0x8b, 0x20, 0x01, 0x63, 0x33, 0x33, 0x32
    dc.b    0xf2, 0x7f, 0x21, 0x01, 0x22, 0x22, 0x33, 0x33, 0xf0, 0x00, 0x32, 0x22, 0x63, 0x33, 0x33, 0x22
    dc.b    0x96, 0x63, 0x33, 0x32, 0x69, 0x63, 0x22, 0x21, 0x39, 0x96, 0x63, 0x32, 0x23, 0x99, 0x62, 0x21
    dc.b    0x22, 0x69, 0x66, 0x32, 0x12, 0x39, 0x99, 0x63, 0xf0, 0x00, 0x12, 0x39, 0x99, 0x99, 0x12, 0x31
    dc.b    0x69, 0x66, 0x12, 0x34, 0x19, 0x62, 0x22, 0x24, 0x41, 0x92, 0x22, 0x14, 0x44, 0x19, 0x32, 0x14
    dc.b    0x44, 0x41, 0x22, 0x11, 0x44, 0x42, 0x22, 0x11, 0xf0, 0x00, 0x44, 0x49, 0x22, 0x21, 0x14, 0x29
    dc.b    0x22, 0x22, 0x11, 0x96, 0x22, 0x22, 0x38, 0x83, 0x32, 0x28, 0x88, 0x88, 0xd8, 0x88, 0x88, 0xbb
    dc.b    0x0d, 0x88, 0xba, 0xa7, 0x00, 0xdb, 0xaa, 0x7c, 0xf0, 0x00, 0x00, 0xdb, 0xa7, 0x7c, 0x00, 0xd8
    dc.b    0xaa, 0x7c, 0x00, 0x0d, 0xba, 0x77, 0x00, 0x0d, 0x8a, 0xa7, 0x00, 0x00, 0xd8, 0xaa, 0x00, 0x00
    dc.b    0x8d, 0xbb, 0x00, 0x00, 0x8d, 0x8b, 0x00, 0x00, 0x30, 0x01, 0x8a, 0xdd, 0x00, 0x00, 0x8a, 0x77
    dc.b    0xe5, 0x3b, 0xf0, 0x00, 0x08, 0x8b, 0x00, 0x00, 0x00, 0x08, 0x11, 0x14, 0x44, 0x44, 0x21, 0x44
    dc.b    0x44, 0x44, 0x44, 0x41, 0x11, 0x44, 0x22, 0x36, 0x14, 0x44, 0x69, 0x93, 0x14, 0x44, 0x96, 0x32
    dc.b    0x44, 0x42, 0x61, 0x58, 0x33, 0x21, 0x44, 0x23, 0x22, 0x44, 0x42, 0x33, 0x21, 0x41, 0x23, 0x33
    dc.b    0xf0, 0x00, 0x92, 0x23, 0x32, 0x33, 0x92, 0x33, 0x23, 0x32, 0x63, 0x32, 0x23, 0x21, 0x32, 0x22
    dc.b    0x33, 0x11, 0x22, 0x22, 0x32, 0x11, 0x22, 0x23, 0x21, 0x14, 0xb2, 0x22, 0x11, 0x44, 0xbb, 0x21
    dc.b    0x30, 0x01, 0x14, 0x44, 0x77, 0xb2, 0x14, 0x44, 0xc1, 0x7c, 0xf0, 0x00, 0xb0, 0x00, 0xcc, 0xcc
    dc.b    0xab, 0x00, 0xcc, 0xcc, 0x7a, 0xb0, 0xcc, 0xcc, 0x7a, 0xa8, 0x7c, 0xc7, 0xaa, 0xbc, 0xaa, 0xaa
    dc.b    0xb8, 0xbc, 0xbb, 0xba, 0x87, 0x7d, 0x78, 0x78, 0x7d, 0xd7, 0xb0, 0x01, 0xdd, 0xdd, 0xdc, 0xcc
    dc.b    0x77, 0x77, 0xcc, 0xcc, 0xba, 0x88, 0x8b, 0xb7, 0x88, 0x00, 0x08, 0x88, 0x44, 0x20, 0x00, 0x00
    dc.b    0x44, 0x40, 0xee, 0x8a, 0x01, 0x01, 0xd4, 0x01, 0x21, 0x22, 0x00, 0x00, 0x32, 0x22, 0x00, 0x00
    dc.b    0x32, 0x12, 0x00, 0x00, 0x31, 0x12, 0x00, 0x00, 0x21, 0x12, 0x00, 0x00, 0x14, 0x12, 0x00, 0x00
    dc.b    0x14, 0x13, 0x14, 0x01, 0x44, 0x13, 0x01, 0x1f, 0x10, 0x01, 0x41, 0x00, 0x7e, 0x01, 0x09, 0x00
    dc.b    0x12, 0x01, 0xc8, 0x00, 0xc6, 0x16, 0x80, 0x00, 0x00, 0x00, 0xaa, 0xa0, 0x00, 0x00, 0xcc, 0x77
    dc.b    0x7a, 0xab, 0xcc, 0xcc, 0xcc, 0xcb, 0xcc, 0xcc, 0x77, 0x88, 0x88, 0x88, 0x88, 0x00, 0xf0, 0x00
    dc.b    0x00, 0x01, 0x00, 0x00, 0x00, 0x18, 0x00, 0x00, 0x02, 0x8a, 0x00, 0x00, 0x02, 0xb7, 0x00, 0x00
    dc.b    0x28, 0xa7, 0x00, 0x00, 0x18, 0xa7, 0x00, 0x02, 0x1d, 0x8a, 0x00, 0x01, 0xdd, 0x8b, 0xf0, 0x00
    dc.b    0x00, 0x21, 0x88, 0xa8, 0x00, 0x18, 0x8a, 0x7b, 0x02, 0x18, 0xa7, 0xaa, 0x02, 0x8a, 0x7a, 0xac
    dc.b    0x08, 0xb7, 0x7a, 0x7c, 0x08, 0xba, 0xab, 0x7c, 0x08, 0x8b, 0xb8, 0xbb, 0x08, 0x88, 0xf0, 0x00
    dc.b    0x8b, 0xaa, 0x88, 0x8b, 0xaa, 0x7c, 0x88, 0x88, 0xba, 0xa7, 0x87, 0x7b, 0x8b, 0xaa, 0x05, 0x87
    dc.b    0xab, 0xbb, 0x05, 0x55, 0x7a, 0xb8, 0x00, 0x00, 0x22, 0x22, 0x00, 0x21, 0x11, 0x11, 0xb4, 0x01
    dc.b    0x11, 0xdd, 0xd8, 0x82, 0x88, 0x88, 0xbb, 0xb8, 0xa7, 0x7b, 0xba, 0xaa, 0x77, 0xbb, 0x77, 0x77
    dc.b    0x7b, 0xa7, 0xcc, 0xcc, 0xba, 0x7c, 0xf0, 0x00, 0x8a, 0x77, 0xcc, 0xc7, 0x8b, 0xaa, 0x77, 0xaa
    dc.b    0xab, 0xaa, 0xaa, 0xab, 0xcc, 0xab, 0x88, 0xdd, 0xcc, 0xcc, 0x78, 0xdd, 0xcc, 0xcc, 0x7a, 0xd3
    dc.b    0xcc, 0xc7, 0xb8, 0x63, 0xb8, 0x8d, 0xf0, 0x00, 0xdd, 0x63, 0xcc, 0x7a, 0xb8, 0x66, 0xcc, 0xcc
    dc.b    0xcb, 0x86, 0x7c, 0xcc, 0xcc, 0xbd, 0x77, 0x7c, 0xc5, 0x55, 0xaa, 0xa7, 0x5d, 0xdd, 0xbb, 0xb5
    dc.b    0x88, 0x88, 0x23, 0x00, 0x00, 0x00, 0xd1, 0x01, 0x11, 0x12, 0x36, 0x00, 0x44, 0x41, 0x12, 0x36
    dc.b    0x81, 0x44, 0x41, 0x11, 0xb8, 0x44, 0x44, 0x41, 0xab, 0x84, 0x44, 0x41, 0x7b, 0x84, 0x44, 0x11
    dc.b    0xc7, 0xd4, 0x11, 0x01, 0x41, 0x12, 0xf0, 0x00, 0x7a, 0x81, 0x11, 0x22, 0xb8, 0x11, 0x12, 0x22
    dc.b    0x8d, 0x12, 0x22, 0x21, 0xd2, 0x33, 0x32, 0x14, 0x33, 0x33, 0x21, 0x44, 0x33, 0x21, 0x14, 0x44
    dc.b    0x32, 0x11, 0x44, 0x41, 0x33, 0x22, 0xe1, 0xc7, 0x11, 0x11, 0x63, 0x32, 0x22, 0x22, 0x66, 0x33
    dc.b    0x33, 0x33, 0xd6, 0x66, 0x33, 0x33, 0x55, 0x55, 0xba, 0xa9, 0x55, 0x55, 0x55, 0xcc, 0xd5, 0xdd
    dc.b    0x55, 0x77, 0x66, 0x60, 0x70, 0x02, 0x30, 0x00, 0x14, 0x44, 0x11, 0x20, 0x14, 0x44, 0x44, 0x41
    dc.b    0x11, 0x44, 0x44, 0x44, 0xeb, 0xb2, 0x25, 0x9e, 0x32, 0x21, 0x11, 0x44, 0x60, 0x01, 0x12, 0x00
    dc.b    0x00, 0x00, 0x41, 0x12, 0x00, 0x00, 0x44, 0x41, 0x12, 0x00, 0xf9, 0x8e, 0x10, 0x00, 0x44, 0x12
    dc.b    0x00, 0x00, 0x00, 0x00
spr_ken_501_animation0_frame0_tileset_data_size = .-spr_ken_501_animation0_frame0_tileset_data

    .align  2
spr_ken_501_animation0_frame1_tileset_data:
    dc.b    0x17, 0x00, 0x00, 0x00, 0x12, 0x01, 0x00, 0x08, 0x30, 0x01, 0x00, 0x8b, 0x00, 0x00, 0x00, 0x8a
    dc.b    0xe5, 0x9c, 0x12, 0x01, 0x08, 0x8b, 0x91, 0x01, 0x8b, 0x88, 0x00, 0x08, 0x8a, 0xb8, 0x00, 0x08
    dc.b    0xb7, 0xb8, 0x00, 0x08, 0xb7, 0x8b, 0x00, 0x8a, 0x77, 0x8b, 0x31, 0x01, 0x00, 0x87, 0x7a, 0x88
    dc.b    0x00, 0x8a, 0xf0, 0x00, 0xab, 0x8d, 0x00, 0x8b, 0xbb, 0xdb, 0x00, 0xbb, 0xbb, 0xa7, 0x00, 0xba
    dc.b    0x77, 0xcc, 0x00, 0xbc, 0xcc, 0xc7, 0x00, 0x88, 0x8b, 0xab, 0x00, 0x08, 0xbb, 0xaa, 0x55, 0x5d
    dc.b    0x77, 0x77, 0xf0, 0x00, 0x05, 0x55, 0xd8, 0xbb, 0x00, 0x05, 0x55, 0x55, 0x00, 0x00, 0x55, 0x55
    dc.b    0x05, 0x55, 0x55, 0x55, 0x55, 0x55, 0x50, 0x00, 0x00, 0x22, 0x22, 0x22, 0x0d, 0xdd, 0xdd, 0xdd
    dc.b    0x0d, 0x8b, 0x80, 0x01, 0xbb, 0x88, 0x8b, 0x7b, 0xba, 0x7a, 0xb7, 0xbb, 0x7c, 0xcc, 0x77, 0xbc
    dc.b    0xcc, 0xcc, 0x7a, 0xac, 0xfa, 0x80, 0x01, 0x01, 0xf0, 0x00, 0xab, 0x77, 0xcc, 0xc7, 0xbb, 0xa7
    dc.b    0x77, 0x7a, 0xbb, 0xbb, 0xaa, 0xa8, 0x88, 0xbb, 0xaa, 0xbd, 0xba, 0x77, 0x77, 0xb8, 0xa7, 0x7c
    dc.b    0xcc, 0xb8, 0xaa, 0x7c, 0xcc, 0x8d, 0xbb, 0xaa, 0xf0, 0x00, 0xaa, 0x8d, 0x8d, 0xdd, 0xdd, 0xd9
    dc.b    0xda, 0x77, 0xab, 0xbd, 0xb7, 0xcc, 0xcc, 0xc7, 0x7c, 0xcc, 0xc7, 0x7a, 0xcc, 0xcc, 0x7a, 0xbb
    dc.b    0xcc, 0x7a, 0xbb, 0x88, 0xaa, 0xb8, 0x88, 0xbb, 0xa1, 0x3c, 0xb8, 0x88, 0xba, 0x77, 0xa7, 0x77
    dc.b    0x77, 0xb8, 0x77, 0x7a, 0xab, 0x81, 0xbb, 0x88, 0x88, 0x62, 0x55, 0x55, 0x55, 0x59, 0x01, 0x00
    dc.b    0xf0, 0x00, 0x00, 0x00, 0x99, 0x66, 0x22, 0x30, 0x00, 0x00, 0x21, 0x11, 0x11, 0x12, 0xd4, 0x44
    dc.b    0x41, 0x11, 0x8d, 0x44, 0x44, 0x44, 0x7d, 0x44, 0x44, 0x44, 0xcd, 0x24, 0x44, 0x44, 0xc8, 0xd4
    dc.b    0xf0, 0x00, 0x44, 0x44, 0xcb, 0xd4, 0x44, 0x44, 0x7b, 0xd4, 0x44, 0x44, 0xa8, 0xd4, 0x44, 0x44
    dc.b    0xb8, 0xd4, 0x11, 0x11, 0x8d, 0xd1, 0x11, 0x12, 0xdd, 0x22, 0x22, 0x28, 0xd2, 0x22, 0x22, 0xdd
    dc.b    0x71, 0x26, 0xd3, 0x22, 0x3d, 0x7a, 0x63, 0x33, 0x6d, 0x75, 0x66, 0x66, 0x9d, 0x55, 0x99, 0x55
    dc.b    0xf0, 0x00, 0xdd, 0xd5, 0x55, 0xdd, 0xdd, 0x88, 0x55, 0xd8, 0x88, 0x8d, 0x85, 0x58, 0xdd, 0x55
    dc.b    0x8b, 0x55, 0x55, 0x55, 0x77, 0xb5, 0x55, 0x32, 0xb8, 0x83, 0x22, 0x21, 0x82, 0x22, 0x11, 0x11
    dc.b    0x10, 0x01, 0x11, 0x44, 0xce, 0x25, 0x41, 0x18, 0x66, 0x22, 0x21, 0x14, 0x55, 0x59, 0x96, 0x32
    dc.b    0x11, 0x41, 0x66, 0x99, 0xf0, 0x00, 0x0e, 0xee, 0x33, 0x36, 0x92, 0x22, 0x12, 0x39, 0x11, 0xee
    dc.b    0x41, 0x29, 0x11, 0x9e, 0x44, 0x19, 0x11, 0x58, 0x44, 0x19, 0x21, 0xee, 0x44, 0x49, 0x21, 0xbe
    dc.b    0x44, 0x49, 0x31, 0x1a, 0xf0, 0x00, 0x44, 0x16, 0x91, 0x1a, 0x44, 0x23, 0x94, 0x48, 0x12, 0x23
    dc.b    0x94, 0x4b, 0x23, 0x36, 0x94, 0x4b, 0xba, 0xaa, 0x91, 0x4b, 0xa7, 0x7c, 0x82, 0x4b, 0x55, 0x5c
    dc.b    0xb8, 0x47, 0x5d, 0x55, 0xf0, 0x00, 0xa7, 0x8c, 0xdd, 0x85, 0x57, 0xac, 0xd8, 0x8d, 0x57, 0xbc
    dc.b    0x58, 0xd5, 0xdd, 0x1c, 0x55, 0x5d, 0x94, 0x4c, 0xd5, 0xd3, 0x94, 0x4b, 0x5d, 0x33, 0x91, 0x48
    dc.b    0x33, 0x22, 0x92, 0x42, 0x63, 0x01, 0x21, 0x11, 0x93, 0x41, 0x11, 0x41, 0x39, 0x44, 0x44, 0x44
    dc.b    0x29, 0x44, 0x62, 0x81, 0x44, 0x41, 0x29, 0x11, 0x21, 0x12, 0x39, 0x12, 0x96, 0x33, 0x69, 0x35
    dc.b    0x0a, 0x00, 0xc1, 0x00, 0x00, 0x0e, 0xee, 0xee, 0xee, 0xee, 0xee, 0xff, 0x6e, 0xef, 0xff, 0xff
    dc.b    0xee, 0xee, 0xef, 0xff, 0xeb, 0xef, 0xff, 0xff, 0xbe, 0xee, 0xee, 0xef, 0xf0, 0x00, 0xef, 0xfe
    dc.b    0xbe, 0xfc, 0xee, 0xeb, 0xee, 0xff, 0xb8, 0xbe, 0xff, 0xee, 0xba, 0xee, 0xee, 0xba, 0xaa, 0xaa
    dc.b    0xdb, 0x7a, 0x77, 0xab, 0xdb, 0x77, 0xb7, 0x7b, 0x8d, 0x77, 0xab, 0x7b, 0xf0, 0x00, 0xb7, 0xda
    dc.b    0x7a, 0xbb, 0xbd, 0xdd, 0xc7, 0xa8, 0x8b, 0xb8, 0xcc, 0x7a, 0x8a, 0xaa, 0xcc, 0x7b, 0x87, 0x77
    dc.b    0xcc, 0x78, 0xb7, 0xcc, 0xc7, 0xb8, 0xac, 0xcc, 0xc7, 0x8b, 0xcc, 0xc7, 0x8b, 0x3f, 0x78, 0xba
    dc.b    0x77, 0xab, 0x8b, 0x8b, 0xbb, 0x88, 0x87, 0x78, 0x88, 0x88, 0x87, 0x77, 0xab, 0x8d, 0xf0, 0x00
    dc.b    0xee, 0xee, 0x00, 0x00, 0xff, 0xff, 0xee, 0x00, 0xff, 0xff, 0xff, 0xfe, 0xff, 0xee, 0xff, 0xff
    dc.b    0xcf, 0xfe, 0xec, 0xff, 0xcf, 0xee, 0xfc, 0xef, 0xce, 0xef, 0xfe, 0xef, 0xe8, 0x5e, 0xf0, 0x00
    dc.b    0xee, 0x8f, 0xe8, 0xd5, 0x5d, 0xee, 0xa7, 0xc5, 0x55, 0x58, 0x77, 0xab, 0x8a, 0xe2, 0x77, 0xab
    dc.b    0x87, 0x44, 0xcc, 0x7b, 0xdd, 0x44, 0xa5, 0x55, 0x24, 0x44, 0xc5, 0x55, 0x24, 0x44, 0xf0, 0x00
    dc.b    0x77, 0x7d, 0x14, 0x41, 0xdd, 0xdd, 0x14, 0x42, 0xb8, 0xd6, 0x14, 0x48, 0xb8, 0xd6, 0x11, 0x28
    dc.b    0xbd, 0x16, 0x12, 0x28, 0xbd, 0x46, 0x12, 0x88, 0x8d, 0x46, 0x2d, 0x88, 0x8d, 0x46, 0x6b, 0x3e
    dc.b    0x20, 0xd8, 0xd3, 0x46, 0x00, 0x0d, 0xd2, 0x40, 0x00, 0x00, 0xd1, 0x40, 0x04, 0x00, 0xf0, 0x00
    dc.b    0xe0, 0x00, 0x00, 0x00, 0xee, 0x00, 0x00, 0x00, 0xff, 0xe0, 0x00, 0x00, 0xce, 0xfe, 0x00, 0x00
    dc.b    0xce, 0xff, 0xe0, 0x00, 0xee, 0xff, 0xe0, 0x00, 0x8e, 0xfe, 0xe0, 0x00, 0xef, 0xee, 0xf0, 0x00
    dc.b    0x00, 0x00, 0x2d, 0xee, 0x00, 0x00, 0x1e, 0x80, 0x00, 0x00, 0x18, 0xbb, 0xb0, 0x00, 0x1b, 0xba
    dc.b    0xab, 0x00, 0x1b, 0xa7, 0x77, 0x70, 0x2b, 0x7c, 0xcc, 0xc7, 0x8a, 0xcc, 0xcc, 0xcc, 0xf0, 0x00
    dc.b    0xb7, 0xcc, 0xcc, 0xcc, 0xb7, 0x7c, 0xcc, 0xcc, 0xba, 0x77, 0x7c, 0xcc, 0x8b, 0xa7, 0x77, 0x77
    dc.b    0x88, 0x8a, 0xa7, 0x77, 0xbb, 0xb8, 0xba, 0xaa, 0x8b, 0xbb, 0xbb, 0xb8, 0xdd, 0x8b, 0x20, 0x01
    dc.b    0xbb, 0xbb, 0x00, 0xdd, 0xd8, 0xb1, 0x00, 0x26, 0x00, 0x00, 0x32, 0x01, 0xb0, 0x00, 0x00, 0x00
    dc.b    0x7b, 0x00, 0x30, 0x01, 0x7a, 0xb0, 0x00, 0x00, 0x77, 0xb0, 0xd5, 0xd7, 0x70, 0x01, 0x7a, 0xaa
    dc.b    0xbb, 0xbb, 0xaa, 0xa7, 0x7c, 0xcc, 0x8a, 0x77, 0xcc, 0xcc, 0x88, 0x77, 0xd9, 0x74, 0x74, 0x00
    dc.b    0xaa, 0x77, 0x77, 0x7b, 0x77, 0x77, 0xaa, 0xb8, 0xbb, 0xb8, 0x88, 0x86, 0x55, 0x55, 0x00, 0x01
    dc.b    0xc6, 0x47, 0xf0, 0x00, 0x21, 0x11, 0x00, 0x32, 0x29, 0x11, 0x02, 0x29, 0x99, 0x21, 0x22, 0x99
    dc.b    0x96, 0x92, 0x99, 0x99, 0x66, 0x69, 0x99, 0x99, 0x66, 0x63, 0x00, 0x99, 0x66, 0x33, 0x00, 0x09
    dc.b    0x63, 0x22, 0x42, 0x01, 0x00, 0x09, 0x32, 0x21, 0x00, 0x09, 0x32, 0x11, 0x53, 0x01, 0x21, 0x11
    dc.b    0x00, 0x96, 0x21, 0x14, 0x00, 0x93, 0x21, 0x41, 0x21, 0x01, 0x00, 0x62, 0x21, 0x44, 0x61, 0x19
    dc.b    0x00, 0x63, 0x22, 0x11, 0x00, 0x63, 0x22, 0x22, 0x00, 0x93, 0x21, 0x11, 0x80, 0x02, 0x00, 0x00
    dc.b    0x93, 0x32, 0x00, 0x00, 0x09, 0x93, 0x00, 0x00, 0x00, 0x09, 0x88, 0x22, 0x21, 0x11, 0xd4, 0x40
    dc.b    0x20, 0x01, 0x96, 0x62, 0x22, 0x11, 0xc1, 0x64, 0x91, 0x00, 0x55, 0x55, 0x66, 0x69, 0x95, 0x55
    dc.b    0x11, 0x22, 0x36, 0x69, 0x11, 0x11, 0x12, 0x36, 0x11, 0x11, 0x22, 0x22, 0x92, 0x00, 0x99, 0x99
    dc.b    0x96, 0x33, 0x33, 0x33, 0x39, 0x99, 0x22, 0x11, 0x11, 0x22, 0x14, 0x44, 0x44, 0x41, 0x44, 0x44
    dc.b    0xa0, 0x01, 0x11, 0x44, 0x44, 0x41, 0x26, 0x63, 0x36, 0x69, 0x44, 0x11, 0x29, 0x96, 0x26, 0x99
    dc.b    0x96, 0x32, 0x26, 0x63, 0x21, 0x11, 0xdd, 0x92, 0x02, 0x00, 0x12, 0x20, 0x11, 0x11, 0x20, 0x01
    dc.b    0x12, 0x23, 0x33, 0x33, 0xee, 0x48, 0x83, 0x01, 0x22, 0x22, 0x33, 0x33, 0x33, 0x33, 0x99, 0x99
    dc.b    0x99, 0x99, 0x14, 0x44, 0x42, 0x94, 0x44, 0x44, 0x51, 0x41, 0x12, 0x91, 0x22, 0x11, 0x23, 0x91
    dc.b    0x59, 0x63, 0x36, 0x93, 0x61, 0x18, 0x95, 0x55, 0x55, 0x55, 0x66, 0x22, 0x11, 0x11, 0x23, 0x66
    dc.b    0x66, 0x66, 0xe1, 0x8d, 0x22, 0x22, 0x23, 0x33, 0x96, 0x33, 0x22, 0x22, 0x39, 0x99, 0x91, 0x11
    dc.b    0x22, 0x36, 0x69, 0x99, 0x12, 0x36, 0x66, 0x33, 0x12, 0x36, 0x66, 0x99, 0x22, 0x36, 0x99, 0x96
    dc.b    0x21, 0x3b, 0x63, 0x33, 0x22, 0x11, 0x14, 0x3d, 0x14, 0x44, 0x23, 0x3f, 0x44, 0x44, 0x44, 0x41
    dc.b    0x01, 0x39, 0x11, 0x02, 0x22, 0x23, 0xf0, 0x00, 0x33, 0x22, 0x33, 0x33, 0x22, 0x11, 0x99, 0x66
    dc.b    0x63, 0x33, 0x48, 0x77, 0xbb, 0xdd, 0x4d, 0xdd, 0xdd, 0xdd, 0x4d, 0x0d, 0x11, 0x12, 0x1d, 0xd1
    dc.b    0x19, 0x99, 0x2d, 0xd5, 0x55, 0xd1, 0xa1, 0x3e, 0x55, 0x55, 0x52, 0x44, 0x55, 0x59, 0x14, 0x43
    dc.b    0x96, 0x31, 0x13, 0x32, 0x11, 0x13, 0x32, 0x11, 0x63, 0x32, 0x22, 0x11, 0x81, 0x24, 0x33, 0x33
    dc.b    0x32, 0x29, 0x22, 0x22, 0x23, 0x96, 0x11, 0x11, 0x99, 0x66, 0x99, 0x99, 0x96, 0x66, 0xa1, 0x39
    dc.b    0x96, 0x63, 0x32, 0x22, 0x69, 0x99, 0x66, 0x33, 0x99, 0x99, 0x99, 0x96, 0x11, 0x11, 0x11, 0x28
    dc.b    0x44, 0x44, 0x44, 0x42, 0x02, 0x3d, 0x11, 0x3d, 0x41, 0x11, 0x02, 0x78, 0xf0, 0x00, 0x23, 0x32
    dc.b    0x33, 0x33, 0x32, 0x22, 0x32, 0x22, 0x11, 0x12, 0x21, 0x11, 0x11, 0x20, 0x11, 0x11, 0x12, 0x00
    dc.b    0x22, 0x22, 0x00, 0x00, 0xab, 0x8d, 0x46, 0x20, 0x88, 0xd3, 0x46, 0x00, 0xb0, 0x01, 0x88, 0xd2
    dc.b    0x40, 0x00, 0x8d, 0xd1, 0x40, 0x00, 0xdd, 0x11, 0x10, 0x00, 0xd1, 0x11, 0x30, 0x00, 0x22, 0x99
    dc.b    0x00, 0x00, 0x99, 0x90, 0xfc, 0xb9, 0xf0, 0x00, 0x41, 0x33, 0x32, 0x22, 0x33, 0x31, 0x44, 0x44
    dc.b    0x21, 0x44, 0x42, 0x39, 0x14, 0x41, 0x99, 0x93, 0x11, 0x99, 0x32, 0x11, 0x29, 0x33, 0x11, 0x44
    dc.b    0x96, 0x32, 0x11, 0x11, 0x66, 0x32, 0x61, 0x33, 0x22, 0x11, 0x66, 0x63, 0x32, 0x22, 0x66, 0x66
    dc.b    0x33, 0x32, 0x32, 0x22, 0xf0, 0x00, 0x21, 0x11, 0x33, 0x32, 0x22, 0x22, 0x66, 0x33, 0x33, 0x32
    dc.b    0x88, 0x88, 0x88, 0x88, 0x2b, 0xbb, 0xaa, 0xaa, 0x1b, 0xba, 0xaa, 0x77, 0x42, 0xba, 0xa7, 0x77
    dc.b    0x12, 0xbb, 0xaa, 0xaa, 0x61, 0x01, 0x12, 0xbb, 0xbb, 0xba, 0x22, 0xdd, 0xdd, 0xdd, 0x20, 0x00
    dc.b    0x00, 0x00, 0x80, 0x01, 0xd8, 0xbb, 0xb8, 0xba, 0x0d, 0x8b, 0xbb, 0xbb, 0x00, 0xdd, 0x8b, 0xbb
    dc.b    0x00, 0x00, 0xdd, 0x88, 0xcc, 0x00, 0x06, 0x00, 0x30, 0x01, 0x22, 0x00, 0x00, 0x00, 0x41, 0x20
    dc.b    0xf8, 0x9b, 0x20, 0x01, 0x33, 0x22, 0x22, 0x30, 0xea, 0x6b, 0x02, 0x71, 0x00, 0x01, 0xd5, 0x66
    dc.b    0x21, 0xb1, 0x11, 0x44, 0x22, 0x21, 0x01, 0xfb, 0xa1, 0x00, 0x11, 0x2b, 0x22, 0x22, 0x2b, 0xba
    dc.b    0x22, 0x23, 0xbb, 0xa7, 0x88, 0x8b, 0xa7, 0x7c, 0xa7, 0x77, 0x7c, 0xcc, 0xcc, 0xcc, 0x73, 0x2d
    dc.b    0xcc, 0x77, 0x77, 0x7c, 0xc7, 0xaa, 0xaa, 0x77, 0x77, 0xa8, 0xdd, 0x8a, 0x7a, 0x80, 0xf0, 0x00
    dc.b    0xaa, 0xaa, 0xa7, 0x7c, 0xb8, 0x8a, 0x77, 0xcc, 0xbb, 0x88, 0x77, 0x7c, 0xbb, 0xba, 0xaa, 0x77
    dc.b    0xdd, 0xbb, 0xba, 0xa7, 0x0d, 0xdd, 0xbb, 0xba, 0x00, 0xd8, 0xdd, 0xbb, 0x00, 0x08, 0x10, 0x01
    dc.b    0x88, 0xdb, 0xee, 0x58, 0x06, 0x00, 0x53, 0x45, 0x30, 0x00, 0x00, 0x00, 0x12, 0x23, 0x00, 0x00
    dc.b    0x41, 0x11, 0xf0, 0x00, 0xaa, 0xa1, 0x14, 0xbb, 0x78, 0x84, 0xbb, 0x7c, 0x77, 0xbb, 0xb7, 0xcc
    dc.b    0x77, 0x77, 0x7c, 0xcc, 0xc7, 0xa8, 0xcc, 0xcc, 0xc7, 0x77, 0xcc, 0xcc, 0xc7, 0xb7, 0xcc, 0xcc
    dc.b    0x7a, 0x88, 0x91, 0x64, 0x77, 0x77, 0x78, 0x22, 0xaa, 0x88, 0x83, 0x33, 0xb8, 0x33, 0x33, 0x22
    dc.b    0x86, 0x66, 0x63, 0x33, 0x99, 0x99, 0x02, 0x00, 0xf0, 0x00, 0xcc, 0x7b, 0x00, 0x00, 0xcc, 0xc7
    dc.b    0x70, 0x00, 0xcc, 0xcc, 0xc7, 0x00, 0xcc, 0xcc, 0xcc, 0x7b, 0x77, 0xcc, 0xcc, 0xc7, 0xa7, 0x77
    dc.b    0xcc, 0xc5, 0xaa, 0xa7, 0x75, 0x58, 0xbb, 0xaa, 0x70, 0x01, 0xa5, 0xdd, 0x8b, 0xbb, 0x55, 0xdd
    dc.b    0x88, 0x88, 0x55, 0x55, 0x00, 0x08, 0x55, 0x55, 0xd9, 0x58, 0x06, 0x00, 0x31, 0x43, 0x23, 0x00
    dc.b    0x00, 0x00, 0x11, 0x22, 0x11, 0x87, 0x41, 0x12, 0x82, 0x8b, 0xb4, 0x44, 0x44, 0x44, 0x84, 0x44
    dc.b    0x44, 0x44, 0xb1, 0x14, 0x44, 0x44, 0xb1, 0x11, 0x14, 0x44, 0x10, 0x01, 0x22, 0x21, 0xdc, 0x73
    dc.b    0x00, 0x01, 0x7e, 0xbf, 0x13, 0x41, 0x66, 0x66, 0x40, 0x01, 0x00, 0x09, 0xb0, 0x00, 0x00, 0x00
    dc.b    0x55, 0x00, 0xe4, 0x7e, 0xf0, 0x00, 0x88, 0xd5, 0x00, 0x00, 0xd8, 0x8d, 0x55, 0x55, 0x5d, 0xd5
    dc.b    0x5b, 0x85, 0x55, 0x55, 0x87, 0x77, 0x55, 0x58, 0x7c, 0x7b, 0x55, 0x58, 0x7c, 0xb8, 0x00, 0xdd
    dc.b    0x7c, 0xad, 0x00, 0x0d, 0x33, 0xcf, 0x7c, 0xca, 0x00, 0x00, 0xdd, 0xb7, 0x40, 0x01, 0x22, 0x30
    dc.b    0x00, 0x00, 0x44, 0x12, 0x22, 0x23, 0xe2, 0xe8, 0x04, 0x00, 0x00, 0x01, 0xef, 0x82, 0x00, 0x03
    dc.b    0xe3, 0x2b, 0x12, 0x39, 0x33, 0x22, 0x30, 0x03, 0x96, 0x63, 0x33, 0x33, 0x99, 0x99, 0xd3, 0xaf
    dc.b    0x0d, 0x00, 0x01, 0x47, 0xd6, 0x15, 0xab, 0x55, 0x00, 0x00, 0xb7, 0x7c, 0xd0, 0x00, 0x88, 0x7c
    dc.b    0x8a, 0x00, 0xda, 0xc7, 0xb7, 0x00, 0xda, 0x7d, 0x78, 0x00, 0xd7, 0xda, 0x80, 0x00, 0xdd, 0xd8
    dc.b    0x45, 0x41, 0x22, 0x22, 0x23, 0x00, 0x44, 0x11, 0x12, 0x22, 0x01, 0x3f, 0x02, 0x41, 0x11, 0x01
    dc.b    0x22, 0x28, 0x80, 0x01, 0x33, 0x22, 0x22, 0x28, 0x33, 0x33, 0x33, 0x39, 0x63, 0x33, 0x33, 0x39
    dc.b    0x99, 0x99, 0x63, 0x39, 0x7e, 0xdc, 0x00, 0x23, 0x00, 0x00, 0xb1, 0x01, 0x22, 0x22, 0x20, 0x00
    dc.b    0x44, 0x18, 0x80, 0x00, 0x41, 0x8b, 0xbb, 0xba, 0x18, 0xbb, 0xba, 0xa7, 0x18, 0xbb, 0xaa, 0x77
    dc.b    0x88, 0xbb, 0x20, 0x01, 0xba, 0xaa, 0x88, 0x8b, 0xf7, 0x30, 0x32, 0x01, 0x99, 0x90, 0x00, 0x00
    dc.b    0x99, 0x00, 0x00, 0x29, 0x00, 0x00, 0x71, 0x01, 0x00, 0x08, 0xaa, 0xaa, 0xaa, 0xa7, 0xcc, 0xcc
    dc.b    0x77, 0xcc, 0x77, 0x77, 0x7c, 0xcc, 0x60, 0x01, 0xaa, 0xaa, 0x7c, 0xcc, 0xbb, 0xba, 0xaa, 0x7c
    dc.b    0x88, 0x88, 0x8b, 0xa7, 0x7b, 0x1d, 0x1b, 0x1e, 0x00, 0x08, 0xf0, 0x00, 0x08, 0x88, 0x00, 0x00
    dc.b    0x08, 0xc7, 0x88, 0x00, 0x08, 0xcc, 0x7b, 0x80, 0x08, 0x8c, 0xc7, 0x80, 0x08, 0xac, 0xc7, 0xb8
    dc.b    0x8b, 0x7c, 0xc7, 0xa8, 0x8a, 0xcc, 0xc7, 0xa8, 0x87, 0xcc, 0xd1, 0x07, 0x77, 0xa8, 0xbc, 0xc7
    dc.b    0x7a, 0xb8, 0xcc, 0xc7, 0xaa, 0x80, 0xcc, 0x7a, 0xa8, 0x00, 0xc7, 0xaa, 0x80, 0x00, 0xc7, 0xab
    dc.b    0x80, 0x00, 0xcc, 0xab, 0x80, 0x00, 0x11, 0x01, 0xcc, 0xc7, 0x30, 0x06, 0xb8, 0x00, 0x8a, 0xab
    dc.b    0x80, 0x00, 0x7e, 0x6a, 0x00, 0x00, 0x00, 0x00
spr_ken_501_animation0_frame1_tileset_data_size = .-spr_ken_501_animation0_frame1_tileset_data

    .align  2
spr_ken_550_animation0_frame0_tileset_data:
    dc.b    0x10, 0x28, 0x00, 0x00, 0x00, 0x00, 0x16, 0x01, 0x00, 0x09, 0x12, 0x01, 0x00, 0x96, 0x12, 0x01
    dc.b    0x09, 0x63, 0x52, 0x0b, 0x99, 0x62, 0x00, 0x99, 0x69, 0x61, 0x00, 0x93, 0x26, 0x61, 0x03, 0x13
    dc.b    0xf0, 0x00, 0x00, 0x06, 0x00, 0x00, 0x00, 0x33, 0x00, 0x00, 0x03, 0x22, 0x00, 0x00, 0x33, 0x33
    dc.b    0x00, 0x03, 0x21, 0x22, 0x00, 0x31, 0x12, 0x99, 0x03, 0x21, 0x19, 0x66, 0x03, 0x11, 0x39, 0x66
    dc.b    0xa1, 0x01, 0x31, 0x11, 0x96, 0x66, 0x31, 0x13, 0x96, 0x66, 0x99, 0x39, 0x66, 0x66, 0x00, 0x99
    dc.b    0x66, 0x63, 0x09, 0x66, 0x36, 0x63, 0x21, 0x01, 0x09, 0x63, 0x36, 0x32, 0x81, 0x01, 0x96, 0x33
    dc.b    0x36, 0x22, 0x96, 0x33, 0x33, 0x22, 0x66, 0x33, 0x33, 0x22, 0x63, 0x33, 0x32, 0x21, 0x11, 0x01
    dc.b    0x32, 0x33, 0x21, 0x01, 0x22, 0x11, 0x22, 0x33, 0x51, 0x01, 0x22, 0x14, 0x22, 0x32, 0x21, 0x14
    dc.b    0x23, 0x32, 0x11, 0x44, 0xf0, 0x00, 0x23, 0x22, 0x14, 0x44, 0x66, 0x33, 0x22, 0x11, 0x66, 0x63
    dc.b    0x32, 0x11, 0x56, 0x66, 0x32, 0x21, 0x55, 0x59, 0x63, 0x22, 0x65, 0x55, 0x59, 0x33, 0x26, 0xd5
    dc.b    0x55, 0x55, 0x21, 0x12, 0xf0, 0x00, 0x65, 0x55, 0x23, 0x21, 0x11, 0x36, 0x22, 0x32, 0x21, 0x11
    dc.b    0x91, 0x13, 0x32, 0x22, 0x94, 0x41, 0x13, 0x33, 0x94, 0x44, 0x11, 0x23, 0x94, 0x44, 0x41, 0x12
    dc.b    0x94, 0x44, 0x44, 0x11, 0xf0, 0x00, 0x93, 0x44, 0x44, 0x41, 0x99, 0x31, 0x14, 0x44, 0x39, 0x99
    dc.b    0x93, 0x24, 0x22, 0x36, 0x99, 0x99, 0x12, 0x22, 0x36, 0x66, 0x11, 0x12, 0x22, 0x36, 0x11, 0x11
    dc.b    0x12, 0x23, 0x11, 0x11, 0x21, 0x01, 0x11, 0x22, 0x11, 0x44, 0x52, 0x01, 0x41, 0x23, 0x14, 0x44
    dc.b    0x41, 0x23, 0x44, 0x44, 0x11, 0x23, 0x50, 0x01, 0x12, 0x29, 0x44, 0x41, 0x12, 0x39, 0x44, 0x11
    dc.b    0x22, 0x90, 0xec, 0x5e, 0x10, 0x01, 0x39, 0x00, 0xca, 0x76, 0xf0, 0x00, 0x22, 0x11, 0x14, 0x44
    dc.b    0x12, 0x22, 0x11, 0x14, 0x44, 0x12, 0x22, 0x11, 0x44, 0x44, 0x93, 0x21, 0x11, 0x14, 0x55, 0x59
    dc.b    0x32, 0x22, 0x55, 0x55, 0x55, 0x59, 0x12, 0x36, 0x55, 0x55, 0x60, 0x01, 0x11, 0x11, 0x16, 0x55
    dc.b    0x22, 0x22, 0x26, 0x55, 0x33, 0x36, 0x6d, 0x55, 0xea, 0x54, 0xf0, 0x00, 0x65, 0x55, 0x22, 0x36
    dc.b    0xd5, 0x5d, 0x12, 0x36, 0x55, 0x56, 0x12, 0x36, 0x55, 0x53, 0x99, 0x9d, 0x55, 0x56, 0x99, 0x95
    dc.b    0x55, 0x59, 0x66, 0x95, 0x55, 0x99, 0x36, 0x95, 0x55, 0x95, 0xa1, 0x01, 0x36, 0x55, 0x59, 0x65
    dc.b    0x36, 0x55, 0x59, 0x55, 0x39, 0x55, 0x56, 0x55, 0x69, 0x96, 0x66, 0x55, 0x99, 0x96, 0x66, 0x33
    dc.b    0x01, 0x99, 0x20, 0x01, 0x00, 0x09, 0x66, 0x63, 0xf5, 0xdc, 0x12, 0xbd, 0x09, 0x66, 0x00, 0x1e
    dc.b    0x00, 0x00, 0x01, 0xd9, 0x01, 0x01, 0x12, 0x01, 0x00, 0x63, 0x34, 0x01, 0x06, 0x33, 0x00, 0x00
    dc.b    0x06, 0x32, 0x14, 0x01, 0x63, 0x32, 0x21, 0x01, 0x66, 0x32, 0x00, 0x09, 0x11, 0x43, 0x66, 0x33
    dc.b    0x02, 0x45, 0x00, 0x12, 0x00, 0x00, 0x01, 0x2d, 0xd7, 0x01, 0x63, 0x32, 0x00, 0x06, 0x32, 0x21
    dc.b    0x00, 0x63, 0x22, 0x11, 0x66, 0x32, 0x21, 0x11, 0x63, 0x32, 0x11, 0x11, 0x33, 0x22, 0x11, 0x11
    dc.b    0x33, 0x21, 0x11, 0x21, 0xf0, 0x00, 0x33, 0x22, 0x11, 0x22, 0x33, 0x32, 0x11, 0x22, 0x23, 0x32
    dc.b    0x21, 0x12, 0x22, 0x33, 0x21, 0x12, 0x21, 0x23, 0x22, 0x11, 0x21, 0x12, 0x32, 0x11, 0x21, 0x11
    dc.b    0x22, 0x21, 0x21, 0x11, 0x5c, 0x37, 0x12, 0x22, 0x22, 0x11, 0x11, 0x22, 0x22, 0x11, 0x41, 0x11
    dc.b    0x12, 0x01, 0x00, 0x0e, 0xf0, 0x00, 0x00, 0xee, 0x00, 0x0d, 0xdd, 0xee, 0x33, 0x21, 0x14, 0x44
    dc.b    0x21, 0x11, 0x42, 0xd8, 0x11, 0x44, 0x2d, 0xb7, 0x11, 0x42, 0xda, 0xcc, 0x44, 0x2d, 0xb7, 0xcc
    dc.b    0x44, 0x3d, 0xba, 0x7c, 0xf0, 0x00, 0x44, 0xdd, 0xbb, 0xa7, 0x44, 0xd8, 0x88, 0xbb, 0x44, 0xd8
    dc.b    0xaa, 0xab, 0x44, 0xd8, 0xa7, 0x77, 0x44, 0x3d, 0xba, 0xaa, 0x44, 0x2d, 0xba, 0xa8, 0x14, 0x13
    dc.b    0xdb, 0x77, 0x11, 0x42, 0x61, 0xf0, 0x3d, 0xa7, 0x21, 0x14, 0x13, 0xda, 0x22, 0x21, 0x41, 0x2d
    dc.b    0x22, 0x22, 0x00, 0x01, 0xe0, 0x16, 0x20, 0x01, 0x11, 0x11, 0x11, 0x22, 0xe1, 0x86, 0x12, 0x35
    dc.b    0x14, 0x44, 0x60, 0x01, 0x0e, 0xee, 0x00, 0x00, 0xee, 0xee, 0x00, 0x0e, 0xee, 0xee, 0x0e, 0xee
    dc.b    0xfb, 0xd7, 0x01, 0x02, 0xf0, 0x00, 0xee, 0xee, 0xfe, 0xee, 0xeb, 0xef, 0xfb, 0xee, 0xe8, 0xee
    dc.b    0xfb, 0xef, 0x41, 0x22, 0xe8, 0xef, 0x8b, 0xb8, 0x8d, 0xef, 0xcc, 0xc7, 0x7b, 0x8e, 0xcc, 0xcc
    dc.b    0x7a, 0xa8, 0xcc, 0xcc, 0x61, 0x01, 0x7a, 0xab, 0xcc, 0xc7, 0xba, 0x77, 0x77, 0x7b, 0xa7, 0x7c
    dc.b    0xbb, 0xbb, 0xf0, 0x00, 0xba, 0x77, 0xaa, 0xaa, 0xba, 0xa7, 0xaa, 0xa7, 0x7a, 0xbb, 0x88, 0xd8
    dc.b    0x77, 0xaa, 0xa8, 0x8d, 0xd7, 0x77, 0x7a, 0xb8, 0xdd, 0xa7, 0xab, 0x8d, 0xdd, 0xdd, 0xdd, 0xdd
    dc.b    0xd6, 0x33, 0xc0, 0x19, 0x44, 0x41, 0x12, 0x22, 0x11, 0x11, 0x22, 0x42, 0x22, 0x22, 0x21, 0x42
    dc.b    0x22, 0x21, 0x14, 0x12, 0x14, 0x44, 0x44, 0x23, 0x44, 0x44, 0x42, 0x23, 0x7e, 0x15, 0x14, 0x01
    dc.b    0x00, 0x93, 0x10, 0x01, 0x00, 0x83, 0xeb, 0xfc, 0xe1, 0x01, 0xb8, 0x88, 0x08, 0x8b, 0xbb, 0x88
    dc.b    0x8b, 0xba, 0xaa, 0xab, 0x8b, 0xaa, 0xa7, 0x7a, 0x8b, 0xaa, 0x7c, 0xc7, 0xdb, 0xaa, 0x7c, 0xcc
    dc.b    0x0d, 0xba, 0x7c, 0xcc, 0x00, 0xda, 0x96, 0x29, 0x77, 0xcc, 0x00, 0xdb, 0x77, 0x77, 0x00, 0xdb
    dc.b    0xa7, 0xab, 0x00, 0x0d, 0xb7, 0x78, 0x00, 0x00, 0xdd, 0xdd, 0xf0, 0x00, 0x00, 0x99, 0x00, 0x00
    dc.b    0x99, 0x69, 0x00, 0x00, 0x93, 0x26, 0x00, 0x09, 0x62, 0x23, 0x00, 0x96, 0x32, 0x23, 0x09, 0x63
    dc.b    0x32, 0x13, 0x09, 0x33, 0x32, 0x12, 0x96, 0x33, 0x22, 0x12, 0x31, 0x01, 0x93, 0x33, 0x22, 0x12
    dc.b    0x33, 0x33, 0x13, 0x01, 0x22, 0x11, 0x11, 0x01, 0x33, 0x32, 0xf0, 0x00, 0x21, 0x14, 0x33, 0x32
    dc.b    0x11, 0x14, 0x83, 0x32, 0x11, 0x44, 0x88, 0x32, 0x14, 0x44, 0x88, 0x88, 0x14, 0x44, 0xab, 0x80
    dc.b    0x00, 0x00, 0x7b, 0x00, 0x00, 0x00, 0xca, 0x00, 0x00, 0x00, 0x10, 0x01, 0xcc, 0x00, 0xde, 0x75
    dc.b    0xa1, 0x3e, 0xcc, 0xca, 0x00, 0x00, 0x77, 0x77, 0x70, 0x00, 0xab, 0xab, 0x88, 0xaa, 0x78, 0x78
    dc.b    0x7d, 0x7b, 0xdd, 0xdd, 0xdd, 0xd0, 0x71, 0x01, 0x63, 0x22, 0x33, 0x22, 0x63, 0x22, 0x32, 0x21
    dc.b    0x62, 0x23, 0x32, 0x11, 0x61, 0x23, 0x33, 0x01, 0x22, 0x14, 0x61, 0x23, 0x21, 0x14, 0xf0, 0x00
    dc.b    0x31, 0x23, 0x22, 0x11, 0x31, 0x23, 0x22, 0x22, 0x31, 0x22, 0x22, 0x22, 0x21, 0x12, 0x22, 0x33
    dc.b    0x21, 0x11, 0x22, 0x22, 0x11, 0x44, 0x11, 0x12, 0x14, 0x41, 0x11, 0x22, 0x44, 0x41, 0xa0, 0x15
    dc.b    0x12, 0x26, 0x44, 0x11, 0x12, 0x69, 0x44, 0x11, 0x26, 0x90, 0x41, 0x12, 0x29, 0x00, 0x41, 0x22
    dc.b    0x90, 0x00, 0x12, 0x29, 0x7f, 0x58, 0x00, 0x01, 0xe5, 0x5b, 0x30, 0x01, 0x41, 0x12, 0x44, 0x44
    dc.b    0x11, 0x22, 0xe7, 0x64, 0x12, 0x01, 0x12, 0x39, 0x60, 0x01, 0x23, 0x90, 0x44, 0x11, 0x36, 0x90
    dc.b    0x11, 0x12, 0x39, 0x00, 0x22, 0x23, 0xce, 0x0b, 0x10, 0x01, 0x66, 0x90, 0xce, 0x48, 0x00, 0x01
    dc.b    0xdb, 0x52, 0x02, 0x01, 0x00, 0x20, 0x00, 0x00, 0xf0, 0x00, 0xee, 0x00, 0x00, 0x00, 0xfe, 0xe0
    dc.b    0x00, 0x00, 0xff, 0xee, 0x00, 0x00, 0xec, 0xfe, 0xe0, 0x00, 0xfc, 0xff, 0xee, 0x00, 0xfe, 0xef
    dc.b    0xee, 0x00, 0xeb, 0xef, 0xee, 0x00, 0x8e, 0xee, 0xf0, 0x00, 0xe0, 0x00, 0xe0, 0x0e, 0xe0, 0x00
    dc.b    0x00, 0xe0, 0x00, 0x05, 0x00, 0x00, 0x00, 0x55, 0x00, 0x00, 0x0d, 0x55, 0x00, 0x0d, 0xda, 0xa8
    dc.b    0x0d, 0xda, 0xa7, 0x77, 0xda, 0xa7, 0xcc, 0x77, 0xf0, 0x00, 0xa7, 0xcc, 0xc7, 0x7a, 0x7c, 0xcc
    dc.b    0x77, 0x7a, 0xcc, 0xc7, 0x77, 0xa7, 0xcc, 0x77, 0xaa, 0x7c, 0x7a, 0xaa, 0xa7, 0xca, 0xaa, 0x7c
    dc.b    0xcc, 0xad, 0x7c, 0xcc, 0xca, 0x8b, 0xcc, 0xca, 0x8d, 0x42, 0xdd, 0xbb, 0xcc, 0x88, 0xaa, 0xad
    dc.b    0xd8, 0xaa, 0xad, 0xd0, 0xbb, 0xb8, 0xd0, 0x00, 0x88, 0x80, 0xf0, 0x00, 0x8a, 0x77, 0x00, 0x0d
    dc.b    0x77, 0x88, 0x00, 0x0d, 0x78, 0x77, 0x0d, 0xa5, 0x55, 0xa7, 0xda, 0x55, 0x8d, 0x5d, 0xda, 0x58
    dc.b    0xdd, 0x5d, 0xd5, 0x58, 0xd5, 0x5a, 0x55, 0x55, 0x55, 0xdc, 0xf0, 0x00, 0xd8, 0x8d, 0x55, 0xb7
    dc.b    0x88, 0xdd, 0x55, 0xad, 0x8d, 0xd5, 0x55, 0x00, 0x55, 0x55, 0x50, 0x00, 0xa8, 0x55, 0x50, 0x00
    dc.b    0xa7, 0xb5, 0x0d, 0xa7, 0xa7, 0xb0, 0xda, 0x7d, 0x7a, 0x85, 0xe0, 0x13, 0xd7, 0x7d, 0xcb, 0x55
    dc.b    0xa7, 0xa8, 0xad, 0x55, 0x8b, 0x8d, 0xd5, 0x55, 0xda, 0xa8, 0x55, 0x55, 0x5a, 0x77, 0x55, 0x55
    dc.b    0x58, 0xaa, 0x85, 0x55, 0x5d, 0xd8, 0xd0, 0x00, 0x7f, 0x7d, 0x10, 0x01, 0x80, 0x00, 0xda, 0x11
    dc.b    0xa9, 0x23, 0x7b, 0x8d, 0x00, 0x00, 0x77, 0xcc, 0x70, 0x00, 0xcb, 0xdd, 0x70, 0x00, 0xcd, 0x00
    dc.b    0xd0, 0x00, 0x7d, 0x00, 0x00, 0x00, 0xf0, 0x03, 0xcd, 0x7c, 0xd0, 0x00, 0xcd, 0xd8, 0x70, 0x00
    dc.b    0x7d, 0x7c, 0xd0, 0x00, 0xdd, 0xdd, 0x70, 0x00, 0xdd, 0x7c, 0xd0, 0x00, 0xbd, 0xd8, 0x70, 0x00
    dc.b    0xbd, 0xda, 0x80, 0x00, 0xaa, 0xb8, 0xec, 0xe0, 0x0d, 0x00, 0xf0, 0x00, 0x66, 0x33, 0x32, 0x22
    dc.b    0x66, 0x33, 0x33, 0x22, 0x66, 0x63, 0x33, 0x32, 0x96, 0x66, 0x63, 0x33, 0x09, 0x66, 0x66, 0x63
    dc.b    0x00, 0x09, 0x63, 0x33, 0x00, 0x09, 0x96, 0x66, 0x00, 0x09, 0x30, 0x01, 0x99, 0x96, 0x00, 0x09
    dc.b    0x96, 0x33, 0xe7, 0x71, 0xa1, 0x01, 0x22, 0x11, 0x00, 0x92, 0x22, 0x33, 0x09, 0x62, 0x33, 0x32
    dc.b    0x09, 0x63, 0x32, 0x11, 0x09, 0x62, 0x11, 0x11, 0x09, 0x21, 0xf0, 0x00, 0x11, 0x22, 0x09, 0x22
    dc.b    0x22, 0x23, 0x09, 0x32, 0x23, 0x33, 0x09, 0x33, 0x33, 0x32, 0x09, 0x22, 0x22, 0x21, 0x00, 0x88
    dc.b    0x86, 0x32, 0x00, 0x88, 0x88, 0x88, 0x08, 0x88, 0x88, 0x88, 0xf0, 0x00, 0x08, 0x8b, 0xbb, 0xbb
    dc.b    0x08, 0xbb, 0xaa, 0xaa, 0x0b, 0x77, 0xcc, 0xcc, 0x87, 0xcc, 0xcc, 0xcc, 0x87, 0x7c, 0xc7, 0x7c
    dc.b    0x8a, 0x77, 0x77, 0x77, 0x08, 0xaa, 0xaa, 0xbb, 0x00, 0xdd, 0x30, 0x02, 0xdd, 0xdd, 0x11, 0x14
    dc.b    0x44, 0x44, 0xe4, 0xed, 0xf0, 0x00, 0x22, 0x23, 0x64, 0x41, 0x33, 0x36, 0x34, 0x23, 0x66, 0x66
    dc.b    0x11, 0x33, 0x66, 0x61, 0x13, 0x33, 0x66, 0x11, 0x33, 0x33, 0x21, 0x13, 0x32, 0x32, 0x13, 0x33
    dc.b    0x12, 0x32, 0x33, 0x31, 0xe0, 0x01, 0x23, 0x32, 0x32, 0x11, 0x23, 0x31, 0x11, 0x12, 0x33, 0x21
    dc.b    0x11, 0x23, 0x32, 0x11, 0x12, 0x33, 0x32, 0x11, 0x23, 0x33, 0x21, 0x11, 0x33, 0x32, 0x21, 0x11
    dc.b    0x33, 0x22, 0xe7, 0xf2, 0x00, 0x01, 0xd2, 0x63, 0x02, 0x03, 0x01, 0x7d, 0x01, 0xa7, 0x00, 0x01
    dc.b    0xd9, 0xab, 0xd0, 0x02, 0x00, 0x00, 0x7a, 0xb0, 0x00, 0x00, 0xcc, 0x7a, 0xbb, 0x00, 0xcc, 0xcc
    dc.b    0x77, 0xab, 0x77, 0xcc, 0xcc, 0x77, 0xba, 0x77, 0x77, 0xaa, 0xdd, 0xdd, 0xdd, 0xdd, 0xe6, 0xd7
    dc.b    0x43, 0x01, 0x44, 0x44, 0x20, 0x00, 0x14, 0x44, 0x10, 0x00, 0x94, 0x01, 0x14, 0x41, 0x20, 0x00
    dc.b    0x14, 0x12, 0x30, 0x00, 0x11, 0x12, 0x30, 0x00, 0x11, 0x13, 0x00, 0x00, 0x11, 0x23, 0x10, 0x01
    dc.b    0x11, 0x30, 0xec, 0x16, 0x01, 0x01, 0x10, 0x01, 0x13, 0x30, 0xe1, 0x45, 0x12, 0x01, 0x23, 0x00
    dc.b    0x12, 0x01, 0x30, 0x00, 0x0b, 0x00, 0xf0, 0x00, 0xba, 0xaa, 0x00, 0x00, 0x7c, 0xcc, 0x00, 0x00
    dc.b    0x77, 0x7d, 0x00, 0x00, 0xdd, 0xd0, 0x00, 0x00, 0x11, 0x44, 0x44, 0x12, 0x11, 0x11, 0x12, 0x22
    dc.b    0x22, 0x22, 0x22, 0x23, 0x22, 0x33, 0xf0, 0x00, 0x33, 0x36, 0x12, 0x22, 0x33, 0x69, 0x44, 0x44
    dc.b    0x19, 0x91, 0x14, 0x44, 0x49, 0x30, 0x32, 0x22, 0x69, 0x00, 0x55, 0x5d, 0x00, 0x00, 0x55, 0x32
    dc.b    0x20, 0x00, 0x55, 0x33, 0x60, 0x00, 0xf0, 0x00, 0xd5, 0x56, 0x60, 0x00, 0x65, 0x51, 0x23, 0x00
    dc.b    0x65, 0x54, 0x12, 0x30, 0x35, 0x54, 0x41, 0x23, 0x35, 0x54, 0x41, 0x12, 0x35, 0x51, 0x22, 0x99
    dc.b    0x65, 0x53, 0x99, 0x63, 0x55, 0x59, 0xf0, 0x00, 0x62, 0x21, 0x55, 0xd3, 0x21, 0x44, 0x55, 0x61
    dc.b    0x14, 0x44, 0x55, 0x21, 0x44, 0x44, 0x56, 0x21, 0x44, 0x44, 0x52, 0x21, 0x44, 0x44, 0x32, 0x21
    dc.b    0x14, 0x44, 0x32, 0x22, 0x11, 0x44, 0x20, 0x04, 0x32, 0x22, 0x11, 0x14, 0xd0, 0xb3, 0x01, 0xfb
    dc.b    0x94, 0x61, 0x66, 0x66, 0x33, 0x33, 0x23, 0x91, 0x20, 0x00, 0x39, 0x11, 0x30, 0x00, 0x69, 0x13
    dc.b    0x00, 0x00, 0x91, 0x30, 0x00, 0x10, 0x00, 0x00, 0x01, 0x13, 0x12, 0x03, 0x90, 0x00, 0x01, 0x81
    dc.b    0x01, 0x8b, 0x10, 0x01, 0x41, 0x20, 0xdc, 0x05, 0x02, 0xa9, 0x10, 0x01, 0x13, 0x00, 0xe0, 0x77
    dc.b    0x00, 0x01, 0xe6, 0x21, 0x01, 0x01, 0x00, 0x01, 0xd8, 0x61, 0x51, 0x23, 0x44, 0x44, 0x36, 0x44
    dc.b    0x11, 0x44, 0x63, 0x42, 0x31, 0x44, 0x20, 0x01, 0xee, 0xee, 0xe0, 0x00, 0xe7, 0xa7, 0xf0, 0x00
    dc.b    0xef, 0xee, 0xee, 0xee, 0xff, 0xff, 0xee, 0xff, 0xcf, 0xee, 0xff, 0xcc, 0xfe, 0xee, 0xee, 0xee
    dc.b    0xee, 0xeb, 0xfe, 0xe5, 0xde, 0x8e, 0xfe, 0x8d, 0x55, 0xef, 0xce, 0xbc, 0x55, 0x55, 0xf0, 0x00
    dc.b    0xce, 0xaa, 0xb8, 0xa5, 0xfe, 0xaa, 0xb8, 0x70, 0x8a, 0x77, 0xbd, 0xd0, 0xb8, 0x8d, 0xde, 0xe0
    dc.b    0xcc, 0xc7, 0x88, 0xe0, 0xcc, 0xcc, 0xc7, 0x80, 0xcc, 0xcc, 0xcc, 0x7d, 0xcc, 0xcc, 0xf0, 0x00
    dc.b    0xc7, 0xdb, 0x77, 0xcc, 0x7d, 0xba, 0xba, 0xaa, 0x8d, 0xa7, 0xbb, 0xbb, 0xdb, 0x7c, 0xab, 0xbb
    dc.b    0xbb, 0xcc, 0x77, 0x7a, 0xba, 0x7a, 0xba, 0x77, 0xbb, 0xaa, 0xdd, 0x8b, 0xab, 0xa7, 0x92, 0x77
    dc.b    0x39, 0xdd, 0x88, 0xba, 0x39, 0x1d, 0xdd, 0xdd, 0x92, 0x18, 0x88, 0xbb, 0x91, 0x1d, 0xdd, 0xd8
    dc.b    0x91, 0x20, 0x00, 0x00, 0x00, 0x00
spr_ken_550_animation0_frame0_tileset_data_size = .-spr_ken_550_animation0_frame0_tileset_data

    .align  2
spr_ken_550_animation0_frame1_tileset_data:
    dc.b    0x00, 0x02, 0xde, 0x96, 0x10, 0x39, 0x00, 0x00, 0x00, 0x00, 0x00, 0x01, 0xfe, 0xbf, 0xf0, 0x00
    dc.b    0x33, 0x33, 0x96, 0x66, 0x63, 0x33, 0x09, 0x96, 0x66, 0x66, 0x00, 0x99, 0x99, 0x66, 0x00, 0x09
    dc.b    0x99, 0x96, 0x00, 0x00, 0x96, 0x66, 0x00, 0x09, 0x96, 0x32, 0x00, 0x09, 0x63, 0x22, 0x20, 0x01
    dc.b    0x00, 0x09, 0x32, 0x23, 0xfe, 0xb3, 0xb2, 0x07, 0x33, 0x32, 0x00, 0x09, 0x22, 0x11, 0x00, 0x09
    dc.b    0x21, 0x11, 0x00, 0x09, 0x11, 0x13, 0x00, 0x09, 0x13, 0x32, 0x00, 0x09, 0x33, 0x21, 0x30, 0x01
    dc.b    0x11, 0x23, 0x00, 0x09, 0x32, 0x22, 0xfc, 0x26, 0x10, 0x01, 0x00, 0xdd, 0xdf, 0x0b, 0x10, 0x01
    dc.b    0x00, 0x8b, 0xdc, 0x44, 0x00, 0x01, 0xf0, 0xd7, 0x63, 0x3f, 0x00, 0x00, 0x8a, 0xa7, 0x00, 0x00
    dc.b    0x0d, 0xd8, 0x00, 0x00, 0x00, 0x0d, 0xf0, 0x00, 0x22, 0x22, 0x11, 0x14, 0x22, 0x22, 0x21, 0x11
    dc.b    0x33, 0x33, 0x11, 0x22, 0x33, 0x32, 0x12, 0x32, 0x66, 0x21, 0x23, 0x33, 0x62, 0x22, 0x33, 0x33
    dc.b    0x22, 0x23, 0x33, 0x33, 0x22, 0x33, 0xf0, 0x00, 0x33, 0x33, 0x23, 0x32, 0x33, 0x32, 0x33, 0x12
    dc.b    0x33, 0x32, 0x21, 0x13, 0x33, 0x32, 0x11, 0x33, 0x23, 0x32, 0x13, 0x32, 0x23, 0x22, 0x33, 0x22
    dc.b    0x32, 0x21, 0x22, 0x13, 0x32, 0x21, 0x30, 0x01, 0x11, 0x33, 0x22, 0x11, 0x13, 0x32, 0xdd, 0x7f
    dc.b    0x10, 0x01, 0x32, 0x22, 0xd9, 0x40, 0x01, 0x01, 0xf0, 0x00, 0xdd, 0xdd, 0xd8, 0x00, 0x88, 0x88
    dc.b    0x88, 0x00, 0xbb, 0xbb, 0xb8, 0x00, 0x77, 0x77, 0x7b, 0x80, 0x77, 0xcc, 0xc7, 0xab, 0x77, 0xcc
    dc.b    0xcc, 0xc7, 0x77, 0xcc, 0xcc, 0xcc, 0xb7, 0x77, 0x70, 0x01, 0xc7, 0xab, 0xdb, 0xb7, 0x7c, 0xcc
    dc.b    0xdd, 0x8b, 0xa7, 0x77, 0x00, 0xdd, 0xdd, 0xdd, 0xe5, 0x9f, 0xa2, 0x01, 0x41, 0x00, 0x21, 0x14
    dc.b    0x41, 0x00, 0x22, 0x14, 0x12, 0x00, 0x22, 0x11, 0x13, 0x00, 0x22, 0x21, 0x23, 0x00, 0x22, 0x22
    dc.b    0x11, 0x01, 0x21, 0x12, 0x00, 0x01, 0xfe, 0xbb, 0x02, 0x01, 0x22, 0x01, 0x00, 0x00, 0x11, 0x13
    dc.b    0x12, 0x01, 0x11, 0x23, 0x12, 0x01, 0x11, 0x20, 0x12, 0x01, 0x11, 0x30, 0x09, 0x00, 0xc0, 0x1d
    dc.b    0xa0, 0x00, 0x00, 0x00, 0xc7, 0xa0, 0x00, 0x00, 0x88, 0xb7, 0x77, 0xa0, 0x78, 0xcb, 0xcb, 0xcb
    dc.b    0xa8, 0x78, 0x78, 0x78, 0xdd, 0xdd, 0xdd, 0xd0, 0x7f, 0x22, 0x32, 0x01, 0x00, 0x0b, 0x00, 0x00
    dc.b    0x00, 0x0a, 0x90, 0x01, 0x00, 0xba, 0x00, 0x00, 0x00, 0xaa, 0x00, 0x00, 0x00, 0xab, 0x00, 0x00
    dc.b    0x0b, 0xb8, 0x00, 0x00, 0x0b, 0x88, 0xcb, 0x13, 0x10, 0x01, 0x3d, 0xdd, 0xf6, 0xd6, 0x34, 0x01
    dc.b    0x32, 0x21, 0x00, 0x00, 0x32, 0x11, 0x12, 0x01, 0x32, 0x12, 0x0d, 0x00, 0x01, 0x29, 0xf0, 0x00
    dc.b    0x0a, 0x77, 0x00, 0x00, 0xa7, 0x77, 0x00, 0x0a, 0x77, 0x7a, 0x00, 0xa7, 0x7a, 0xaa, 0x0a, 0x77
    dc.b    0xaa, 0xaa, 0xb7, 0x7a, 0xba, 0xa7, 0xa7, 0xab, 0xaa, 0x77, 0xaa, 0xbb, 0xaa, 0x77, 0xf0, 0x00
    dc.b    0xab, 0xbb, 0xba, 0xa7, 0xbb, 0xbb, 0xbb, 0xaa, 0xb8, 0xbb, 0xbb, 0xb8, 0x88, 0xbb, 0xb8, 0xdd
    dc.b    0x88, 0xbb, 0x8d, 0x69, 0x8b, 0xbd, 0xd6, 0x96, 0x8b, 0xd9, 0x69, 0x66, 0xbd, 0x63, 0xe1, 0x01
    dc.b    0x66, 0x66, 0xd3, 0x26, 0x33, 0x63, 0x22, 0x23, 0x36, 0x22, 0x12, 0x33, 0x32, 0x21, 0x22, 0x33
    dc.b    0x22, 0x14, 0x22, 0x33, 0x21, 0x14, 0x22, 0x32, 0x11, 0x44, 0x22, 0x22, 0x18, 0x39, 0x14, 0x44
    dc.b    0xf0, 0x01, 0x0b, 0xa7, 0x00, 0xba, 0xab, 0xa7, 0xba, 0xaa, 0xaa, 0xba, 0xa7, 0x7a, 0xa7, 0xab
    dc.b    0x77, 0xaa, 0x77, 0x7a, 0xaa, 0xa7, 0x7c, 0x7a, 0xaa, 0x77, 0xcc, 0xaa, 0xa7, 0xcc, 0xc7, 0xab
    dc.b    0xfa, 0x5a, 0xf0, 0x00, 0x7a, 0xbd, 0xcc, 0xc7, 0xab, 0xd5, 0x77, 0x7a, 0xbd, 0x58, 0x7a, 0xb8
    dc.b    0xd5, 0xc5, 0xb8, 0xdd, 0xd8, 0xad, 0xdd, 0x69, 0xd8, 0x7d, 0x96, 0x69, 0x3d, 0xab, 0x66, 0x99
    dc.b    0x2d, 0xb5, 0xf5, 0x01, 0x69, 0x69, 0x22, 0xda, 0x93, 0x69, 0x12, 0xd7, 0x32, 0x69, 0x11, 0xbd
    dc.b    0x22, 0x69, 0x44, 0xab, 0x12, 0x93, 0x44, 0x77, 0x12, 0x92, 0x44, 0xc7, 0x12, 0x91, 0x44, 0xcc
    dc.b    0x12, 0x94, 0x17, 0x3e, 0x44, 0x77, 0xf0, 0x00, 0xcc, 0xcc, 0x77, 0xa0, 0x7c, 0xcc, 0xcc, 0xcc
    dc.b    0x77, 0x77, 0xcc, 0xcc, 0xaa, 0x77, 0x77, 0x7c, 0xbb, 0xba, 0xa7, 0x77, 0x8b, 0xbb, 0xaa, 0xaa
    dc.b    0x88, 0xbb, 0xbb, 0xbb, 0x8d, 0xd8, 0xf0, 0x00, 0x88, 0x88, 0xd5, 0x55, 0x5d, 0xdd, 0x55, 0x55
    dc.b    0x55, 0x55, 0x5e, 0x5e, 0xee, 0xee, 0xbb, 0x55, 0xe5, 0xee, 0xd8, 0x8c, 0x5d, 0xbe, 0xb7, 0xaa
    dc.b    0xaa, 0xad, 0x7c, 0x77, 0xcc, 0x8d, 0xf0, 0x00, 0xd7, 0x77, 0x7a, 0xbd, 0xdd, 0x57, 0xab, 0xd8
    dc.b    0xbb, 0xa7, 0xad, 0x88, 0xcc, 0xc7, 0xd8, 0x8b, 0xdd, 0xdd, 0xd8, 0xbb, 0x88, 0x88, 0x8b, 0xba
    dc.b    0x7b, 0x88, 0xb7, 0x77, 0xab, 0x8b, 0x40, 0x01, 0xba, 0xaa, 0x77, 0x8a, 0x7c, 0xcc, 0xc7, 0xb7
    dc.b    0xfa, 0x06, 0x40, 0x17, 0x7a, 0xba, 0x7c, 0xc7, 0xab, 0x8a, 0xa7, 0x7a, 0x7f, 0x07, 0x10, 0x01
    dc.b    0x00, 0x03, 0xe8, 0x3d, 0x10, 0x01, 0x00, 0x22, 0xce, 0x14, 0x12, 0x01, 0x00, 0x09, 0x12, 0x01
    dc.b    0x00, 0x96, 0x10, 0x01, 0x09, 0x66, 0xce, 0xcc, 0x30, 0x01, 0x96, 0x63, 0x00, 0x00, 0x93, 0x63
    dc.b    0x7e, 0x25, 0xf0, 0x01, 0x32, 0x33, 0x00, 0x93, 0x22, 0x32, 0x00, 0x92, 0x22, 0x32, 0x09, 0x31
    dc.b    0x23, 0x32, 0x96, 0x21, 0x23, 0x32, 0x93, 0x21, 0x23, 0x22, 0x92, 0x11, 0x33, 0x21, 0x00, 0x00
    dc.b    0x63, 0x12, 0x7e, 0x27, 0x10, 0x01, 0x06, 0x32, 0xd5, 0x3e, 0x12, 0x23, 0x00, 0x93, 0xf0, 0x00
    dc.b    0x00, 0x05, 0x00, 0x00, 0x62, 0x25, 0x00, 0x63, 0x32, 0x11, 0x00, 0x32, 0x12, 0x21, 0x03, 0x22
    dc.b    0x12, 0x22, 0x32, 0x99, 0x21, 0x23, 0x22, 0x96, 0x94, 0x12, 0x29, 0x66, 0x94, 0x41, 0x21, 0x01
    dc.b    0x96, 0x66, 0x94, 0x44, 0xd0, 0x01, 0x66, 0x36, 0x91, 0x44, 0x66, 0x33, 0x92, 0x14, 0x63, 0x32
    dc.b    0x99, 0x31, 0x63, 0x32, 0x39, 0x93, 0x33, 0x22, 0x23, 0x99, 0x32, 0x22, 0x22, 0x23, 0x32, 0x22
    dc.b    0xe9, 0x51, 0x11, 0x01, 0x22, 0x21, 0xf0, 0x00, 0x14, 0x41, 0x22, 0x11, 0x44, 0x41, 0x22, 0x14
    dc.b    0x44, 0x41, 0x21, 0x14, 0x44, 0x11, 0x11, 0x44, 0x44, 0x11, 0x14, 0x44, 0x41, 0x12, 0x14, 0x44
    dc.b    0x41, 0x26, 0x22, 0x22, 0x14, 0x44, 0x13, 0x01, 0x22, 0x32, 0xf0, 0x00, 0x21, 0x44, 0x22, 0x23
    dc.b    0x21, 0x14, 0x33, 0x23, 0x32, 0x14, 0x63, 0x33, 0x63, 0x21, 0x56, 0x33, 0x36, 0x32, 0x55, 0x56
    dc.b    0x33, 0x63, 0x15, 0x55, 0x59, 0x66, 0x11, 0x65, 0x55, 0x55, 0xf0, 0x00, 0x21, 0x11, 0x65, 0x55
    dc.b    0x32, 0x11, 0x11, 0x95, 0x23, 0x32, 0x11, 0x11, 0x12, 0x23, 0x32, 0x22, 0x41, 0x22, 0x23, 0x33
    dc.b    0x44, 0x11, 0x22, 0x33, 0x44, 0x41, 0x12, 0x22, 0x14, 0x11, 0xf0, 0x00, 0x12, 0x23, 0x21, 0x11
    dc.b    0x22, 0x23, 0x99, 0x63, 0x22, 0x33, 0x99, 0x99, 0x96, 0x33, 0x12, 0x39, 0x99, 0x99, 0x11, 0x23
    dc.b    0x66, 0x99, 0x11, 0x23, 0x66, 0x69, 0x12, 0x33, 0x66, 0x69, 0xf0, 0x00, 0x12, 0x36, 0x66, 0x69
    dc.b    0x13, 0x66, 0x66, 0x90, 0x23, 0x63, 0x69, 0x00, 0x26, 0x33, 0x69, 0x00, 0x63, 0x36, 0x90, 0x00
    dc.b    0x33, 0x39, 0x00, 0x00, 0x12, 0x91, 0x44, 0xaa, 0x11, 0x92, 0xf0, 0x00, 0x44, 0x8b, 0x41, 0x96
    dc.b    0x14, 0x2a, 0x41, 0x39, 0x14, 0x1b, 0x41, 0x29, 0x31, 0x42, 0x44, 0x11, 0x92, 0x11, 0x44, 0x41
    dc.b    0x29, 0x21, 0x14, 0x44, 0x12, 0x92, 0x31, 0x44, 0x41, 0x29, 0x61, 0xfd, 0x66, 0x11, 0x44, 0x12
    dc.b    0x96, 0x63, 0x11, 0x41, 0x55, 0x59, 0x96, 0x33, 0xd2, 0x01, 0x1d, 0x55, 0x55, 0x55, 0x35, 0x55
    dc.b    0xd5, 0x55, 0xd5, 0x55, 0x9d, 0x55, 0x55, 0x5d, 0x69, 0x55, 0x55, 0x59, 0x26, 0x55, 0x55, 0x56
    dc.b    0x26, 0x55, 0x55, 0x53, 0x12, 0x01, 0x55, 0x52, 0x72, 0x01, 0x55, 0x59, 0x99, 0x55, 0x55, 0x59
    dc.b    0x96, 0x55, 0x55, 0x59, 0x66, 0x55, 0x95, 0x56, 0x20, 0x01, 0x09, 0x56, 0x66, 0x55, 0xd8, 0x8a
    dc.b    0x10, 0x01, 0x66, 0x63, 0xf0, 0xa3, 0x08, 0x00, 0xf0, 0x00, 0x77, 0xa0, 0x00, 0x00, 0xcc, 0xc7
    dc.b    0xa5, 0x55, 0xcc, 0xcc, 0xcb, 0xdd, 0x77, 0x77, 0x77, 0x88, 0xa7, 0x77, 0x7b, 0xdd, 0xaa, 0xaa
    dc.b    0xa5, 0x55, 0x8b, 0xbb, 0x85, 0x55, 0xdd, 0x8d, 0x41, 0x01, 0x55, 0x55, 0x5d, 0xdd, 0xe0, 0x00
    dc.b    0xee, 0xee, 0xe2, 0x01, 0xe3, 0x00, 0xee, 0xee, 0xe3, 0x33, 0xee, 0xee, 0xe6, 0x33, 0xee, 0xee
    dc.b    0x39, 0x32, 0xee, 0xee, 0x19, 0x22, 0xee, 0xe4, 0x46, 0x22, 0xeb, 0xe4, 0x46, 0x21, 0xbb, 0x84
    dc.b    0xf0, 0x00, 0x78, 0x84, 0x46, 0x21, 0xb8, 0x64, 0x16, 0x21, 0x78, 0x34, 0x29, 0x21, 0xc8, 0x24
    dc.b    0x39, 0x21, 0xc8, 0x14, 0x93, 0x21, 0x78, 0x44, 0x93, 0x21, 0xa8, 0x41, 0x93, 0x22, 0xb2, 0x49
    dc.b    0x16, 0x3c, 0x33, 0x22, 0xf0, 0x00, 0x00, 0xb7, 0x00, 0x00, 0x55, 0xba, 0x00, 0x05, 0xd8, 0x5b
    dc.b    0x00, 0x0d, 0x8d, 0xd5, 0x55, 0x58, 0xdd, 0x55, 0x88, 0x5d, 0xd5, 0x55, 0xdd, 0x5d, 0x55, 0x5a
    dc.b    0x55, 0x55, 0x5a, 0x77, 0x45, 0x18, 0x55, 0x58, 0xaa, 0xab, 0x55, 0x5d, 0xdd, 0x88, 0xf0, 0x00
    dc.b    0x30, 0x00, 0x00, 0x00, 0x22, 0x22, 0x20, 0x00, 0x21, 0x14, 0x44, 0x10, 0x11, 0x41, 0xdd, 0xdd
    dc.b    0x14, 0x1d, 0xb7, 0x77, 0x44, 0xda, 0x77, 0x77, 0x42, 0xd7, 0x77, 0xaa, 0x4d, 0xb7, 0xf0, 0x00
    dc.b    0x7a, 0x77, 0x4d, 0xba, 0xaa, 0x77, 0x4d, 0xbb, 0xba, 0xa7, 0x48, 0x88, 0xbb, 0xba, 0x28, 0xb8
    dc.b    0x8b, 0xbb, 0x38, 0xbb, 0xb8, 0xbb, 0x88, 0xbb, 0xa7, 0xab, 0xdd, 0xd8, 0xa7, 0x77, 0x25, 0x25
    dc.b    0xdd, 0xdd, 0x8b, 0xa7, 0xf0, 0x00, 0xc7, 0xa0, 0x00, 0x00, 0x7d, 0x88, 0x00, 0x00, 0xa7, 0xcc
    dc.b    0x70, 0x00, 0xa7, 0xad, 0x88, 0x80, 0x5a, 0x7c, 0xcc, 0x70, 0xa7, 0xdd, 0xdd, 0x70, 0x7a, 0xd0
    dc.b    0xd7, 0x00, 0xa8, 0x00, 0x27, 0x94, 0x00, 0x00, 0x80, 0x00, 0xf0, 0x00, 0x00, 0xba, 0x07, 0x7a
    dc.b    0x8b, 0xa7, 0x08, 0xa8, 0xb7, 0x77, 0x00, 0x88, 0xba, 0xa7, 0x00, 0x08, 0xd5, 0x55, 0x80, 0x00
    dc.b    0x55, 0x5d, 0x78, 0x00, 0x55, 0x5d, 0x77, 0xab, 0x55, 0x55, 0xf0, 0x00, 0xcc, 0xc7, 0x55, 0xd8
    dc.b    0xcc, 0xcb, 0xd7, 0xab, 0x77, 0x7d, 0x87, 0xab, 0xaa, 0x8d, 0xb7, 0xab, 0xbb, 0xd8, 0xa7, 0xab
    dc.b    0x88, 0xdb, 0x77, 0xab, 0xb8, 0xda, 0x77, 0xab, 0xab, 0xd7, 0x30, 0x17, 0x7a, 0xab, 0x7a, 0x87
    dc.b    0x7a, 0xab, 0x7e, 0x41, 0xc0, 0x01, 0x07, 0x70, 0x00, 0x00, 0x0d, 0xca, 0xba, 0x77, 0xab, 0xc7
    dc.b    0x7c, 0xcc, 0xcc, 0x7b, 0xcc, 0xc7, 0x75, 0x50, 0xcc, 0x78, 0x50, 0x00, 0x78, 0x55, 0xd2, 0x2c
    dc.b    0xf0, 0x00, 0xd8, 0x50, 0x00, 0x00, 0xd8, 0xd5, 0x00, 0x00, 0x55, 0x55, 0x00, 0x00, 0xba, 0xca
    dc.b    0xb0, 0x00, 0xa7, 0xcc, 0xa0, 0x00, 0xa7, 0xcc, 0x7a, 0x00, 0xa7, 0x7c, 0xca, 0x00, 0xaa, 0x7c
    dc.b    0x22, 0x01, 0xc7, 0xa0, 0xba, 0x7c, 0x41, 0xc1, 0xbb, 0x7c, 0xc7, 0xb0, 0xbb, 0x7c, 0xca, 0x00
    dc.b    0xb0, 0x02, 0x84, 0x49, 0x22, 0x22, 0x24, 0x93, 0x12, 0x32, 0x11, 0x92, 0x12, 0x33, 0x19, 0x31
    dc.b    0x12, 0x33, 0x39, 0x11, 0x22, 0x36, 0x92, 0x11, 0xe8, 0x6a, 0x00, 0x01, 0xec, 0x06, 0x10, 0x0f
    dc.b    0x36, 0x00, 0x7f, 0xb4, 0x10, 0x01, 0x20, 0x00, 0xc7, 0x9a, 0x10, 0x02, 0x41, 0x20, 0xe2, 0xfb
    dc.b    0x10, 0x01, 0x20, 0x00, 0xce, 0xeb, 0x10, 0x01, 0x41, 0x20, 0xe2, 0x63, 0x30, 0x01, 0x44, 0x41
    dc.b    0x44, 0x44, 0x44, 0x44, 0xd4, 0xf8, 0x31, 0xc1, 0x44, 0x44, 0x11, 0x11, 0x44, 0x44, 0x41, 0x31
    dc.b    0xdd, 0x23, 0x68, 0xba, 0x22, 0x36, 0x00, 0x88, 0x10, 0x2b, 0x60, 0x00, 0x7b, 0xcb, 0x20, 0x02
    dc.b    0x30, 0x00, 0x00, 0x00, 0xe0, 0xee, 0x41, 0xc1, 0x44, 0x20, 0x00, 0x00, 0x44, 0x10, 0x00, 0x00
    dc.b    0xa0, 0x01, 0xaa, 0xa7, 0x7a, 0xbb, 0xbb, 0xa7, 0xaa, 0xba, 0x88, 0xb7, 0xab, 0xba, 0x00, 0x8a
    dc.b    0xbb, 0xa7, 0x00, 0x08, 0xba, 0xa7, 0x7b, 0xe7, 0x00, 0x2f, 0x00, 0x00, 0x01, 0xc1, 0xb0, 0x3a
    dc.b    0x7b, 0xac, 0x7a, 0x00, 0x7a, 0xb7, 0x7a, 0x00, 0xc7, 0xb7, 0xab, 0x00, 0xc7, 0xb7, 0xa0, 0x00
    dc.b    0xc7, 0xba, 0x00, 0x00, 0x77, 0xb0, 0x7b, 0x38, 0x07, 0x00, 0x00, 0x02, 0x7d, 0x11, 0x10, 0x01
    dc.b    0x00, 0x93, 0xc3, 0x93, 0x10, 0x01, 0x96, 0x22, 0xe3, 0x7d, 0x20, 0x02, 0x63, 0x22, 0x00, 0x00
    dc.b    0x7b, 0x49, 0x10, 0x01, 0x88, 0x22, 0xe6, 0x41, 0x01, 0x01, 0x91, 0x01, 0xbb, 0xb8, 0x00, 0x8b
    dc.b    0xaa, 0xaa, 0x08, 0xba, 0x77, 0x77, 0x08, 0xa7, 0x7c, 0xcc, 0x08, 0x77, 0xcc, 0xcc, 0xf0, 0x00
    dc.b    0x8b, 0xa7, 0x7c, 0xcc, 0x8a, 0xaa, 0xaa, 0x77, 0x8c, 0x87, 0x8a, 0xb8, 0x87, 0x8c, 0x8c, 0x8c
    dc.b    0xdd, 0xdd, 0x87, 0x87, 0x00, 0x00, 0xdd, 0xdd, 0x00, 0x00, 0x92, 0x11, 0x00, 0x09, 0x51, 0x01
    dc.b    0x62, 0x12, 0x00, 0x09, 0x32, 0x12, 0x00, 0x96, 0x31, 0x42, 0xf0, 0x00, 0x09, 0x66, 0x31, 0x42
    dc.b    0x09, 0x63, 0x31, 0x42, 0x96, 0x62, 0x31, 0x42, 0x63, 0x32, 0x31, 0x41, 0x33, 0x22, 0x22, 0x44
    dc.b    0x33, 0x22, 0x12, 0x14, 0x32, 0x21, 0x12, 0x22, 0x32, 0x21, 0x20, 0x01, 0x41, 0x21, 0x22, 0x24
    dc.b    0x7d, 0x1b, 0xd0, 0x01, 0x22, 0x44, 0x44, 0x11, 0x21, 0x44, 0x41, 0x11, 0x21, 0x44, 0x41, 0x12
    dc.b    0x21, 0x44, 0x11, 0x22, 0x88, 0x81, 0x12, 0x23, 0x88, 0x80, 0x00, 0x00, 0xab, 0xb0, 0xfb, 0x88
    dc.b    0x01, 0x01, 0x10, 0x01, 0xc7, 0xb0, 0x7e, 0x15, 0x12, 0x07, 0x7a, 0xa0, 0x10, 0x01, 0x8b, 0xaa
    dc.b    0x7a, 0xfc, 0x10, 0x01, 0x87, 0x7b, 0xfb, 0xab, 0x51, 0x29, 0x33, 0x21, 0x14, 0x44, 0x32, 0x21
    dc.b    0x44, 0x44, 0x32, 0x14, 0x21, 0x29, 0x44, 0x11, 0x21, 0x14, 0xf0, 0x00, 0x41, 0x12, 0x14, 0x44
    dc.b    0x11, 0x22, 0x14, 0x41, 0x12, 0x22, 0x44, 0x11, 0x22, 0x12, 0x44, 0x12, 0x21, 0x13, 0x41, 0x11
    dc.b    0x11, 0x36, 0x22, 0x11, 0x12, 0x60, 0x11, 0x11, 0x23, 0x60, 0x70, 0x01, 0x11, 0x12, 0x36, 0x00
    dc.b    0x11, 0x22, 0x60, 0x00, 0x12, 0x23, 0x60, 0x00, 0x22, 0x36, 0xec, 0xf6, 0x10, 0x11, 0x33, 0x60
    dc.b    0x7e, 0x6f, 0x07, 0x00, 0x90, 0x01, 0x41, 0x26, 0x33, 0x39, 0x11, 0x23, 0x33, 0x69, 0x12, 0x33
    dc.b    0x36, 0x90, 0x22, 0x33, 0x69, 0x00, 0x23, 0x36, 0xe6, 0x08, 0x10, 0x01, 0x26, 0x90, 0xe2, 0x23
    dc.b    0x10, 0x2d, 0x30, 0x00, 0x7e, 0x77, 0xf0, 0x00, 0xab, 0x8a, 0xa7, 0x7a, 0xbb, 0x8b, 0xaa, 0xab
    dc.b    0xb8, 0xa8, 0xbb, 0xb8, 0x77, 0x77, 0xaa, 0x82, 0xa7, 0x7a, 0xb8, 0x81, 0xbb, 0xbb, 0x88, 0x11
    dc.b    0x98, 0x88, 0x31, 0x12, 0x96, 0x32, 0xf0, 0x00, 0x12, 0x39, 0x19, 0x63, 0x36, 0x92, 0x21, 0x99
    dc.b    0x99, 0x33, 0x92, 0x19, 0x63, 0x33, 0x19, 0x22, 0x99, 0x66, 0x36, 0x99, 0x55, 0x00, 0x55, 0x55
    dc.b    0x56, 0x30, 0x55, 0x59, 0x62, 0x20, 0xf0, 0x00, 0x33, 0x22, 0x11, 0x30, 0x21, 0x11, 0x33, 0x90
    dc.b    0x33, 0x33, 0x29, 0x63, 0x52, 0x21, 0x49, 0x32, 0x52, 0x14, 0x49, 0x21, 0x51, 0x14, 0x49, 0x21
    dc.b    0x51, 0x44, 0x49, 0x14, 0x54, 0x44, 0xf0, 0x00, 0x19, 0x44, 0x54, 0x42, 0x92, 0x44, 0x59, 0x99
    dc.b    0x34, 0x44, 0x53, 0x21, 0x14, 0x44, 0x52, 0x21, 0x11, 0x44, 0x52, 0x22, 0x11, 0x14, 0x52, 0x22
    dc.b    0x21, 0x11, 0x33, 0x22, 0x22, 0x11, 0x40, 0x00, 0x33, 0x22, 0x22, 0x21, 0x33, 0x32, 0x22, 0x22
    dc.b    0x00, 0x00, 0x00, 0x00
spr_ken_550_animation0_frame1_tileset_data_size = .-spr_ken_550_animation0_frame1_tileset_data

    .align  2
spr_ken_550_animation0_frame2_tileset_data:
    dc.b    0x40, 0x01, 0x00, 0x92, 0xdd, 0xdd, 0x00, 0x09, 0x22, 0xdd, 0xd0, 0xe8, 0x00, 0x01, 0xcb, 0x40
    dc.b    0x06, 0x00, 0x90, 0x03, 0x00, 0x01, 0x00, 0x00, 0x00, 0x13, 0x00, 0x00, 0x01, 0x39, 0x00, 0x00
    dc.b    0x13, 0x92, 0x00, 0x00, 0x99, 0x21, 0xc1, 0xfb, 0x50, 0x01, 0x14, 0x44, 0x62, 0x11, 0x44, 0x44
    dc.b    0x21, 0x44, 0x44, 0x41, 0xf5, 0xfa, 0x00, 0x03, 0xda, 0x55, 0xf0, 0x00, 0x44, 0x41, 0x11, 0x12
    dc.b    0x41, 0x11, 0x12, 0x22, 0x11, 0x11, 0x22, 0x23, 0x11, 0x22, 0x23, 0x33, 0x11, 0x12, 0x36, 0x36
    dc.b    0x21, 0x11, 0x26, 0x66, 0x32, 0x11, 0x12, 0x99, 0x33, 0x22, 0xf0, 0x00, 0x11, 0x69, 0x32, 0x32
    dc.b    0x22, 0x36, 0x32, 0x22, 0x22, 0x23, 0x88, 0xb1, 0x29, 0x22, 0xd8, 0x81, 0x19, 0x32, 0x2d, 0xd1
    dc.b    0x19, 0x33, 0x9d, 0xd1, 0x19, 0x33, 0x09, 0x92, 0x29, 0x99, 0xd1, 0x01, 0x00, 0x05, 0x55, 0x55
    dc.b    0x01, 0x12, 0x35, 0x55, 0x31, 0x11, 0x12, 0x3d, 0x36, 0x33, 0x22, 0x3d, 0x99, 0x44, 0x33, 0x3d
    dc.b    0x29, 0x44, 0x13, 0x35, 0x19, 0x44, 0x12, 0x01, 0x13, 0x65, 0xa2, 0x01, 0x23, 0x65, 0x12, 0x99
    dc.b    0x23, 0x65, 0x11, 0x23, 0x99, 0x95, 0x11, 0x22, 0x36, 0x35, 0x11, 0x22, 0x36, 0x65, 0x12, 0x23
    dc.b    0xf0, 0x00, 0x22, 0x33, 0x36, 0x65, 0x23, 0x33, 0x66, 0x66, 0x33, 0x33, 0x66, 0x66, 0x33, 0x66
    dc.b    0x66, 0x69, 0x36, 0x66, 0x66, 0x90, 0x66, 0x66, 0x99, 0x00, 0x66, 0x69, 0x00, 0x00, 0x99, 0x90
    dc.b    0x24, 0x6e, 0x00, 0x00, 0x90, 0x00, 0xb3, 0x00, 0x11, 0x14, 0x44, 0x44, 0x21, 0x11, 0x44, 0x44
    dc.b    0x22, 0x21, 0x11, 0x11, 0x32, 0x22, 0x22, 0x11, 0x33, 0x33, 0x22, 0x23, 0x55, 0x55, 0xf0, 0x00
    dc.b    0x96, 0x32, 0x55, 0x55, 0x62, 0x21, 0x55, 0x55, 0x91, 0x11, 0x55, 0x55, 0x52, 0x22, 0x55, 0xd5
    dc.b    0x56, 0x33, 0x55, 0x35, 0x5d, 0x32, 0x55, 0x25, 0x55, 0x31, 0x55, 0x25, 0x55, 0xd1, 0x62, 0x01
    dc.b    0x55, 0x33, 0x55, 0x53, 0x55, 0x99, 0x95, 0x59, 0x55, 0x99, 0x95, 0x55, 0x90, 0x01, 0x9d, 0x55
    dc.b    0x55, 0x99, 0x96, 0x55, 0x55, 0x99, 0x96, 0xd5, 0x69, 0x90, 0x96, 0x33, 0x99, 0x00, 0x09, 0x33
    dc.b    0xcb, 0x6d, 0x12, 0x01, 0x00, 0x93, 0x00, 0x01, 0xd9, 0xca, 0x04, 0x01, 0xf0, 0x00, 0x00, 0x00
    dc.b    0x44, 0x44, 0x41, 0x12, 0x44, 0x44, 0x41, 0x65, 0x11, 0x11, 0x26, 0x55, 0x12, 0x26, 0x55, 0x56
    dc.b    0x69, 0x55, 0x55, 0x61, 0x55, 0x55, 0x62, 0x12, 0x55, 0x62, 0x11, 0x23, 0xf0, 0x00, 0x21, 0x11
    dc.b    0x29, 0x33, 0x11, 0x22, 0x96, 0x93, 0x22, 0x23, 0x93, 0x69, 0x23, 0x33, 0x92, 0x39, 0x32, 0x19
    dc.b    0x32, 0x19, 0x21, 0x19, 0x32, 0x11, 0x11, 0x19, 0x22, 0x14, 0x11, 0x19, 0xc2, 0x01, 0x21, 0x14
    dc.b    0x11, 0x99, 0x21, 0x44, 0x99, 0x93, 0x21, 0x44, 0x66, 0x33, 0x21, 0x44, 0x96, 0x33, 0x11, 0x44
    dc.b    0x56, 0x32, 0x14, 0x44, 0x55, 0x32, 0x52, 0x01, 0x33, 0x32, 0x14, 0x44, 0x23, 0x32, 0x14, 0x44
    dc.b    0x22, 0x32, 0x32, 0x01, 0x21, 0x22, 0x14, 0x44, 0x31, 0x12, 0x66, 0xf5, 0x32, 0x11, 0x14, 0x44
    dc.b    0x62, 0x21, 0x14, 0x44, 0x93, 0x21, 0x44, 0x44, 0x00, 0x01, 0xea, 0xce, 0x61, 0x01, 0x00, 0x0e
    dc.b    0xef, 0xfe, 0x00, 0xee, 0xff, 0xee, 0x0e, 0xee, 0xee, 0xee, 0xf0, 0x00, 0xee, 0xee, 0xee, 0xe8
    dc.b    0xee, 0xee, 0x8e, 0xee, 0x0e, 0xee, 0xe8, 0xee, 0x00, 0xee, 0xee, 0xdd, 0x00, 0x0d, 0xd8, 0xb7
    dc.b    0x00, 0xdd, 0x8c, 0xcc, 0x0d, 0x8a, 0xcc, 0x77, 0x08, 0x7c, 0xf0, 0x00, 0xc7, 0x7a, 0x8a, 0x7c
    dc.b    0x7a, 0xab, 0x8a, 0x77, 0xaa, 0xa7, 0xa7, 0xcc, 0x77, 0x77, 0xcc, 0xcc, 0x77, 0x7a, 0x7c, 0xc7
    dc.b    0xab, 0xdd, 0x8b, 0xbb, 0xaa, 0xb8, 0xd8, 0xba, 0xaa, 0xbb, 0x60, 0x01, 0x0d, 0x8b, 0xbb, 0xbb
    dc.b    0x00, 0xd8, 0xbb, 0xb8, 0x00, 0x0d, 0xdd, 0x88, 0xc1, 0xd5, 0x0a, 0x00, 0xe1, 0x40, 0xee, 0xee
    dc.b    0xe0, 0x00, 0xef, 0xff, 0xff, 0xee, 0xff, 0xff, 0xcc, 0xcf, 0xfc, 0xcf, 0xee, 0xfc, 0xef, 0xfc
    dc.b    0xfe, 0xee, 0xee, 0xff, 0xff, 0xeb, 0xee, 0xee, 0xff, 0xfe, 0xf0, 0x00, 0x55, 0xee, 0xe5, 0x55
    dc.b    0xed, 0xdd, 0x55, 0x5d, 0xd8, 0xb7, 0x7a, 0x5d, 0xcc, 0xca, 0xab, 0xb5, 0x77, 0xab, 0xbb, 0xb5
    dc.b    0xaa, 0xbb, 0xaa, 0xab, 0xbb, 0xa7, 0x7a, 0xb8, 0xa7, 0x77, 0xf0, 0x00, 0xab, 0x8d, 0x77, 0xaa
    dc.b    0xb8, 0xd8, 0x7a, 0xa8, 0xdd, 0x88, 0xa8, 0xdd, 0x88, 0x88, 0xdd, 0xd8, 0x88, 0x8b, 0x96, 0xd8
    dc.b    0xbb, 0x8a, 0x93, 0xd8, 0x7b, 0x8a, 0x92, 0xd8, 0x77, 0x8a, 0xe7, 0x43, 0x91, 0xd8, 0x77, 0xba
    dc.b    0x91, 0xdd, 0xa7, 0xba, 0x91, 0xdd, 0xb7, 0x78, 0x91, 0x3d, 0xba, 0x78, 0x93, 0x1d, 0xdb, 0xbb
    dc.b    0x09, 0x1d, 0xdd, 0xb8, 0x09, 0x22, 0xdd, 0xdb, 0xf0, 0x00, 0xe0, 0x00, 0x00, 0x00, 0xfe, 0x00
    dc.b    0x00, 0x00, 0xff, 0xe0, 0x00, 0x05, 0xef, 0xfe, 0x00, 0x58, 0x88, 0xee, 0x55, 0x8d, 0x55, 0x55
    dc.b    0x5d, 0xdd, 0x5d, 0x88, 0x5d, 0x55, 0x88, 0xdd, 0xf0, 0x00, 0x55, 0x55, 0xdd, 0x55, 0x55, 0x5a
    dc.b    0x55, 0x55, 0x55, 0xdd, 0x55, 0x55, 0xd9, 0xd8, 0x55, 0x69, 0x96, 0xd8, 0xd2, 0x39, 0x66, 0x6d
    dc.b    0xd2, 0x29, 0x66, 0x36, 0xd1, 0x29, 0x36, 0x63, 0xf0, 0x00, 0x81, 0x29, 0x33, 0x63, 0xb1, 0x29
    dc.b    0x33, 0x32, 0xa1, 0x19, 0x32, 0x32, 0x71, 0x19, 0x32, 0x23, 0x71, 0x19, 0x61, 0x22, 0x71, 0x13
    dc.b    0x91, 0x12, 0x72, 0x12, 0x91, 0x11, 0x7b, 0x12, 0xb7, 0x3f, 0x92, 0x11, 0xab, 0x12, 0x93, 0x11
    dc.b    0x88, 0x11, 0x96, 0x11, 0x8b, 0x11, 0x69, 0x11, 0xbb, 0x11, 0x29, 0x21, 0xbb, 0x21, 0x29, 0x21
    dc.b    0xf0, 0x00, 0x00, 0xdd, 0xd0, 0x00, 0x0d, 0x77, 0xbd, 0x00, 0x5a, 0xa7, 0x7a, 0xd0, 0xd5, 0xaa
    dc.b    0x77, 0xbd, 0xd5, 0x5a, 0x77, 0x7d, 0x55, 0xa7, 0xdd, 0x7d, 0x5a, 0xa7, 0xdb, 0xda, 0xa7, 0x7d
    dc.b    0xf0, 0x00, 0xba, 0x7c, 0x7a, 0xdb, 0xa7, 0x77, 0xdd, 0xba, 0x77, 0x77, 0xbb, 0xaa, 0xaa, 0xaa
    dc.b    0x8b, 0xbb, 0xbb, 0xba, 0xdb, 0xbb, 0xb8, 0xba, 0xda, 0xa8, 0x88, 0xbb, 0xdd, 0xaa, 0xb8, 0x8b
    dc.b    0xf0, 0x00, 0x3d, 0xdb, 0xab, 0x88, 0x33, 0x3d, 0xdd, 0xd8, 0x22, 0x33, 0xdd, 0xd8, 0x22, 0x22
    dc.b    0x23, 0x6d, 0x32, 0x11, 0x22, 0x33, 0x22, 0x21, 0x12, 0x22, 0x22, 0x22, 0x11, 0x12, 0x12, 0x22
    dc.b    0xb4, 0x3c, 0x21, 0x11, 0x11, 0x12, 0x22, 0x11, 0x44, 0x11, 0x12, 0x21, 0x44, 0x44, 0x11, 0x22
    dc.b    0x14, 0x44, 0x41, 0x11, 0x11, 0x44, 0x44, 0x41, 0x16, 0x01, 0x00, 0x06, 0x36, 0x01, 0x00, 0x63
    dc.b    0x00, 0x00, 0x00, 0x62, 0x0d, 0x00, 0x91, 0x0a, 0x00, 0x08, 0x00, 0x08, 0x88, 0x8a, 0x00, 0xd7
    dc.b    0xcc, 0xcc, 0x00, 0xd7, 0x77, 0xaa, 0x00, 0x0d, 0xdd, 0xdd, 0x51, 0x01, 0x61, 0x32, 0x24, 0x23
    dc.b    0x61, 0x33, 0x24, 0x12, 0x21, 0x23, 0xb2, 0x01, 0x24, 0x42, 0x21, 0x22, 0x21, 0x41, 0x11, 0x22
    dc.b    0x22, 0x41, 0x11, 0x22, 0x22, 0x44, 0x11, 0x12, 0x22, 0x14, 0x11, 0x12, 0x32, 0x24, 0x52, 0x01
    dc.b    0x32, 0x21, 0x02, 0x23, 0x33, 0x21, 0x00, 0x00, 0x88, 0x88, 0x91, 0x00, 0x8b, 0xbb, 0x00, 0x00
    dc.b    0xbb, 0xa7, 0x00, 0x08, 0xb7, 0x7c, 0x08, 0x8a, 0x77, 0xcc, 0x8a, 0x77, 0xcc, 0xcc, 0x52, 0x2f
    dc.b    0xcc, 0x77, 0x77, 0x77, 0xaa, 0xab, 0xbb, 0xbb, 0xdd, 0xdd, 0x92, 0x01, 0x32, 0x22, 0x22, 0x23
    dc.b    0x32, 0x21, 0x12, 0x23, 0x32, 0x21, 0x11, 0x22, 0x33, 0x21, 0x11, 0x12, 0x23, 0x22, 0xf0, 0x00
    dc.b    0x12, 0x32, 0x21, 0x23, 0x12, 0x32, 0x21, 0x30, 0x41, 0x22, 0x22, 0x30, 0x41, 0x12, 0x23, 0x00
    dc.b    0x44, 0x11, 0x23, 0x00, 0x44, 0x41, 0x13, 0x00, 0x62, 0x11, 0x23, 0x00, 0x88, 0x80, 0x20, 0x01
    dc.b    0x00, 0x00, 0xbb, 0x80, 0xf8, 0xe3, 0x10, 0x02, 0xc7, 0xb0, 0xd2, 0x66, 0x20, 0x01, 0x00, 0x00
    dc.b    0xcc, 0xca, 0xea, 0x54, 0x10, 0x01, 0xba, 0xb8, 0xf9, 0x08, 0x01, 0x00, 0x00, 0x10, 0x7e, 0x5f
    dc.b    0x70, 0x01, 0x96, 0x32, 0x14, 0x44, 0x99, 0x63, 0x22, 0x11, 0x09, 0x66, 0x33, 0x32, 0x09, 0x66
    dc.b    0xf0, 0x5a, 0x82, 0x01, 0x00, 0x96, 0x33, 0x66, 0x00, 0x09, 0x63, 0x36, 0x00, 0x09, 0x66, 0x36
    dc.b    0x00, 0x00, 0x96, 0x33, 0x00, 0x02, 0xd8, 0x29, 0x00, 0x02, 0x7d, 0xfd, 0xf0, 0x00, 0x00, 0x00
    dc.b    0x12, 0x21, 0x23, 0x60, 0x12, 0x11, 0x23, 0x60, 0x12, 0x42, 0x26, 0x60, 0x12, 0x42, 0x26, 0x90
    dc.b    0x11, 0x42, 0x66, 0x90, 0x14, 0x12, 0x66, 0x36, 0x14, 0x23, 0x62, 0x23, 0xf0, 0x00, 0x41, 0x26
    dc.b    0x31, 0x22, 0x42, 0x36, 0x21, 0x22, 0x12, 0x63, 0x21, 0x22, 0x23, 0x32, 0x11, 0x24, 0x23, 0x21
    dc.b    0x12, 0x24, 0x33, 0x21, 0x12, 0x44, 0x32, 0x11, 0x12, 0x44, 0x62, 0x21, 0xf0, 0x00, 0x11, 0x44
    dc.b    0x63, 0x21, 0x11, 0x44, 0x63, 0x22, 0x11, 0x44, 0x66, 0x22, 0x11, 0x44, 0x36, 0x32, 0x11, 0x44
    dc.b    0x36, 0x62, 0x21, 0x44, 0x33, 0x63, 0x21, 0x14, 0x33, 0x66, 0x22, 0x11, 0x4d, 0xd8, 0x63, 0x36
    dc.b    0x32, 0x22, 0x06, 0x36, 0x63, 0x08, 0x10, 0x01, 0x30, 0x00, 0xd9, 0xf0, 0x30, 0x01, 0x41, 0x30
    dc.b    0x00, 0x00, 0x41, 0x20, 0xd5, 0x09, 0x62, 0x01, 0x44, 0x12, 0x00, 0x00, 0x44, 0x11, 0x30, 0x00
    dc.b    0x44, 0x11, 0x20, 0x00, 0x01, 0x9d, 0xf0, 0x00, 0x22, 0x00, 0x41, 0x11, 0x22, 0x00, 0x41, 0x12
    dc.b    0x80, 0x00, 0x12, 0x28, 0x88, 0x00, 0x22, 0x88, 0x88, 0x00, 0x88, 0x88, 0x88, 0x80, 0x88, 0xbb
    dc.b    0xaa, 0xbb, 0xa7, 0x77, 0xaa, 0xd8, 0xf0, 0x00, 0xaa, 0xaa, 0xbd, 0xb7, 0xbb, 0xab, 0xd8, 0x7c
    dc.b    0x8b, 0xbb, 0xdb, 0xcc, 0x8b, 0xbb, 0xd7, 0xcc, 0xbb, 0xbb, 0x87, 0xc7, 0x8a, 0xaa, 0xba, 0x77
    dc.b    0xdd, 0xba, 0xaa, 0xaa, 0x33, 0x88, 0x70, 0x01, 0xba, 0xbb, 0x22, 0x23, 0x88, 0xbb, 0x11, 0x22
    dc.b    0x22, 0x88, 0x14, 0x44, 0x11, 0x11, 0x7d, 0x49, 0xf0, 0x00, 0x14, 0x44, 0x22, 0x22, 0x11, 0x11
    dc.b    0x11, 0x11, 0x12, 0x22, 0x7c, 0xc7, 0xb5, 0x55, 0xcc, 0x77, 0xab, 0xa7, 0xc7, 0x7a, 0xab, 0x77
    dc.b    0x77, 0xaa, 0xba, 0x7a, 0x7a, 0xab, 0xb7, 0x7b, 0xd2, 0x57, 0x7a, 0xbb, 0xa7, 0xab, 0xaa, 0xbb
    dc.b    0x7c, 0xb0, 0xab, 0xa7, 0xc7, 0xb0, 0xba, 0x7c, 0x7b, 0x00, 0xac, 0xcc, 0xab, 0x00, 0x7c, 0xc7
    dc.b    0xb0, 0x00, 0xbb, 0xab, 0x01, 0x01, 0x50, 0x01, 0x26, 0x00, 0x00, 0x00, 0x20, 0x00, 0x00, 0x00
    dc.b    0x50, 0x00, 0xe3, 0x3c, 0x01, 0x01, 0x00, 0x18, 0x00, 0x00, 0xf0, 0x00, 0x88, 0x80, 0x00, 0x00
    dc.b    0xaa, 0xb8, 0x00, 0x00, 0xcc, 0x7b, 0x80, 0x00, 0xcc, 0xc7, 0xb8, 0x00, 0x77, 0xab, 0xb8, 0x00
    dc.b    0xa7, 0xcc, 0xcb, 0x88, 0x7c, 0xcc, 0xcc, 0xbb, 0x7c, 0xcc, 0x12, 0x12, 0x7a, 0xad, 0xf0, 0x00
    dc.b    0x00, 0x08, 0x00, 0x00, 0x05, 0x5a, 0x00, 0x00, 0x55, 0x5b, 0x00, 0x05, 0x5d, 0x55, 0x00, 0x55
    dc.b    0x5d, 0xd8, 0xd8, 0x55, 0xdd, 0xd8, 0x87, 0x7b, 0x55, 0x8d, 0x88, 0x80, 0x00, 0xbd, 0xb2, 0x4d
    dc.b    0xba, 0x7a, 0xbd, 0xdb, 0x7c, 0xcc, 0x77, 0xdd, 0x7c, 0xcc, 0xcc, 0x77, 0x55, 0x58, 0x8b, 0xbb
    dc.b    0xd5, 0x55, 0x55, 0x00, 0x55, 0x00, 0x7e, 0x53, 0xaa, 0x00, 0x00, 0x00, 0xd7, 0xa0, 0x00, 0x00
    dc.b    0xa7, 0xa0, 0x00, 0x00, 0x7a, 0x00, 0x30, 0x01, 0x22, 0x00, 0x00, 0x00, 0x14, 0x20, 0xf0, 0x53
    dc.b    0x42, 0x01, 0x14, 0x42, 0x00, 0x00, 0x14, 0x41, 0x20, 0x00, 0xa3, 0x01, 0x22, 0x00, 0x24, 0x41
    dc.b    0x12, 0x00, 0x24, 0x11, 0x99, 0x00, 0x92, 0x19, 0x90, 0x00, 0x19, 0x93, 0x60, 0x00, 0x12, 0x33
    dc.b    0x11, 0x01, 0x36, 0x00, 0x13, 0x01, 0x12, 0x32, 0x23, 0x01, 0x26, 0x00, 0x12, 0x21, 0xf0, 0x00
    dc.b    0x23, 0x60, 0x00, 0x8b, 0xa7, 0x77, 0x00, 0x8a, 0x77, 0xcc, 0x00, 0xb7, 0x7c, 0xcc, 0x00, 0xba
    dc.b    0x77, 0xcc, 0x0b, 0xab, 0x8b, 0xaa, 0xd7, 0xcc, 0xdc, 0xdc, 0xda, 0x77, 0xd7, 0xd7, 0x21, 0x49
    dc.b    0x0d, 0xdd, 0xdd, 0xdd, 0x11, 0x7f, 0xc7, 0xb0, 0xb0, 0x05, 0x00, 0x00, 0xcc, 0x77, 0xb0, 0x00
    dc.b    0xaa, 0xa7, 0x70, 0x00, 0xdc, 0xdc, 0x70, 0x00, 0xd7, 0xd7, 0xa0, 0x00, 0xdd, 0xdd, 0x80, 0x00
    dc.b    0x7d, 0xf1, 0x40, 0x02, 0x00, 0x62, 0x00, 0x00, 0x06, 0x24, 0x00, 0x00, 0xd5, 0xa3, 0xb1, 0x01
    dc.b    0x44, 0x44, 0x00, 0x31, 0x44, 0x44, 0x06, 0x21, 0x14, 0x44, 0x06, 0x21, 0x11, 0x11, 0x06, 0x22
    dc.b    0x11, 0x21, 0x06, 0x32, 0x11, 0x23, 0x40, 0x00, 0x63, 0x32, 0x14, 0x23, 0x62, 0x32, 0x24, 0x23
    dc.b    0x00, 0x00, 0x00, 0x00
spr_ken_550_animation0_frame2_tileset_data_size = .-spr_ken_550_animation0_frame2_tileset_data

    .align  2
spr_ken_550_animation0_frame3_tileset_data:
    dc.b    0x42, 0x01, 0x00, 0x00, 0x00, 0x06, 0x00, 0x00, 0x00, 0x62, 0x54, 0x01, 0x00, 0x32, 0x00, 0x00
    dc.b    0x06, 0x31, 0x00, 0x00, 0x03, 0x21, 0x50, 0x01, 0x06, 0x22, 0x00, 0x00, 0x09, 0x32, 0x00, 0x00
    dc.b    0x00, 0x92, 0xc8, 0x90, 0x01, 0x01, 0x00, 0x01, 0xd6, 0xf0, 0x08, 0x01, 0x00, 0x10, 0x00, 0x00
    dc.b    0x10, 0x01, 0x00, 0x8a, 0xe3, 0x3e, 0x11, 0x06, 0x00, 0xdd, 0x42, 0x01, 0x11, 0x11, 0x22, 0x23
    dc.b    0x11, 0x12, 0x22, 0x33, 0x21, 0x01, 0x23, 0x36, 0x11, 0x22, 0xf0, 0x00, 0x33, 0x66, 0x12, 0x23
    dc.b    0x36, 0x66, 0x12, 0x26, 0x66, 0x69, 0x22, 0x23, 0x66, 0x66, 0x23, 0x22, 0x36, 0x63, 0x22, 0x32
    dc.b    0x23, 0x66, 0x22, 0x32, 0x22, 0x36, 0x22, 0x23, 0x22, 0x23, 0xf0, 0x00, 0x21, 0x22, 0x32, 0x22
    dc.b    0x21, 0x12, 0x33, 0x22, 0x21, 0x11, 0x23, 0x32, 0x32, 0x11, 0x22, 0x32, 0x32, 0x11, 0x12, 0x33
    dc.b    0x62, 0x11, 0x12, 0x23, 0x92, 0x21, 0x11, 0x22, 0x92, 0x21, 0x30, 0x01, 0x11, 0x12, 0x93, 0x22
    dc.b    0x11, 0x11, 0xcf, 0x8b, 0x03, 0x01, 0x10, 0x01, 0x00, 0x8b, 0xd4, 0x94, 0xc3, 0x01, 0x8b, 0xa7
    dc.b    0xaa, 0xbb, 0x77, 0xcc, 0x7c, 0xcc, 0xcc, 0xcc, 0xba, 0x77, 0x77, 0xab, 0xdd, 0xdd, 0xdd, 0xdd
    dc.b    0x36, 0x69, 0x63, 0x21, 0x66, 0x69, 0xf0, 0x00, 0x93, 0x21, 0x66, 0x69, 0x96, 0x21, 0x66, 0x99
    dc.b    0x96, 0x21, 0x69, 0x99, 0x99, 0x21, 0x96, 0x66, 0x99, 0x32, 0x33, 0x33, 0x69, 0x32, 0x22, 0x11
    dc.b    0x26, 0x93, 0x32, 0x21, 0x12, 0x99, 0x90, 0x01, 0x63, 0x32, 0x11, 0x29, 0x36, 0x33, 0x21, 0x12
    dc.b    0x33, 0x63, 0x32, 0x22, 0x23, 0x36, 0x33, 0x32, 0x22, 0x33, 0xf8, 0x3e, 0x61, 0x04, 0x22, 0x22
    dc.b    0x23, 0x33, 0x32, 0x22, 0x22, 0x26, 0x33, 0x32, 0x22, 0x23, 0x41, 0x01, 0x23, 0x33, 0x33, 0x33
    dc.b    0x88, 0x88, 0x88, 0x00, 0xe1, 0x7f, 0x8b, 0xbb, 0xbb, 0x00, 0xba, 0x77, 0x7a, 0xb0, 0x77, 0xcc
    dc.b    0xc7, 0xa0, 0x7c, 0xcc, 0xcc, 0x7b, 0xcc, 0xcc, 0xcc, 0x7b, 0xc7, 0x7a, 0xaa, 0xbd, 0xdd, 0xdd
    dc.b    0xdd, 0xd0, 0x00, 0x01, 0xd6, 0x7e, 0x10, 0x01, 0x41, 0x12, 0xdd, 0x59, 0x01, 0x00, 0xa0, 0x01
    dc.b    0x41, 0x14, 0x44, 0x44, 0x11, 0x11, 0x14, 0x11, 0x12, 0x22, 0x11, 0x12, 0x22, 0x22, 0x22, 0x22
    dc.b    0x22, 0x11, 0x33, 0x32, 0xeb, 0x36, 0x80, 0x01, 0x93, 0x33, 0x33, 0x32, 0x99, 0x33, 0x33, 0x33
    dc.b    0x00, 0x96, 0x32, 0x23, 0x00, 0x09, 0x63, 0x22, 0xce, 0x84, 0x14, 0xc7, 0x09, 0x63, 0x00, 0x17
    dc.b    0x00, 0x00, 0xf0, 0x00, 0x14, 0x44, 0x41, 0x22, 0x11, 0x11, 0x14, 0x44, 0x44, 0x12, 0x21, 0x14
    dc.b    0x44, 0x41, 0x22, 0x22, 0x11, 0x44, 0x41, 0x23, 0x22, 0x11, 0x44, 0x12, 0x22, 0x22, 0x11, 0x41
    dc.b    0x11, 0x22, 0x51, 0xd3, 0x22, 0x21, 0x11, 0x12, 0x33, 0x22, 0x11, 0x12, 0x23, 0x33, 0x10, 0x01
    dc.b    0x12, 0x22, 0xd5, 0x1b, 0x01, 0x7b, 0xf0, 0x00, 0x33, 0x33, 0x33, 0x66, 0x36, 0x66, 0x66, 0x69
    dc.b    0x33, 0x33, 0x33, 0x36, 0x23, 0x99, 0x99, 0x55, 0x99, 0x33, 0x35, 0x55, 0x93, 0x66, 0x55, 0x55
    dc.b    0x33, 0x99, 0x69, 0x55, 0x00, 0x09, 0xf0, 0x00, 0x36, 0x55, 0x00, 0x96, 0x33, 0x65, 0x00, 0x96
    dc.b    0x21, 0x23, 0x09, 0x63, 0x11, 0x11, 0x09, 0x63, 0x22, 0x11, 0x09, 0x99, 0x99, 0x99, 0x06, 0x63
    dc.b    0x36, 0x69, 0x06, 0x31, 0x12, 0x33, 0x61, 0x41, 0x06, 0x21, 0x11, 0x23, 0x03, 0x11, 0x12, 0x22
    dc.b    0x62, 0x11, 0x12, 0x22, 0xf0, 0x00, 0x12, 0x30, 0x00, 0x00, 0x44, 0x22, 0x30, 0x00, 0x11, 0x44
    dc.b    0x23, 0x00, 0x32, 0x11, 0x42, 0x30, 0x33, 0x32, 0x11, 0x20, 0x22, 0x33, 0x21, 0x95, 0x12, 0x23
    dc.b    0x33, 0x55, 0x22, 0x23, 0xf0, 0x00, 0x39, 0x55, 0x22, 0x22, 0x35, 0x55, 0x32, 0x22, 0x95, 0x56
    dc.b    0x33, 0x23, 0x55, 0x52, 0x33, 0x39, 0x55, 0xd1, 0x33, 0x95, 0x55, 0x21, 0x66, 0x55, 0x53, 0x21
    dc.b    0x95, 0x55, 0x63, 0x21, 0xf0, 0x00, 0x55, 0x59, 0x62, 0x21, 0x55, 0x96, 0x32, 0x22, 0x59, 0x63
    dc.b    0x33, 0x22, 0x59, 0x33, 0x33, 0x33, 0x55, 0x59, 0x63, 0x36, 0x55, 0x55, 0x55, 0x99, 0x55, 0x99
    dc.b    0x55, 0x55, 0x55, 0x53, 0xe2, 0x01, 0x33, 0x55, 0x35, 0x55, 0x59, 0x33, 0x12, 0x95, 0x55, 0x55
    dc.b    0x63, 0x23, 0x95, 0x55, 0x99, 0x99, 0x96, 0x65, 0x66, 0x99, 0x96, 0x32, 0x36, 0x69, 0x96, 0x32
    dc.b    0x33, 0x66, 0x0b, 0x8b, 0xf0, 0x00, 0x56, 0x66, 0x33, 0x21, 0x53, 0x21, 0x11, 0x44, 0x61, 0x44
    dc.b    0x44, 0x44, 0x33, 0x32, 0x22, 0x22, 0x22, 0x21, 0x14, 0x44, 0x44, 0x44, 0x44, 0x41, 0x11, 0x11
    dc.b    0x11, 0x22, 0x11, 0x99, 0xf0, 0x00, 0x99, 0x99, 0x19, 0x96, 0x66, 0x33, 0x19, 0x33, 0x22, 0x22
    dc.b    0x29, 0x21, 0x14, 0x44, 0x29, 0x33, 0x22, 0x21, 0x39, 0x63, 0x32, 0x11, 0x69, 0x22, 0x21, 0x14
    dc.b    0x69, 0x22, 0x11, 0x44, 0xb2, 0x01, 0x96, 0x11, 0x14, 0x44, 0x55, 0x96, 0x44, 0x44, 0x55, 0x55
    dc.b    0x55, 0x55, 0x99, 0x55, 0x55, 0x55, 0x31, 0x11, 0x44, 0x44, 0x55, 0x54, 0x10, 0x01, 0x21, 0x14
    dc.b    0xee, 0x51, 0x4b, 0x3f, 0x11, 0x44, 0x44, 0x41, 0x14, 0x44, 0x44, 0x41, 0x10, 0x01, 0x11, 0x11
    dc.b    0xda, 0xa5, 0xf0, 0x00, 0x44, 0x43, 0x00, 0x00, 0x11, 0x13, 0x00, 0x00, 0x41, 0x29, 0x00, 0x00
    dc.b    0x13, 0x99, 0x00, 0x00, 0x39, 0x96, 0x60, 0x00, 0x93, 0x22, 0x60, 0x00, 0x22, 0x22, 0x36, 0x00
    dc.b    0x11, 0x12, 0x41, 0x03, 0x26, 0x00, 0x44, 0x41, 0x26, 0x00, 0x14, 0x41, 0x33, 0x01, 0x23, 0x00
    dc.b    0x44, 0x41, 0x23, 0x60, 0x12, 0x01, 0x44, 0x11, 0x14, 0x01, 0x41, 0x12, 0x01, 0x17, 0x23, 0x01
    dc.b    0x11, 0x22, 0x36, 0x00, 0xf0, 0x00, 0x12, 0x22, 0x60, 0x00, 0x22, 0x36, 0x00, 0x00, 0x23, 0x39
    dc.b    0x90, 0x00, 0x33, 0x66, 0x69, 0x00, 0x12, 0x22, 0x36, 0x00, 0x44, 0x44, 0x12, 0x30, 0x11, 0x14
    dc.b    0x44, 0x12, 0x22, 0x21, 0x30, 0x01, 0x14, 0x41, 0x22, 0x22, 0x21, 0x14, 0xc9, 0xa1, 0x10, 0x01
    dc.b    0x22, 0x22, 0xc5, 0x3b, 0x81, 0x01, 0x11, 0x44, 0x33, 0x22, 0x22, 0x11, 0x33, 0x33, 0x33, 0x22
    dc.b    0x22, 0x33, 0x33, 0x33, 0x22, 0x22, 0x00, 0x01, 0xd5, 0xb0, 0x80, 0x18, 0x93, 0x22, 0x22, 0x22
    dc.b    0x09, 0x62, 0x22, 0x22, 0x00, 0x93, 0x22, 0x29, 0x00, 0x09, 0x33, 0x99, 0x7e, 0xbb, 0x03, 0x00
    dc.b    0x50, 0x01, 0x30, 0x00, 0x00, 0x00, 0x23, 0x00, 0x00, 0x00, 0x41, 0x20, 0xee, 0x42, 0x31, 0x6f
    dc.b    0x22, 0x21, 0x30, 0x00, 0x11, 0x22, 0x11, 0x99, 0x12, 0x20, 0xf0, 0x00, 0x11, 0x11, 0x44, 0x44
    dc.b    0x32, 0x22, 0x22, 0x88, 0x33, 0x33, 0x38, 0x88, 0x33, 0x33, 0x88, 0x8b, 0x23, 0x88, 0x88, 0xaa
    dc.b    0x29, 0x88, 0x8b, 0x77, 0x99, 0x88, 0x8b, 0x77, 0x90, 0x00, 0x10, 0x01, 0x88, 0xa7, 0xd5, 0xcc
    dc.b    0x10, 0x01, 0x00, 0x87, 0x7d, 0xcb, 0x03, 0x01, 0x12, 0x01, 0x00, 0x8b, 0x50, 0x01, 0x08, 0x8b
    dc.b    0x00, 0x0a, 0x77, 0x77, 0x00, 0x0d, 0xa7, 0xaa, 0xfa, 0x02, 0x00, 0x19, 0x00, 0x00, 0x10, 0x01
    dc.b    0x80, 0x00, 0xe2, 0x23, 0x60, 0x01, 0xab, 0xb0, 0x00, 0x00, 0x77, 0x7a, 0xab, 0x00, 0x7c, 0xcc
    dc.b    0xcc, 0xa0, 0xf1, 0xef, 0x77, 0x01, 0x77, 0x7b, 0x77, 0xc7, 0x7a, 0xab, 0x7c, 0xc7, 0xaa, 0xb0
    dc.b    0x7c, 0xc7, 0xab, 0x00, 0x12, 0x01, 0xcc, 0xc7, 0x31, 0x22, 0x7c, 0x7a, 0xb8, 0x00, 0xdd, 0xdd
    dc.b    0x01, 0x00, 0xa1, 0x01, 0x0e, 0xee, 0x00, 0x00, 0xee, 0xe8, 0x00, 0x0e, 0xee, 0xda, 0x00, 0x0e
    dc.b    0xee, 0x87, 0x00, 0xee, 0xee, 0xbc, 0x00, 0xef, 0x32, 0x01, 0xee, 0xed, 0x00, 0xef, 0xfe, 0xee
    dc.b    0x90, 0x10, 0xff, 0xee, 0x00, 0xee, 0xef, 0xfe, 0x00, 0x0e, 0x0e, 0xee, 0x00, 0x0e, 0xe0, 0x00
    dc.b    0x00, 0x00, 0x0e, 0xe0, 0x7f, 0xad, 0xf0, 0x00, 0x88, 0xa7, 0xcc, 0xc7, 0x8a, 0x7c, 0xcc, 0x7a
    dc.b    0xa7, 0xcc, 0xc7, 0xab, 0x7c, 0xcc, 0x7a, 0xa7, 0xcc, 0xc7, 0xaa, 0x77, 0xcc, 0x7a, 0x77, 0xaa
    dc.b    0x7b, 0x8a, 0xab, 0xbb, 0x88, 0xa7, 0xf0, 0x00, 0x77, 0xbd, 0xdb, 0xaa, 0x77, 0x77, 0x5d, 0xdd
    dc.b    0xd8, 0xba, 0xd8, 0xbb, 0x8d, 0xdd, 0xd8, 0xbb, 0xaa, 0xb8, 0xdb, 0xba, 0x77, 0xaa, 0xdb, 0xa7
    dc.b    0x77, 0x7a, 0xda, 0x77, 0xcc, 0x7a, 0x60, 0x01, 0xd7, 0x77, 0xcc, 0x7a, 0x0d, 0x87, 0x77, 0xaa
    dc.b    0x00, 0xdd, 0x8b, 0xbd, 0xf5, 0x88, 0x08, 0x00, 0xf0, 0x00, 0xab, 0xb8, 0x55, 0x5d, 0xbb, 0xab
    dc.b    0x5d, 0xbb, 0xba, 0xab, 0xda, 0x77, 0x7a, 0xbd, 0xac, 0xcc, 0xab, 0xbd, 0x7c, 0xcc, 0xbb, 0xdb
    dc.b    0x77, 0x77, 0x8d, 0x8b, 0xba, 0xaa, 0xd8, 0xbb, 0xf0, 0x00, 0xaa, 0xbb, 0x77, 0x77, 0x77, 0xab
    dc.b    0xaa, 0x77, 0xaa, 0x8d, 0x8b, 0xbb, 0x88, 0xd8, 0xdd, 0xdd, 0xdd, 0x88, 0xb8, 0xdd, 0xdd, 0xd8
    dc.b    0xb8, 0xd6, 0x66, 0xdd, 0xb8, 0xd9, 0x66, 0x63, 0xc0, 0x01, 0xb8, 0xd6, 0x96, 0x66, 0x8d, 0xd6
    dc.b    0x69, 0x63, 0xd0, 0x06, 0x63, 0x93, 0x00, 0x00, 0x63, 0x39, 0x00, 0x00, 0x06, 0x33, 0x00, 0x00
    dc.b    0x00, 0x63, 0x7c, 0xb7, 0x02, 0x00, 0xf0, 0x00, 0xdd, 0xdd, 0x21, 0x11, 0xac, 0xcc, 0xd1, 0x44
    dc.b    0xba, 0x7c, 0x7d, 0x14, 0xab, 0xac, 0xc7, 0xd1, 0x7b, 0xba, 0xca, 0xd1, 0x7b, 0xba, 0xab, 0xbd
    dc.b    0xaa, 0xbb, 0xbb, 0xa8, 0x8d, 0x77, 0xd0, 0x01, 0x77, 0x7b, 0x8d, 0x7b, 0xbb, 0x7b, 0xd8, 0x88
    dc.b    0x8b, 0xb8, 0x8b, 0xbb, 0x88, 0x8d, 0xbb, 0xbb, 0xb8, 0xdd, 0x8b, 0xbb, 0x8d, 0xd2, 0xdd, 0xdd
    dc.b    0xd2, 0x11, 0xd4, 0x90, 0xf0, 0x00, 0x22, 0x22, 0x36, 0x63, 0x33, 0x32, 0x33, 0x36, 0x66, 0x33
    dc.b    0x32, 0x22, 0x33, 0x33, 0x93, 0x22, 0x22, 0x22, 0x39, 0x32, 0x21, 0x11, 0x22, 0x99, 0x32, 0x21
    dc.b    0x32, 0x23, 0x99, 0x33, 0x20, 0x11, 0x00, 0x32, 0x22, 0x99, 0x7f, 0x0a, 0x72, 0xa5, 0x00, 0x05
    dc.b    0x00, 0x00, 0x88, 0x55, 0x08, 0x88, 0xbb, 0xbb, 0x8b, 0x77, 0x77, 0xab, 0x3a, 0x17, 0x7a, 0xbb
    dc.b    0xcc, 0xc7, 0xab, 0xba, 0x10, 0x01, 0x00, 0x08, 0xd3, 0xad, 0xf0, 0x00, 0x8b, 0x77, 0x00, 0x55
    dc.b    0x55, 0x55, 0x55, 0xd8, 0x5d, 0xd8, 0x58, 0x88, 0xd5, 0xdd, 0x5d, 0xdd, 0x55, 0x55, 0x85, 0x55
    dc.b    0x55, 0x5b, 0xb8, 0x55, 0x5d, 0xdd, 0xab, 0x5d, 0xbb, 0xac, 0x28, 0x1d, 0xab, 0xda, 0x77, 0xba
    dc.b    0xf0, 0x00, 0x00, 0x0d, 0x8b, 0xbb, 0x8d, 0xd7, 0xcc, 0xcc, 0xcc, 0xc7, 0x77, 0x77, 0xcd, 0xdd
    dc.b    0x55, 0x55, 0xcc, 0xc7, 0x88, 0x85, 0xcd, 0xdd, 0xdd, 0xd5, 0xc7, 0x7b, 0x55, 0x55, 0xbd, 0xdd
    dc.b    0x87, 0x1e, 0xbb, 0xbb, 0x22, 0x20, 0xdd, 0x21, 0x11, 0x11, 0xcc, 0xd1, 0x44, 0x44, 0x7c, 0x7d
    dc.b    0x14, 0x44, 0x12, 0x01, 0x70, 0x00, 0x14, 0x03, 0xd0, 0x00, 0x12, 0x03, 0xb0, 0x00, 0x03, 0x00
    dc.b    0xf0, 0x00, 0x22, 0x00, 0x00, 0x00, 0x44, 0x12, 0x20, 0x00, 0x44, 0x44, 0x41, 0x22, 0x7d, 0x14
    dc.b    0x44, 0x11, 0xad, 0x11, 0x14, 0x44, 0xbb, 0xd1, 0x11, 0x44, 0xba, 0x81, 0x11, 0x11, 0x77, 0xb1
    dc.b    0x91, 0x37, 0x11, 0x21, 0xb7, 0xb1, 0x11, 0x12, 0xbb, 0x81, 0x11, 0x11, 0x88, 0xd1, 0x11, 0x11
    dc.b    0x8d, 0xd1, 0x11, 0x11, 0x20, 0x01, 0x21, 0x11, 0x11, 0x11, 0x7d, 0xfc, 0x12, 0xad, 0x22, 0x22
    dc.b    0x11, 0x00, 0x33, 0x33, 0xa1, 0x0b, 0x22, 0x22, 0x22, 0x33, 0x11, 0x11, 0x11, 0x11, 0x22, 0x11
    dc.b    0x11, 0x23, 0x93, 0x32, 0x22, 0x39, 0x29, 0x99, 0x99, 0x96, 0x03, 0x35, 0x00, 0x00, 0x00, 0x00
spr_ken_550_animation0_frame3_tileset_data_size = .-spr_ken_550_animation0_frame3_tileset_data

    .align  2
spr_ken_550_animation0_frame4_tileset_data:
    dc.b    0x1f, 0x00, 0x00, 0x00, 0x16, 0x01, 0x00, 0x0e, 0x00, 0x26, 0x00, 0x00, 0x11, 0x01, 0x32, 0x22
    dc.b    0xf0, 0x00, 0x00, 0x0e, 0x32, 0x22, 0x00, 0xee, 0x32, 0x23, 0x0e, 0xfe, 0x32, 0x3d, 0xef, 0xee
    dc.b    0x62, 0xda, 0xef, 0xee, 0xe2, 0xd7, 0xff, 0xfe, 0xe3, 0xda, 0xff, 0xfe, 0xee, 0xd8, 0xff, 0xfe
    dc.b    0xb0, 0x20, 0xee, 0xed, 0xfe, 0xff, 0xee, 0xee, 0xee, 0xff, 0xee, 0xee, 0xee, 0xef, 0xfe, 0xee
    dc.b    0xe0, 0xee, 0xff, 0xee, 0x00, 0x00, 0xee, 0xee, 0x7f, 0xb9, 0x80, 0x01, 0x22, 0x23, 0x6d, 0xdd
    dc.b    0x23, 0x6d, 0xd8, 0xbb, 0x3d, 0xdb, 0xba, 0x77, 0xda, 0x77, 0x7a, 0xba, 0xfe, 0xda, 0xf0, 0x00
    dc.b    0x77, 0x7a, 0x77, 0x77, 0xa7, 0x77, 0x77, 0x77, 0xaa, 0x77, 0xaa, 0xaa, 0xaa, 0xa7, 0x8a, 0x77
    dc.b    0x7a, 0xaa, 0xe8, 0x77, 0x77, 0xaa, 0xe8, 0xa7, 0x77, 0x7a, 0xee, 0xba, 0x77, 0x77, 0xa0, 0x01
    dc.b    0x0e, 0x8a, 0xa7, 0x77, 0x00, 0x0d, 0x8a, 0xa7, 0xee, 0x00, 0xd8, 0x8a, 0x00, 0x00, 0x0d, 0xb8
    dc.b    0x00, 0x00, 0x0d, 0xbb, 0xd1, 0x7b, 0x03, 0x01, 0x10, 0x01, 0x00, 0xd8, 0xf3, 0x55, 0x34, 0x01
    dc.b    0x00, 0x85, 0x00, 0x00, 0x00, 0xb7, 0x35, 0x3f, 0x00, 0x87, 0x00, 0x00, 0x00, 0x0d, 0xf0, 0x00
    dc.b    0xdd, 0xdd, 0x61, 0x44, 0xaa, 0xb8, 0xdd, 0x41, 0x77, 0xab, 0x8d, 0xd1, 0x77, 0xaa, 0x88, 0xd1
    dc.b    0xaa, 0xbb, 0x88, 0xd2, 0xbb, 0x88, 0x88, 0xd2, 0x7a, 0xb8, 0x88, 0xd3, 0xc7, 0x7b, 0xf0, 0x00
    dc.b    0x8d, 0x33, 0x7c, 0xc7, 0xb6, 0x66, 0x77, 0xcc, 0x7b, 0x66, 0xa7, 0xcc, 0xca, 0x86, 0xaa, 0x7c
    dc.b    0xc7, 0xbd, 0xbb, 0xa7, 0x77, 0xbd, 0xab, 0xba, 0xab, 0xb8, 0x7a, 0xbb, 0xbb, 0x88, 0xf0, 0x00
    dc.b    0xaa, 0xbb, 0xb8, 0xbb, 0xbb, 0xbb, 0xba, 0x7a, 0xaa, 0xab, 0xb7, 0x7a, 0xaa, 0xab, 0xa7, 0x7b
    dc.b    0xaa, 0xab, 0xa7, 0x78, 0xaa, 0xbb, 0x77, 0xa8, 0xba, 0xbb, 0x7a, 0x80, 0x8a, 0xbb, 0xf0, 0x00
    dc.b    0xb8, 0x50, 0x55, 0x55, 0x55, 0x50, 0x55, 0x55, 0x5d, 0xdd, 0x7a, 0x88, 0xb7, 0xcc, 0x7c, 0xad
    dc.b    0xba, 0xac, 0x7c, 0xbd, 0xdd, 0xdd, 0x77, 0x8d, 0xcd, 0xdc, 0xd7, 0x77, 0x7d, 0x8c, 0x48, 0x88
    dc.b    0x0d, 0xd8, 0xda, 0x7d, 0x00, 0x00, 0x00, 0xdd, 0x30, 0x01, 0x33, 0x33, 0x33, 0x22, 0x11, 0x11
    dc.b    0xeb, 0xfa, 0xf0, 0x00, 0x12, 0x22, 0x12, 0x33, 0x33, 0x39, 0x33, 0x21, 0x12, 0x35, 0x44, 0x44
    dc.b    0x12, 0x55, 0x44, 0x11, 0x25, 0x59, 0x11, 0x22, 0xd5, 0x56, 0x12, 0x23, 0x55, 0x96, 0x23, 0x66
    dc.b    0x55, 0x96, 0xf0, 0x00, 0x33, 0x36, 0x55, 0x96, 0x22, 0x13, 0x55, 0x96, 0x11, 0x13, 0x55, 0x99
    dc.b    0x41, 0x23, 0x55, 0x59, 0x41, 0x22, 0x95, 0x59, 0x11, 0x23, 0x95, 0x93, 0x12, 0x26, 0x99, 0x32
    dc.b    0x12, 0x39, 0xf0, 0x00, 0x93, 0x21, 0x22, 0x69, 0x32, 0x21, 0x23, 0x93, 0x22, 0x22, 0x36, 0x92
    dc.b    0x22, 0x23, 0x39, 0x62, 0x22, 0x33, 0x69, 0x32, 0x23, 0x66, 0x96, 0x22, 0x36, 0x99, 0x93, 0x22
    dc.b    0x36, 0x66, 0x47, 0x3e, 0x93, 0x32, 0x22, 0x22, 0x96, 0x66, 0x33, 0x33, 0xf0, 0x00, 0x30, 0x00
    dc.b    0x00, 0x00, 0x11, 0x12, 0x00, 0x32, 0x12, 0x95, 0x52, 0x11, 0x35, 0x59, 0x21, 0x19, 0x55, 0x31
    dc.b    0x11, 0x99, 0x56, 0x21, 0x19, 0x93, 0x93, 0x21, 0x39, 0x32, 0x32, 0x22, 0xf0, 0x00, 0x99, 0x22
    dc.b    0x32, 0x23, 0x96, 0x32, 0x32, 0x29, 0x96, 0x33, 0x32, 0x39, 0x66, 0x32, 0x63, 0x96, 0x32, 0x21
    dc.b    0x69, 0x63, 0x21, 0x12, 0x96, 0x32, 0x11, 0x32, 0x93, 0x21, 0x13, 0x22, 0xa1, 0x65, 0x32, 0x11
    dc.b    0x33, 0x22, 0x21, 0x13, 0x32, 0x22, 0x11, 0x23, 0x22, 0x21, 0x12, 0x33, 0x22, 0x11, 0x23, 0x32
    dc.b    0x21, 0x11, 0x80, 0x01, 0x32, 0x21, 0x11, 0x11, 0x32, 0x22, 0x22, 0x22, 0x66, 0x69, 0x99, 0x99
    dc.b    0x99, 0x93, 0x32, 0x22, 0xd6, 0x1d, 0x37, 0x3f, 0x21, 0x11, 0x33, 0x33, 0x22, 0x22, 0x01, 0x13
    dc.b    0x21, 0x00, 0x22, 0x69, 0x99, 0x99, 0x40, 0x01, 0x99, 0x63, 0x36, 0x66, 0x32, 0x11, 0x11, 0x23
    dc.b    0xf5, 0xed, 0x00, 0x01, 0xf7, 0x5e, 0x92, 0x01, 0x21, 0x11, 0x14, 0x44, 0x22, 0x21, 0x14, 0x44
    dc.b    0x21, 0x11, 0x11, 0x44, 0x11, 0x11, 0x11, 0x44, 0x22, 0x11, 0x03, 0x07, 0x00, 0x01, 0xdf, 0x70
    dc.b    0x21, 0x00, 0x44, 0x41, 0x11, 0x11, 0xf0, 0x00, 0x11, 0x22, 0x11, 0x11, 0x12, 0x36, 0x11, 0x22
    dc.b    0x36, 0x63, 0x23, 0x66, 0x63, 0x33, 0x99, 0x99, 0x66, 0x33, 0x23, 0x36, 0x99, 0x96, 0x44, 0x11
    dc.b    0x12, 0x39, 0x11, 0x12, 0x22, 0x22, 0x27, 0x3f, 0x22, 0x11, 0x11, 0x11, 0xf0, 0x00, 0x22, 0x00
    dc.b    0x00, 0x00, 0x99, 0x66, 0x00, 0x00, 0x99, 0x99, 0x60, 0x00, 0x99, 0x99, 0x96, 0x00, 0x33, 0x39
    dc.b    0x96, 0x00, 0x32, 0x23, 0x99, 0x00, 0x13, 0x31, 0x39, 0x00, 0x41, 0x32, 0x73, 0x01, 0x13, 0x00
    dc.b    0x44, 0x13, 0x11, 0x30, 0x44, 0x13, 0x21, 0x20, 0x44, 0x42, 0x31, 0x23, 0xf0, 0x03, 0x44, 0x12
    dc.b    0x31, 0x23, 0x44, 0x13, 0x21, 0x23, 0x41, 0x13, 0x21, 0x30, 0x11, 0x33, 0x22, 0x30, 0x12, 0x32
    dc.b    0x22, 0x60, 0x23, 0x22, 0x26, 0x00, 0x33, 0x22, 0x36, 0x00, 0x32, 0x23, 0xe3, 0x02, 0x50, 0x01
    dc.b    0x36, 0x00, 0x00, 0x00, 0x60, 0x00, 0x00, 0x00, 0x90, 0x00, 0xfa, 0xe6, 0xd0, 0x01, 0x11, 0x12
    dc.b    0x00, 0x00, 0x77, 0xbd, 0x96, 0x66, 0xab, 0xb8, 0x09, 0x66, 0xbb, 0x88, 0x00, 0x93, 0xb8, 0xbb
    dc.b    0x00, 0x09, 0xba, 0x7a, 0x00, 0x00, 0xb7, 0x7a, 0xc8, 0x88, 0x10, 0x01, 0xa7, 0x78, 0xd9, 0xf8
    dc.b    0x30, 0x01, 0x7a, 0x80, 0x00, 0x00, 0xb8, 0x50, 0xc8, 0xe3, 0xf0, 0x00, 0x5d, 0xdd, 0x00, 0x00
    dc.b    0xb7, 0xcc, 0xb0, 0x00, 0xba, 0xac, 0xcb, 0x00, 0xdd, 0xdd, 0xa7, 0xb0, 0xcd, 0xdc, 0xd7, 0xb0
    dc.b    0x7d, 0x8c, 0xdd, 0x00, 0xda, 0x7d, 0xbd, 0x00, 0x00, 0xdd, 0x10, 0x01, 0xbc, 0x70, 0xf3, 0x1b
    dc.b    0x0d, 0x00, 0x10, 0x01, 0x00, 0x0b, 0xcb, 0x21, 0x00, 0x01, 0x7e, 0x7d, 0x10, 0x01, 0x63, 0x32
    dc.b    0xc1, 0xd7, 0xe2, 0x01, 0x22, 0x33, 0x33, 0x32, 0x61, 0x12, 0x23, 0x33, 0x99, 0x31, 0x12, 0x22
    dc.b    0x00, 0x99, 0x21, 0x11, 0x00, 0x63, 0x99, 0x32, 0x00, 0x63, 0x23, 0x99, 0x00, 0x62, 0x22, 0x33
    dc.b    0x74, 0x01, 0x22, 0x23, 0x00, 0x62, 0x21, 0x23, 0x00, 0x62, 0x21, 0x22, 0x00, 0x62, 0x21, 0x12
    dc.b    0x41, 0xe5, 0x21, 0x11, 0x00, 0x02, 0x21, 0x11, 0x00, 0x00, 0x01, 0x2b, 0x01, 0x01, 0x07, 0x00
    dc.b    0x01, 0x09, 0xc2, 0xeb, 0x08, 0x8b, 0x00, 0x08, 0x8b, 0xb7, 0xcc, 0xcc, 0xcc, 0xcc, 0x7c, 0xcc
    dc.b    0xcc, 0xcc, 0xdd, 0x8b, 0xa7, 0x7a, 0x00, 0xdd, 0xdd, 0xdd, 0x44, 0x44, 0x00, 0x02, 0x7e, 0xf9
    dc.b    0xf0, 0x00, 0x22, 0x22, 0x22, 0x23, 0x12, 0x22, 0x22, 0x28, 0x11, 0x12, 0x22, 0x29, 0x32, 0x11
    dc.b    0x11, 0x19, 0x99, 0x32, 0x21, 0x19, 0x22, 0x99, 0x32, 0x29, 0x22, 0x11, 0x99, 0x99, 0x32, 0x21
    dc.b    0x12, 0x01, 0x11, 0x11, 0x71, 0x01, 0x12, 0x11, 0x33, 0x22, 0x11, 0x22, 0x23, 0x22, 0x11, 0x12
    dc.b    0x23, 0x22, 0x21, 0x11, 0xf0, 0x00, 0x23, 0x32, 0x22, 0x11, 0x88, 0x33, 0x22, 0x11, 0x88, 0x88
    dc.b    0x88, 0x88, 0x8b, 0xbb, 0xbb, 0x88, 0x8b, 0xaa, 0xaa, 0xb8, 0x8a, 0xa7, 0x77, 0xa8, 0x8a, 0x77
    dc.b    0xc7, 0x7b, 0xb7, 0x7c, 0x50, 0x01, 0xcc, 0x7b, 0x77, 0xcc, 0xcc, 0x7b, 0x7c, 0xcc, 0xcc, 0xca
    dc.b    0xdb, 0x69, 0x00, 0x01, 0xcf, 0xdc, 0xb1, 0x01, 0xdd, 0xdd, 0xdd, 0xdd, 0x44, 0x12, 0x88, 0x86
    dc.b    0x12, 0x88, 0x88, 0xbb, 0x18, 0x88, 0x8b, 0xa7, 0x88, 0x88, 0xba, 0xaa, 0x88, 0x8b, 0xa0, 0x01
    dc.b    0xbb, 0xba, 0xdd, 0x88, 0xbb, 0xbb, 0x99, 0xdd, 0xd8, 0xbb, 0x99, 0x99, 0x9d, 0xd8, 0x99, 0x99
    dc.b    0x00, 0x0d, 0x99, 0x90, 0xde, 0x9e, 0x01, 0x01, 0x30, 0x01, 0x22, 0x30, 0x00, 0x00, 0x23, 0x30
    dc.b    0xfc, 0x82, 0x07, 0x01, 0x0d, 0x00, 0x14, 0x01, 0xb0, 0x00, 0x00, 0x01, 0xcc, 0xe7, 0x00, 0x34
    dc.b    0x00, 0x00, 0x12, 0x01, 0x00, 0x03, 0x10, 0x01, 0x00, 0x32, 0xef, 0x78, 0x01, 0x01, 0x1a, 0x13
    dc.b    0x63, 0x22, 0xf0, 0x00, 0x03, 0x32, 0x00, 0x00, 0x32, 0x11, 0x00, 0x33, 0x11, 0x11, 0x03, 0x21
    dc.b    0x11, 0x12, 0x32, 0x11, 0x12, 0x22, 0x22, 0x11, 0x22, 0x11, 0x21, 0x12, 0x21, 0x11, 0x11, 0x22
    dc.b    0x11, 0x11, 0x20, 0x01, 0x12, 0x21, 0x11, 0x11, 0xd0, 0x85, 0x00, 0x04, 0x7e, 0x21, 0xf0, 0x00
    dc.b    0x33, 0x32, 0x03, 0x32, 0x21, 0x44, 0x32, 0x14, 0x44, 0x41, 0x11, 0x44, 0x11, 0x33, 0x11, 0x12
    dc.b    0x23, 0x21, 0x12, 0x22, 0x11, 0x44, 0x22, 0x11, 0x44, 0x44, 0x11, 0x14, 0x44, 0x11, 0xc0, 0x02
    dc.b    0x14, 0x41, 0x11, 0x12, 0x11, 0x11, 0x12, 0x23, 0x11, 0x12, 0x33, 0x33, 0x12, 0x23, 0x32, 0x21
    dc.b    0x22, 0x21, 0x11, 0x14, 0x22, 0x11, 0x14, 0x44, 0xdd, 0x2e, 0xf0, 0x00, 0x7a, 0xb0, 0x00, 0x00
    dc.b    0xa7, 0x7b, 0xa7, 0x77, 0xaa, 0xaa, 0xa7, 0x7c, 0xaa, 0xba, 0x77, 0xcc, 0xbb, 0xba, 0x77, 0xcc
    dc.b    0xbb, 0xbb, 0xa7, 0x77, 0x88, 0xbb, 0xaa, 0x77, 0xd8, 0x8b, 0xd0, 0x06, 0xba, 0x77, 0x0d, 0x8b
    dc.b    0xba, 0x77, 0x00, 0xd8, 0xba, 0x77, 0x00, 0x0d, 0x8a, 0x7a, 0x00, 0x00, 0xd8, 0xab, 0x00, 0x00
    dc.b    0x0d, 0xda, 0x00, 0x00, 0x00, 0xdb, 0x7d, 0x19, 0x0d, 0x00, 0x30, 0x01, 0xa0, 0x00, 0x00, 0x00
    dc.b    0xcb, 0x00, 0xf0, 0xb2, 0x50, 0x01, 0xc7, 0x00, 0x00, 0x00, 0x7a, 0x00, 0x00, 0x00, 0x77, 0xa0
    dc.b    0xe3, 0x6b, 0xa1, 0x01, 0x7c, 0xcc, 0xa0, 0x00, 0x7c, 0xcc, 0x7b, 0x00, 0xaa, 0xaa, 0xaa, 0x00
    dc.b    0x88, 0x88, 0x88, 0xb0, 0x78, 0x78, 0x78, 0x7d, 0x10, 0x0d, 0xdd, 0xdd, 0x7e, 0x59, 0x00, 0x00
    dc.b    0x00, 0x00
spr_ken_550_animation0_frame4_tileset_data_size = .-spr_ken_550_animation0_frame4_tileset_data

    .align  2
spr_ken_606_animation0_frame0_tileset_data:
    dc.b    0x23, 0x01, 0x77, 0x77, 0x77, 0x75, 0x65, 0x00, 0x00, 0x07, 0x77, 0x77, 0x00, 0x77, 0x77, 0x77
    dc.b    0x07, 0x77, 0x77, 0x77, 0x21, 0x0d, 0x70, 0x00, 0x77, 0x77, 0x16, 0x0d, 0x00, 0x00, 0x23, 0x0b
    dc.b    0x07, 0x70, 0x07, 0x77, 0x25, 0x0d, 0x00, 0x00, 0x07, 0x77, 0x01, 0x07, 0x01, 0x0d, 0x03, 0x09
    dc.b    0x02, 0x13, 0x01, 0x00, 0x11, 0x0d, 0x00, 0x07, 0x02, 0x05, 0xf2, 0x05, 0x00, 0x00, 0x55, 0x55
    dc.b    0x53, 0xef, 0x55, 0x55, 0x51, 0xef, 0x55, 0x55, 0x54, 0xef, 0x55, 0x55, 0x5e, 0xef, 0x55, 0x55
    dc.b    0x5e, 0x15, 0x55, 0x55, 0x55, 0x5e, 0x55, 0x55, 0x51, 0x5f, 0x01, 0x0b, 0x52, 0x0d, 0x53, 0x4f
    dc.b    0x55, 0x55, 0x55, 0x1f, 0x55, 0x55, 0x55, 0x3e, 0x02, 0x01, 0x71, 0x01, 0x75, 0x55, 0x55, 0x5e
    dc.b    0x77, 0x55, 0x55, 0x5e, 0x77, 0x75, 0x55, 0x5f, 0x77, 0x77, 0x12, 0x01, 0x55, 0x4f, 0xb4, 0x01
    dc.b    0x55, 0x55, 0x77, 0x77, 0x55, 0x4e, 0x77, 0x77, 0x54, 0xef, 0x77, 0x77, 0x54, 0x1e, 0x77, 0x77
    dc.b    0x5e, 0x1e, 0x77, 0x77, 0x5e, 0x5e, 0x31, 0x5b, 0x55, 0x45, 0x07, 0x77, 0x75, 0x55, 0xf2, 0x09
    dc.b    0xf5, 0x55, 0x55, 0x55, 0xf4, 0x55, 0x55, 0x55, 0xff, 0x55, 0x55, 0x55, 0xff, 0xe5, 0x55, 0x55
    dc.b    0x51, 0xe5, 0x55, 0x55, 0xe5, 0x55, 0x55, 0x55, 0xf5, 0x1e, 0x55, 0x55, 0x51, 0xe1, 0x32, 0x01
    dc.b    0xff, 0x15, 0x55, 0x55, 0xfe, 0x55, 0x32, 0x01, 0xf4, 0x55, 0x55, 0x57, 0xf1, 0x55, 0x33, 0x01
    dc.b    0xf3, 0x55, 0x55, 0x77, 0xf5, 0x55, 0x31, 0x01, 0x57, 0x77, 0xf4, 0x55, 0x77, 0x77, 0x71, 0x01
    dc.b    0x55, 0x55, 0x57, 0x77, 0xee, 0x55, 0x57, 0x77, 0xff, 0xe5, 0x57, 0x77, 0x1e, 0x14, 0xa1, 0x51
    dc.b    0x55, 0x77, 0x5e, 0x54, 0x45, 0x57, 0x5e, 0x45, 0x44, 0x55, 0x45, 0xe5, 0x54, 0x45, 0xe5, 0x5e
    dc.b    0x55, 0xe5, 0x55, 0x55, 0x01, 0x15, 0x21, 0x18, 0x55, 0x55, 0x57, 0x75, 0x01, 0x01, 0x53, 0x01
    dc.b    0x77, 0x55, 0x57, 0x77, 0x77, 0x75, 0x57, 0x77, 0x77, 0x77, 0x0a, 0x00, 0x42, 0xd8, 0x77, 0x00
    dc.b    0x77, 0x70, 0x00, 0x07, 0x77, 0x00, 0x32, 0xc2, 0x77, 0x70, 0x00, 0x00, 0x77, 0x00, 0x41, 0x0f
    dc.b    0x77, 0x77, 0x77, 0x70, 0x77, 0x77, 0x70, 0x77, 0x02, 0x07, 0x01, 0xde, 0x13, 0xca, 0x77, 0x00
    dc.b    0x31, 0x0b, 0x57, 0x70, 0x00, 0x00, 0x57, 0x77, 0x11, 0x19, 0x77, 0x00, 0x00, 0x24, 0x00, 0x00
    dc.b    0x02, 0x38, 0x03, 0xed, 0x14, 0x0b, 0x00, 0x77, 0x01, 0x34, 0x01, 0x07, 0x01, 0x56, 0x14, 0x18
    dc.b    0x77, 0x77, 0x01, 0x15, 0x11, 0x10, 0x00, 0x70, 0x04, 0x09, 0x15, 0x1d, 0x07, 0x00, 0x13, 0x64
    dc.b    0x77, 0x70, 0x02, 0x2b, 0x12, 0x16, 0x07, 0x70, 0x23, 0x70, 0x07, 0x70, 0x77, 0x07, 0x02, 0x17
    dc.b    0x00, 0x01, 0x7e, 0xc9, 0x01, 0x00, 0x52, 0x01, 0x07, 0x77, 0x77, 0x75, 0x77, 0x07, 0x77, 0x55
    dc.b    0x00, 0x77, 0x12, 0x01, 0x07, 0x77, 0x23, 0x0b, 0x77, 0x77, 0x77, 0x55, 0x12, 0x03, 0x00, 0x07
    dc.b    0x01, 0x37, 0x41, 0x4e, 0x70, 0x00, 0x07, 0x00, 0x77, 0x70, 0x00, 0x70, 0x21, 0x21, 0x07, 0x77
    dc.b    0x07, 0x07, 0x01, 0x0d, 0x41, 0xd2, 0x77, 0x07, 0x77, 0xe5, 0x00, 0x75, 0x5e, 0xe5, 0x35, 0x03
    dc.b    0x77, 0x77, 0x7e, 0x55, 0x07, 0x75, 0x12, 0x0b, 0x75, 0x55, 0x01, 0x2b, 0x12, 0x03, 0x77, 0x7e
    dc.b    0x21, 0xe8, 0x55, 0x55, 0x75, 0x55, 0xf0, 0x00, 0x55, 0x51, 0x55, 0xee, 0xff, 0xff, 0x5e, 0x55
    dc.b    0x33, 0x35, 0x55, 0x5e, 0x33, 0x35, 0xef, 0xff, 0xe3, 0x55, 0xef, 0xff, 0xe3, 0x53, 0x4e, 0xff
    dc.b    0xe3, 0x51, 0x54, 0xef, 0xe5, 0x54, 0x92, 0x8b, 0x55, 0x4f, 0xf5, 0x55, 0x55, 0x5e, 0xf4, 0x55
    dc.b    0x55, 0x54, 0xf4, 0x55, 0x07, 0x07, 0x70, 0x77, 0x07, 0x77, 0x21, 0x00, 0x77, 0x77, 0x77, 0x57
    dc.b    0x41, 0x24, 0x77, 0x55, 0x75, 0x57, 0x7e, 0x55, 0xe5, 0x5e, 0x01, 0x00, 0xf0, 0x00, 0x55, 0x4e
    dc.b    0xee, 0xee, 0x54, 0xee, 0xee, 0xef, 0x4e, 0xee, 0xee, 0xff, 0x44, 0x5e, 0xe5, 0x54, 0x45, 0x5e
    dc.b    0x45, 0x55, 0x15, 0x5e, 0x45, 0x55, 0x34, 0x45, 0x5e, 0xff, 0x51, 0x45, 0xd1, 0x1d, 0x54, 0x44
    dc.b    0x53, 0x44, 0xee, 0xe5, 0x55, 0x45, 0x45, 0x45, 0x55, 0x15, 0x15, 0x15, 0x54, 0x54, 0xee, 0xee
    dc.b    0x11, 0x55, 0x55, 0x55, 0xff, 0xfe, 0xe4, 0x54, 0x42, 0x24, 0xe5, 0x55, 0x51, 0xe5, 0x5e, 0xff
    dc.b    0xfe, 0x55, 0x51, 0x06, 0x55, 0x5e, 0x15, 0x55, 0x51, 0xe5, 0x4e, 0xff, 0xf4, 0x55, 0x23, 0x31
    dc.b    0x35, 0x55, 0x55, 0x4e, 0x07, 0x00, 0x01, 0x63, 0x05, 0x01, 0x12, 0x01, 0x77, 0x55, 0x11, 0x79
    dc.b    0x77, 0x75, 0x04, 0x01, 0x11, 0x01, 0x00, 0x77, 0x21, 0x87, 0x75, 0x55, 0x07, 0x77, 0x02, 0x63
    dc.b    0x41, 0x03, 0x07, 0x00, 0x77, 0x77, 0x70, 0x00, 0x00, 0x77, 0x01, 0x6d, 0x13, 0xdf, 0x77, 0x07
    dc.b    0x01, 0xdc, 0x01, 0x11, 0x04, 0xf7, 0x91, 0x8d, 0x43, 0x54, 0xe1, 0x55, 0x5e, 0x45, 0x55, 0x55
    dc.b    0x55, 0xee, 0xe5, 0x55, 0x14, 0xee, 0xf5, 0x55, 0x55, 0x1e, 0x12, 0x8f, 0xf1, 0x55, 0x41, 0x01
    dc.b    0xfe, 0x55, 0x55, 0x51, 0xef, 0x55, 0x55, 0x55, 0xf1, 0x20, 0xef, 0x35, 0x55, 0x55, 0x4f, 0x45
    dc.b    0x55, 0x55, 0x4f, 0xe5, 0x55, 0x55, 0x5e, 0xe5, 0x55, 0x55, 0x5e, 0xe3, 0x55, 0x55, 0x54, 0xe4
    dc.b    0x55, 0x55, 0x54, 0xee, 0x55, 0x55, 0x53, 0xee, 0xc1, 0x05, 0x77, 0x55, 0x55, 0x44, 0x77, 0x75
    dc.b    0x54, 0xee, 0x77, 0x75, 0x5e, 0x45, 0x77, 0x55, 0x55, 0x5e, 0x77, 0x55, 0x4e, 0xee, 0x77, 0x55
    dc.b    0xee, 0xee, 0x22, 0xd1, 0x77, 0x75, 0x55, 0x5e, 0x01, 0x01, 0x11, 0x4b, 0x77, 0x75, 0x01, 0x45
    dc.b    0x03, 0x00, 0x20, 0x01, 0x57, 0x77, 0x77, 0x00, 0x7e, 0x47, 0x12, 0x03, 0x77, 0x70, 0x22, 0x01
    dc.b    0x77, 0x77, 0x55, 0x77, 0x12, 0x01, 0x55, 0x57, 0x06, 0x7c, 0x02, 0x09, 0x07, 0x11, 0x12, 0x0d
    dc.b    0x45, 0x55, 0xc1, 0xad, 0xee, 0x55, 0x57, 0x77, 0xee, 0xe5, 0x57, 0x77, 0x5e, 0xee, 0x55, 0x77
    dc.b    0x5e, 0x5e, 0xe5, 0x57, 0xe5, 0xe5, 0xe5, 0xe5, 0xee, 0x5e, 0x5e, 0x5e, 0x21, 0xa9, 0x55, 0xee
    dc.b    0x5e, 0x5e, 0x02, 0x3c, 0x20, 0x05, 0x70, 0x00, 0x77, 0x70, 0x7e, 0x5d, 0x00, 0x02, 0x7e, 0x1b
    dc.b    0x03, 0x05, 0x01, 0x00, 0x11, 0x9f, 0x77, 0x70, 0x11, 0x17, 0x77, 0x70, 0x15, 0x0b, 0x70, 0x00
    dc.b    0x21, 0x23, 0x00, 0x00, 0x70, 0x00, 0x11, 0x19, 0x77, 0x00, 0x02, 0x07, 0x01, 0x6e, 0x02, 0x15
    dc.b    0x00, 0x03, 0x7d, 0xff, 0x61, 0x03, 0x00, 0x00, 0x55, 0x77, 0x70, 0x00, 0x55, 0x57, 0x77, 0x70
    dc.b    0x5e, 0x57, 0x04, 0x31, 0x11, 0xc8, 0x00, 0x00, 0x01, 0x06, 0x04, 0xcb, 0x00, 0x05, 0x7e, 0x1d
    dc.b    0x07, 0x0d, 0x10, 0x22, 0x00, 0x77, 0x7d, 0xe7, 0x03, 0xc7, 0x01, 0x01, 0x03, 0x56, 0x10, 0x06
    dc.b    0x07, 0x70, 0x7c, 0xc0, 0x03, 0x6e, 0x01, 0x3b, 0x00, 0x01, 0x7c, 0xcd, 0x01, 0x71, 0x01, 0x15
    dc.b    0x11, 0x73, 0x07, 0x77, 0x03, 0x86, 0x14, 0x63, 0x00, 0x00, 0x10, 0x01, 0x07, 0x77, 0x7d, 0xcb
    dc.b    0x13, 0x0c, 0x07, 0x00, 0x04, 0x3a, 0x01, 0x05, 0x02, 0x61, 0x20, 0x01, 0x55, 0x55, 0xee, 0x55
    dc.b    0x7e, 0xd5, 0x10, 0x01, 0x5e, 0xe5, 0x7e, 0xd9, 0x30, 0x01, 0x55, 0xef, 0x75, 0x55, 0x55, 0x4e
    dc.b    0x7c, 0xd3, 0x32, 0xe8, 0x55, 0x54, 0x77, 0x75, 0x55, 0x54, 0x14, 0x55, 0x75, 0x55, 0x03, 0xdc
    dc.b    0x01, 0x3f, 0x00, 0x01, 0x7c, 0x93, 0x01, 0x35, 0x08, 0x59, 0x02, 0x51, 0x12, 0x0e, 0x07, 0x00
    dc.b    0x01, 0x15, 0x01, 0x01, 0x01, 0x0b, 0x11, 0x41, 0x70, 0x77, 0xf0, 0x00, 0x00, 0x07, 0x51, 0xef
    dc.b    0xfe, 0x15, 0x55, 0x55, 0x55, 0x55, 0x53, 0x55, 0x55, 0x44, 0x55, 0x1e, 0xff, 0xf5, 0x45, 0x55
    dc.b    0x55, 0x55, 0xf5, 0x51, 0x4e, 0xff, 0xff, 0x55, 0x55, 0x55, 0xc0, 0x02, 0xef, 0xf4, 0x55, 0x55
    dc.b    0xef, 0xfe, 0x54, 0xe4, 0x4e, 0xe5, 0xef, 0xff, 0x4e, 0xe5, 0xff, 0xfe, 0x5e, 0x55, 0x4e, 0x41
    dc.b    0x55, 0x55, 0x31, 0x35, 0x7e, 0x31, 0x14, 0x01, 0x77, 0x55, 0x01, 0x07, 0x01, 0x59, 0x40, 0x04
    dc.b    0x75, 0x55, 0x55, 0x5f, 0x75, 0x55, 0x55, 0x54, 0x7e, 0x25, 0x00, 0x05, 0x7e, 0xa6, 0x01, 0x63
    dc.b    0x04, 0x01, 0x00, 0x01, 0x7d, 0x41, 0x81, 0xb6, 0x00, 0x70, 0x00, 0x07, 0x07, 0x70, 0x70, 0x07
    dc.b    0x77, 0x70, 0x70, 0x77, 0x07, 0x00, 0x70, 0x77, 0x01, 0x6e, 0x2d, 0x00, 0x70, 0x07, 0x77, 0x77
    dc.b    0x50, 0x01, 0x77, 0x75, 0x57, 0x77, 0x77, 0x55, 0x55, 0x77, 0x77, 0x5e, 0x7c, 0x37, 0x01, 0x00
    dc.b    0xe0, 0x04, 0x55, 0xe5, 0xee, 0x55, 0x51, 0xee, 0xe5, 0x55, 0x1e, 0xee, 0x55, 0x5e, 0xe4, 0x55
    dc.b    0x5e, 0xe4, 0x55, 0x51, 0x14, 0x55, 0x51, 0x15, 0x51, 0x11, 0x15, 0x55, 0x55, 0x55, 0x7c, 0x98
    dc.b    0x01, 0x2f, 0x00, 0x03, 0x7e, 0x84, 0x01, 0x42, 0x01, 0xc8, 0x50, 0x01, 0x00, 0x70, 0x00, 0x70
    dc.b    0x07, 0x70, 0x07, 0x00, 0x07, 0x70, 0x7d, 0x74, 0x01, 0x01, 0x17, 0x3a, 0x07, 0x77, 0xe1, 0xa0
    dc.b    0x55, 0x57, 0x77, 0x54, 0x5e, 0x55, 0x55, 0x55, 0x5e, 0x55, 0xee, 0x45, 0x54, 0x5e, 0x55, 0x55
    dc.b    0x55, 0x54, 0x55, 0x54, 0x51, 0x51, 0xee, 0x45, 0x54, 0x55, 0x55, 0x5e, 0x74, 0x3a, 0x55, 0x77
    dc.b    0x44, 0x55, 0x57, 0x77, 0x15, 0x55, 0x77, 0x70, 0x55, 0x57, 0x77, 0x00, 0x20, 0x01, 0x07, 0x77
    dc.b    0x77, 0x00, 0x7e, 0x6f, 0x11, 0x37, 0x70, 0x70, 0x10, 0x05, 0x70, 0x00, 0x7c, 0xa1, 0x02, 0x01
    dc.b    0x10, 0x01, 0x70, 0x77, 0x7e, 0x82, 0x12, 0x15, 0x07, 0x70, 0x00, 0x01, 0x7c, 0xc0, 0x02, 0x00
    dc.b    0x02, 0x07, 0x02, 0x48, 0xa1, 0x07, 0x57, 0x77, 0x00, 0x00, 0x57, 0x77, 0x77, 0x00, 0x55, 0x77
    dc.b    0x70, 0x07, 0x15, 0x77, 0x77, 0x77, 0x15, 0x77, 0x77, 0x70, 0x04, 0x14, 0x01, 0xf5, 0x01, 0x22
    dc.b    0x00, 0x03, 0x7e, 0x1b, 0x01, 0x06, 0x01, 0x75, 0x10, 0x11, 0x00, 0x07, 0x7c, 0x42, 0x01, 0x43
    dc.b    0x05, 0x14, 0x05, 0x58, 0x02, 0x30, 0x26, 0x0b, 0x77, 0x70, 0x70, 0x70, 0x05, 0x37, 0x0f, 0x00
    dc.b    0x01, 0x43, 0x11, 0xf3, 0x00, 0x07, 0x11, 0x01, 0x70, 0x77, 0xf0, 0x00, 0x75, 0x77, 0x77, 0x77
    dc.b    0xe5, 0x75, 0x77, 0x77, 0x55, 0x75, 0x77, 0x77, 0x55, 0x55, 0xe7, 0x57, 0x55, 0x55, 0xe5, 0x77
    dc.b    0xf4, 0x55, 0x55, 0x75, 0xff, 0xe5, 0x55, 0x5e, 0xff, 0xf4, 0xb1, 0xc4, 0x55, 0x57, 0xff, 0xfe
    dc.b    0x55, 0xe5, 0xff, 0xfe, 0x55, 0x5e, 0xff, 0xe4, 0x55, 0x57, 0xee, 0xe1, 0x55, 0x77, 0x54, 0x15
    dc.b    0x55, 0x57, 0xf0, 0x00, 0xee, 0x54, 0x15, 0x55, 0xe4, 0x54, 0x43, 0x33, 0x45, 0x51, 0x11, 0xee
    dc.b    0x55, 0x45, 0xee, 0x43, 0xee, 0x45, 0x55, 0x55, 0xee, 0xe4, 0x54, 0x4f, 0x4e, 0xe4, 0x55, 0x55
    dc.b    0x5e, 0xee, 0x51, 0x01, 0x55, 0x55, 0x54, 0xee, 0x54, 0x11, 0x54, 0xee, 0x45, 0x55, 0x62, 0xb9
    dc.b    0x55, 0x4e, 0xe5, 0x41, 0xe5, 0x54, 0xe5, 0x55, 0x55, 0xe5, 0x55, 0x45, 0x01, 0x5e, 0x03, 0x01
    dc.b    0x61, 0x4b, 0x77, 0x00, 0x00, 0x70, 0x77, 0x00, 0x77, 0x70, 0x77, 0x00, 0x77, 0x07, 0x01, 0x01
    dc.b    0x00, 0x02, 0x7e, 0x64, 0x00, 0x09, 0x7b, 0x77, 0x00, 0x01, 0x7b, 0x62, 0xf0, 0x00, 0x55, 0x55
    dc.b    0x31, 0xee, 0xee, 0xe5, 0xee, 0x54, 0xe5, 0x55, 0x14, 0x55, 0x51, 0xee, 0x55, 0x45, 0x1e, 0xee
    dc.b    0xfe, 0x55, 0x1e, 0xee, 0x55, 0x51, 0x55, 0x4e, 0x55, 0x55, 0x45, 0x55, 0x11, 0x10, 0xff, 0xfe
    dc.b    0x9f, 0x8f, 0x53, 0x55, 0x55, 0x55, 0x54, 0x55, 0x1f, 0xff, 0xe5, 0x55, 0x55, 0x55, 0x55, 0x35
    dc.b    0x55, 0x55, 0x55, 0x45, 0x50, 0x01, 0x00, 0x77, 0x00, 0x70, 0x07, 0x77, 0x00, 0x70, 0x77, 0x70
    dc.b    0x7d, 0xcd, 0x00, 0x01, 0x7c, 0x9a, 0x0a, 0x00, 0x00, 0x02, 0x7c, 0xe7, 0x00, 0x01, 0x7c, 0xeb
    dc.b    0x51, 0x85, 0x55, 0x77, 0x45, 0x55, 0x55, 0x55, 0xe4, 0x55, 0x55, 0x55, 0x01, 0x81, 0x11, 0x06
    dc.b    0x55, 0x4e, 0x11, 0x86, 0xee, 0xe4, 0x01, 0x06, 0xf0, 0x00, 0x55, 0x55, 0x55, 0x5e, 0x5e, 0x55
    dc.b    0x55, 0x54, 0x4e, 0x15, 0x15, 0x45, 0x55, 0x45, 0x45, 0x54, 0x51, 0x45, 0xe1, 0x35, 0x1e, 0x5e
    dc.b    0x11, 0x53, 0xe5, 0x51, 0xee, 0x55, 0x55, 0x13, 0x31, 0x5a, 0x41, 0x15, 0x11, 0x55, 0x1e, 0xe5
    dc.b    0x51, 0x06, 0xff, 0xfe, 0xee, 0xee, 0x44, 0x11, 0x11, 0x11, 0x35, 0x55, 0x31, 0x1d, 0x55, 0xee
    dc.b    0x55, 0x55, 0xe5, 0xe1, 0x10, 0x01, 0x55, 0x55, 0x7c, 0xd9, 0xf0, 0x00, 0x5f, 0xff, 0x45, 0xe5
    dc.b    0xfe, 0xee, 0xe4, 0x55, 0xfe, 0x44, 0xee, 0xe3, 0xe4, 0x44, 0x44, 0xee, 0xe1, 0x55, 0x31, 0x35
    dc.b    0x45, 0xe4, 0x14, 0xee, 0x55, 0x4e, 0xee, 0xe4, 0x55, 0x14, 0x52, 0x01, 0xee, 0xe4, 0x55, 0x51
    dc.b    0xee, 0xfe, 0x55, 0x55, 0x4e, 0xfe, 0x33, 0x01, 0x1e, 0xfe, 0x55, 0x55, 0x3e, 0xff, 0x22, 0x85
    dc.b    0x11, 0xff, 0xee, 0x55, 0x31, 0x03, 0x55, 0x35, 0x44, 0xee, 0x41, 0x55, 0x21, 0x33, 0x33, 0x44
    dc.b    0x13, 0x55, 0x11, 0x2e, 0x53, 0x33, 0xf0, 0x00, 0x51, 0xe5, 0xee, 0xff, 0xff, 0x34, 0x14, 0x44
    dc.b    0x4e, 0x34, 0x55, 0x55, 0x51, 0x15, 0xe5, 0xe5, 0x55, 0x55, 0x15, 0x55, 0x55, 0x55, 0xee, 0x5e
    dc.b    0x55, 0x55, 0x11, 0x55, 0x55, 0x5e, 0xf0, 0x00, 0xee, 0xe5, 0xe5, 0xef, 0x11, 0x15, 0x55, 0xf4
    dc.b    0x44, 0xee, 0x3e, 0xf4, 0xee, 0x44, 0x44, 0xe4, 0x44, 0x44, 0x43, 0xe4, 0x34, 0x44, 0x33, 0x44
    dc.b    0x53, 0x43, 0x34, 0x41, 0x45, 0x5e, 0x6c, 0x00, 0x45, 0x54, 0x55, 0x3e, 0x45, 0x34, 0x14, 0x45
    dc.b    0x14, 0x45, 0x55, 0x55, 0x11, 0x01, 0x55, 0x57, 0x31, 0x9d, 0x77, 0x55, 0x55, 0x57, 0x77, 0x75
    dc.b    0x11, 0x9f, 0xe5, 0x57, 0xa1, 0x14, 0x55, 0x57, 0x5e, 0xee, 0xe5, 0xe5, 0xe1, 0x55, 0x55, 0x55
    dc.b    0xee, 0xee, 0xe5, 0xe5, 0xe1, 0x11, 0x45, 0x55, 0x44, 0x45, 0x04, 0xf7, 0xf0, 0x00, 0xff, 0xf5
    dc.b    0x55, 0x55, 0x44, 0x4e, 0x55, 0x55, 0x44, 0x44, 0x55, 0x57, 0x41, 0x55, 0x54, 0x55, 0x15, 0x54
    dc.b    0x5f, 0xf5, 0x15, 0x45, 0xef, 0xf4, 0x15, 0x45, 0xee, 0xff, 0x55, 0x54, 0x12, 0x95, 0xee, 0xef
    dc.b    0x1d, 0x3d, 0x55, 0x54, 0x00, 0x01, 0x7d, 0xbd, 0x01, 0x00, 0x10, 0x01, 0x70, 0x07, 0x7c, 0x67
    dc.b    0x01, 0x01, 0x00, 0x03, 0x7c, 0x19, 0x16, 0xed, 0x57, 0x77, 0x01, 0x18, 0xa1, 0xed, 0x15, 0x55
    dc.b    0x57, 0x77, 0xf1, 0x55, 0x55, 0x77, 0xef, 0x15, 0x55, 0x57, 0xee, 0xf4, 0x55, 0x55, 0x54, 0xef
    dc.b    0x45, 0x55, 0x41, 0x08, 0x55, 0x54, 0xef, 0xf5, 0x55, 0x55, 0x4e, 0xff, 0x03, 0xef, 0x21, 0x00
    dc.b    0x00, 0x77, 0x70, 0x00, 0x00, 0x02, 0x7c, 0xbd, 0x10, 0x02, 0x07, 0x77, 0x7c, 0x2f, 0x00, 0x01
    dc.b    0x7c, 0xbf, 0x00, 0x01, 0x7a, 0xc5, 0x11, 0x09, 0x77, 0x70, 0x10, 0x02, 0x77, 0x07, 0x7c, 0x80
    dc.b    0x06, 0x00, 0x00, 0x03, 0x7e, 0xd7, 0x90, 0x0a, 0x77, 0x77, 0x45, 0x55, 0x57, 0x77, 0xff, 0x55
    dc.b    0x55, 0x77, 0xf4, 0x54, 0x55, 0x77, 0x45, 0xee, 0x45, 0x57, 0x7e, 0xa5, 0x00, 0x08, 0x7d, 0xf9
    dc.b    0x01, 0x38, 0x00, 0x02, 0x7d, 0xe7, 0x12, 0x11, 0x77, 0x00, 0x10, 0x03, 0x70, 0x00, 0x7c, 0xa4
    dc.b    0x01, 0x45, 0x00, 0x01, 0x79, 0xd7, 0x21, 0x45, 0x07, 0x77, 0x77, 0x70, 0x09, 0x22, 0x00, 0x11
    dc.b    0x00, 0x00, 0x14, 0x41, 0x07, 0x70, 0x05, 0x22, 0x05, 0x05, 0x21, 0x8a, 0x00, 0x77, 0x77, 0x00
    dc.b    0x01, 0x15, 0x01, 0x01, 0x61, 0x46, 0x00, 0x77, 0x00, 0x07, 0x70, 0x77, 0x00, 0x70, 0x70, 0x77
    dc.b    0x07, 0x70, 0x10, 0x03, 0x07, 0x77, 0x7b, 0xb0, 0x00, 0x02, 0x79, 0xee, 0x02, 0x9a, 0x01, 0x5a
    dc.b    0x01, 0x9b, 0x01, 0x1a, 0x10, 0x02, 0x07, 0x07, 0x7a, 0x03, 0x01, 0x6c, 0x00, 0x01, 0x7d, 0xdb
    dc.b    0x05, 0x78, 0x01, 0xb8, 0x04, 0x23, 0x02, 0x00, 0x10, 0x02, 0x77, 0x07, 0x7c, 0x01, 0x00, 0x00
    dc.b    0x00, 0x00
spr_ken_606_animation0_frame0_tileset_data_size = .-spr_ken_606_animation0_frame0_tileset_data

    .align  2
spr_ken_710_animation0_frame0_tileset_data:
    dc.b    0xd2, 0x00, 0x44, 0x96, 0x32, 0x29, 0x61, 0x19, 0x96, 0x93, 0x29, 0x11, 0x99, 0x66, 0x22, 0x91
    dc.b    0x11, 0x99, 0x66, 0x69, 0x92, 0x22, 0x22, 0x22, 0x39, 0x93, 0x55, 0x55, 0xf0, 0x00, 0x65, 0x55
    dc.b    0x51, 0x14, 0x15, 0x55, 0x53, 0x11, 0x15, 0x55, 0x55, 0x33, 0x35, 0x55, 0x55, 0x66, 0x69, 0x55
    dc.b    0x55, 0x56, 0x26, 0x55, 0x95, 0x55, 0x22, 0x55, 0x56, 0x55, 0x12, 0x55, 0x91, 0x01, 0x53, 0x55
    dc.b    0x21, 0x65, 0x59, 0x65, 0x99, 0x95, 0x55, 0x96, 0x66, 0x69, 0x55, 0x53, 0x66, 0x69, 0x95, 0x55
    dc.b    0xa1, 0x01, 0x66, 0x90, 0x09, 0x55, 0x66, 0x90, 0x00, 0x95, 0x69, 0x90, 0x00, 0x99, 0x69, 0x00
    dc.b    0x00, 0x09, 0x90, 0x00, 0x00, 0x00, 0x09, 0x00, 0xf0, 0x00, 0x32, 0x22, 0x2d, 0xbd, 0x33, 0x33
    dc.b    0x6d, 0xa8, 0x66, 0x66, 0x33, 0xda, 0x33, 0x33, 0x33, 0x6d, 0x99, 0x93, 0x33, 0x95, 0x33, 0x55
    dc.b    0x55, 0x53, 0x55, 0x55, 0x59, 0x62, 0x96, 0x22, 0xf0, 0x00, 0x14, 0x41, 0x44, 0x44, 0x12, 0x32
    dc.b    0x11, 0x23, 0x32, 0x14, 0x36, 0x62, 0x11, 0x44, 0x62, 0x21, 0x14, 0x44, 0x22, 0x11, 0x44, 0x44
    dc.b    0x61, 0x14, 0x41, 0x13, 0x56, 0x16, 0x99, 0x99, 0xf0, 0x00, 0x55, 0x59, 0x96, 0x32, 0x55, 0x56
    dc.b    0x24, 0x44, 0x55, 0x55, 0x52, 0x44, 0x35, 0x55, 0x55, 0x24, 0x33, 0x55, 0x55, 0x54, 0x53, 0x35
    dc.b    0x55, 0x54, 0x55, 0x36, 0x55, 0x54, 0x55, 0x53, 0xd0, 0x01, 0x65, 0x54, 0x55, 0x55, 0x36, 0x52
    dc.b    0x69, 0x55, 0x53, 0x22, 0x96, 0x32, 0x13, 0x32, 0x09, 0x63, 0x21, 0x33, 0x00, 0x96, 0x32, 0x13
    dc.b    0x00, 0x09, 0x63, 0x21, 0xc4, 0xbc, 0xf0, 0x00, 0x09, 0x66, 0x00, 0x00, 0x00, 0x99, 0x78, 0x87
    dc.b    0xcc, 0xc5, 0xda, 0xcc, 0xbd, 0xa7, 0xda, 0xd8, 0x8c, 0xcc, 0xdd, 0x87, 0xcc, 0xbd, 0x00, 0xd7
    dc.b    0xb8, 0xd5, 0x30, 0x0d, 0xd5, 0x55, 0xf0, 0x00, 0x11, 0x20, 0x00, 0xd8, 0x11, 0x22, 0x00, 0x0d
    dc.b    0x23, 0x99, 0x20, 0x00, 0x12, 0x93, 0x92, 0x00, 0x41, 0x29, 0x39, 0x20, 0x44, 0x49, 0x39, 0x20
    dc.b    0x41, 0x11, 0x93, 0x92, 0x99, 0x99, 0x90, 0x01, 0x93, 0x69, 0x66, 0x33, 0x33, 0x66, 0x11, 0x22
    dc.b    0x33, 0x36, 0x44, 0x41, 0x22, 0x33, 0x44, 0x41, 0x12, 0x23, 0xd3, 0x55, 0x32, 0x01, 0x41, 0x12
    dc.b    0x44, 0x44, 0x44, 0x11, 0x00, 0x01, 0xf0, 0xe6, 0xf0, 0x00, 0x14, 0x44, 0x44, 0x44, 0x24, 0x44
    dc.b    0x44, 0x44, 0x22, 0x44, 0x44, 0x44, 0x32, 0x24, 0x44, 0x44, 0x33, 0x21, 0x44, 0x44, 0x11, 0x33
    dc.b    0x14, 0x44, 0x21, 0x12, 0x31, 0x44, 0x62, 0x11, 0xf0, 0x00, 0x13, 0x14, 0x88, 0xbc, 0xcc, 0xc7
    dc.b    0x58, 0x8c, 0xcc, 0xc7, 0x5d, 0xdc, 0xcc, 0xc7, 0x5d, 0xd7, 0x77, 0x7b, 0x55, 0xb7, 0x77, 0x70
    dc.b    0x5b, 0xab, 0xba, 0xa0, 0x8b, 0xbb, 0x88, 0x00, 0x1a, 0x99, 0xdd, 0x80, 0x03, 0x00, 0x10, 0x01
    dc.b    0x60, 0x00, 0xc1, 0x22, 0xf0, 0x00, 0x36, 0x60, 0x00, 0x00, 0x33, 0x66, 0x00, 0x00, 0x33, 0x26
    dc.b    0x00, 0x00, 0x23, 0x22, 0x60, 0x00, 0x12, 0x32, 0x36, 0x00, 0x12, 0x32, 0x26, 0x00, 0x11, 0x23
    dc.b    0x22, 0x60, 0x41, 0x13, 0xd1, 0x01, 0x21, 0x36, 0x41, 0x13, 0x21, 0x26, 0x44, 0x12, 0x21, 0x23
    dc.b    0x44, 0x41, 0x21, 0x12, 0x44, 0x41, 0x21, 0x42, 0x44, 0x44, 0x11, 0x41, 0x44, 0x44, 0x41, 0x41
    dc.b    0x51, 0x01, 0x00, 0x00, 0x0e, 0xee, 0x00, 0x0e, 0xee, 0xef, 0x00, 0xee, 0xf0, 0x00, 0xfe, 0xee
    dc.b    0x0e, 0xee, 0xfe, 0xee, 0xee, 0xef, 0xfe, 0xee, 0xef, 0xff, 0xeb, 0xeb, 0xee, 0xee, 0xe8, 0xb5
    dc.b    0xee, 0xed, 0x8a, 0xc5, 0xee, 0xe8, 0xba, 0xcc, 0xee, 0xdb, 0x87, 0x77, 0xf0, 0x00, 0xee, 0xdb
    dc.b    0xa7, 0x77, 0xee, 0xdb, 0xa7, 0x7a, 0x8e, 0xad, 0x77, 0xd8, 0x8e, 0xad, 0xb7, 0x77, 0xb8, 0xaa
    dc.b    0xdd, 0xba, 0xab, 0x8a, 0xab, 0xdd, 0xaa, 0xb8, 0x88, 0x88, 0xd7, 0x7a, 0xf0, 0x00, 0x8b, 0xa7
    dc.b    0x7d, 0x77, 0x8a, 0x7c, 0xbd, 0xc7, 0xba, 0xcc, 0xda, 0xc7, 0xb7, 0xcc, 0xd7, 0x7a, 0x87, 0xcc
    dc.b    0x77, 0xab, 0x87, 0x77, 0xaa, 0xb8, 0x8a, 0x77, 0x8b, 0x8b, 0xb8, 0xbb, 0xf0, 0x00, 0x88, 0x77
    dc.b    0x77, 0x88, 0x8a, 0xa8, 0x8b, 0xbb, 0x38, 0x87, 0x78, 0x8d, 0x18, 0xbb, 0xbb, 0xd1, 0x48, 0x88
    dc.b    0x8d, 0x12, 0x44, 0xdd, 0xd1, 0x11, 0xee, 0xee, 0x00, 0x00, 0xfe, 0xee, 0xf0, 0x00, 0xee, 0xe0
    dc.b    0xff, 0xfe, 0xee, 0xee, 0xfc, 0xfe, 0xee, 0xff, 0xfc, 0xfe, 0xee, 0xef, 0xff, 0xe8, 0x8e, 0xee
    dc.b    0xef, 0xe7, 0xbe, 0xee, 0xee, 0x77, 0xbe, 0xeb, 0x55, 0xa7, 0xae, 0xbf, 0xf0, 0x00, 0xba, 0x85
    dc.b    0x55, 0xdb, 0xb7, 0x87, 0xc5, 0xbe, 0xb7, 0x8a, 0x7b, 0xee, 0xbd, 0xda, 0x78, 0xee, 0x87, 0x7b
    dc.b    0x8e, 0xee, 0x7a, 0xad, 0xee, 0x1e, 0x7b, 0xdb, 0xbe, 0x14, 0xdd, 0x88, 0xf0, 0x00, 0x88, 0xe4
    dc.b    0xbb, 0xaa, 0xb8, 0x44, 0xcc, 0xc7, 0xb2, 0x41, 0xcc, 0xc7, 0x81, 0x41, 0xcc, 0xc7, 0x84, 0x42
    dc.b    0xcc, 0xcb, 0x84, 0x13, 0xcc, 0x78, 0x24, 0x13, 0x77, 0xa8, 0x44, 0x32, 0xf0, 0x00, 0x7a, 0x81
    dc.b    0x41, 0x31, 0xbb, 0x84, 0x13, 0x14, 0x8d, 0x41, 0x32, 0x44, 0xd1, 0x11, 0x31, 0x44, 0x22, 0x26
    dc.b    0x11, 0x11, 0x22, 0x62, 0x11, 0x1d, 0x29, 0x22, 0x22, 0xd7, 0x92, 0x22, 0x13, 0xa5, 0x2d, 0xd8
    dc.b    0x00, 0x02, 0xeb, 0x33, 0x32, 0x01, 0xcf, 0xee, 0x00, 0x00, 0xfc, 0xef, 0x30, 0x01, 0xff, 0xef
    dc.b    0x00, 0x00, 0xfe, 0xfe, 0xe6, 0xa4, 0x01, 0x0f, 0xf0, 0x00, 0xe0, 0x00, 0x00, 0x00, 0xe6, 0x60
    dc.b    0x00, 0x00, 0x16, 0x36, 0x22, 0x23, 0x16, 0x23, 0x24, 0x42, 0x16, 0x13, 0x31, 0x44, 0x13, 0x41
    dc.b    0x31, 0x44, 0x23, 0x41, 0x32, 0x44, 0x23, 0x41, 0x21, 0x01, 0x23, 0x44, 0x31, 0x44, 0x41, 0xf8
    dc.b    0x22, 0x44, 0x21, 0x44, 0x22, 0x44, 0x14, 0x44, 0x01, 0x01, 0xfe, 0xf0, 0x21, 0x44, 0x44, 0x42
    dc.b    0x24, 0x41, 0x44, 0x23, 0x24, 0x12, 0x41, 0x33, 0x11, 0x28, 0x27, 0xcc, 0x75, 0xd8, 0xcc, 0x8d
    dc.b    0xac, 0x5d, 0x88, 0x7c, 0xc7, 0x5d, 0x7c, 0xc8, 0xda, 0x75, 0x0c, 0x00, 0xf0, 0x00, 0x21, 0x10
    dc.b    0x00, 0x00, 0x34, 0x40, 0x00, 0x00, 0x34, 0x4b, 0x00, 0x00, 0x24, 0x4a, 0xb0, 0x00, 0x24, 0x4c
    dc.b    0xca, 0x00, 0x24, 0x2c, 0xcc, 0x00, 0x24, 0x7c, 0xcc, 0xa0, 0x41, 0x7c, 0xf0, 0x00, 0xcc, 0xa0
    dc.b    0x42, 0xbc, 0xc7, 0xb0, 0x48, 0xba, 0xa7, 0xb0, 0x28, 0xcc, 0x7b, 0x80, 0x87, 0xcc, 0xcc, 0x80
    dc.b    0xac, 0xcc, 0xcc, 0xa0, 0xa7, 0x7c, 0xcc, 0x70, 0xba, 0x77, 0x77, 0x70, 0x60, 0x0a, 0xd8, 0xbb
    dc.b    0xbb, 0x80, 0x8b, 0x7c, 0xc7, 0xb0, 0x55, 0x7c, 0xcc, 0xc0, 0x7e, 0xf5, 0x10, 0x02, 0x44, 0x44
    dc.b    0xd0, 0x17, 0xf0, 0x00, 0x41, 0x22, 0x21, 0x11, 0x12, 0x22, 0x66, 0x33, 0x32, 0x21, 0x33, 0x33
    dc.b    0x22, 0x11, 0x63, 0x33, 0x22, 0x11, 0x96, 0x33, 0x32, 0x21, 0x09, 0x63, 0x32, 0x21, 0x00, 0x96
    dc.b    0x32, 0x22, 0x20, 0x01, 0x00, 0x09, 0x33, 0x22, 0xe6, 0xae, 0x00, 0x03, 0xcb, 0x1a, 0x00, 0x14
    dc.b    0x7f, 0x9d, 0x32, 0x01, 0x60, 0x00, 0x00, 0x00, 0x69, 0x00, 0xf0, 0x00, 0x69, 0x60, 0x00, 0x00
    dc.b    0x66, 0x36, 0x00, 0x00, 0x63, 0x23, 0x60, 0x00, 0x62, 0x22, 0x26, 0x00, 0x32, 0x12, 0x22, 0x60
    dc.b    0x21, 0x11, 0x22, 0x26, 0x14, 0x11, 0x12, 0x22, 0x14, 0x41, 0x80, 0x01, 0x12, 0x22, 0x14, 0x44
    dc.b    0x11, 0x22, 0x14, 0x44, 0x11, 0x12, 0x14, 0x44, 0x41, 0x12, 0x11, 0x44, 0xf2, 0x57, 0xe2, 0x01
    dc.b    0x21, 0x44, 0x44, 0x41, 0x21, 0x14, 0x44, 0x44, 0x22, 0x11, 0x44, 0x44, 0x32, 0x21, 0x44, 0x41
    dc.b    0x63, 0x22, 0x44, 0x18, 0x99, 0x63, 0x38, 0x88, 0x00, 0x00, 0x88, 0x88, 0x10, 0x01, 0x88, 0x8b
    dc.b    0xc8, 0xc7, 0x12, 0x01, 0x0b, 0xaa, 0x50, 0x01, 0x08, 0xbb, 0x00, 0x00, 0x0b, 0xcc, 0x00, 0x00
    dc.b    0x0d, 0x77, 0xcb, 0x82, 0x00, 0x11, 0x7f, 0xaf, 0x10, 0x01, 0x36, 0x00, 0xdd, 0x0f, 0x32, 0x01
    dc.b    0x22, 0x36, 0x00, 0x00, 0x22, 0x23, 0x10, 0x01, 0x12, 0x26, 0xd7, 0xa1, 0x30, 0x01, 0x11, 0x80
    dc.b    0x00, 0x00, 0x18, 0x80, 0xc1, 0x04, 0xf0, 0x00, 0x88, 0xa7, 0x70, 0x00, 0x8a, 0xab, 0xb0, 0x00
    dc.b    0x8a, 0x7c, 0xcb, 0x00, 0xb7, 0xcc, 0xc7, 0xb0, 0x7c, 0xcc, 0xcc, 0x7b, 0x7c, 0xcc, 0xcc, 0x7a
    dc.b    0x77, 0x77, 0x77, 0x7a, 0x77, 0x77, 0xa0, 0x31, 0x77, 0x77, 0x88, 0xaa, 0xba, 0xba, 0xc8, 0xcc
    dc.b    0x8c, 0x87, 0x7d, 0xca, 0xd7, 0xda, 0xdd, 0x8d, 0xd8, 0xd8, 0x00, 0x00, 0x00, 0x00, 0x12, 0x01
    dc.b    0xb0, 0x00, 0x10, 0x01, 0xa7, 0x00, 0xc4, 0xc8, 0x31, 0x0c, 0xd8, 0x00, 0x00, 0x00, 0xd0, 0x00
    dc.b    0x52, 0x01, 0x00, 0x63, 0x00, 0x00, 0x00, 0x61, 0x00, 0x00, 0x00, 0x31, 0x12, 0x01, 0x00, 0x21
    dc.b    0x01, 0x05, 0x10, 0x01, 0x06, 0x32, 0xf6, 0x08, 0x03, 0x01, 0x12, 0x01, 0x06, 0x23, 0x14, 0x01
    dc.b    0x06, 0x22, 0x34, 0x01, 0x00, 0x32, 0x00, 0x00, 0x00, 0x62, 0x01, 0x27, 0x0b, 0x00, 0xa0, 0x01
    dc.b    0x00, 0x0a, 0x00, 0x00, 0x00, 0xb7, 0x00, 0x00, 0x0b, 0xab, 0x00, 0x00, 0xa8, 0x78, 0x00, 0x00
    dc.b    0x8d, 0xbd, 0x14, 0x44, 0x7d, 0x6f, 0x04, 0x00, 0x12, 0x01, 0x44, 0x41, 0x00, 0x01, 0xef, 0x86
    dc.b    0xf0, 0x00, 0x21, 0x11, 0x11, 0x12, 0x32, 0x11, 0x11, 0x11, 0x33, 0x32, 0x21, 0x11, 0x32, 0x23
    dc.b    0x32, 0x22, 0x32, 0x22, 0x22, 0x21, 0x32, 0x11, 0x22, 0x22, 0x32, 0x11, 0x11, 0x12, 0x33, 0x21
    dc.b    0x62, 0x01, 0x11, 0x11, 0x23, 0x21, 0x11, 0x11, 0x23, 0x22, 0x11, 0x11, 0x22, 0x32, 0xf0, 0x00
    dc.b    0x33, 0x23, 0x21, 0x12, 0x08, 0x88, 0x88, 0x8b, 0x00, 0x88, 0x8b, 0xb7, 0x00, 0x88, 0xba, 0x7c
    dc.b    0x08, 0xbb, 0xaa, 0x7c, 0x0b, 0x77, 0xcc, 0xcc, 0xa7, 0xcc, 0xcc, 0xcc, 0x77, 0xcc, 0xb2, 0x01
    dc.b    0xcc, 0xcc, 0x77, 0x7c, 0xcc, 0xcc, 0xab, 0x8a, 0x8b, 0x77, 0xc8, 0xcc, 0x8c, 0xcc, 0xad, 0xab
    dc.b    0xd7, 0xa8, 0x41, 0x11, 0x12, 0x33, 0xf0, 0x00, 0x23, 0x36, 0x12, 0x23, 0x33, 0x36, 0x11, 0x11
    dc.b    0x11, 0x39, 0x11, 0x26, 0x69, 0x99, 0x11, 0x22, 0x36, 0x90, 0x12, 0x23, 0x69, 0x90, 0x22, 0x36
    dc.b    0x92, 0x90, 0x36, 0x62, 0x29, 0x60, 0xb2, 0x01, 0x11, 0x12, 0x92, 0x60, 0x23, 0x36, 0x22, 0x90
    dc.b    0x11, 0x11, 0x26, 0x90, 0x22, 0x22, 0x69, 0x00, 0x22, 0x36, 0x69, 0x00, 0x11, 0x13, 0x21, 0x01
    dc.b    0x11, 0x26, 0x90, 0x00, 0x70, 0x01, 0x12, 0x39, 0x00, 0x00, 0x26, 0x90, 0x00, 0x00, 0xbb, 0x80
    dc.b    0x00, 0x00, 0x7c, 0xb0, 0xc4, 0x45, 0xd0, 0x2c, 0xc7, 0xcb, 0x00, 0x00, 0x77, 0xc7, 0x00, 0x00
    dc.b    0x7a, 0xc7, 0x00, 0x00, 0xcb, 0xbb, 0x00, 0x00, 0xc8, 0x80, 0x00, 0x00, 0xa8, 0x00, 0x00, 0x00
    dc.b    0x80, 0x00, 0x7f, 0x0a, 0x12, 0x01, 0x00, 0x06, 0x01, 0xeb, 0x01, 0x01, 0x12, 0x01, 0x06, 0x11
    dc.b    0x30, 0x01, 0x63, 0x14, 0x00, 0x00, 0x61, 0x14, 0xca, 0x04, 0x01, 0x01, 0xb2, 0x01, 0x21, 0x44
    dc.b    0x00, 0x93, 0x22, 0x11, 0x00, 0x96, 0x32, 0x11, 0x00, 0x09, 0x66, 0x33, 0x00, 0x00, 0x99, 0x96
    dc.b    0x00, 0x00, 0x00, 0x05, 0x01, 0xff, 0xf0, 0x00, 0x00, 0x11, 0x00, 0x00, 0x33, 0x31, 0x00, 0x03
    dc.b    0x21, 0x23, 0x00, 0x02, 0x11, 0x11, 0x00, 0x21, 0x44, 0x44, 0x03, 0x31, 0x11, 0x44, 0x06, 0x99
    dc.b    0x93, 0x11, 0x09, 0x63, 0x39, 0x93, 0x50, 0x01, 0x00, 0x63, 0x22, 0x39, 0x06, 0x32, 0x11, 0x12
    dc.b    0x06, 0x11, 0xdf, 0x21, 0x12, 0x01, 0x61, 0x14, 0x12, 0x01, 0x11, 0x44, 0x0c, 0xed, 0x01, 0x01
    dc.b    0x10, 0x01, 0x44, 0x12, 0xc5, 0x94, 0xe0, 0x01, 0x44, 0x16, 0x11, 0x11, 0x11, 0x16, 0x22, 0x22
    dc.b    0x22, 0x22, 0x66, 0x66, 0x63, 0x22, 0x92, 0x26, 0x66, 0x62, 0x55, 0x93, 0x22, 0x26, 0x65, 0x55
    dc.b    0x96, 0x32, 0x13, 0x55, 0xd2, 0x4c, 0xf0, 0x00, 0x31, 0x44, 0x41, 0x11, 0x23, 0x11, 0x44, 0x41
    dc.b    0x12, 0x23, 0x11, 0x11, 0x44, 0x12, 0x33, 0x33, 0x44, 0x44, 0x12, 0x26, 0x11, 0x44, 0x44, 0x12
    dc.b    0x92, 0x11, 0x11, 0x11, 0x39, 0x99, 0xb5, 0x01, 0x31, 0x11, 0x12, 0x33, 0x99, 0x93, 0x41, 0x12
    dc.b    0x33, 0x69, 0x41, 0x11, 0x33, 0x36, 0x41, 0x11, 0x33, 0x33, 0x41, 0x11, 0x23, 0x33, 0xe0, 0x09
    dc.b    0x11, 0x11, 0x23, 0x36, 0x11, 0x12, 0x33, 0x36, 0x11, 0x12, 0x33, 0x66, 0x11, 0x12, 0x33, 0x69
    dc.b    0x11, 0x23, 0x36, 0x90, 0x23, 0x33, 0x36, 0x90, 0x11, 0x11, 0x39, 0x00, 0x7e, 0xaf, 0x70, 0x01
    dc.b    0x00, 0xa7, 0x00, 0x00, 0x0b, 0x7c, 0x00, 0x00, 0x0b, 0x77, 0x00, 0x00, 0x0b, 0xbb, 0xc7, 0x7f
    dc.b    0xc0, 0x01, 0x87, 0xcc, 0x00, 0x08, 0xb7, 0xcc, 0x00, 0x08, 0xa7, 0x77, 0x00, 0x08, 0x8b, 0xb8
    dc.b    0x00, 0x0b, 0x7c, 0xcc, 0x00, 0x7c, 0xcc, 0xcc, 0x0a, 0xcc, 0xe9, 0xed, 0x80, 0x01, 0x8c, 0xcc
    dc.b    0xcc, 0xcc, 0x87, 0x77, 0x77, 0x77, 0x8a, 0xa7, 0x77, 0xaa, 0x07, 0x77, 0xaa, 0xab, 0xda, 0x0e
    dc.b    0x05, 0x00, 0xf0, 0x00, 0x02, 0x22, 0x00, 0x0a, 0x14, 0x44, 0x7c, 0xc1, 0x44, 0x44, 0xcc, 0xb4
    dc.b    0x44, 0x44, 0xc7, 0x24, 0x44, 0x42, 0x7a, 0x14, 0x44, 0x43, 0x7b, 0x14, 0x44, 0x33, 0x78, 0x14
    dc.b    0x12, 0x62, 0xf0, 0x00, 0xc8, 0x22, 0x26, 0x22, 0xc8, 0x22, 0x36, 0x23, 0xad, 0x36, 0x95, 0x55
    dc.b    0xdd, 0x55, 0x58, 0x5d, 0xc5, 0x88, 0x8d, 0x55, 0xc5, 0xdd, 0xdd, 0x5b, 0xc5, 0x5d, 0xd5, 0x58
    dc.b    0xc5, 0x55, 0xf1, 0x01, 0x55, 0x55, 0x77, 0x55, 0x55, 0x59, 0x7a, 0xaa, 0xa8, 0x99, 0xaa, 0xab
    dc.b    0x89, 0x66, 0xbb, 0x88, 0x93, 0x33, 0x88, 0x99, 0x32, 0x21, 0x09, 0x96, 0x22, 0x14, 0x00, 0x00
    dc.b    0x00, 0x0e, 0xf0, 0x00, 0x23, 0x33, 0x66, 0x3e, 0x41, 0x26, 0x11, 0x6e, 0x42, 0x31, 0x16, 0x32
    dc.b    0x22, 0x14, 0x16, 0x22, 0x32, 0x44, 0x33, 0x13, 0x34, 0x44, 0x62, 0x18, 0x24, 0x41, 0x62, 0x18
    dc.b    0x11, 0x26, 0xf0, 0x00, 0x8b, 0xa8, 0x36, 0x55, 0x55, 0x8d, 0x55, 0x88, 0x57, 0x8c, 0x88, 0xd5
    dc.b    0xac, 0x78, 0xd5, 0x5c, 0x78, 0x7d, 0x55, 0x78, 0x78, 0xb7, 0xba, 0x7a, 0x8c, 0xd7, 0xad, 0xd7
    dc.b    0xd7, 0xdd, 0xf0, 0x00, 0xda, 0xa7, 0xdd, 0xd8, 0x9d, 0xdd, 0x93, 0x23, 0x96, 0x66, 0x92, 0x41
    dc.b    0x33, 0x33, 0x36, 0x41, 0x32, 0x22, 0x26, 0x14, 0x14, 0x44, 0x46, 0x44, 0x44, 0x44, 0x41, 0x64
    dc.b    0x93, 0x21, 0x90, 0x04, 0x11, 0x21, 0x09, 0x63, 0x11, 0x11, 0x00, 0x99, 0x32, 0x11, 0x00, 0x00
    dc.b    0x99, 0x63, 0x00, 0x00, 0x09, 0x99, 0x7d, 0x0d, 0x00, 0x00, 0x00, 0x00
spr_ken_710_animation0_frame0_tileset_data_size = .-spr_ken_710_animation0_frame0_tileset_data

    .align  2
spr_ken_710_animation0_frame1_tileset_data:
    dc.b    0x12, 0x00, 0x00, 0x00, 0x10, 0x01, 0x30, 0x00, 0xcb, 0x0f, 0xf0, 0x00, 0x41, 0x30, 0x00, 0x00
    dc.b    0x44, 0x23, 0x00, 0x00, 0x44, 0x12, 0x30, 0x00, 0x44, 0x42, 0x26, 0x00, 0x44, 0x12, 0x23, 0x60
    dc.b    0x11, 0x12, 0x23, 0x36, 0x12, 0x22, 0x32, 0x23, 0x22, 0x22, 0x44, 0x00, 0x21, 0x23, 0x11, 0x11
    dc.b    0x11, 0x12, 0x11, 0x11, 0x12, 0x01, 0x22, 0x11, 0x11, 0x01, 0x22, 0x22, 0x20, 0x01, 0x22, 0x11
    dc.b    0x12, 0x22, 0xc7, 0xd0, 0x60, 0x01, 0x21, 0x11, 0x11, 0x22, 0x96, 0x21, 0x11, 0x23, 0x09, 0x62
    dc.b    0x23, 0x68, 0xc1, 0xbb, 0x00, 0x1d, 0x00, 0x00, 0x12, 0x01, 0x60, 0x00, 0x10, 0x01, 0x36, 0x00
    dc.b    0xdb, 0x17, 0xb1, 0x01, 0x13, 0x26, 0x00, 0x00, 0x12, 0x32, 0x60, 0x00, 0x11, 0x32, 0x26, 0x00
    dc.b    0x11, 0x22, 0x22, 0x60, 0x11, 0x12, 0x22, 0x20, 0x11, 0x11, 0xf0, 0x00, 0x22, 0x00, 0x21, 0x11
    dc.b    0x18, 0x00, 0x22, 0x18, 0x88, 0x80, 0x38, 0x88, 0x8b, 0xbb, 0x88, 0x88, 0xba, 0x77, 0x88, 0x8a
    dc.b    0xa7, 0x7c, 0x88, 0xaa, 0x77, 0xcc, 0x8b, 0xa7, 0x77, 0xcc, 0x80, 0x1e, 0x8b, 0x77, 0x77, 0x77
    dc.b    0x87, 0x7a, 0xbb, 0xa7, 0x8b, 0xaa, 0x88, 0xba, 0x08, 0x88, 0x8d, 0xd8, 0x7f, 0xb5, 0x0f, 0x00
    dc.b    0x10, 0x01, 0x7a, 0x00, 0xd5, 0xbe, 0xc0, 0x2e, 0xcc, 0xcc, 0x77, 0x00, 0xcc, 0xcc, 0xcc, 0xca
    dc.b    0xcc, 0xcc, 0x77, 0xaa, 0x77, 0x77, 0x77, 0xc7, 0x77, 0x7a, 0x7c, 0xca, 0x8b, 0xbd, 0x8b, 0xb8
    dc.b    0x7f, 0xc1, 0x07, 0x00, 0xf0, 0x00, 0xab, 0xb0, 0x00, 0x00, 0x87, 0x87, 0x00, 0x00, 0x8c, 0x87
    dc.b    0x00, 0x00, 0xdd, 0x00, 0x00, 0x00, 0x55, 0xcc, 0xcc, 0xaa, 0x88, 0x5c, 0xca, 0x31, 0xd8, 0x85
    dc.b    0xa3, 0x11, 0xdd, 0xd5, 0xf0, 0x00, 0x51, 0x19, 0xdd, 0x5d, 0x85, 0x93, 0x55, 0x58, 0x88, 0x56
    dc.b    0x5d, 0xdd, 0x88, 0x55, 0x55, 0xdd, 0xd5, 0x57, 0x55, 0x5d, 0x55, 0x7c, 0xd5, 0x55, 0x8a, 0x7c
    dc.b    0x35, 0x58, 0xbb, 0xa7, 0xf0, 0x00, 0x93, 0xd8, 0xbb, 0xb7, 0x92, 0x2d, 0x8b, 0xab, 0x44, 0x22
    dc.b    0xdb, 0xa7, 0x44, 0x41, 0x2d, 0xa7, 0x11, 0x11, 0x12, 0xda, 0x33, 0x36, 0x99, 0x2d, 0x99, 0x99
    dc.b    0x32, 0x12, 0x63, 0x21, 0x21, 0x00, 0x12, 0x3d, 0x55, 0x55, 0xf0, 0x00, 0x55, 0x96, 0x55, 0x52
    dc.b    0x11, 0x11, 0x25, 0x55, 0x31, 0x11, 0x53, 0x55, 0x55, 0x66, 0x59, 0x95, 0x55, 0x56, 0x55, 0x22
    dc.b    0x55, 0x55, 0x55, 0x52, 0x25, 0x55, 0x55, 0x55, 0x99, 0x95, 0xf0, 0x00, 0x65, 0x55, 0x59, 0x66
    dc.b    0x29, 0x55, 0x55, 0x56, 0x26, 0x95, 0x55, 0x55, 0x26, 0x99, 0x55, 0x55, 0x31, 0x16, 0x24, 0x44
    dc.b    0x11, 0x63, 0x21, 0x12, 0x39, 0x32, 0x11, 0x22, 0x93, 0x22, 0xe0, 0x01, 0x22, 0x28, 0x32, 0x22
    dc.b    0x23, 0x88, 0x33, 0x22, 0x68, 0xba, 0x66, 0x66, 0x88, 0xbc, 0xca, 0xb8, 0xdd, 0xa7, 0xcc, 0xc7
    dc.b    0xb8, 0xdb, 0xcc, 0xcc, 0xc7, 0xb8, 0xcc, 0xcc, 0xdb, 0x2d, 0x61, 0xa4, 0xa7, 0xcc, 0xcc, 0xca
    dc.b    0xaa, 0x7c, 0xcc, 0xc7, 0x7a, 0x77, 0xcc, 0xc7, 0xf0, 0x00, 0xa7, 0x7a, 0xba, 0x77, 0xdb, 0x77
    dc.b    0x7b, 0xb8, 0x5d, 0xdb, 0x77, 0x80, 0x55, 0x6d, 0x88, 0x20, 0x31, 0x11, 0x29, 0x22, 0x11, 0x12
    dc.b    0x61, 0x99, 0x22, 0x33, 0x11, 0x19, 0x31, 0x11, 0xa0, 0x03, 0x11, 0x11, 0x11, 0x11, 0x11, 0x19
    dc.b    0x56, 0x23, 0x99, 0x96, 0x55, 0x59, 0x66, 0x33, 0x55, 0x55, 0x53, 0x22, 0x55, 0x55, 0xd9, 0x53
    dc.b    0x70, 0x01, 0x56, 0x66, 0x95, 0x32, 0x19, 0x8b, 0xa7, 0xcc, 0x88, 0xba, 0x7c, 0xcc, 0x8b, 0xa7
    dc.b    0xcc, 0x83, 0xf0, 0x00, 0x8b, 0xba, 0x77, 0x77, 0x7c, 0xc7, 0x77, 0xa7, 0xcc, 0xcc, 0xc7, 0x7a
    dc.b    0x7c, 0xcc, 0xc7, 0x7b, 0x7c, 0xcc, 0xc7, 0x78, 0xa7, 0xcc, 0xc7, 0xab, 0xba, 0x77, 0x77, 0xab
    dc.b    0x8a, 0xa7, 0xa0, 0x03, 0x77, 0xb8, 0x8b, 0xa7, 0xaa, 0xb8, 0x8b, 0xaa, 0xab, 0x80, 0xba, 0xab
    dc.b    0x88, 0x00, 0xaa, 0xa8, 0x00, 0x00, 0x7a, 0x80, 0xd5, 0x08, 0x01, 0x00, 0xf0, 0x00, 0x20, 0x00
    dc.b    0x00, 0x00, 0x11, 0x00, 0x00, 0x00, 0x91, 0x16, 0x00, 0x00, 0x99, 0x11, 0x60, 0x00, 0x93, 0x99
    dc.b    0x99, 0x00, 0x33, 0x33, 0x33, 0x00, 0x21, 0x11, 0x11, 0x33, 0x11, 0x14, 0x20, 0x02, 0x44, 0x11
    dc.b    0x11, 0x14, 0xd4, 0x95, 0xf0, 0x00, 0x11, 0x44, 0x11, 0x11, 0x11, 0x14, 0xcc, 0xab, 0x99, 0x30
    dc.b    0xcc, 0xca, 0xb9, 0x30, 0xcc, 0xc7, 0xa9, 0x00, 0xcc, 0xc7, 0xa8, 0x00, 0xcc, 0x77, 0xa8, 0x00
    dc.b    0x77, 0x7a, 0xb8, 0x00, 0x76, 0x31, 0x7a, 0xab, 0x88, 0x00, 0xba, 0xbb, 0x80, 0x00, 0xbb, 0xb8
    dc.b    0x80, 0x00, 0x88, 0x88, 0x00, 0x1a, 0x00, 0x00, 0x30, 0x01, 0x33, 0x00, 0x00, 0x00, 0x11, 0x33
    dc.b    0xef, 0xe3, 0x48, 0x12, 0x44, 0x41, 0x11, 0x00, 0x44, 0x44, 0x11, 0x13, 0x10, 0x01, 0x00, 0xee
    dc.b    0xfb, 0xab, 0x22, 0x01, 0xee, 0xee, 0x00, 0xee, 0xf0, 0x00, 0x0e, 0xee, 0xff, 0xff, 0x0e, 0xef
    dc.b    0xee, 0xe5, 0x2e, 0xef, 0xfe, 0xb5, 0x2e, 0xfc, 0xeb, 0xac, 0x3e, 0xfc, 0xeb, 0x77, 0x6e, 0xfe
    dc.b    0xe8, 0x77, 0x22, 0xed, 0xea, 0xa7, 0x28, 0xed, 0xf7, 0x2e, 0xe7, 0x77, 0x8b, 0xbd, 0xb7, 0x7d
    dc.b    0x8b, 0xad, 0xdb, 0x77, 0x8b, 0x77, 0x8d, 0xd8, 0x78, 0x77, 0xcb, 0x8d, 0xc7, 0xba, 0xcc, 0x7b
    dc.b    0xcc, 0xbb, 0xbb, 0xbb, 0xdd, 0xb7, 0xcc, 0xcc, 0xf0, 0x00, 0xee, 0xee, 0xee, 0xe0, 0xee, 0xef
    dc.b    0xee, 0xee, 0xee, 0xef, 0xfe, 0xef, 0xee, 0xfc, 0xfe, 0xef, 0xfc, 0xcf, 0xee, 0xee, 0xff, 0xfe
    dc.b    0xea, 0xbe, 0xee, 0x5e, 0xa7, 0xae, 0x5e, 0xa7, 0xf0, 0x00, 0x77, 0xae, 0x55, 0x57, 0x7e, 0xee
    dc.b    0x7b, 0x7b, 0x55, 0x55, 0x7b, 0x78, 0xc5, 0x5b, 0x7b, 0x78, 0xa7, 0xbe, 0xab, 0xdd, 0xa7, 0x8e
    dc.b    0x88, 0xd7, 0xb8, 0xee, 0x77, 0xad, 0xde, 0xe3, 0xa9, 0x73, 0xba, 0xd8, 0xb8, 0x34, 0xdd, 0x8b
    dc.b    0xb8, 0x14, 0xba, 0xaa, 0xb3, 0x41, 0xb8, 0x88, 0x34, 0x16, 0xca, 0xa3, 0x11, 0x62, 0x00, 0x02
    dc.b    0xde, 0xd3, 0x61, 0x01, 0xcf, 0xfe, 0x00, 0x00, 0xfc, 0xff, 0xe0, 0x00, 0xfc, 0xef, 0xf0, 0x00
    dc.b    0x10, 0x01, 0xfe, 0xef, 0xd9, 0x68, 0x12, 0x0f, 0xae, 0xee, 0xf0, 0x00, 0xef, 0xee, 0x00, 0x00
    dc.b    0xef, 0x3e, 0x43, 0x00, 0xee, 0x3e, 0x44, 0x30, 0x41, 0x34, 0x11, 0x23, 0x43, 0x21, 0x12, 0x22
    dc.b    0x13, 0x22, 0x21, 0x41, 0x62, 0x24, 0x44, 0x44, 0x24, 0x44, 0x30, 0x22, 0x11, 0x36, 0x44, 0x41
    dc.b    0x99, 0x8b, 0x7e, 0x45, 0x12, 0xbf, 0x30, 0x00, 0xf0, 0x00, 0x44, 0x22, 0x00, 0x00, 0x44, 0x44
    dc.b    0x42, 0x00, 0x99, 0x96, 0x21, 0x10, 0xbb, 0x89, 0x99, 0x22, 0x69, 0x66, 0x66, 0x63, 0x69, 0x99
    dc.b    0x66, 0x33, 0x69, 0x00, 0x99, 0x63, 0x69, 0x00, 0x10, 0x02, 0x00, 0x96, 0xfa, 0x6b, 0x09, 0x01
    dc.b    0x00, 0x18, 0x00, 0x00, 0xf0, 0x00, 0x33, 0x33, 0x63, 0x22, 0x22, 0x22, 0x33, 0x32, 0x22, 0x22
    dc.b    0x22, 0x33, 0x32, 0x21, 0x11, 0x22, 0x96, 0x32, 0x11, 0x11, 0x09, 0x93, 0x32, 0x21, 0x00, 0x09
    dc.b    0x96, 0x32, 0x00, 0x00, 0x10, 0x01, 0x09, 0x96, 0xd7, 0xb5, 0x00, 0x1b, 0x00, 0x00, 0x32, 0x01
    dc.b    0x11, 0x11, 0x11, 0x11, 0x21, 0x11, 0x90, 0x01, 0x22, 0x11, 0x11, 0x11, 0x12, 0x22, 0x11, 0x11
    dc.b    0x11, 0x22, 0x22, 0x11, 0x21, 0x11, 0x22, 0x11, 0x32, 0x22, 0xd1, 0x4f, 0x20, 0x03, 0x09, 0x93
    dc.b    0x33, 0x22, 0xfd, 0x0d, 0x20, 0x03, 0x09, 0x62, 0x00, 0x00, 0xc7, 0x0d, 0x0f, 0x2f, 0x63, 0x01
    dc.b    0x44, 0x44, 0x11, 0x13, 0x14, 0x44, 0x44, 0x11, 0x14, 0x44, 0x44, 0x44, 0x00, 0x01, 0x7e, 0x5f
    dc.b    0x01, 0x01, 0x10, 0x02, 0x14, 0x44, 0xc7, 0x54, 0x30, 0x01, 0x33, 0x22, 0x22, 0x22, 0x66, 0x33
    dc.b    0xf0, 0x96, 0x01, 0x3b, 0x01, 0x01, 0x01, 0x7c, 0x82, 0x3f, 0x96, 0x31, 0x22, 0x22, 0x09, 0x33
    dc.b    0x11, 0x22, 0x00, 0x96, 0x21, 0x12, 0x00, 0x09, 0x96, 0x11, 0x14, 0x30, 0x00, 0x99, 0xf0, 0x00
    dc.b    0x0b, 0xa7, 0x00, 0x00, 0x8b, 0xbb, 0x00, 0x8a, 0xcc, 0xcc, 0x08, 0x7c, 0xcc, 0xcc, 0x0b, 0xcc
    dc.b    0x78, 0xdd, 0x87, 0xca, 0x55, 0x55, 0x87, 0x75, 0x55, 0x55, 0xda, 0xb5, 0x55, 0x57, 0xce, 0x5a
    dc.b    0x0d, 0xb5, 0x55, 0x77, 0x00, 0xd5, 0x57, 0x7d, 0x00, 0x00, 0x57, 0xc7, 0x00, 0x00, 0x0d, 0x7c
    dc.b    0x00, 0x00, 0x00, 0xda, 0x00, 0x00, 0x00, 0x0d, 0x16, 0x01, 0x00, 0x06, 0x01, 0x73, 0x0a, 0x01
    dc.b    0xf0, 0x00, 0xcc, 0x78, 0x16, 0x11, 0xba, 0xa8, 0x19, 0x12, 0xa8, 0x8d, 0x19, 0x18, 0xca, 0xdd
    dc.b    0x93, 0x28, 0xbc, 0xdd, 0x93, 0x28, 0x55, 0x77, 0xd3, 0x38, 0x77, 0xa7, 0xc8, 0x3d, 0x7c, 0xcd
    dc.b    0xf0, 0x00, 0x7c, 0x8d, 0xcd, 0xcc, 0xd7, 0xad, 0xcc, 0xd7, 0x7d, 0xd9, 0xdc, 0x7d, 0x77, 0x13
    dc.b    0x7d, 0x7d, 0xd1, 0x11, 0x77, 0xd0, 0x39, 0x21, 0xdd, 0x01, 0x53, 0x92, 0x00, 0x01, 0x55, 0x39
    dc.b    0xf0, 0x00, 0x00, 0x61, 0x15, 0x53, 0x06, 0x26, 0x46, 0x55, 0x06, 0x26, 0x14, 0x55, 0x62, 0x13
    dc.b    0x64, 0x46, 0x61, 0x11, 0x33, 0x24, 0x61, 0x14, 0x41, 0x22, 0x31, 0x14, 0x44, 0x44, 0x21, 0x11
    dc.b    0xe2, 0x01, 0x19, 0x99, 0x21, 0x39, 0x96, 0x32, 0x26, 0x96, 0x31, 0x11, 0x69, 0x32, 0x21, 0x11
    dc.b    0x96, 0x32, 0x21, 0x11, 0x63, 0x32, 0x21, 0x11, 0x33, 0x33, 0x21, 0x11, 0x32, 0x33, 0x91, 0x01
    dc.b    0x32, 0x23, 0x21, 0x11, 0x8b, 0xbd, 0xd7, 0x75, 0x8b, 0xd7, 0x77, 0x5d, 0xbd, 0x77, 0x77, 0x5d
    dc.b    0xbd, 0x7d, 0xf0, 0x00, 0x87, 0x55, 0xbd, 0xd7, 0xd7, 0xa5, 0x8b, 0xbd, 0xdd, 0x7a, 0xd8, 0x88
    dc.b    0x8d, 0xdd, 0x88, 0xbb, 0x88, 0x88, 0x8b, 0xba, 0xbb, 0x8d, 0x98, 0xba, 0xb8, 0xd2, 0x39, 0xbb
    dc.b    0x8d, 0x12, 0xf0, 0x00, 0x16, 0x9d, 0xd1, 0x44, 0x13, 0x99, 0x24, 0x49, 0x21, 0x29, 0x62, 0x94
    dc.b    0x99, 0x23, 0x99, 0x31, 0x33, 0x99, 0x33, 0x96, 0x55, 0x33, 0x99, 0x39, 0x55, 0x55, 0x93, 0x96
    dc.b    0x16, 0x55, 0xf0, 0x01, 0x55, 0x55, 0x11, 0x26, 0x65, 0x55, 0x41, 0x13, 0x65, 0x55, 0x99, 0x91
    dc.b    0x35, 0x55, 0x22, 0x69, 0x99, 0x55, 0x11, 0x11, 0x26, 0x55, 0x14, 0x44, 0x11, 0x65, 0x14, 0x44
    dc.b    0x41, 0x26, 0xe9, 0x70, 0x01, 0xe5, 0x04, 0x01, 0x20, 0x01, 0x00, 0x00, 0x00, 0x93, 0x7e, 0xfb
    dc.b    0x14, 0x8b, 0x00, 0x96, 0x01, 0xcf, 0x32, 0x01, 0x09, 0x69, 0x00, 0x00, 0x09, 0x29, 0xa1, 0x01
    dc.b    0x96, 0x19, 0x00, 0x00, 0x96, 0x16, 0x00, 0x09, 0x66, 0x13, 0x00, 0x09, 0x36, 0x12, 0x00, 0x96
    dc.b    0x23, 0x11, 0x00, 0x93, 0xd0, 0x01, 0x13, 0x21, 0x00, 0x92, 0x11, 0x22, 0x00, 0x92, 0x11, 0x12
    dc.b    0x00, 0x03, 0x11, 0x12, 0x00, 0x00, 0x11, 0x11, 0x00, 0x00, 0x01, 0x11, 0x00, 0x00, 0x08, 0x21
    dc.b    0xd1, 0x38, 0x31, 0xed, 0x88, 0x88, 0x00, 0x88, 0x8a, 0xa7, 0xf0, 0x00, 0x08, 0xa7, 0xcc, 0xcc
    dc.b    0x0b, 0xa7, 0x77, 0x77, 0xbb, 0x78, 0xa8, 0xa7, 0x78, 0x78, 0xc8, 0xcc, 0xad, 0x7d, 0x7d, 0x77
    dc.b    0xd8, 0xdd, 0x85, 0x88, 0x21, 0x33, 0x11, 0x11, 0x21, 0x23, 0x11, 0x01, 0x21, 0x11, 0x61, 0x02
    dc.b    0x21, 0x12, 0x31, 0x11, 0x21, 0x12, 0x32, 0x11, 0x22, 0x11, 0x22, 0x11, 0xf0, 0x00, 0x32, 0x11
    dc.b    0x12, 0x21, 0x61, 0x21, 0x12, 0x21, 0x61, 0x22, 0x11, 0x21, 0x61, 0x23, 0x21, 0x11, 0x61, 0x12
    dc.b    0x31, 0x11, 0x32, 0x11, 0x33, 0x21, 0x22, 0x11, 0x22, 0x32, 0x23, 0x22, 0x31, 0x01, 0x12, 0x23
    dc.b    0x12, 0x22, 0x22, 0x22, 0x11, 0x18, 0x22, 0x22, 0xf0, 0x00, 0x11, 0x11, 0x22, 0x11, 0x11, 0x12
    dc.b    0x12, 0x21, 0x11, 0x26, 0x11, 0x11, 0x12, 0x69, 0x21, 0x11, 0x26, 0x90, 0x88, 0x8d, 0xd9, 0x00
    dc.b    0xcc, 0xab, 0x80, 0x00, 0xcc, 0xca, 0x80, 0x00, 0xc0, 0x01, 0xcc, 0x77, 0xb0, 0x00, 0x77, 0x7a
    dc.b    0xb0, 0x00, 0x88, 0xaa, 0xab, 0x00, 0x8c, 0xcc, 0xb7, 0x00, 0xdb, 0x77, 0xba, 0x00, 0x5d, 0x88
    dc.b    0x80, 0x00, 0xec, 0x15, 0x01, 0x01, 0x10, 0x01, 0x41, 0x13, 0xd9, 0x1b, 0x03, 0x01, 0xf0, 0x00
    dc.b    0x42, 0x33, 0x44, 0x44, 0x42, 0x23, 0x44, 0x44, 0x22, 0x13, 0x44, 0x44, 0x21, 0x16, 0x44, 0x41
    dc.b    0x41, 0x26, 0x44, 0x44, 0x11, 0x39, 0x14, 0x41, 0x23, 0x69, 0x22, 0x23, 0x36, 0x90, 0x70, 0x01
    dc.b    0x36, 0x66, 0x99, 0x00, 0x33, 0x33, 0x90, 0x00, 0x22, 0x29, 0x00, 0x00, 0x12, 0x90, 0xfb, 0x8f
    dc.b    0x10, 0x1b, 0x69, 0x00, 0x7d, 0xed, 0x0a, 0x00, 0xf0, 0x00, 0x00, 0x0a, 0x00, 0x00, 0x00, 0xa7
    dc.b    0x00, 0x00, 0x0b, 0xcb, 0x00, 0x00, 0x0b, 0xc3, 0x00, 0x00, 0x0a, 0x72, 0x00, 0x00, 0xbb, 0x74
    dc.b    0x00, 0xa7, 0xab, 0x14, 0x07, 0xcc, 0xab, 0x11, 0x25, 0x16, 0xac, 0xcc, 0xc8, 0x16, 0xf0, 0x00
    dc.b    0x00, 0x03, 0x24, 0x41, 0x00, 0x11, 0x14, 0x44, 0x02, 0x22, 0x21, 0x12, 0x22, 0x22, 0x14, 0x46
    dc.b    0x23, 0x14, 0x44, 0x26, 0x31, 0x41, 0x42, 0x64, 0x14, 0x44, 0x43, 0x42, 0x44, 0x44, 0xb0, 0x00
    dc.b    0x34, 0x18, 0x44, 0x43, 0x44, 0x8b, 0x44, 0x64, 0x48, 0xa7, 0x46, 0x44, 0x8b, 0x77, 0x64, 0x48
    dc.b    0x8b, 0x77, 0x14, 0x28, 0xba, 0xad, 0x00, 0x00, 0x00, 0x00
spr_ken_710_animation0_frame1_tileset_data_size = .-spr_ken_710_animation0_frame1_tileset_data

    .align  2
spr_ken_710_animation0_frame2_tileset_data:
    dc.b    0x1b, 0x00, 0x00, 0x00, 0xf0, 0x00, 0xaa, 0xb2, 0x00, 0xa7, 0x76, 0x11, 0x07, 0x77, 0x91, 0x11
    dc.b    0xb7, 0x79, 0x11, 0x11, 0xaa, 0x92, 0x11, 0x23, 0xb9, 0x91, 0x12, 0x11, 0xb9, 0x23, 0x21, 0x13
    dc.b    0x93, 0x31, 0x12, 0x88, 0xf0, 0x00, 0x93, 0x11, 0x38, 0x8a, 0x61, 0x18, 0x8b, 0xcc, 0x21, 0x38
    dc.b    0xac, 0xc7, 0x21, 0x8b, 0xcc, 0x78, 0x22, 0x8b, 0xcc, 0xba, 0x22, 0x8b, 0xca, 0xbc, 0x32, 0x8b
    dc.b    0x7b, 0x7a, 0x32, 0x8b, 0xf0, 0x00, 0xa8, 0xa4, 0x33, 0x8b, 0x8b, 0x11, 0x6d, 0xd8, 0x81, 0x16
    dc.b    0xda, 0x7b, 0xd1, 0x26, 0x7d, 0x77, 0x7d, 0x62, 0x7b, 0xd7, 0x7d, 0x62, 0x57, 0xb7, 0x7d, 0x63
    dc.b    0xd5, 0x77, 0x7d, 0x96, 0x81, 0x01, 0x85, 0x55, 0x55, 0x99, 0x55, 0xd8, 0x8d, 0x55, 0x5d, 0xdd
    dc.b    0x88, 0xda, 0x00, 0x00, 0x0e, 0xee, 0x20, 0x02, 0x00, 0x0e, 0xee, 0xee, 0xc4, 0xe2, 0xf0, 0x00
    dc.b    0xee, 0xeb, 0xee, 0xff, 0x22, 0xbe, 0xee, 0xee, 0x1e, 0xee, 0xaf, 0xfb, 0x1e, 0xeb, 0xef, 0xfe
    dc.b    0x66, 0x2e, 0xef, 0xe7, 0x12, 0xed, 0xee, 0xe7, 0x13, 0x8a, 0xee, 0xdb, 0x88, 0xb7, 0xf0, 0x00
    dc.b    0x7b, 0xd8, 0x88, 0x7c, 0x7b, 0x8d, 0x8b, 0x7c, 0xab, 0x8d, 0x87, 0x7a, 0xba, 0xbd, 0x8b, 0xbb
    dc.b    0xb8, 0x22, 0xac, 0xc7, 0x71, 0x41, 0xcc, 0xa4, 0x44, 0x26, 0x71, 0x44, 0x16, 0x62, 0xf0, 0x00
    dc.b    0x14, 0x16, 0x62, 0x22, 0x46, 0x62, 0x11, 0x22, 0x62, 0x44, 0x12, 0x22, 0x24, 0x44, 0x12, 0x22
    dc.b    0x14, 0x41, 0x22, 0x33, 0x11, 0x12, 0x23, 0x36, 0x11, 0x22, 0x23, 0x68, 0x22, 0x22, 0xa1, 0x00
    dc.b    0x36, 0x8b, 0x63, 0x32, 0x36, 0x8b, 0x99, 0x66, 0x68, 0x87, 0xdd, 0xdd, 0xd8, 0xb7, 0xcc, 0xcc
    dc.b    0xab, 0x8b, 0xee, 0xee, 0xf0, 0x00, 0xfe, 0xee, 0xef, 0xee, 0xfe, 0xee, 0xff, 0xef, 0xce, 0xee
    dc.b    0xee, 0xfc, 0xce, 0xbb, 0xff, 0xfc, 0xfe, 0xab, 0xff, 0xce, 0xee, 0x7a, 0xb8, 0xe8, 0xee, 0x7a
    dc.b    0x85, 0x55, 0xba, 0x7a, 0xf0, 0x00, 0xac, 0xc5, 0x5b, 0xb5, 0x77, 0x77, 0xab, 0x78, 0xac, 0xc7
    dc.b    0xab, 0xc8, 0x77, 0x77, 0xb8, 0x8b, 0xa7, 0xd8, 0x8d, 0x7d, 0x8a, 0x77, 0xcc, 0x82, 0xdd, 0x8b
    dc.b    0xb8, 0x66, 0x11, 0x36, 0xf0, 0x00, 0x63, 0x21, 0x36, 0x62, 0x21, 0x14, 0x62, 0x21, 0x11, 0x14
    dc.b    0x22, 0x11, 0x11, 0x13, 0x22, 0x11, 0x16, 0x88, 0x21, 0x12, 0x68, 0xa7, 0x11, 0x26, 0x8b, 0x77
    dc.b    0x22, 0x66, 0x8a, 0x7c, 0x80, 0x01, 0x36, 0x88, 0x8a, 0x7c, 0x88, 0x8b, 0xba, 0x77, 0xb7, 0xcc
    dc.b    0xca, 0xa7, 0x7c, 0xcc, 0xcc, 0x77, 0xce, 0x51, 0x11, 0x05, 0xcc, 0xc7, 0x21, 0xb4, 0x77, 0x77
    dc.b    0x77, 0x7a, 0xb1, 0x01, 0xee, 0x00, 0x00, 0x00, 0xef, 0xee, 0x00, 0x00, 0xee, 0xff, 0xe0, 0x00
    dc.b    0xee, 0xfc, 0xfe, 0x00, 0xef, 0xff, 0xcf, 0xe0, 0xef, 0xef, 0xf0, 0x00, 0xfe, 0x00, 0xe5, 0xef
    dc.b    0xee, 0x00, 0x58, 0xde, 0xe0, 0x00, 0x8d, 0x00, 0x00, 0x00, 0x8d, 0x10, 0x00, 0x00, 0xd1, 0x16
    dc.b    0x00, 0x00, 0x21, 0x36, 0x20, 0x00, 0x16, 0x64, 0x11, 0x00, 0x20, 0x01, 0x64, 0x44, 0x41, 0x10
    dc.b    0xcb, 0x97, 0x00, 0x01, 0xe9, 0x34, 0x60, 0x01, 0x88, 0x88, 0x89, 0x21, 0x77, 0x7a, 0xab, 0x89
    dc.b    0x7c, 0xcc, 0xcc, 0xa8, 0xfb, 0xef, 0x02, 0x35, 0x03, 0x37, 0xf0, 0x00, 0xaa, 0x77, 0x77, 0x82
    dc.b    0xab, 0x8b, 0xb8, 0x22, 0xab, 0xb8, 0x81, 0x11, 0xab, 0x88, 0x11, 0x13, 0xab, 0x81, 0x11, 0x36
    dc.b    0x0d, 0xdd, 0xdd, 0x55, 0x00, 0x03, 0x92, 0x99, 0x00, 0x39, 0xf0, 0x00, 0x29, 0x96, 0x03, 0x39
    dc.b    0x29, 0x16, 0x03, 0x93, 0x91, 0x16, 0x39, 0x92, 0x91, 0x42, 0x39, 0x92, 0x61, 0x44, 0x39, 0x61
    dc.b    0x31, 0x44, 0x96, 0x61, 0x31, 0x11, 0x96, 0x61, 0x99, 0x99, 0x81, 0x01, 0x93, 0x61, 0x12, 0x33
    dc.b    0x92, 0x61, 0x11, 0x22, 0x62, 0x61, 0x11, 0x33, 0x31, 0x65, 0x55, 0x55, 0xd0, 0x01, 0x21, 0x55
    dc.b    0x55, 0x59, 0x25, 0x55, 0x96, 0x12, 0x21, 0x32, 0x21, 0x65, 0x24, 0x35, 0x55, 0x55, 0x24, 0x31
    dc.b    0x55, 0x55, 0x14, 0x21, 0x15, 0x55, 0x44, 0x21, 0xc4, 0x75, 0x01, 0x01, 0xf0, 0x00, 0x55, 0x5d
    dc.b    0xd5, 0xc7, 0x56, 0x35, 0x55, 0x77, 0x55, 0x63, 0x55, 0x77, 0x35, 0x56, 0x3d, 0x87, 0x11, 0x25
    dc.b    0x53, 0x38, 0x61, 0x11, 0x55, 0x55, 0x26, 0x61, 0x16, 0x55, 0x42, 0x36, 0xf0, 0x00, 0x32, 0x22
    dc.b    0x14, 0x41, 0x69, 0x99, 0x32, 0x11, 0x11, 0x55, 0x99, 0x91, 0x55, 0x55, 0x33, 0x55, 0x55, 0x53
    dc.b    0x95, 0x55, 0x59, 0x25, 0x55, 0x59, 0x26, 0x55, 0x59, 0x22, 0x25, 0x55, 0xf0, 0x00, 0x22, 0x29
    dc.b    0x55, 0x55, 0x26, 0x55, 0x55, 0x53, 0x55, 0x55, 0x55, 0x13, 0x55, 0x55, 0x11, 0x13, 0x55, 0x54
    dc.b    0x11, 0x13, 0x54, 0x44, 0x11, 0x13, 0x44, 0x44, 0x11, 0x23, 0x44, 0x14, 0xf0, 0x00, 0x11, 0x36
    dc.b    0x44, 0x44, 0x12, 0x39, 0xcc, 0xcc, 0xcc, 0xb8, 0xca, 0xcc, 0xcc, 0xc7, 0x7c, 0xac, 0xcc, 0xcc
    dc.b    0x77, 0x7a, 0xa7, 0x7c, 0x8b, 0x77, 0x7a, 0xaa, 0x98, 0x8b, 0x77, 0x77, 0x31, 0x00, 0x55, 0x58
    dc.b    0x88, 0x8b, 0x55, 0x55, 0xf0, 0x00, 0x55, 0x63, 0x55, 0x52, 0x11, 0x11, 0x55, 0x59, 0x99, 0x99
    dc.b    0x55, 0x66, 0x66, 0x33, 0x55, 0x22, 0x22, 0x21, 0x53, 0x32, 0x11, 0x11, 0x59, 0x63, 0x32, 0x22
    dc.b    0x99, 0x99, 0x99, 0x99, 0xd1, 0xcc, 0x21, 0x12, 0x99, 0x96, 0x21, 0x39, 0x66, 0x63, 0x23, 0x96
    dc.b    0x63, 0x22, 0x39, 0x96, 0x66, 0x32, 0x39, 0x99, 0x99, 0x66, 0x90, 0x00, 0x09, 0x99, 0x90, 0x00
    dc.b    0xf0, 0x00, 0x00, 0x00, 0xa7, 0x77, 0x77, 0xaa, 0xbb, 0xaa, 0xaa, 0xab, 0x7a, 0xbb, 0xbb, 0x88
    dc.b    0x7a, 0xaa, 0xbb, 0x86, 0xaa, 0xa7, 0xb8, 0x61, 0x77, 0x77, 0x81, 0x11, 0xb7, 0x78, 0x33, 0x99
    dc.b    0xf0, 0x00, 0x88, 0x89, 0x99, 0x63, 0x33, 0x33, 0x63, 0x24, 0x23, 0x66, 0x11, 0x44, 0x96, 0x32
    dc.b    0x44, 0x44, 0x21, 0x11, 0x11, 0x11, 0x11, 0x11, 0x11, 0x29, 0x11, 0x11, 0x29, 0x92, 0x23, 0x99
    dc.b    0x40, 0x01, 0x92, 0x14, 0x99, 0x33, 0x21, 0x44, 0x63, 0x32, 0xf0, 0xf9, 0x01, 0x00, 0xf0, 0x00
    dc.b    0x21, 0x11, 0x44, 0x44, 0x33, 0x22, 0x22, 0x11, 0x99, 0x63, 0x33, 0x22, 0x00, 0x99, 0x99, 0x63
    dc.b    0x00, 0x00, 0x00, 0x99, 0xb8, 0x11, 0x13, 0x60, 0x88, 0x33, 0x33, 0x00, 0x63, 0x36, 0x42, 0x01
    dc.b    0x00, 0x00, 0x31, 0x60, 0x00, 0x00, 0x10, 0x00, 0x01, 0x00, 0xd1, 0xf6, 0x11, 0x10, 0x00, 0x00
    dc.b    0x44, 0x44, 0x42, 0x20, 0x44, 0x42, 0x99, 0x92, 0x41, 0x99, 0x12, 0x23, 0x29, 0x11, 0x44, 0x41
    dc.b    0x91, 0x14, 0x44, 0x44, 0x14, 0x44, 0x01, 0x00, 0x20, 0x01, 0x41, 0x11, 0x11, 0x11, 0xd2, 0x9e
    dc.b    0x00, 0x02, 0xed, 0xed, 0x80, 0x0b, 0x14, 0x44, 0x41, 0x29, 0x11, 0x11, 0x12, 0x96, 0x33, 0x22
    dc.b    0x36, 0x93, 0x99, 0x99, 0x99, 0x61, 0x7e, 0x11, 0x06, 0x00, 0x60, 0x02, 0x30, 0x00, 0x00, 0x00
    dc.b    0x22, 0x33, 0x00, 0x00, 0x44, 0x42, 0x23, 0x30, 0x7e, 0xd9, 0x10, 0x01, 0x11, 0x11, 0xf7, 0x46
    dc.b    0xe0, 0x12, 0x44, 0x11, 0x14, 0x44, 0x11, 0x11, 0x44, 0x11, 0x16, 0x31, 0x41, 0x21, 0x61, 0x44
    dc.b    0x11, 0x22, 0x14, 0x64, 0x11, 0x22, 0x46, 0x61, 0x12, 0x22, 0x66, 0x41, 0x23, 0x22, 0x7f, 0xd1
    dc.b    0x07, 0x35, 0x10, 0x01, 0x11, 0x36, 0xcb, 0x08, 0x21, 0x01, 0x44, 0x44, 0x43, 0x00, 0x42, 0x01
    dc.b    0x14, 0x44, 0x43, 0x60, 0x41, 0x14, 0x42, 0x30, 0x31, 0x01, 0x41, 0x36, 0x41, 0x14, 0x41, 0x33
    dc.b    0x06, 0x1c, 0x10, 0x01, 0x00, 0x09, 0xc3, 0x7b, 0x30, 0x01, 0x09, 0x62, 0x00, 0x00, 0x96, 0x21
    dc.b    0xcb, 0xbc, 0x51, 0x01, 0x22, 0x14, 0x00, 0x96, 0x22, 0x14, 0x00, 0x92, 0x21, 0x14, 0xf0, 0x00
    dc.b    0x00, 0x83, 0x21, 0x14, 0x00, 0x88, 0x21, 0x11, 0x08, 0x88, 0x61, 0x11, 0x88, 0x88, 0x86, 0x21
    dc.b    0x00, 0x00, 0x93, 0x23, 0x00, 0x92, 0x93, 0x23, 0x09, 0x61, 0x13, 0x22, 0x92, 0x31, 0xa6, 0x01
    dc.b    0x13, 0x22, 0x21, 0x31, 0x13, 0x22, 0x11, 0x31, 0x12, 0x22, 0x41, 0x22, 0x12, 0x32, 0x41, 0x22
    dc.b    0x12, 0x23, 0x41, 0x12, 0xb2, 0x01, 0x11, 0x12, 0x12, 0x22, 0x11, 0x12, 0x12, 0x21, 0x11, 0x22
    dc.b    0x22, 0x11, 0x11, 0x22, 0x21, 0x12, 0x44, 0x11, 0x44, 0x44, 0x44, 0x14, 0x12, 0x01, 0x14, 0x14
    dc.b    0x10, 0x01, 0x21, 0x14, 0xdb, 0xf2, 0x20, 0x01, 0x22, 0x21, 0x14, 0x42, 0xc2, 0x2a, 0x80, 0x01
    dc.b    0x36, 0x99, 0x33, 0x32, 0x39, 0x90, 0x32, 0x22, 0x69, 0x00, 0x21, 0x13, 0x90, 0x00, 0x11, 0x39
    dc.b    0xf9, 0x09, 0x11, 0x71, 0x99, 0x00, 0xc0, 0x01, 0x12, 0x90, 0x44, 0x11, 0x19, 0x00, 0x44, 0x11
    dc.b    0x39, 0x00, 0x41, 0x13, 0x90, 0x00, 0x41, 0x29, 0x00, 0x00, 0x11, 0x69, 0x00, 0x00, 0x16, 0x90
    dc.b    0xca, 0x99, 0x10, 0x16, 0x90, 0x00, 0x7f, 0x62, 0x12, 0x01, 0x00, 0x0b, 0x32, 0x01, 0x00, 0xbb
    dc.b    0x00, 0x00, 0x00, 0xb9, 0xf0, 0x00, 0x00, 0xb8, 0x00, 0x00, 0x00, 0x08, 0x00, 0x00, 0x08, 0x88
    dc.b    0x00, 0x0b, 0xa7, 0xb8, 0x00, 0xac, 0xcc, 0xc8, 0x0b, 0x7a, 0xab, 0xab, 0x0b, 0xb8, 0x7c, 0x8b
    dc.b    0x0b, 0x88, 0xa7, 0x8d, 0xf0, 0x00, 0x0d, 0xcc, 0xad, 0xd7, 0xda, 0x88, 0xdb, 0x77, 0xd7, 0x77
    dc.b    0xd7, 0xdd, 0xda, 0x88, 0xd5, 0xd8, 0xd7, 0x77, 0xa5, 0xdd, 0xda, 0x88, 0xd5, 0x5d, 0xdb, 0xaa
    dc.b    0xab, 0x55, 0x96, 0x22, 0xb3, 0x36, 0x21, 0x14, 0x96, 0x22, 0x11, 0x14, 0x09, 0x11, 0x11, 0x44
    dc.b    0x09, 0x61, 0x11, 0x44, 0x00, 0x93, 0x21, 0x14, 0x00, 0x96, 0x33, 0x36, 0x40, 0x01, 0x44, 0x44
    dc.b    0x12, 0x21, 0x44, 0x44, 0x11, 0x21, 0xc9, 0xde, 0xa2, 0xe7, 0x13, 0x88, 0x41, 0x38, 0x88, 0x88
    dc.b    0x88, 0x88, 0x88, 0xaa, 0x88, 0x88, 0xbb, 0x7a, 0x88, 0x8b, 0xba, 0x77, 0x13, 0x00, 0x07, 0x00
    dc.b    0x12, 0x01, 0xb0, 0x00, 0xf0, 0x00, 0x00, 0x8b, 0xaa, 0xbb, 0x08, 0xba, 0xa7, 0x7c, 0x08, 0xaa
    dc.b    0xa7, 0x7c, 0x8b, 0xa8, 0xa7, 0x77, 0x8b, 0xb8, 0xaa, 0xa7, 0x88, 0x88, 0xba, 0xaa, 0x00, 0xdd
    dc.b    0xbb, 0xa8, 0x00, 0x00, 0xf0, 0x00, 0xdd, 0x88, 0x88, 0x32, 0x22, 0x11, 0xcc, 0x89, 0x66, 0x31
    dc.b    0xcc, 0xc0, 0x00, 0x00, 0xcc, 0xcc, 0x70, 0x00, 0x77, 0x7a, 0xab, 0xaa, 0x7b, 0x7b, 0xc8, 0x7c
    dc.b    0xc8, 0xc8, 0x78, 0xa7, 0x5c, 0x86, 0x8d, 0x8d, 0x8d, 0x88, 0x12, 0x90, 0x00, 0x00, 0x69, 0x00
    dc.b    0x51, 0x01, 0x8b, 0x77, 0x77, 0x7a, 0x8a, 0xa7, 0x77, 0xcc, 0x8b, 0x77, 0x91, 0x41, 0xa7, 0xcc
    dc.b    0x8b, 0x77, 0xba, 0x7c, 0x8b, 0xab, 0xbb, 0xac, 0x08, 0xbb, 0x88, 0xba, 0x08, 0x88, 0x88, 0x88
    dc.b    0x31, 0x2f, 0x77, 0xb0, 0x00, 0x00, 0xcc, 0x7b, 0x99, 0x5b, 0x7b, 0x00, 0xcc, 0xcc, 0x7a, 0xab
    dc.b    0xcc, 0xcc, 0x7c, 0xcc, 0x77, 0x7b, 0xa7, 0xcc, 0xbb, 0xb8, 0x8b, 0xb8, 0x12, 0x01, 0x87, 0x8b
    dc.b    0xf0, 0x00, 0xd8, 0xd8, 0x00, 0x00, 0x66, 0x63, 0x44, 0x12, 0x62, 0x14, 0x12, 0x23, 0x96, 0x33
    dc.b    0x33, 0x33, 0x09, 0x96, 0x63, 0x32, 0x00, 0x96, 0x32, 0x24, 0x00, 0x91, 0x11, 0x44, 0x00, 0x06
    dc.b    0xf0, 0x00, 0x22, 0x11, 0x00, 0x00, 0x63, 0x22, 0x32, 0x44, 0x11, 0x44, 0x22, 0x41, 0x11, 0x44
    dc.b    0x24, 0x42, 0x11, 0x44, 0x44, 0x12, 0x11, 0x44, 0x41, 0x22, 0x11, 0x44, 0x12, 0x22, 0x11, 0x44
    dc.b    0x11, 0x01, 0x22, 0x21, 0x61, 0x01, 0x14, 0x44, 0x13, 0x26, 0x00, 0x00, 0x13, 0x13, 0x00, 0x00
    dc.b    0x42, 0x12, 0x21, 0x01, 0x30, 0x00, 0x42, 0x11, 0x58, 0x68, 0x23, 0x00, 0x41, 0x21, 0x13, 0x00
    dc.b    0x41, 0x21, 0x12, 0x30, 0x14, 0x01, 0x00, 0x09, 0x14, 0x01, 0x00, 0x96, 0x12, 0x01, 0x09, 0x66
    dc.b    0x52, 0x01, 0x09, 0x36, 0x00, 0x00, 0x96, 0x36, 0x00, 0x00, 0x96, 0x23, 0x02, 0x00, 0xf0, 0x01
    dc.b    0x10, 0x00, 0x00, 0x00, 0x42, 0x00, 0x00, 0x00, 0x24, 0x60, 0x00, 0x00, 0x94, 0x30, 0x00, 0x00
    dc.b    0x84, 0x20, 0x00, 0x00, 0x84, 0x30, 0x00, 0x00, 0xb1, 0x60, 0x00, 0x00, 0xa1, 0x00, 0xc4, 0x47
    dc.b    0x10, 0x01, 0x16, 0x00, 0xea, 0xac, 0x14, 0x36, 0x60, 0x00, 0x00, 0x01, 0xcb, 0x13, 0x01, 0x00
    dc.b    0xb0, 0x00, 0xef, 0xee, 0xee, 0xfe, 0xef, 0xee, 0xff, 0xfe, 0xfc, 0xee, 0xee, 0xef, 0xcc, 0xeb
    dc.b    0xff, 0xff, 0xcf, 0xea, 0xef, 0xfc, 0xee, 0xe7, 0x00, 0x00, 0x00, 0x00
spr_ken_710_animation0_frame2_tileset_data_size = .-spr_ken_710_animation0_frame2_tileset_data

    .align  2
spr_ken_710_animation0_frame3_tileset_data:
    dc.b    0x00, 0x01, 0xd2, 0xb5, 0x00, 0x01, 0xdd, 0x48, 0xf0, 0x00, 0xff, 0xee, 0xe0, 0x00, 0xef, 0xcf
    dc.b    0xee, 0x00, 0xee, 0xfc, 0xff, 0xe0, 0xee, 0xec, 0xec, 0xfe, 0xeb, 0xef, 0xec, 0xfe, 0x8b, 0xee
    dc.b    0xff, 0xe0, 0xde, 0xeb, 0xee, 0xe0, 0x5e, 0xbe, 0x40, 0x01, 0xe0, 0x00, 0x8b, 0x00, 0x00, 0x00
    dc.b    0x87, 0x00, 0xf9, 0x74, 0xf0, 0x00, 0x88, 0xdd, 0x00, 0x88, 0x8b, 0xbb, 0xd8, 0x8b, 0xb8, 0xbb
    dc.b    0xbb, 0xbb, 0x7b, 0x8d, 0x88, 0xbb, 0xaa, 0x88, 0xbb, 0x77, 0x7a, 0xb7, 0x7c, 0xcc, 0xa7, 0x7c
    dc.b    0xcc, 0xcc, 0xaa, 0xa7, 0xd1, 0x01, 0xcc, 0xcc, 0xbb, 0xaa, 0xa7, 0x77, 0x7a, 0xbb, 0xbb, 0xaa
    dc.b    0x77, 0x77, 0x77, 0xaa, 0x88, 0x88, 0xba, 0x77, 0xd1, 0x10, 0x88, 0x88, 0xd1, 0x10, 0x00, 0x00
    dc.b    0x33, 0x3c, 0xd3, 0x30, 0x00, 0x00, 0x33, 0x00, 0x00, 0x19, 0x00, 0x00, 0xf0, 0x00, 0x8b, 0x77
    dc.b    0x77, 0xb0, 0xb7, 0xcc, 0xcc, 0xc7, 0xba, 0x77, 0x77, 0x7a, 0xbb, 0xba, 0xaa, 0xa8, 0x7a, 0xb8
    dc.b    0x88, 0x88, 0xcc, 0x7a, 0xb8, 0x88, 0xcc, 0xcc, 0xc7, 0xa8, 0xcc, 0xcc, 0xd0, 0x19, 0xcc, 0xc7
    dc.b    0x77, 0xcc, 0xcc, 0xc5, 0xa7, 0x77, 0x77, 0x55, 0xaa, 0xaa, 0x77, 0x55, 0xaa, 0xab, 0xaa, 0x55
    dc.b    0x88, 0x88, 0x88, 0x55, 0x00, 0x00, 0x00, 0x05, 0x7f, 0xca, 0xf0, 0x00, 0x00, 0x0b, 0x00, 0x00
    dc.b    0x00, 0xbd, 0x00, 0x00, 0x00, 0xba, 0x00, 0x00, 0x5b, 0xb8, 0x00, 0x00, 0x5b, 0x8c, 0x00, 0x00
    dc.b    0x5b, 0xa7, 0xa5, 0x55, 0x5a, 0xcd, 0x5d, 0x88, 0x5c, 0xcc, 0xf0, 0x00, 0x5d, 0xdd, 0x57, 0xcc
    dc.b    0x5d, 0xdd, 0x5b, 0xcc, 0x55, 0x55, 0x55, 0xb7, 0x85, 0x55, 0x55, 0x5d, 0x55, 0x55, 0x00, 0x00
    dc.b    0x58, 0x8d, 0x55, 0x00, 0xdd, 0xd8, 0xdd, 0x55, 0x5d, 0xd5, 0x31, 0x01, 0x5c, 0x7b, 0x55, 0x55
    dc.b    0xcc, 0xc7, 0xa0, 0x10, 0x55, 0x5b, 0xcc, 0x7b, 0x00, 0x58, 0xa8, 0x88, 0x00, 0x55, 0xb7, 0xcd
    dc.b    0x00, 0x5d, 0xd8, 0xba, 0x00, 0x0d, 0xbd, 0xdd, 0x7f, 0xc2, 0x51, 0x01, 0x7c, 0xdc, 0xd0, 0x00
    dc.b    0xac, 0xd7, 0xda, 0x00, 0xdd, 0xdd, 0xe2, 0xcd, 0xdd, 0x00, 0xcc, 0xdd, 0x00, 0x00, 0xa8, 0x88
    dc.b    0x00, 0x00, 0xd8, 0xb7, 0x00, 0x00, 0xab, 0x7c, 0x00, 0x00, 0xca, 0x7c, 0x00, 0x00, 0x7b, 0x7a
    dc.b    0x00, 0x00, 0x8b, 0xb0, 0x05, 0x00, 0xd8, 0x15, 0xcc, 0x00, 0x00, 0x00, 0xbc, 0xc0, 0x00, 0x00
    dc.b    0xb7, 0xc0, 0x00, 0x00, 0x87, 0x70, 0x00, 0x00, 0x8b, 0xa0, 0x00, 0x00, 0x8a, 0x80, 0x00, 0x00
    dc.b    0xd8, 0x00, 0x00, 0x1b, 0x00, 0x00, 0x01, 0x8f, 0x30, 0x01, 0x00, 0xa7, 0x00, 0x00, 0x0b, 0xa7
    dc.b    0xf7, 0xda, 0x30, 0x01, 0x8a, 0x77, 0x00, 0x00, 0x87, 0x7c, 0xf7, 0xdc, 0x41, 0x01, 0x7c, 0xcc
    dc.b    0x00, 0x8b, 0xcc, 0xcc, 0x00, 0x8a, 0x90, 0x15, 0x7c, 0xcc, 0x00, 0x8a, 0xa7, 0x77, 0x00, 0x8b
    dc.b    0xba, 0xbb, 0x00, 0x08, 0xb7, 0x78, 0x00, 0x00, 0x8b, 0xad, 0x7f, 0xcd, 0xf0, 0x00, 0x00, 0x06
    dc.b    0x00, 0x00, 0x00, 0x63, 0x00, 0x00, 0x06, 0x32, 0x00, 0x00, 0x63, 0x22, 0x00, 0x00, 0x62, 0x22
    dc.b    0x00, 0x08, 0x62, 0x22, 0xab, 0x88, 0x62, 0x22, 0x7a, 0xb8, 0x62, 0x21, 0xc3, 0x01, 0x77, 0xb8
    dc.b    0x82, 0x21, 0x77, 0xb8, 0x83, 0x11, 0xc7, 0xab, 0x88, 0x21, 0xcc, 0x7a, 0xb8, 0x82, 0xcc, 0xc7
    dc.b    0xb8, 0x00, 0xcc, 0xc7, 0xb0, 0x00, 0x91, 0x98, 0xcc, 0x77, 0xb0, 0x00, 0x77, 0x77, 0xaa, 0x00
    dc.b    0xab, 0xbb, 0xa7, 0xca, 0x78, 0x78, 0xbc, 0xc7, 0xad, 0xad, 0x0b, 0x00, 0xc1, 0x01, 0x00, 0x09
    dc.b    0x00, 0x00, 0x06, 0x63, 0x00, 0x06, 0x63, 0x36, 0x06, 0x63, 0x32, 0x23, 0x63, 0x32, 0x22, 0x22
    dc.b    0x32, 0x22, 0x22, 0x21, 0x22, 0x22, 0x30, 0x01, 0x21, 0x11, 0x22, 0x22, 0x11, 0x11, 0xef, 0x9e
    dc.b    0x50, 0x01, 0x11, 0x44, 0x21, 0x11, 0x44, 0x44, 0x11, 0x14, 0x44, 0x41, 0xe4, 0x3e, 0x70, 0x0f
    dc.b    0x11, 0x23, 0x14, 0x41, 0x13, 0x32, 0x11, 0x13, 0x33, 0x23, 0x63, 0x33, 0x33, 0x36, 0x7f, 0x97
    dc.b    0x10, 0x01, 0x00, 0x96, 0xdc, 0xa9, 0xf0, 0x00, 0x99, 0x63, 0x00, 0x00, 0x96, 0x32, 0x09, 0x99
    dc.b    0x96, 0x32, 0x96, 0x69, 0x63, 0x22, 0x66, 0x29, 0x63, 0x22, 0x63, 0x26, 0x32, 0x21, 0x32, 0x26
    dc.b    0x32, 0x11, 0x22, 0x23, 0x22, 0x11, 0x51, 0x01, 0x12, 0x23, 0x22, 0x11, 0x42, 0x23, 0x22, 0x11
    dc.b    0x42, 0x22, 0xf0, 0x00, 0x22, 0x22, 0x41, 0x22, 0x22, 0x22, 0x41, 0x11, 0x12, 0x23, 0x44, 0x11
    dc.b    0x22, 0x33, 0x41, 0x12, 0x33, 0x36, 0x11, 0x33, 0x33, 0x69, 0x23, 0x32, 0x36, 0x90, 0x32, 0x36
    dc.b    0x99, 0x00, 0x50, 0x0f, 0x26, 0x99, 0x00, 0x00, 0x69, 0x00, 0x00, 0x00, 0x90, 0x00, 0x7f, 0xc2
    dc.b    0xf0, 0x00, 0x55, 0x53, 0x22, 0x11, 0x55, 0x52, 0x22, 0x22, 0x55, 0x53, 0x33, 0x36, 0x55, 0x56
    dc.b    0x66, 0x63, 0x55, 0x52, 0x21, 0x11, 0x55, 0x53, 0x22, 0x33, 0x55, 0x96, 0x66, 0x66, 0x55, 0x99
    dc.b    0x60, 0x22, 0x99, 0x96, 0x55, 0x00, 0x00, 0x09, 0x55, 0x00, 0x00, 0x00, 0x50, 0x00, 0x7e, 0xeb
    dc.b    0x06, 0x00, 0x01, 0xa2, 0x01, 0xa7, 0xf0, 0x00, 0x63, 0x21, 0x11, 0x12, 0x11, 0x11, 0x22, 0x63
    dc.b    0x11, 0x23, 0x36, 0x32, 0x33, 0x66, 0x93, 0x11, 0x66, 0x99, 0x61, 0x16, 0x69, 0x96, 0x32, 0x63
    dc.b    0x99, 0x96, 0x66, 0x62, 0x00, 0x99, 0x50, 0x01, 0x96, 0x21, 0x00, 0x06, 0x31, 0x11, 0x00, 0x03
    dc.b    0x21, 0x12, 0xee, 0x7e, 0x91, 0x01, 0x23, 0x33, 0x00, 0x63, 0x33, 0x32, 0x00, 0x66, 0x32, 0x22
    dc.b    0x00, 0x63, 0x22, 0x22, 0x00, 0x63, 0x21, 0x11, 0x23, 0x01, 0x00, 0x00, 0x88, 0x88, 0x40, 0x01
    dc.b    0x00, 0x08, 0x8b, 0x77, 0x00, 0x08, 0xbb, 0xa7, 0xe9, 0x68, 0x51, 0x01, 0xa7, 0x77, 0x00, 0xb7
    dc.b    0x77, 0x77, 0x00, 0xbc, 0xc7, 0x77, 0x20, 0x01, 0x00, 0x8a, 0xaa, 0xbb, 0xd1, 0x26, 0x01, 0x3f
    dc.b    0xf0, 0x00, 0x14, 0x44, 0x12, 0x21, 0x11, 0x11, 0x22, 0x11, 0x11, 0x21, 0x21, 0x11, 0x12, 0x21
    dc.b    0x12, 0x11, 0x12, 0x21, 0x32, 0x11, 0x22, 0x21, 0x21, 0x12, 0x32, 0x21, 0x21, 0x22, 0x32, 0x21
    dc.b    0xf0, 0x01, 0x11, 0x23, 0x22, 0x11, 0x12, 0x32, 0x22, 0x11, 0x22, 0x32, 0x21, 0x11, 0x33, 0x22
    dc.b    0x21, 0x14, 0x32, 0x22, 0x11, 0x14, 0x22, 0x21, 0x14, 0x41, 0x22, 0x11, 0x44, 0x12, 0x21, 0x14
    dc.b    0xfd, 0xfc, 0xd0, 0x02, 0x14, 0x44, 0x41, 0x22, 0x44, 0x42, 0x36, 0x00, 0x88, 0x88, 0x80, 0x00
    dc.b    0x88, 0x8b, 0x00, 0x00, 0xb7, 0x7b, 0x00, 0x00, 0x77, 0xb0, 0x00, 0x00, 0xab, 0xb0, 0xe1, 0x01
    dc.b    0xf0, 0x00, 0x00, 0x00, 0xcc, 0xcc, 0x7b, 0x00, 0xcc, 0xcc, 0xcc, 0x7b, 0x7c, 0xcc, 0xcc, 0xcc
    dc.b    0xa7, 0x77, 0xcc, 0xcc, 0x88, 0xba, 0xaa, 0xaa, 0x00, 0x88, 0x88, 0x88, 0x44, 0x44, 0x41, 0x00
    dc.b    0x42, 0x01, 0x11, 0x44, 0x11, 0x00, 0x11, 0x11, 0x12, 0x60, 0x51, 0x01, 0x23, 0x60, 0x11, 0x11
    dc.b    0x26, 0x00, 0x11, 0x12, 0x36, 0x00, 0xf2, 0x01, 0x14, 0x22, 0x60, 0x00, 0x41, 0x22, 0x60, 0x00
    dc.b    0x42, 0x22, 0x60, 0x00, 0x12, 0x13, 0x60, 0x00, 0x22, 0x13, 0x60, 0x00, 0x21, 0x16, 0x00, 0x00
    dc.b    0x21, 0x26, 0x00, 0x00, 0x11, 0x26, 0x10, 0x13, 0x23, 0x36, 0x7f, 0x49, 0x61, 0x57, 0xaa, 0xa8
    dc.b    0x80, 0x00, 0x77, 0xcc, 0x8a, 0x00, 0xbb, 0x77, 0x88, 0x00, 0x00, 0x0f, 0x7f, 0xe8, 0xf0, 0x00
    dc.b    0x03, 0x33, 0x00, 0x00, 0x33, 0x22, 0x00, 0x03, 0x22, 0x11, 0x00, 0x02, 0x21, 0x11, 0x00, 0x22
    dc.b    0x11, 0x18, 0x00, 0x21, 0x11, 0x8b, 0x03, 0x21, 0x18, 0x87, 0x03, 0x21, 0x18, 0xb7, 0x24, 0x01
    dc.b    0x03, 0x21, 0x18, 0xba, 0x21, 0x01, 0x18, 0xbb, 0x03, 0x32, 0xb1, 0xab, 0x21, 0x8b, 0x03, 0x33
    dc.b    0x22, 0x18, 0x03, 0x23, 0x22, 0x21, 0x03, 0x23, 0x21, 0x22, 0x32, 0x12, 0x31, 0x12, 0x32, 0x11
    dc.b    0x23, 0x11, 0x8d, 0x3c, 0x61, 0x11, 0x12, 0x22, 0x63, 0x11, 0x11, 0x12, 0x06, 0x11, 0x11, 0x11
    dc.b    0x06, 0x62, 0x11, 0x11, 0xa0, 0x02, 0x33, 0x33, 0x36, 0x96, 0x22, 0x11, 0x11, 0x12, 0x11, 0x11
    dc.b    0x44, 0x44, 0x13, 0x88, 0x8b, 0xba, 0x88, 0xba, 0x7c, 0xcc, 0xcd, 0x47, 0xf0, 0x00, 0xaa, 0x77
    dc.b    0x7c, 0xcc, 0x7a, 0xaa, 0x77, 0x77, 0x7c, 0xc7, 0xaa, 0xaa, 0x77, 0xcc, 0xcc, 0x77, 0xa7, 0x77
    dc.b    0x77, 0x7a, 0xaa, 0xaa, 0xaa, 0xaa, 0x77, 0xaa, 0xab, 0xbb, 0xa7, 0x7b, 0xc0, 0x01, 0x8d, 0xdd
    dc.b    0xb7, 0x78, 0xb8, 0x88, 0x8b, 0xbb, 0xbb, 0xbb, 0x18, 0x8b, 0xbb, 0xb8, 0x14, 0x18, 0x88, 0x88
    dc.b    0x22, 0x44, 0x44, 0x44, 0x11, 0x22, 0xd0, 0x3c, 0x00, 0x02, 0xf8, 0xbc, 0x01, 0x00, 0x04, 0x36
    dc.b    0x10, 0x02, 0x00, 0xee, 0xde, 0xa7, 0xf0, 0x00, 0x00, 0xee, 0xee, 0xff, 0x96, 0xee, 0xef, 0xfe
    dc.b    0x63, 0x65, 0xee, 0xeb, 0x23, 0x3e, 0xeb, 0xbe, 0x41, 0x26, 0x8e, 0xef, 0xb3, 0x11, 0xee, 0xff
    dc.b    0xc7, 0xb2, 0x13, 0xee, 0xcc, 0x7b, 0x50, 0x01, 0x11, 0xab, 0xcc, 0xc7, 0xab, 0x88, 0xcc, 0x77
    dc.b    0xbb, 0xbb, 0xec, 0x05, 0xf0, 0x00, 0x77, 0xcc, 0x77, 0x7a, 0x7c, 0xcc, 0xaa, 0xab, 0xa7, 0x77
    dc.b    0xbb, 0xbb, 0xbb, 0xba, 0xbb, 0xbb, 0xaa, 0xbb, 0xd8, 0x8b, 0xba, 0xaa, 0x8d, 0xdd, 0x88, 0xbb
    dc.b    0xb8, 0x12, 0xdd, 0xdd, 0x40, 0x01, 0x84, 0x12, 0x22, 0x11, 0x44, 0x22, 0x21, 0x14, 0xee, 0x0f
    dc.b    0x11, 0x65, 0x14, 0x44, 0x01, 0x01, 0x41, 0x3c, 0x11, 0x14, 0x44, 0x44, 0x11, 0x44, 0x44, 0x44
    dc.b    0xf0, 0x00, 0x0e, 0xee, 0xee, 0xee, 0xee, 0xee, 0xef, 0xee, 0xee, 0xee, 0xee, 0xff, 0xef, 0xee
    dc.b    0xee, 0xef, 0xee, 0xff, 0xcc, 0xff, 0xee, 0xee, 0xff, 0xee, 0xef, 0xfe, 0xbe, 0xee, 0xef, 0xfe
    dc.b    0x60, 0x01, 0xb8, 0xee, 0xff, 0xeb, 0xb8, 0x55, 0xee, 0xba, 0x7c, 0xc5, 0xdb, 0xaa, 0xcb, 0x84
    dc.b    0x60, 0x01, 0xd8, 0x88, 0xac, 0x7b, 0xba, 0xab, 0x88, 0xdd, 0xcc, 0xcc, 0xca, 0xb8, 0xc8, 0xff
    dc.b    0x00, 0x01, 0xf5, 0x26, 0xf0, 0x00, 0xaa, 0x77, 0x77, 0x77, 0xba, 0xaa, 0xaa, 0xaa, 0xab, 0xbb
    dc.b    0xbb, 0xbb, 0xaa, 0xab, 0xbb, 0xba, 0xdd, 0xdd, 0x88, 0xbb, 0x31, 0x44, 0x1b, 0x88, 0x13, 0x44
    dc.b    0x4a, 0xab, 0x13, 0x14, 0x81, 0x01, 0x4a, 0xab, 0x41, 0x34, 0x44, 0xab, 0x44, 0x34, 0x44, 0xbd
    dc.b    0x44, 0x34, 0x44, 0xdd, 0x44, 0x23, 0x18, 0xba, 0x41, 0x33, 0x30, 0x01, 0x00, 0x02, 0x00, 0x00
    dc.b    0x00, 0x36, 0xce, 0xd7, 0xf0, 0x00, 0x09, 0x63, 0x00, 0x00, 0x96, 0x32, 0x00, 0x09, 0x66, 0x22
    dc.b    0x00, 0x96, 0x62, 0x21, 0x09, 0x63, 0x22, 0x21, 0x96, 0x33, 0x22, 0x11, 0x63, 0x22, 0x22, 0x11
    dc.b    0x32, 0x22, 0x21, 0x14, 0xb1, 0x01, 0x32, 0x12, 0x21, 0x44, 0x22, 0x12, 0x11, 0x44, 0x21, 0x12
    dc.b    0x14, 0x44, 0x21, 0x11, 0x14, 0x44, 0x11, 0x41, 0x44, 0x44, 0x14, 0x41, 0xf0, 0x00, 0x44, 0x41
    dc.b    0x44, 0x44, 0x44, 0x11, 0x44, 0x44, 0x41, 0x11, 0x44, 0x41, 0x11, 0x12, 0x44, 0x11, 0x12, 0x23
    dc.b    0x11, 0x12, 0x23, 0x66, 0x22, 0x22, 0x66, 0x99, 0x23, 0x66, 0x69, 0x00, 0x51, 0x37, 0x36, 0x66
    dc.b    0x90, 0x00, 0x66, 0x99, 0x00, 0x00, 0x99, 0x00, 0xf0, 0x00, 0x03, 0x22, 0x00, 0x03, 0x22, 0x11
    dc.b    0x00, 0x11, 0x11, 0x23, 0x22, 0x99, 0x11, 0x23, 0x69, 0x96, 0x11, 0x23, 0x99, 0x62, 0x41, 0x23
    dc.b    0x33, 0x62, 0x41, 0x13, 0x22, 0x31, 0x44, 0x11, 0xc0, 0x01, 0x22, 0x31, 0x44, 0x41, 0x12, 0x31
    dc.b    0x44, 0x44, 0x12, 0x61, 0x11, 0x44, 0x11, 0x63, 0x21, 0x14, 0x44, 0x66, 0x66, 0x31, 0x44, 0x11
    dc.b    0x13, 0x66, 0xc6, 0x00, 0x05, 0x33, 0x11, 0x33, 0x11, 0x11, 0x51, 0x35, 0x11, 0x11, 0x22, 0x36
    dc.b    0x11, 0x22, 0x36, 0x69, 0x12, 0x23, 0x40, 0x0b, 0x99, 0x00, 0x36, 0x69, 0x00, 0x00, 0x69, 0x90
    dc.b    0x7d, 0x7b, 0xf0, 0x00, 0x56, 0x22, 0x22, 0x11, 0x65, 0x62, 0x22, 0x22, 0x19, 0x56, 0x62, 0x22
    dc.b    0x31, 0x55, 0x96, 0x33, 0x61, 0x15, 0x55, 0x59, 0x66, 0x11, 0x65, 0x55, 0x36, 0x62, 0x11, 0x95
    dc.b    0x22, 0x36, 0x71, 0xdc, 0x31, 0x11, 0x12, 0x23, 0x66, 0x62, 0x11, 0x22, 0x23, 0x36, 0x44, 0x11
    dc.b    0x22, 0x23, 0xf0, 0x00, 0x14, 0x44, 0x41, 0x22, 0x63, 0x22, 0x22, 0x33, 0x36, 0x66, 0x66, 0x66
    dc.b    0x12, 0x23, 0x36, 0x69, 0x11, 0x11, 0x11, 0x22, 0x11, 0x12, 0x22, 0x36, 0x13, 0x36, 0x99, 0x99
    dc.b    0x66, 0x99, 0x11, 0x69, 0x90, 0x00, 0x10, 0x14, 0x90, 0x00, 0x7d, 0x81, 0x02, 0x00, 0x00, 0x01
    dc.b    0xe4, 0xdb, 0xf0, 0x00, 0x22, 0x22, 0x66, 0x66, 0x66, 0x63, 0x55, 0x99, 0x63, 0x22, 0x55, 0x55
    dc.b    0x55, 0x55, 0x65, 0x55, 0x55, 0x55, 0x22, 0x65, 0x55, 0x35, 0x66, 0x65, 0x55, 0x69, 0x33, 0x65
    dc.b    0x55, 0x66, 0x31, 0x01, 0x23, 0x95, 0x55, 0x36, 0x33, 0x55, 0xf0, 0x00, 0x59, 0x66, 0x69, 0x55
    dc.b    0x59, 0x99, 0x95, 0x55, 0x56, 0x65, 0x25, 0x55, 0x56, 0x65, 0x95, 0x55, 0x59, 0x95, 0x95, 0x55
    dc.b    0x56, 0x35, 0x05, 0x55, 0x56, 0x65, 0x05, 0x55, 0x59, 0x95, 0x21, 0x01, 0x00, 0x55, 0x50, 0x05
    dc.b    0x31, 0x01, 0x00, 0x05, 0x50, 0x05, 0x00, 0x00, 0x0c, 0x00, 0x10, 0x11, 0x30, 0x00, 0x7f, 0xad
    dc.b    0x10, 0x01, 0x23, 0x30, 0xfa, 0xf9, 0x02, 0xb9, 0x00, 0x01, 0x7e, 0xa3, 0x01, 0x86, 0x00, 0x16
    dc.b    0x7d, 0x09, 0xf0, 0x00, 0x33, 0x00, 0x00, 0x00, 0x44, 0x13, 0x30, 0x00, 0x44, 0x44, 0x42, 0x00
    dc.b    0x44, 0x44, 0x44, 0x30, 0x05, 0xdd, 0x8b, 0xad, 0x00, 0xdb, 0xdd, 0xdd, 0x00, 0xdb, 0xad, 0x7d
    dc.b    0x00, 0x0d, 0x30, 0x14, 0xbb, 0xad, 0x00, 0x00, 0xd8, 0xd8, 0x7f, 0xd9, 0x52, 0x01, 0x80, 0x00
    dc.b    0x00, 0x00, 0xd0, 0x00, 0x00, 0x00, 0x70, 0x00, 0x00, 0x10, 0x7d, 0x98, 0x05, 0x00, 0x01, 0x67
    dc.b    0x02, 0xc0, 0xf0, 0x00, 0x11, 0x13, 0x23, 0x32, 0x22, 0x36, 0x32, 0x22, 0x36, 0x69, 0x23, 0x69
    dc.b    0x55, 0x50, 0x55, 0x55, 0x55, 0x21, 0x55, 0x96, 0x26, 0x22, 0x55, 0x52, 0x62, 0x22, 0x55, 0x56
    dc.b    0x32, 0x26, 0x80, 0x02, 0x55, 0x52, 0x22, 0x62, 0x55, 0x52, 0x26, 0x32, 0x55, 0x53, 0x63, 0x22
    dc.b    0x55, 0x56, 0x32, 0x22, 0x7c, 0x65, 0x50, 0x05, 0x23, 0x12, 0x00, 0x00, 0x23, 0x13, 0x00, 0x00
    dc.b    0x61, 0x29, 0x7e, 0xcd, 0x80, 0x01, 0x11, 0x10, 0x00, 0x00, 0x26, 0x66, 0x33, 0x00, 0x62, 0x44
    dc.b    0x41, 0x22, 0x14, 0x44, 0x44, 0x44, 0xf3, 0x56, 0x30, 0x01, 0x11, 0x44, 0x22, 0x22, 0x11, 0x11
    dc.b    0xfa, 0x5b, 0x00, 0x01, 0x7c, 0x85, 0x00, 0x01, 0x7b, 0xcd, 0x00, 0x0b, 0x7b, 0xff, 0x00, 0x00
    dc.b    0x00, 0x00
spr_ken_710_animation0_frame3_tileset_data_size = .-spr_ken_710_animation0_frame3_tileset_data

    .align  2
spr_ken_720_animation0_frame0_tileset_data:
    dc.b    0x30, 0x03, 0x00, 0x00, 0x00, 0x0e, 0x00, 0x00, 0xdd, 0x0b, 0xf0, 0x00, 0x00, 0xee, 0xee, 0xef
    dc.b    0x00, 0xee, 0xee, 0xff, 0x00, 0xee, 0xee, 0xee, 0x09, 0xee, 0xef, 0xee, 0x97, 0xeb, 0xef, 0xee
    dc.b    0x19, 0xeb, 0xef, 0xee, 0x44, 0x19, 0xef, 0xbe, 0x33, 0x44, 0x50, 0x01, 0xee, 0x8e, 0xa7, 0x77
    dc.b    0x7a, 0xbd, 0x7c, 0xcc, 0xcc, 0x7a, 0xc7, 0xa2, 0x60, 0x01, 0xcc, 0xcc, 0x7c, 0xcc, 0xcc, 0xc7
    dc.b    0x77, 0x77, 0x7a, 0xaa, 0xaa, 0xaa, 0xfe, 0x24, 0xf0, 0x00, 0xb7, 0x7a, 0xaa, 0xa7, 0xbb, 0xb7
    dc.b    0x77, 0x7a, 0xd8, 0xbb, 0xaa, 0xa7, 0x8d, 0xd8, 0xbb, 0xbb, 0x88, 0x8d, 0xd8, 0x8b, 0xaa, 0xaa
    dc.b    0xbd, 0xd8, 0x77, 0x7a, 0x8b, 0xad, 0x77, 0x7b, 0x90, 0x01, 0xaa, 0x23, 0x23, 0x33, 0x22, 0x11
    dc.b    0x41, 0x11, 0x11, 0x44, 0x44, 0x44, 0x44, 0x32, 0x44, 0x42, 0x33, 0x24, 0xd8, 0xae, 0xa1, 0x0c
    dc.b    0xfc, 0xce, 0xee, 0xef, 0xfe, 0xfc, 0xef, 0xfc, 0xfe, 0xec, 0xff, 0xfc, 0xee, 0xef, 0xfc, 0xcf
    dc.b    0xee, 0xff, 0xfe, 0xee, 0x81, 0x01, 0x8e, 0xd8, 0xff, 0xeb, 0x8d, 0x55, 0xcf, 0xea, 0x7c, 0x55
    dc.b    0xcf, 0xea, 0x7a, 0xb8, 0xfe, 0xa7, 0xa1, 0x45, 0xc7, 0xbd, 0xed, 0x7a, 0xbd, 0xd0, 0xad, 0xac
    dc.b    0x77, 0xb0, 0x7a, 0xdd, 0xdd, 0xd0, 0xaa, 0xcc, 0x77, 0xa8, 0xaa, 0x77, 0x11, 0x45, 0x77, 0xcc
    dc.b    0xf0, 0x00, 0x77, 0x7c, 0xcc, 0xcc, 0xaa, 0x77, 0x7c, 0xcc, 0x77, 0xaa, 0xa7, 0x77, 0xbb, 0xbb
    dc.b    0xbb, 0xaa, 0xbb, 0xaa, 0xa7, 0x77, 0x88, 0xbb, 0xbb, 0xbb, 0xdd, 0xdd, 0xdd, 0xdd, 0x11, 0x14
    dc.b    0xa0, 0x01, 0x61, 0x19, 0x42, 0x44, 0x16, 0x19, 0x24, 0x41, 0x11, 0x99, 0x44, 0x11, 0x23, 0x55
    dc.b    0x41, 0x13, 0x69, 0x5d, 0x00, 0x00, 0xd8, 0xdf, 0xf0, 0x00, 0xcf, 0xee, 0x00, 0x00, 0xff, 0xff
    dc.b    0xe0, 0x00, 0xfe, 0xec, 0xee, 0x00, 0xee, 0xef, 0xce, 0x00, 0x8e, 0xee, 0xcf, 0xe0, 0xee, 0x8e
    dc.b    0xff, 0xe0, 0xed, 0xef, 0xfe, 0x00, 0x55, 0xee, 0x40, 0x01, 0xe0, 0x00, 0xae, 0xe0, 0x00, 0x00
    dc.b    0x79, 0x00, 0xff, 0x2e, 0x06, 0x00, 0x81, 0x44, 0x00, 0x08, 0xb0, 0x00, 0x8a, 0x7c, 0x7a, 0x8a
    dc.b    0xcc, 0xcc, 0xcc, 0xbc, 0xcc, 0xcc, 0xc7, 0xac, 0xd1, 0x18, 0xcc, 0xc7, 0x7c, 0xcc, 0xc7, 0x77
    dc.b    0x77, 0x77, 0x77, 0xb7, 0xaa, 0x77, 0xaa, 0xbb, 0xbb, 0xb8, 0x8b, 0xab, 0xd8, 0x88, 0x88, 0x88
    dc.b    0x0d, 0xdd, 0xdd, 0xd0, 0x67, 0x26, 0x00, 0xd8, 0xbd, 0x8a, 0x55, 0xb7, 0xd8, 0x87, 0xd5, 0xb7
    dc.b    0xdd, 0xdd, 0x06, 0x00, 0xf0, 0x00, 0x00, 0x0d, 0x00, 0x00, 0x00, 0xbb, 0x00, 0x0d, 0xb7, 0xda
    dc.b    0x00, 0x0d, 0x7a, 0x5d, 0x00, 0x0d, 0xb5, 0xdd, 0x00, 0x00, 0x5d, 0xdd, 0x00, 0x05, 0x55, 0x55
    dc.b    0x00, 0x5d, 0xdd, 0x88, 0x42, 0xc5, 0x0d, 0xbc, 0xca, 0x8d, 0x77, 0xcc, 0xcc, 0xca, 0xf0, 0x00
    dc.b    0xc7, 0xaa, 0xcc, 0xc7, 0x7a, 0xaa, 0xc7, 0x77, 0xa7, 0xb8, 0x77, 0xaa, 0x7a, 0x8d, 0xaa, 0x77
    dc.b    0xa8, 0xd0, 0x77, 0xaa, 0x8d, 0x00, 0xaa, 0xbb, 0xd0, 0x00, 0xb8, 0x8d, 0x00, 0x00, 0x14, 0x2a
    dc.b    0x8d, 0xd0, 0x51, 0x06, 0xaa, 0x80, 0x00, 0x00, 0x77, 0xad, 0x00, 0x00, 0x8b, 0x8d, 0x00, 0x01
    dc.b    0xd1, 0x12, 0x02, 0x03, 0xd1, 0x01, 0x00, 0x93, 0x00, 0x00, 0x00, 0x91, 0x00, 0x00, 0x00, 0x99
    dc.b    0x00, 0x00, 0x09, 0x11, 0x00, 0x00, 0x02, 0x19, 0x00, 0x00, 0x39, 0x99, 0x00, 0x03, 0x99, 0x96
    dc.b    0xf0, 0x00, 0x00, 0x39, 0x99, 0x62, 0x03, 0x99, 0x96, 0x21, 0x39, 0x99, 0x93, 0x11, 0x00, 0x09
    dc.b    0x62, 0x11, 0x00, 0x09, 0x31, 0x11, 0x00, 0x96, 0x21, 0x14, 0x00, 0x92, 0x11, 0x14, 0x00, 0x91
    dc.b    0xf0, 0x00, 0x11, 0x44, 0x09, 0x31, 0x31, 0x44, 0x09, 0x21, 0x34, 0x44, 0x09, 0x23, 0x14, 0x44
    dc.b    0x93, 0x61, 0x14, 0x44, 0x96, 0x21, 0x44, 0x14, 0x92, 0x11, 0x44, 0x14, 0x21, 0x14, 0x41, 0x14
    dc.b    0x83, 0x00, 0x11, 0x11, 0x12, 0x14, 0x22, 0x11, 0x21, 0x44, 0x63, 0x22, 0x21, 0x44, 0x12, 0x21
    dc.b    0x44, 0x44, 0x91, 0x01, 0x11, 0x96, 0x33, 0x22, 0x91, 0x11, 0x96, 0x32, 0x95, 0x55, 0x11, 0x11
    dc.b    0x22, 0x15, 0x55, 0x55, 0x14, 0x91, 0xf0, 0x00, 0x44, 0x44, 0x19, 0x99, 0x14, 0x44, 0x96, 0x31
    dc.b    0x94, 0x42, 0x62, 0x44, 0x49, 0x44, 0x21, 0x44, 0x49, 0x44, 0x31, 0x44, 0x44, 0x94, 0x32, 0x14
    dc.b    0x44, 0x94, 0x12, 0x11, 0x44, 0x93, 0x31, 0x01, 0x11, 0x21, 0x44, 0x19, 0x41, 0x11, 0x21, 0x01
    dc.b    0x44, 0x15, 0x44, 0x14, 0x27, 0x01, 0x44, 0x11, 0x44, 0x44, 0x14, 0x01, 0x41, 0x11, 0x90, 0x02
    dc.b    0x11, 0x12, 0x44, 0x44, 0x11, 0x16, 0x44, 0x41, 0x11, 0x29, 0x44, 0x41, 0x11, 0x60, 0x44, 0x41
    dc.b    0x13, 0x90, 0xf9, 0xc7, 0x72, 0x00, 0x21, 0x11, 0x44, 0x42, 0x22, 0x11, 0x23, 0x33, 0x13, 0x33
    dc.b    0x33, 0x14, 0x55, 0x55, 0xf0, 0x00, 0x16, 0xd5, 0x55, 0x55, 0x44, 0x44, 0x11, 0x15, 0x11, 0x14
    dc.b    0x44, 0x15, 0x33, 0x21, 0x11, 0x55, 0x42, 0x33, 0x33, 0x55, 0x44, 0x41, 0x15, 0x55, 0x11, 0x11
    dc.b    0x55, 0x55, 0x13, 0x65, 0xf0, 0x00, 0x55, 0x53, 0x15, 0x55, 0x55, 0x11, 0x55, 0x55, 0x55, 0x99
    dc.b    0x55, 0x55, 0x23, 0x99, 0x55, 0x12, 0x39, 0x99, 0x11, 0x13, 0x39, 0x99, 0x11, 0x23, 0x99, 0x99
    dc.b    0x11, 0x39, 0x99, 0x96, 0x80, 0x01, 0x13, 0x39, 0x96, 0x66, 0x13, 0x90, 0x09, 0x63, 0x19, 0x00
    dc.b    0x00, 0x96, 0x29, 0x00, 0x00, 0x09, 0xea, 0x43, 0x0c, 0xf0, 0x83, 0x01, 0x33, 0x24, 0x41, 0x13
    dc.b    0x24, 0x44, 0x16, 0x63, 0x44, 0x11, 0x61, 0x12, 0x55, 0x55, 0x55, 0x5d, 0xf0, 0x00, 0x55, 0x11
    dc.b    0x55, 0x5d, 0x55, 0x44, 0x55, 0x51, 0x51, 0x11, 0x55, 0x51, 0x33, 0x33, 0x55, 0x53, 0x11, 0x15
    dc.b    0x55, 0x51, 0x11, 0x35, 0x55, 0x51, 0x33, 0x55, 0x55, 0x59, 0x11, 0x55, 0x42, 0x01, 0x55, 0x21
    dc.b    0x99, 0x55, 0x55, 0x22, 0x95, 0x55, 0x00, 0x01, 0xf4, 0x7c, 0xf0, 0x00, 0x53, 0x33, 0x66, 0x32
    dc.b    0x22, 0x23, 0x33, 0x66, 0x33, 0x21, 0x23, 0x33, 0x66, 0x33, 0x32, 0x33, 0x33, 0x66, 0x93, 0x22
    dc.b    0x33, 0x33, 0x09, 0x63, 0x22, 0x23, 0x00, 0x96, 0x33, 0x22, 0x20, 0x01, 0x00, 0x09, 0x96, 0x63
    dc.b    0xd1, 0xac, 0x50, 0x01, 0x00, 0x96, 0x00, 0x00, 0x09, 0x63, 0x00, 0x00, 0x09, 0x33, 0xe7, 0xf2
    dc.b    0x03, 0xfb, 0x90, 0x01, 0x09, 0x31, 0x00, 0x00, 0x93, 0x11, 0x00, 0x00, 0x31, 0x22, 0x00, 0x09
    dc.b    0x12, 0x21, 0x00, 0x09, 0x12, 0x11, 0xde, 0x04, 0xf0, 0x00, 0x21, 0x11, 0x00, 0x00, 0x62, 0x11
    dc.b    0x00, 0x00, 0x03, 0x11, 0x00, 0x00, 0x08, 0x34, 0x00, 0x00, 0x88, 0x83, 0x00, 0x08, 0x88, 0x88
    dc.b    0x00, 0x8b, 0xbb, 0x88, 0x00, 0x8b, 0xab, 0x88, 0x51, 0x01, 0x00, 0xbb, 0x7a, 0xaa, 0x00, 0xba
    dc.b    0xcc, 0xcc, 0x00, 0xb7, 0xd0, 0x01, 0x77, 0x77, 0x00, 0xb7, 0x7c, 0xcc, 0x00, 0xb7, 0x8b, 0xb8
    dc.b    0x00, 0x8b, 0x78, 0x78, 0x00, 0x0d, 0x8d, 0x8d, 0x21, 0x41, 0x12, 0x21, 0x11, 0x12, 0x22, 0x11
    dc.b    0xfb, 0xc1, 0x30, 0x01, 0x11, 0x14, 0x11, 0x11, 0x11, 0x44, 0xc8, 0xfe, 0x00, 0x01, 0xfb, 0x2b
    dc.b    0x00, 0x02, 0xdf, 0x6a, 0xb0, 0x01, 0x44, 0x44, 0x11, 0x22, 0x44, 0x41, 0x12, 0x22, 0x44, 0x11
    dc.b    0x22, 0x22, 0x66, 0x66, 0x66, 0x99, 0x88, 0x88, 0x80, 0x00, 0x88, 0x88, 0xe4, 0xb3, 0x50, 0x01
    dc.b    0xcc, 0xc7, 0x80, 0x00, 0xcc, 0xcc, 0xa0, 0x00, 0x77, 0x77, 0xce, 0xd8, 0xf0, 0x00, 0xb8, 0xb8
    dc.b    0xaa, 0x80, 0x78, 0x78, 0x77, 0x7b, 0x8d, 0x8d, 0x88, 0x8d, 0x11, 0x14, 0x41, 0x12, 0x14, 0x44
    dc.b    0x41, 0x22, 0x44, 0x44, 0x12, 0x23, 0x44, 0x41, 0x22, 0x26, 0x44, 0x12, 0xd1, 0x01, 0x22, 0x39
    dc.b    0x41, 0x22, 0x22, 0x69, 0x11, 0x22, 0x23, 0x90, 0x12, 0x22, 0x26, 0x90, 0x22, 0x22, 0x39, 0x00
    dc.b    0x22, 0x22, 0x69, 0x00, 0x22, 0x23, 0x90, 0x00, 0x30, 0x0d, 0x22, 0x29, 0x00, 0x00, 0x99, 0x90
    dc.b    0x7e, 0x46, 0x06, 0x00, 0x31, 0x01, 0x63, 0x33, 0x00, 0x09, 0x33, 0x32, 0x21, 0x01, 0x00, 0x06
    dc.b    0x33, 0x33, 0x12, 0x01, 0x00, 0x93, 0x11, 0x01, 0x00, 0x63, 0xb3, 0x1e, 0x33, 0x36, 0x09, 0x33
    dc.b    0x33, 0x66, 0x06, 0x33, 0x36, 0x66, 0x93, 0x33, 0x66, 0x63, 0x63, 0x36, 0x66, 0x33, 0x66, 0x69
    dc.b    0x96, 0x66, 0x42, 0x00, 0x22, 0x23, 0x33, 0x33, 0x23, 0x33, 0x33, 0x33, 0x11, 0x01, 0x33, 0x32
    dc.b    0x32, 0x01, 0x36, 0x33, 0x33, 0x32, 0x66, 0x33, 0x12, 0x01, 0x63, 0x33, 0x03, 0x0d, 0x01, 0x01
    dc.b    0xa1, 0x01, 0x66, 0x63, 0x33, 0x33, 0x0d, 0xd8, 0x88, 0x88, 0x00, 0xd8, 0x88, 0x88, 0x22, 0x33
    dc.b    0x60, 0x00, 0x22, 0x36, 0x90, 0x00, 0x38, 0x01, 0x22, 0x39, 0x00, 0x00, 0x23, 0x39, 0x23, 0x01
    dc.b    0x33, 0x36, 0x90, 0x00, 0x30, 0x01, 0x33, 0x39, 0x00, 0x00, 0x36, 0x90, 0xc8, 0xe2, 0x01, 0x9f
    dc.b    0xf0, 0x00, 0x19, 0x00, 0x00, 0x00, 0x12, 0x90, 0x00, 0x00, 0x11, 0x29, 0x00, 0x00, 0x11, 0x11
    dc.b    0x90, 0x00, 0x99, 0x99, 0x90, 0x00, 0x14, 0x42, 0x60, 0x00, 0x11, 0x44, 0x26, 0x00, 0x11, 0x14
    dc.b    0x60, 0x02, 0x42, 0x60, 0x21, 0x11, 0x44, 0x26, 0x22, 0x11, 0x14, 0x42, 0x22, 0x21, 0xc1, 0x23
    dc.b    0xf0, 0x00, 0x21, 0x14, 0x12, 0x32, 0x21, 0x11, 0x21, 0x11, 0x12, 0x11, 0x33, 0x21, 0x14, 0x44
    dc.b    0x66, 0x32, 0x21, 0x14, 0x33, 0x63, 0x22, 0x21, 0x22, 0x63, 0x22, 0x11, 0x66, 0x32, 0x11, 0x11
    dc.b    0x80, 0x10, 0x63, 0x21, 0x11, 0x22, 0x32, 0x22, 0x22, 0x23, 0x23, 0x32, 0x22, 0x33, 0x33, 0x22
    dc.b    0x23, 0x33, 0x7f, 0x60, 0xf0, 0x00, 0x60, 0x00, 0x00, 0x00, 0x26, 0x00, 0x00, 0x00, 0x43, 0x00
    dc.b    0x00, 0x00, 0x41, 0x60, 0x00, 0x00, 0x44, 0x26, 0x00, 0x00, 0x14, 0x13, 0x90, 0x00, 0x44, 0x42
    dc.b    0x60, 0x00, 0x44, 0x41, 0x71, 0x01, 0x39, 0x00, 0x44, 0x41, 0x26, 0x00, 0x11, 0x11, 0x23, 0x90
    dc.b    0x22, 0x22, 0x23, 0x60, 0x6a, 0x28, 0x33, 0x22, 0x33, 0x90, 0x33, 0x22, 0x36, 0x00, 0x32, 0x22
    dc.b    0x36, 0x00, 0x00, 0x02, 0x7e, 0xa7, 0x10, 0x01, 0x09, 0x32, 0xc3, 0xc6, 0x72, 0x01, 0x62, 0x14
    dc.b    0x00, 0x03, 0x62, 0x14, 0x00, 0x92, 0x62, 0x14, 0x00, 0x91, 0x32, 0x14, 0xb1, 0x17, 0x43, 0x14
    dc.b    0x00, 0x93, 0x43, 0x24, 0x00, 0x93, 0x14, 0x21, 0x00, 0x93, 0x11, 0x42, 0x00, 0x93, 0x31, 0x14
    dc.b    0x00, 0x09, 0x31, 0x11, 0x00, 0x01, 0xc3, 0xae, 0x32, 0x27, 0x96, 0x32, 0x00, 0x09, 0x19, 0x63
    dc.b    0xf0, 0x00, 0x99, 0x99, 0x00, 0x09, 0x11, 0x44, 0x00, 0x09, 0x63, 0x11, 0x09, 0x91, 0x44, 0x41
    dc.b    0x63, 0x14, 0x49, 0xdb, 0x24, 0x49, 0xd8, 0xb7, 0x44, 0x9d, 0x8a, 0x77, 0x49, 0x88, 0xba, 0x77
    dc.b    0x11, 0x01, 0x48, 0x8b, 0xf0, 0x00, 0xba, 0xa7, 0x48, 0x8b, 0xbb, 0xbb, 0x48, 0x88, 0xbb, 0xa7
    dc.b    0x48, 0x88, 0x88, 0xbb, 0x4d, 0x88, 0x8d, 0xdd, 0x49, 0xdd, 0xda, 0xa8, 0x44, 0x97, 0x77, 0x7a
    dc.b    0x44, 0x9c, 0xcc, 0x7a, 0x80, 0x02, 0x24, 0x43, 0x3c, 0x7b, 0x44, 0x44, 0x13, 0x77, 0x14, 0x44
    dc.b    0x41, 0x22, 0x11, 0x14, 0x44, 0x12, 0xe8, 0x6d, 0x06, 0x59, 0x01, 0x01, 0x12, 0x01, 0x00, 0x99
    dc.b    0x01, 0x5f, 0xb0, 0x04, 0x93, 0x22, 0x00, 0x06, 0x22, 0x11, 0x00, 0x62, 0x11, 0x14, 0x06, 0x21
    dc.b    0x14, 0x44, 0x92, 0x11, 0x44, 0x41, 0x61, 0x14, 0x41, 0x12, 0x7e, 0x67, 0xf0, 0x00, 0x09, 0x62
    dc.b    0x14, 0x41, 0x99, 0x21, 0x14, 0x41, 0x62, 0x11, 0x44, 0x11, 0x31, 0x11, 0x11, 0x21, 0x32, 0x21
    dc.b    0x12, 0x14, 0x96, 0x32, 0x22, 0x14, 0x11, 0x22, 0x14, 0x44, 0x24, 0x44, 0x10, 0x02, 0x44, 0x44
    dc.b    0xe5, 0x50, 0x60, 0x04, 0x41, 0x12, 0x21, 0x11, 0x12, 0x21, 0x14, 0x11, 0x21, 0x11, 0x44, 0x11
    dc.b    0x7e, 0x77, 0x00, 0x07, 0x7d, 0x79, 0x00, 0x01, 0x7d, 0x7b, 0x20, 0x02, 0x44, 0x44, 0x11, 0x39
    dc.b    0x7d, 0x7d, 0x30, 0x01, 0x11, 0x13, 0x90, 0x00, 0x12, 0x39, 0xcd, 0x36, 0x01, 0xb8, 0x12, 0xd9
    dc.b    0x39, 0x00, 0xf0, 0x00, 0x90, 0x00, 0x00, 0x00, 0xd8, 0x8b, 0xab, 0xbb, 0xd8, 0xaa, 0xaa, 0xaa
    dc.b    0xd8, 0x87, 0x7b, 0x77, 0xd8, 0xab, 0xb7, 0x77, 0x8a, 0x77, 0x77, 0x77, 0xa7, 0xcc, 0xcc, 0x77
    dc.b    0x87, 0x77, 0xa1, 0x00, 0x77, 0x77, 0x08, 0xbb, 0xb8, 0x88, 0xbb, 0xb8, 0x80, 0x00, 0xaa, 0xab
    dc.b    0xb8, 0x80, 0x77, 0x77, 0x7a, 0xaa, 0x77, 0x77, 0x63, 0x7d, 0x77, 0xcc, 0x77, 0xcc, 0xcc, 0x77
    dc.b    0xaa, 0xbb, 0xb8, 0x88, 0xdd, 0xd0, 0xa6, 0xe8, 0x88, 0x88, 0xbb, 0xbb, 0xaa, 0xab, 0x77, 0x7c
    dc.b    0xc7, 0xa8, 0xcc, 0xc7, 0xa8, 0x00, 0x77, 0xb8, 0xd0, 0x00, 0x88, 0xd0, 0x1a, 0xf4, 0x80, 0x00
    dc.b    0xf0, 0x00, 0xb7, 0x8d, 0x00, 0x00, 0xa7, 0x77, 0xbd, 0x00, 0x77, 0x77, 0x7b, 0xbd, 0xdd, 0xd7
    dc.b    0x77, 0xa8, 0xdd, 0x8d, 0xd7, 0xab, 0xd8, 0xdd, 0xd5, 0xb8, 0x58, 0xdd, 0xd5, 0x8d, 0xd5, 0x5d
    dc.b    0xa0, 0x05, 0x55, 0x50, 0xdd, 0xd5, 0x55, 0x00, 0xdd, 0x55, 0x50, 0x00, 0xa5, 0x55, 0x00, 0x00
    dc.b    0xa8, 0x50, 0x00, 0x00, 0x8d, 0x00, 0x7c, 0x2f, 0xc0, 0x02, 0x25, 0xdd, 0xd5, 0xba, 0x95, 0xdd
    dc.b    0xd5, 0xdd, 0x55, 0xdd, 0xd5, 0x88, 0x55, 0x5d, 0xd5, 0x88, 0x55, 0x55, 0x55, 0x58, 0x65, 0x55
    dc.b    0x55, 0x55, 0x7e, 0x75, 0xc3, 0x1f, 0xd8, 0x87, 0x77, 0xad, 0xdd, 0xdd, 0x8a, 0xad, 0xd8, 0xba
    dc.b    0x77, 0xb8, 0xdd, 0xdd, 0x87, 0x80, 0xd8, 0xbb, 0x7a, 0xd0, 0xdd, 0xdd, 0xdd, 0x00, 0x00, 0x00
    dc.b    0x00, 0x00
spr_ken_720_animation0_frame0_tileset_data_size = .-spr_ken_720_animation0_frame0_tileset_data

    .align  2
spr_ken_720_animation0_frame1_tileset_data:
    dc.b    0x00, 0x01, 0xcb, 0x1b, 0x20, 0x02, 0x00, 0xee, 0x00, 0x00, 0xd9, 0x61, 0xf0, 0x00, 0xee, 0xec
    dc.b    0x00, 0xee, 0xee, 0xcf, 0x00, 0xee, 0xef, 0xee, 0x0e, 0xee, 0xee, 0xee, 0xe0, 0xe9, 0xee, 0xee
    dc.b    0x6e, 0x1e, 0xe6, 0x33, 0x11, 0xee, 0x61, 0x44, 0x66, 0x32, 0x44, 0x43, 0x91, 0x01, 0x32, 0x14
    dc.b    0x43, 0xd8, 0x21, 0x44, 0x3d, 0x8a, 0x14, 0x44, 0xd8, 0xa7, 0x14, 0x43, 0xda, 0x77, 0x44, 0x43
    dc.b    0x11, 0x01, 0x8a, 0x77, 0xf0, 0x00, 0x44, 0x44, 0x8a, 0xa7, 0x44, 0x44, 0x8b, 0xaa, 0x14, 0x44
    dc.b    0x18, 0xbb, 0x11, 0x44, 0x4d, 0x88, 0x21, 0x14, 0x44, 0xdd, 0x22, 0x11, 0x44, 0x41, 0x22, 0x11
    dc.b    0x11, 0x44, 0x22, 0x21, 0x91, 0x00, 0x11, 0x11, 0x22, 0x22, 0x11, 0x13, 0x22, 0x11, 0x11, 0x12
    dc.b    0x11, 0x23, 0x63, 0x21, 0x33, 0x69, 0x55, 0x55, 0x01, 0x31, 0x05, 0x00, 0xf0, 0x00, 0xff, 0xef
    dc.b    0xfe, 0xef, 0xff, 0xcf, 0xff, 0xff, 0xfc, 0xff, 0xcf, 0xfc, 0xff, 0xfc, 0xcf, 0xfe, 0x9e, 0xff
    dc.b    0xff, 0xee, 0xef, 0xfe, 0xee, 0xdd, 0x44, 0x41, 0x8b, 0xa7, 0xdd, 0x8b, 0x63, 0x00, 0xa7, 0x7c
    dc.b    0xaa, 0x7a, 0x77, 0xcc, 0x77, 0x7a, 0x77, 0x7c, 0x77, 0x77, 0xf0, 0x00, 0x7a, 0x77, 0x77, 0x77
    dc.b    0xa7, 0x77, 0x77, 0x7a, 0xaa, 0xa8, 0x7a, 0xaa, 0xa8, 0x87, 0xaa, 0xaa, 0x8a, 0x77, 0xaa, 0xb8
    dc.b    0xa7, 0x7a, 0xb8, 0x8a, 0x77, 0xab, 0xd8, 0x8b, 0xbb, 0x88, 0xf0, 0x00, 0xdd, 0x88, 0x88, 0x34
    dc.b    0x41, 0x11, 0x21, 0x44, 0x44, 0x44, 0x44, 0x21, 0x11, 0x44, 0x12, 0x14, 0x33, 0x21, 0x14, 0x44
    dc.b    0x12, 0x33, 0x32, 0x11, 0x55, 0x55, 0x99, 0x66, 0x55, 0x55, 0x21, 0x7a, 0x55, 0x59, 0xe0, 0x00
    dc.b    0x01, 0x01, 0xf0, 0x00, 0xee, 0x00, 0xee, 0xff, 0xfe, 0xe5, 0xff, 0xef, 0xfe, 0xe8, 0xce, 0xef
    dc.b    0xe8, 0xed, 0xee, 0xe8, 0x5e, 0x55, 0xee, 0x8b, 0x55, 0x55, 0x88, 0x88, 0xdd, 0xdd, 0xba, 0x77
    dc.b    0x77, 0xbb, 0xa0, 0x01, 0x77, 0xcc, 0xcc, 0x7a, 0xcc, 0xcc, 0xc7, 0x7a, 0xcc, 0xcc, 0x77, 0xa7
    dc.b    0xcc, 0x77, 0x7a, 0x77, 0x77, 0x7a, 0xa7, 0x77, 0xef, 0x41, 0x01, 0x00, 0x51, 0x01, 0x7a, 0xab
    dc.b    0x88, 0x88, 0x88, 0x36, 0xa8, 0x46, 0x41, 0x36, 0xf0, 0x00, 0xb2, 0x43, 0x41, 0x33, 0x84, 0x24
    dc.b    0x41, 0x32, 0x44, 0x24, 0x41, 0x31, 0x42, 0x44, 0x42, 0x31, 0x24, 0x44, 0x13, 0x11, 0x44, 0x41
    dc.b    0x23, 0x11, 0x44, 0x11, 0x31, 0x11, 0x41, 0x13, 0x62, 0xbe, 0x11, 0x13, 0x11, 0x11, 0x11, 0x30
    dc.b    0x21, 0x22, 0x36, 0x00, 0x96, 0x66, 0x03, 0x00, 0xf0, 0x00, 0x55, 0x55, 0x55, 0x00, 0xdd, 0xd5
    dc.b    0x55, 0x55, 0xdd, 0x5a, 0x77, 0x7a, 0x55, 0xa7, 0x77, 0x77, 0x55, 0xa7, 0x77, 0xaa, 0xdd, 0x88
    dc.b    0xb7, 0x77, 0x8b, 0x77, 0xcc, 0xcc, 0xac, 0xcc, 0xe2, 0x1f, 0xcc, 0x77, 0x7c, 0xcc, 0x77, 0x7a
    dc.b    0xc7, 0x77, 0x77, 0xac, 0x77, 0x77, 0xaa, 0xaa, 0x77, 0xaa, 0x77, 0x77, 0xaa, 0x77, 0x77, 0xaa
    dc.b    0x77, 0x7a, 0xab, 0x80, 0xb8, 0x88, 0x18, 0x01, 0x60, 0x00, 0x14, 0x01, 0x30, 0x00, 0x01, 0x07
    dc.b    0x07, 0x00, 0x20, 0x01, 0x00, 0x92, 0x11, 0x11, 0xce, 0xd7, 0x60, 0x01, 0x96, 0x33, 0x00, 0x00
    dc.b    0x62, 0x21, 0x00, 0x06, 0x21, 0x44, 0x00, 0x02, 0xce, 0xe6, 0xf0, 0x00, 0x00, 0x14, 0x44, 0x44
    dc.b    0x06, 0x44, 0x44, 0x44, 0x01, 0x44, 0x44, 0x11, 0x34, 0x44, 0x41, 0x11, 0x24, 0x44, 0x11, 0x14
    dc.b    0x14, 0x41, 0x11, 0x44, 0x14, 0x41, 0x14, 0x44, 0x14, 0x11, 0x54, 0x00, 0x44, 0x44, 0x11, 0x14
    dc.b    0x44, 0x44, 0x14, 0x44, 0x44, 0x44, 0x00, 0x03, 0xfa, 0x59, 0x11, 0x73, 0x11, 0x11, 0x63, 0x0d
    dc.b    0x11, 0x39, 0x11, 0x99, 0x34, 0x44, 0x99, 0x32, 0x44, 0x44, 0x31, 0x44, 0x71, 0xc9, 0x41, 0x12
    dc.b    0x44, 0x44, 0x14, 0x12, 0x44, 0x41, 0x41, 0x21, 0x41, 0x14, 0x42, 0x11, 0xf0, 0x00, 0x14, 0x41
    dc.b    0x21, 0x44, 0x44, 0x11, 0x14, 0x41, 0x44, 0x11, 0x44, 0x11, 0x41, 0x14, 0x44, 0x11, 0x11, 0x44
    dc.b    0x41, 0x11, 0x14, 0x44, 0x11, 0x11, 0x44, 0x41, 0x11, 0x19, 0x44, 0x11, 0x40, 0x01, 0x11, 0x60
    dc.b    0x41, 0x11, 0x16, 0x00, 0x11, 0x11, 0xda, 0x24, 0x34, 0x65, 0x11, 0x30, 0x00, 0x00, 0x13, 0x00
    dc.b    0x30, 0x01, 0x44, 0x11, 0x19, 0x65, 0x15, 0x55, 0xfa, 0xa2, 0xf0, 0x00, 0x55, 0x55, 0x59, 0x22
    dc.b    0x21, 0x11, 0x66, 0x66, 0x11, 0x12, 0x22, 0x12, 0x14, 0x12, 0x21, 0x26, 0x44, 0x11, 0x12, 0x35
    dc.b    0x41, 0x11, 0x23, 0x55, 0x11, 0x11, 0x39, 0x55, 0x11, 0x12, 0xf0, 0x00, 0x95, 0x53, 0x11, 0x19
    dc.b    0x96, 0x63, 0x11, 0x96, 0x66, 0x66, 0x19, 0x66, 0x63, 0x33, 0x96, 0x66, 0x66, 0x33, 0x66, 0x66
    dc.b    0x66, 0x66, 0x96, 0x66, 0x66, 0x66, 0x09, 0x66, 0x66, 0x66, 0x31, 0x81, 0x00, 0x96, 0x33, 0x33
    dc.b    0x00, 0x09, 0x30, 0x01, 0x09, 0x99, 0x00, 0x00, 0x00, 0x96, 0xf7, 0xe1, 0xf0, 0x00, 0x00, 0x96
    dc.b    0x55, 0x55, 0x50, 0x00, 0x55, 0x65, 0x00, 0x00, 0x23, 0x55, 0x00, 0x00, 0x39, 0x55, 0x60, 0x00
    dc.b    0x99, 0x55, 0x16, 0x00, 0x95, 0x51, 0x13, 0x00, 0x55, 0x21, 0x11, 0x30, 0x40, 0x01, 0x55, 0x32
    dc.b    0x11, 0x13, 0x53, 0x33, 0x21, 0x11, 0x7e, 0x93, 0x00, 0x01, 0xde, 0xba, 0x31, 0x04, 0x63, 0x33
    dc.b    0x22, 0x21, 0x33, 0x33, 0xd0, 0x01, 0x11, 0x22, 0x33, 0x22, 0x21, 0x11, 0x66, 0x33, 0x22, 0x22
    dc.b    0x66, 0x66, 0x33, 0x32, 0x33, 0x33, 0x36, 0x33, 0x33, 0x36, 0x63, 0x22, 0x66, 0x63, 0x32, 0x22
    dc.b    0xe3, 0xba, 0x38, 0xc8, 0x33, 0x66, 0x33, 0x33, 0x36, 0x66, 0x05, 0x00, 0x10, 0x01, 0x00, 0x0b
    dc.b    0xf7, 0x3f, 0x01, 0x01, 0x50, 0x01, 0x08, 0xa8, 0x00, 0x00, 0x08, 0xab, 0x00, 0x00, 0x00, 0x8a
    dc.b    0xf5, 0xec, 0x05, 0x00, 0x01, 0x07, 0x01, 0x0b, 0x92, 0x01, 0x08, 0xaa, 0x00, 0x00, 0x8a, 0xaa
    dc.b    0x00, 0xba, 0xaa, 0xaa, 0xba, 0xaa, 0xaa, 0xaa, 0xaa, 0xaa, 0xaa, 0xa6, 0xd1, 0x1e, 0xaa, 0xb3
    dc.b    0xaa, 0xaa, 0xab, 0x83, 0x8a, 0xab, 0xb8, 0x83, 0x88, 0xbb, 0x88, 0x03, 0xaa, 0x88, 0xb8, 0x03
    dc.b    0xba, 0x8a, 0xa8, 0x06, 0x08, 0x8b, 0xb0, 0x00, 0xf0, 0x00, 0xbb, 0xb8, 0x00, 0x09, 0xaa, 0xaa
    dc.b    0x66, 0x63, 0xaa, 0x66, 0x33, 0x33, 0xa6, 0x33, 0x33, 0x32, 0x63, 0x33, 0x33, 0x23, 0x63, 0x33
    dc.b    0x32, 0x33, 0x33, 0x33, 0x33, 0x36, 0x33, 0x33, 0x11, 0x5d, 0x33, 0x63, 0x15, 0x00, 0x33, 0x33
    dc.b    0x01, 0x9c, 0x11, 0x1d, 0x99, 0x00, 0xf1, 0x01, 0x00, 0x99, 0x99, 0x92, 0x66, 0x31, 0x16, 0x21
    dc.b    0x32, 0x12, 0x61, 0x11, 0x21, 0x26, 0x11, 0x11, 0x23, 0x31, 0x12, 0x11, 0x33, 0x11, 0x22, 0x14
    dc.b    0x62, 0x23, 0x32, 0x14, 0x33, 0x33, 0x52, 0x1d, 0x21, 0x11, 0x33, 0x33, 0x32, 0x11, 0x33, 0x33
    dc.b    0x33, 0x21, 0x13, 0x1d, 0x33, 0x66, 0x02, 0x1f, 0x41, 0x01, 0x63, 0x33, 0x00, 0x66, 0x63, 0x33
    dc.b    0x00, 0x63, 0x13, 0x01, 0x33, 0x33, 0x16, 0x01, 0x06, 0x33, 0xf0, 0x00, 0x63, 0x33, 0x33, 0x36
    dc.b    0x63, 0x33, 0x33, 0x63, 0x06, 0x66, 0x66, 0x33, 0x00, 0x66, 0x33, 0x33, 0x00, 0x00, 0x66, 0x33
    dc.b    0x00, 0x00, 0x00, 0x06, 0x36, 0x36, 0x66, 0x32, 0x63, 0x36, 0x11, 0xad, 0x66, 0x32, 0x01, 0x01
    dc.b    0x61, 0xb8, 0x33, 0x66, 0x33, 0x23, 0x33, 0x66, 0x32, 0x23, 0x36, 0x63, 0x32, 0x36, 0x21, 0x1b
    dc.b    0x66, 0x33, 0x33, 0x66, 0x22, 0x63, 0x33, 0x33, 0x36, 0x63, 0x15, 0x62, 0x63, 0x33, 0x61, 0x01
    dc.b    0x22, 0x23, 0x00, 0x00, 0x23, 0x23, 0x00, 0x00, 0x33, 0x22, 0x90, 0x00, 0x21, 0x01, 0x63, 0x22
    dc.b    0x60, 0x00, 0x31, 0x01, 0x63, 0x32, 0x60, 0x00, 0x33, 0x32, 0x14, 0x01, 0x39, 0x00, 0x8e, 0xde
    dc.b    0x36, 0x00, 0x33, 0x33, 0x36, 0x00, 0x33, 0x36, 0x60, 0x00, 0x36, 0x60, 0x00, 0x00, 0x68, 0x88
    dc.b    0x06, 0xe3, 0x10, 0x01, 0x00, 0xb7, 0xf2, 0xbe, 0x01, 0x01, 0x81, 0x01, 0x0a, 0x7a, 0x00, 0x00
    dc.b    0xa7, 0x7a, 0x00, 0x0a, 0x77, 0x77, 0x00, 0xb7, 0x77, 0x77, 0x00, 0xa7, 0xb2, 0x1f, 0x77, 0xaa
    dc.b    0x0b, 0xb7, 0x7a, 0x77, 0x07, 0xa7, 0xa7, 0x77, 0xb7, 0x7a, 0xa7, 0x77, 0xba, 0x7a, 0xaa, 0xaa
    dc.b    0x8b, 0xbb, 0x8b, 0xbb, 0x10, 0x01, 0x00, 0x93, 0xe1, 0x64, 0xe3, 0x01, 0x93, 0x99, 0x00, 0x00
    dc.b    0x99, 0x32, 0x00, 0x06, 0x22, 0x13, 0x00, 0x32, 0x11, 0x32, 0x03, 0x21, 0x13, 0x21, 0x32, 0x11
    dc.b    0x23, 0x21, 0x22, 0x11, 0x32, 0x21, 0x21, 0x11, 0xa2, 0x01, 0x32, 0x22, 0x21, 0x11, 0x13, 0x22
    dc.b    0x31, 0x11, 0x13, 0x22, 0x32, 0x11, 0x12, 0x22, 0xa3, 0x21, 0x11, 0x22, 0xaa, 0x21, 0xf0, 0x00
    dc.b    0x7a, 0x31, 0x11, 0x12, 0x7a, 0xa3, 0x11, 0x12, 0xaa, 0xbb, 0x31, 0x12, 0xbb, 0xb8, 0x83, 0x33
    dc.b    0xbb, 0x8d, 0x05, 0x55, 0x00, 0x88, 0xbb, 0x88, 0x08, 0xb8, 0xbb, 0xb8, 0x8b, 0xb8, 0x91, 0x3c
    dc.b    0xbb, 0x8b, 0x8b, 0xaa, 0xaa, 0xaa, 0xb7, 0xcc, 0xc7, 0x77, 0x87, 0xcc, 0xcc, 0x77, 0x08, 0xaa
    dc.b    0xaa, 0xab, 0x80, 0x01, 0x88, 0x88, 0x00, 0x00, 0xbb, 0xb8, 0x88, 0x80, 0xbb, 0xbb, 0xbb, 0xbb
    dc.b    0xa7, 0x77, 0x77, 0x7a, 0xc4, 0x98, 0x41, 0x0e, 0xcc, 0xcc, 0xbb, 0xba, 0x77, 0x77, 0x00, 0xdd
    dc.b    0x02, 0x00, 0xc7, 0x84, 0x88, 0x00, 0x00, 0x00, 0xaa, 0xab, 0x80, 0x00, 0x77, 0x77, 0xaa, 0x7a
    dc.b    0xcc, 0xc7, 0x7a, 0x77, 0x7a, 0xaa, 0xa8, 0x8d, 0x88, 0x8d, 0xd0, 0x00, 0x01, 0x08, 0x12, 0x03
    dc.b    0xad, 0x00, 0x02, 0x00, 0x10, 0x07, 0x0d, 0x8b, 0x7e, 0x99, 0x04, 0x00, 0xf0, 0x00, 0x88, 0x88
    dc.b    0x8d, 0x00, 0x88, 0xd0, 0x00, 0x09, 0x00, 0x09, 0x99, 0x99, 0x31, 0x11, 0x11, 0x22, 0x03, 0x11
    dc.b    0x11, 0x11, 0x00, 0x31, 0x11, 0x11, 0x00, 0x03, 0x14, 0x44, 0x00, 0x00, 0x21, 0x7e, 0x31, 0x14
    dc.b    0x96, 0x32, 0x30, 0x01, 0x11, 0x12, 0x66, 0x63, 0x33, 0x33, 0xe0, 0x32, 0x01, 0x00, 0x10, 0x01
    dc.b    0x11, 0x14, 0x7d, 0xb9, 0xf0, 0x00, 0x44, 0x19, 0x44, 0x44, 0x16, 0x92, 0x33, 0x31, 0x41, 0x94
    dc.b    0x21, 0x14, 0x41, 0x94, 0x11, 0x14, 0x41, 0x94, 0x14, 0x44, 0x49, 0x91, 0x44, 0x46, 0x64, 0x49
    dc.b    0x49, 0x64, 0x44, 0x41, 0x30, 0x01, 0x93, 0x44, 0x44, 0x41, 0x60, 0x00, 0xe0, 0x38, 0x30, 0x01
    dc.b    0x13, 0x00, 0x00, 0x00, 0x11, 0x60, 0xc7, 0xdd, 0xf0, 0x00, 0x11, 0x13, 0x00, 0x00, 0x21, 0x11
    dc.b    0x60, 0x00, 0x11, 0x11, 0x20, 0x00, 0x11, 0x11, 0x16, 0x00, 0x22, 0x11, 0x13, 0x00, 0x32, 0x21
    dc.b    0x12, 0x90, 0x22, 0x21, 0x12, 0x90, 0x33, 0x21, 0x31, 0x01, 0x12, 0x60, 0x33, 0x21, 0x22, 0x60
    dc.b    0xf0, 0x00, 0x63, 0x22, 0x22, 0x60, 0x50, 0x00, 0x00, 0x00, 0xa8, 0x80, 0x00, 0x00, 0x7a, 0xb8
    dc.b    0x00, 0x00, 0xbb, 0x7b, 0xb8, 0x00, 0x77, 0xbb, 0x88, 0x80, 0xc7, 0x77, 0x7b, 0xb8, 0x7a, 0xcc
    dc.b    0xa8, 0x6f, 0x7c, 0xcb, 0xac, 0xc7, 0x7c, 0xca, 0xc7, 0x7c, 0xcc, 0x7b, 0xa7, 0x7a, 0xab, 0x80
    dc.b    0x7a, 0xab, 0x88, 0x00, 0xb8, 0x80, 0x00, 0x0a, 0x7d, 0x65, 0xf0, 0x00, 0x22, 0x22, 0x36, 0x00
    dc.b    0x66, 0x66, 0x90, 0x00, 0x23, 0x95, 0x55, 0x50, 0x44, 0x12, 0x39, 0x50, 0x44, 0x41, 0x12, 0x60
    dc.b    0x44, 0x41, 0x11, 0x20, 0x11, 0x11, 0x11, 0x15, 0x11, 0x11, 0x50, 0x00, 0x11, 0x35, 0x91, 0x11
    dc.b    0x16, 0x55, 0x91, 0x12, 0x65, 0x55, 0x00, 0x00, 0x00, 0x00
spr_ken_720_animation0_frame1_tileset_data_size = .-spr_ken_720_animation0_frame1_tileset_data

    .align  2
spr_ken_720_animation0_frame2_tileset_data:
    dc.b    0x16, 0x00, 0x00, 0x00, 0x30, 0x01, 0x20, 0x00, 0x00, 0x00, 0x16, 0x00, 0xee, 0x67, 0x01, 0x01
    dc.b    0xf0, 0x00, 0x13, 0x00, 0x00, 0x06, 0x13, 0x00, 0x06, 0x21, 0x56, 0x00, 0x62, 0x69, 0x55, 0x50
    dc.b    0x69, 0x99, 0x55, 0x55, 0x99, 0x9d, 0xb7, 0x7a, 0x99, 0x9d, 0xcc, 0xcc, 0x7b, 0xda, 0xcc, 0xc7
    dc.b    0xf0, 0x00, 0x7d, 0xbb, 0xc7, 0x7d, 0xda, 0x77, 0xd8, 0xba, 0x7c, 0xc7, 0xb7, 0xcc, 0xc7, 0x77
    dc.b    0xcc, 0xcc, 0x77, 0x77, 0x7c, 0xcc, 0xc7, 0x7d, 0xdb, 0xac, 0xcc, 0x78, 0xdb, 0x7d, 0xac, 0x78
    dc.b    0x91, 0x00, 0xd7, 0xdb, 0xd7, 0xcd, 0xbd, 0xd7, 0x7d, 0x7d, 0xbb, 0xbd, 0xd7, 0x77, 0xdd, 0xd3
    dc.b    0x3d, 0xdd, 0x11, 0x11, 0x10, 0x02, 0x11, 0x12, 0xd8, 0x19, 0x27, 0x3f, 0x22, 0x22, 0x23, 0x36
    dc.b    0x00, 0x01, 0xe0, 0x46, 0xf0, 0x00, 0x96, 0x63, 0x00, 0x06, 0x32, 0x22, 0x06, 0x21, 0x44, 0x44
    dc.b    0x33, 0x22, 0x11, 0x44, 0x14, 0x44, 0x44, 0x44, 0x99, 0x99, 0x61, 0x44, 0xd8, 0xbb, 0x89, 0x14
    dc.b    0x8b, 0xbb, 0xb9, 0x24, 0xf0, 0x00, 0xbb, 0xbb, 0xbb, 0x91, 0x77, 0x7b, 0xbb, 0x93, 0x77, 0x77
    dc.b    0xbb, 0x93, 0xa7, 0x7a, 0xbb, 0x99, 0xa7, 0xab, 0xdd, 0xd9, 0xbb, 0xdd, 0x99, 0x99, 0xdd, 0x99
    dc.b    0x99, 0x94, 0x99, 0x99, 0x52, 0x35, 0x93, 0x46, 0x63, 0x32, 0x26, 0x61, 0x66, 0x66, 0x61, 0x11
    dc.b    0xa0, 0x02, 0x11, 0x26, 0xd1, 0x11, 0x22, 0x60, 0x11, 0x13, 0x36, 0x00, 0x12, 0x23, 0x60, 0x00
    dc.b    0x23, 0x39, 0x00, 0x00, 0x36, 0x90, 0xf6, 0x29, 0x06, 0x3c, 0x93, 0x01, 0x03, 0x31, 0x11, 0x36
    dc.b    0x31, 0x44, 0x44, 0x44, 0x33, 0x11, 0x14, 0x44, 0x11, 0x44, 0x44, 0x41, 0x44, 0x44, 0xf0, 0x00
    dc.b    0x44, 0x14, 0x44, 0x44, 0x41, 0x14, 0x44, 0x44, 0x41, 0x44, 0x44, 0x44, 0x14, 0x41, 0x44, 0x41
    dc.b    0x14, 0x43, 0x44, 0x11, 0x44, 0x13, 0x41, 0x14, 0x44, 0x16, 0x11, 0x44, 0x41, 0x66, 0x90, 0x01
    dc.b    0x34, 0x41, 0x66, 0x66, 0x41, 0x66, 0x66, 0x60, 0x66, 0x12, 0x66, 0x00, 0x11, 0x26, 0x00, 0x00
    dc.b    0x12, 0x60, 0xfb, 0x4d, 0x18, 0x6e, 0x60, 0x00, 0x0f, 0x00, 0x01, 0x1b, 0x10, 0x01, 0x44, 0x60
    dc.b    0xfb, 0x4c, 0x12, 0x01, 0x44, 0x16, 0x50, 0x01, 0x41, 0x16, 0x00, 0x00, 0x41, 0x30, 0x00, 0x00
    dc.b    0x11, 0x30, 0xf3, 0x12, 0x11, 0xcb, 0x11, 0x00, 0x20, 0x19, 0x00, 0x00, 0x30, 0x00, 0x7f, 0xcf
    dc.b    0x05, 0x00, 0x60, 0x01, 0x06, 0x31, 0x11, 0x11, 0x00, 0x06, 0x11, 0x11, 0x00, 0x00, 0x63, 0x11
    dc.b    0xfa, 0x45, 0x00, 0x01, 0xca, 0x82, 0x00, 0x32, 0x00, 0x00, 0xf0, 0x00, 0x11, 0x11, 0x22, 0x65
    dc.b    0x11, 0x11, 0x11, 0x55, 0x11, 0x11, 0x16, 0x55, 0x11, 0x11, 0x15, 0x55, 0x66, 0x31, 0x15, 0x55
    dc.b    0x00, 0x96, 0x65, 0x52, 0x00, 0x00, 0x06, 0x22, 0x00, 0x00, 0x12, 0x01, 0x06, 0x63, 0x30, 0x01
    dc.b    0x06, 0x32, 0x00, 0x00, 0x06, 0x21, 0xdb, 0x9b, 0x80, 0x14, 0x31, 0x13, 0x00, 0x03, 0x13, 0x99
    dc.b    0x00, 0x62, 0x99, 0x63, 0x00, 0x99, 0x06, 0x33, 0x00, 0x00, 0x7f, 0xff, 0x10, 0x01, 0x09, 0x33
    dc.b    0xf5, 0x49, 0x31, 0x05, 0x00, 0x93, 0x00, 0x00, 0x00, 0x96, 0xf0, 0x00, 0x55, 0x56, 0x44, 0x41
    dc.b    0x55, 0x14, 0x44, 0x19, 0x51, 0x44, 0x41, 0x96, 0x11, 0x44, 0x49, 0x63, 0x12, 0x44, 0x19, 0x63
    dc.b    0x22, 0x44, 0x66, 0x63, 0x34, 0x44, 0x96, 0x63, 0x34, 0x46, 0xe9, 0x00, 0x96, 0x63, 0x24, 0x19
    dc.b    0x96, 0x66, 0x14, 0x69, 0x96, 0x66, 0x11, 0x93, 0x69, 0x66, 0x19, 0x33, 0x26, 0x66, 0x93, 0x33
    dc.b    0x32, 0x23, 0x33, 0x33, 0x33, 0x22, 0x33, 0x33, 0x1a, 0x01, 0x33, 0x32, 0x06, 0x00, 0x11, 0x02
    dc.b    0x63, 0x33, 0xf0, 0x00, 0x66, 0x33, 0x33, 0x22, 0x23, 0x66, 0x94, 0xdd, 0x7d, 0xba, 0x44, 0xd8
    dc.b    0xdd, 0xb7, 0x14, 0xdb, 0xbd, 0x7d, 0x14, 0xdb, 0xbb, 0xdd, 0x24, 0x4d, 0xbb, 0xbb, 0x21, 0x41
    dc.b    0xdd, 0xdd, 0x20, 0x01, 0x32, 0x11, 0x11, 0x11, 0xce, 0x86, 0x00, 0x01, 0xcf, 0xff, 0x21, 0x1b
    dc.b    0x63, 0x33, 0x32, 0x22, 0x40, 0x01, 0x66, 0x63, 0x36, 0x66, 0x22, 0x36, 0x66, 0x69, 0x7e, 0x61
    dc.b    0xf0, 0x00, 0x22, 0x36, 0x22, 0x22, 0x23, 0x36, 0x22, 0x22, 0x33, 0x36, 0x22, 0x23, 0x33, 0x36
    dc.b    0x22, 0x33, 0x32, 0x39, 0x22, 0x33, 0x32, 0x69, 0x23, 0x33, 0x23, 0x60, 0x23, 0x32, 0x23, 0x90
    dc.b    0xa0, 0x01, 0x33, 0x32, 0x36, 0x00, 0x33, 0x22, 0x36, 0x00, 0x33, 0x23, 0x39, 0x00, 0x32, 0x23
    dc.b    0x39, 0x00, 0x32, 0x33, 0x60, 0x00, 0xca, 0x47, 0x31, 0x01, 0x90, 0x00, 0x33, 0x36, 0x00, 0x00
    dc.b    0x04, 0x00, 0x12, 0x03, 0x00, 0x0e, 0x32, 0x07, 0x00, 0xee, 0x00, 0x00, 0x0e, 0x0e, 0x01, 0x05
    dc.b    0x12, 0x03, 0xee, 0xee, 0x00, 0x02, 0xd5, 0x06, 0x12, 0x07, 0xe0, 0xef, 0x91, 0x03, 0x6e, 0xe4
    dc.b    0x00, 0x06, 0x11, 0x24, 0x00, 0x61, 0x12, 0x44, 0x00, 0x61, 0x31, 0x44, 0x00, 0x63, 0x31, 0x44
    dc.b    0xc2, 0x01, 0x00, 0x31, 0x31, 0x44, 0x06, 0x11, 0x31, 0x44, 0x03, 0x11, 0x31, 0x14, 0x61, 0x11
    dc.b    0x32, 0x14, 0x31, 0x11, 0x33, 0x11, 0x31, 0x11, 0x13, 0x11, 0x30, 0x03, 0x11, 0x31, 0x31, 0x11
    dc.b    0x11, 0x13, 0xfe, 0x21, 0x12, 0x39, 0x11, 0x11, 0x30, 0x01, 0x0e, 0x00, 0xee, 0xee, 0xe0, 0xee
    dc.b    0xf6, 0x72, 0x01, 0x00, 0xf0, 0x00, 0xee, 0xfe, 0xee, 0xee, 0xff, 0xce, 0xee, 0xef, 0xcc, 0xcf
    dc.b    0xef, 0xff, 0xff, 0xfc, 0xee, 0xec, 0xcf, 0xfc, 0xec, 0xcf, 0xff, 0xea, 0xff, 0xfe, 0xea, 0xac
    dc.b    0xf4, 0x43, 0xa7, 0xcc, 0xf0, 0x00, 0x44, 0x38, 0x7c, 0xcc, 0x42, 0x87, 0xcc, 0xc7, 0x4d, 0xac
    dc.b    0xcc, 0x77, 0x2d, 0x7c, 0xc7, 0x77, 0x38, 0x7c, 0xc7, 0x77, 0x38, 0x77, 0x7b, 0x77, 0x38, 0x7a
    dc.b    0xb8, 0x77, 0x3d, 0xa7, 0xf0, 0x00, 0xa8, 0xa7, 0x23, 0x87, 0xa8, 0x87, 0x43, 0xda, 0xb8, 0x78
    dc.b    0x42, 0x6d, 0x87, 0x77, 0x44, 0x26, 0xd8, 0xaa, 0x14, 0x44, 0x36, 0xd8, 0x11, 0x14, 0x44, 0x44
    dc.b    0x11, 0x12, 0x22, 0x23, 0x81, 0x3e, 0x31, 0x11, 0x11, 0x11, 0x13, 0x11, 0x11, 0x22, 0x11, 0x33
    dc.b    0x11, 0x11, 0x11, 0x11, 0x33, 0x21, 0x31, 0x41, 0xee, 0x00, 0x00, 0x00, 0x0e, 0xe0, 0xf0, 0x00
    dc.b    0x00, 0xe0, 0xee, 0xee, 0x0e, 0xee, 0xef, 0xfe, 0xee, 0xee, 0xfc, 0xff, 0xff, 0xe0, 0xcc, 0xfc
    dc.b    0xfc, 0xfe, 0xcf, 0xcf, 0xfc, 0xfe, 0xfe, 0xfe, 0xfe, 0xe0, 0xa7, 0xcc, 0xcc, 0x7a, 0xf0, 0x00
    dc.b    0xcc, 0xcc, 0xcc, 0xc7, 0xcc, 0xcc, 0xcc, 0xcc, 0x7a, 0xa7, 0x77, 0xab, 0x7c, 0xcc, 0xcc, 0x77
    dc.b    0x77, 0x7c, 0xcc, 0xc7, 0x77, 0x77, 0xcc, 0xcc, 0xc7, 0x77, 0x77, 0xcc, 0xcc, 0x7a, 0xf0, 0x00
    dc.b    0xbb, 0x77, 0x7c, 0xcc, 0x7b, 0xb8, 0x77, 0xcc, 0xcb, 0xba, 0x77, 0x7a, 0xba, 0xcc, 0x8a, 0x77
    dc.b    0xac, 0xcc, 0x78, 0xab, 0xa7, 0xcc, 0x77, 0xdb, 0xba, 0x77, 0x88, 0xd8, 0xbb, 0xaa, 0xc0, 0x0a
    dc.b    0x11, 0x1d, 0xdd, 0x8b, 0x36, 0x66, 0x66, 0xdd, 0x22, 0x33, 0x31, 0x16, 0x33, 0x21, 0x16, 0x55
    dc.b    0x11, 0x11, 0x55, 0x55, 0x11, 0x65, 0x55, 0x55, 0x7e, 0x75, 0x12, 0x01, 0xe0, 0x00, 0x03, 0x00
    dc.b    0x51, 0x01, 0x80, 0x00, 0x00, 0x00, 0x7b, 0x80, 0x00, 0x00, 0x7a, 0x78, 0xf0, 0x00, 0x12, 0x30
    dc.b    0xa7, 0xab, 0x11, 0x12, 0x7a, 0xc7, 0xb1, 0x11, 0x7a, 0xcc, 0xa1, 0x11, 0x77, 0xac, 0xa1, 0x11
    dc.b    0x78, 0xbb, 0x8d, 0x11, 0x7c, 0xcc, 0x7a, 0xd1, 0x7c, 0xcc, 0xc7, 0xad, 0xf0, 0x00, 0x77, 0xcc
    dc.b    0x75, 0x55, 0xc7, 0x75, 0x5d, 0xd5, 0xcc, 0x5d, 0x88, 0xdd, 0xc5, 0xdd, 0xdd, 0x85, 0x75, 0xdd
    dc.b    0xdd, 0x57, 0xb5, 0x5d, 0xd5, 0x7c, 0x85, 0x55, 0x58, 0xac, 0x55, 0x55, 0x91, 0x01, 0x58, 0xb7
    dc.b    0x55, 0x15, 0x58, 0xd8, 0x51, 0x41, 0xdd, 0x8a, 0x14, 0x41, 0xd7, 0xdd, 0x00, 0x63, 0x33, 0x22
    dc.b    0x12, 0x01, 0x06, 0x33, 0x14, 0x01, 0x63, 0x33, 0x11, 0x09, 0x93, 0x33, 0xb2, 0x01, 0x33, 0x32
    dc.b    0x09, 0x33, 0x33, 0x32, 0x09, 0x63, 0x33, 0x32, 0x09, 0x66, 0x33, 0x33, 0x00, 0x66, 0x33, 0x33
    dc.b    0x00, 0x63, 0x63, 0x33, 0x21, 0x01, 0x36, 0x33, 0x06, 0x33, 0x14, 0x01, 0x33, 0x33, 0x32, 0x01
    dc.b    0x33, 0x66, 0x00, 0x00, 0x00, 0x88, 0x52, 0x01, 0x08, 0x8b, 0x00, 0x00, 0x08, 0xba, 0x00, 0x00
    dc.b    0x08, 0xaa, 0x34, 0x01, 0x8a, 0xa7, 0x00, 0x00, 0x8a, 0x77, 0x7b, 0x01, 0x08, 0xba, 0x22, 0x23
    dc.b    0x36, 0x63, 0x22, 0x22, 0x33, 0x36, 0x22, 0x22, 0x33, 0x33, 0x16, 0x01, 0x22, 0x23, 0x30, 0x06
    dc.b    0x32, 0x23, 0x33, 0x33, 0x33, 0x23, 0x7e, 0x56, 0x62, 0x01, 0x33, 0x66, 0x33, 0x33, 0x66, 0x00
    dc.b    0x66, 0x66, 0x88, 0x00, 0x88, 0x88, 0x60, 0x01, 0xbb, 0xb8, 0x88, 0x00, 0xaa, 0xab, 0x8b, 0x80
    dc.b    0xaa, 0xaa, 0xaa, 0xb8, 0xf5, 0x30, 0xb3, 0x01, 0xa8, 0x7a, 0x77, 0x77, 0xa8, 0x77, 0x77, 0x77
    dc.b    0xab, 0xa7, 0x77, 0x7a, 0xab, 0x88, 0xaa, 0xab, 0xb8, 0x00, 0x90, 0x00, 0x00, 0x00, 0x3c, 0x01
    dc.b    0x39, 0x00, 0x00, 0x00, 0x36, 0x00, 0x10, 0x01, 0x36, 0x60, 0xc5, 0x8b, 0x07, 0x01, 0x01, 0x0d
    dc.b    0x00, 0x06, 0x7c, 0xdb, 0x07, 0x00, 0x01, 0xdf, 0x72, 0x0b, 0xab, 0x80, 0x00, 0x00, 0xaa, 0xa8
    dc.b    0x00, 0x00, 0x7a, 0x8a, 0x80, 0x00, 0x88, 0x88, 0x90, 0x03, 0x33, 0x66, 0x90, 0x00, 0x66, 0x69
    dc.b    0x90, 0x00, 0x99, 0x99, 0x00, 0x00, 0x66, 0x90, 0x00, 0x00, 0x69, 0x90, 0x7c, 0xb3, 0x01, 0x01
    dc.b    0x00, 0x00, 0x00, 0x00
spr_ken_720_animation0_frame2_tileset_data_size = .-spr_ken_720_animation0_frame2_tileset_data

    .align  2
spr_ken_720_animation0_frame3_tileset_data:
    dc.b    0xf0, 0x00, 0x00, 0x0e, 0x00, 0xef, 0x00, 0x00, 0xee, 0xfe, 0x00, 0x0e, 0xee, 0xee, 0x00, 0x0e
    dc.b    0xee, 0x61, 0x00, 0xe0, 0xe6, 0x14, 0x00, 0x00, 0x62, 0x44, 0x00, 0x00, 0x34, 0x41, 0x00, 0x03
    dc.b    0x62, 0x01, 0x44, 0x41, 0x00, 0x02, 0x44, 0x48, 0x00, 0x62, 0x14, 0x18, 0x00, 0x32, 0xd1, 0x01
    dc.b    0x00, 0x62, 0x11, 0x18, 0x00, 0x36, 0x11, 0x18, 0x00, 0x31, 0x61, 0xb7, 0x00, 0x31, 0x68, 0x7b
    dc.b    0x00, 0x62, 0x68, 0x77, 0x00, 0x63, 0x68, 0xa7, 0x00, 0x06, 0xb2, 0x01, 0x38, 0xba, 0x00, 0x00
    dc.b    0x66, 0xda, 0x00, 0x00, 0x06, 0xdb, 0x00, 0x00, 0x09, 0xd8, 0x00, 0x00, 0x00, 0xd5, 0x00, 0x00
    dc.b    0x00, 0x5d, 0x12, 0x01, 0x00, 0x55, 0xf0, 0x00, 0x0d, 0xdd, 0x00, 0x00, 0xda, 0x55, 0x00, 0x80
    dc.b    0xb7, 0x5d, 0x0d, 0x78, 0xa7, 0x5d, 0xfe, 0xfe, 0xee, 0xff, 0xee, 0xee, 0xba, 0x77, 0x66, 0x8a
    dc.b    0x77, 0xcc, 0x18, 0x7c, 0x7c, 0xcc, 0xb1, 0x01, 0x87, 0xcc, 0x77, 0xcc, 0x87, 0xcc, 0xc7, 0x7c
    dc.b    0x87, 0xcc, 0xcc, 0x77, 0x8b, 0x7c, 0xcc, 0xc7, 0xaa, 0xbc, 0xc7, 0xa7, 0x7b, 0x7c, 0xf0, 0x00
    dc.b    0x7a, 0x7c, 0x7b, 0x77, 0x7a, 0x7c, 0xb8, 0x77, 0xa7, 0xc7, 0xa7, 0x87, 0x77, 0xaa, 0x77, 0xb7
    dc.b    0xbc, 0xcc, 0xaa, 0xbb, 0xbc, 0xcc, 0xbb, 0xa7, 0xb7, 0xcc, 0x77, 0x7c, 0xca, 0x7c, 0x42, 0x01
    dc.b    0x77, 0x7c, 0xcc, 0xa7, 0x77, 0x7c, 0xcc, 0x7a, 0xf0, 0x00, 0xcc, 0x77, 0x55, 0x5d, 0xd5, 0x77
    dc.b    0xdd, 0xd8, 0x8d, 0x55, 0xdd, 0xd8, 0x8d, 0xdd, 0x55, 0x55, 0x55, 0x5d, 0xb7, 0x58, 0x8d, 0xd5
    dc.b    0xb5, 0xd8, 0x8d, 0xdd, 0x5d, 0x88, 0xdd, 0xd5, 0xe0, 0x01, 0xdd, 0x8d, 0xdd, 0x50, 0xd8, 0xdd
    dc.b    0xdd, 0x50, 0x8d, 0xdd, 0xd5, 0x00, 0xef, 0xff, 0xee, 0x0e, 0x7a, 0xab, 0x8b, 0x00, 0xcc, 0xc7
    dc.b    0xa8, 0x00, 0xcc, 0xcc, 0x7a, 0x80, 0xf2, 0x87, 0x21, 0x00, 0xc7, 0xa7, 0x77, 0x77, 0xf0, 0x00
    dc.b    0xa8, 0x88, 0xcc, 0xca, 0xc7, 0x8c, 0xcc, 0x7a, 0xc7, 0x87, 0xc7, 0xa7, 0xc7, 0x87, 0x7a, 0xcc
    dc.b    0x77, 0x8b, 0xac, 0xcc, 0x78, 0xaa, 0xcc, 0xc7, 0x78, 0x7c, 0xbb, 0x77, 0x8b, 0xaa, 0xf0, 0x00
    dc.b    0xc7, 0xb8, 0x66, 0x66, 0xcc, 0x7b, 0x24, 0x44, 0xcc, 0x7a, 0x66, 0x33, 0xcc, 0x7b, 0x11, 0x44
    dc.b    0xc7, 0x78, 0x11, 0x22, 0x7b, 0xa8, 0x13, 0x65, 0x7b, 0x83, 0x65, 0x55, 0x78, 0x65, 0xf0, 0x00
    dc.b    0x55, 0x55, 0x78, 0x55, 0x55, 0x53, 0x55, 0x55, 0x59, 0x11, 0xd5, 0x55, 0x61, 0x44, 0xd5, 0x53
    dc.b    0x14, 0x41, 0x55, 0x31, 0x44, 0x11, 0x53, 0x14, 0x11, 0x11, 0x61, 0x11, 0x11, 0x11, 0xf0, 0x00
    dc.b    0x61, 0x13, 0x11, 0x22, 0x63, 0x31, 0x11, 0x44, 0x00, 0x00, 0x00, 0x05, 0x00, 0xdd, 0x00, 0x55
    dc.b    0x0d, 0xaa, 0x8d, 0x88, 0x00, 0xda, 0xaa, 0x8b, 0x11, 0x2d, 0xbb, 0xaa, 0x86, 0x44, 0xf0, 0x00
    dc.b    0x28, 0xbb, 0x78, 0x64, 0x42, 0xd8, 0xa7, 0x81, 0x44, 0x25, 0xca, 0x84, 0x44, 0x42, 0xcc, 0x84
    dc.b    0x44, 0x41, 0xcc, 0xd3, 0x44, 0x44, 0x7c, 0xd3, 0x44, 0x44, 0xc7, 0x61, 0x44, 0x41, 0xf1, 0x00
    dc.b    0xb6, 0x14, 0x44, 0x11, 0x61, 0x14, 0x41, 0x21, 0x11, 0x44, 0x12, 0x14, 0x44, 0x41, 0x21, 0x42
    dc.b    0x22, 0x32, 0x21, 0x23, 0x44, 0x44, 0x12, 0x13, 0x26, 0x66, 0x92, 0x12, 0x55, 0x55, 0xf0, 0x00
    dc.b    0x34, 0x41, 0x53, 0x21, 0x44, 0x43, 0x14, 0x44, 0x41, 0x31, 0x44, 0x44, 0x43, 0x14, 0x41, 0x41
    dc.b    0x21, 0x41, 0x14, 0x12, 0x44, 0x21, 0x41, 0x21, 0x42, 0x14, 0x12, 0x14, 0x12, 0x14, 0xa1, 0x01
    dc.b    0x21, 0x41, 0x21, 0x44, 0x44, 0x12, 0x14, 0x44, 0x12, 0x21, 0x44, 0x41, 0x42, 0xaa, 0xb8, 0x50
    dc.b    0x41, 0x3a, 0xb8, 0xd0, 0xf0, 0x00, 0x42, 0x6a, 0x8d, 0x00, 0x23, 0x6a, 0x8d, 0x00, 0x36, 0x9b
    dc.b    0xd0, 0x00, 0x39, 0xb8, 0xd0, 0x00, 0x9a, 0xb8, 0xd0, 0x06, 0x6b, 0x8d, 0x06, 0x24, 0x5b, 0x89
    dc.b    0x21, 0x44, 0x69, 0x92, 0x83, 0x01, 0x14, 0x41, 0x66, 0x61, 0x44, 0x12, 0x43, 0x61, 0x44, 0x14
    dc.b    0x42, 0x61, 0x44, 0x44, 0x41, 0x61, 0x90, 0x01, 0x14, 0x44, 0x41, 0x62, 0x11, 0x44, 0x13, 0x62
    dc.b    0x11, 0x11, 0x19, 0x63, 0x22, 0x11, 0x96, 0x63, 0x22, 0x22, 0xd1, 0xa1, 0x11, 0x01, 0x33, 0x33
    dc.b    0x15, 0x00, 0x00, 0x00, 0xf0, 0x00, 0x00, 0x03, 0x00, 0x00, 0x06, 0x31, 0x00, 0x06, 0x22, 0x14
    dc.b    0x06, 0x21, 0x21, 0x44, 0x21, 0x22, 0x14, 0x44, 0x42, 0x21, 0x44, 0x44, 0x22, 0x14, 0x44, 0x41
    dc.b    0x21, 0x44, 0x44, 0x41, 0x20, 0x02, 0x14, 0x44, 0x44, 0x11, 0xf4, 0x72, 0x02, 0x01, 0x70, 0x01
    dc.b    0x11, 0x11, 0x44, 0x41, 0x11, 0x11, 0x44, 0x11, 0x11, 0x12, 0x11, 0x11, 0x11, 0x23, 0xc6, 0xf7
    dc.b    0x00, 0x01, 0xf7, 0xfc, 0xf0, 0x00, 0x33, 0x33, 0x32, 0x23, 0x33, 0x33, 0x23, 0x36, 0x00, 0x00
    dc.b    0x32, 0x33, 0x00, 0x02, 0x22, 0x31, 0x02, 0x11, 0x22, 0x31, 0x11, 0x41, 0x23, 0x11, 0x14, 0x42
    dc.b    0x32, 0x11, 0x44, 0x12, 0x20, 0x01, 0x31, 0x11, 0x41, 0x23, 0xe1, 0xe5, 0x11, 0x01, 0x12, 0x21
    dc.b    0xf0, 0x00, 0x11, 0x21, 0x12, 0x11, 0x12, 0x21, 0x12, 0x11, 0x22, 0x11, 0x11, 0x12, 0x21, 0x11
    dc.b    0x11, 0x12, 0x31, 0x12, 0x11, 0x23, 0x11, 0x23, 0x12, 0x33, 0x11, 0x23, 0x23, 0x31, 0x12, 0x33
    dc.b    0xb2, 0x58, 0x33, 0x11, 0x23, 0x33, 0x31, 0x12, 0x33, 0x69, 0x22, 0x23, 0x39, 0x00, 0x22, 0x36
    dc.b    0x90, 0x00, 0x23, 0x60, 0x00, 0x00, 0x36, 0x00, 0xa7, 0x00, 0x11, 0x14, 0x41, 0x11, 0x11, 0x44
    dc.b    0x11, 0x11, 0x14, 0x41, 0x11, 0x11, 0x14, 0x11, 0x11, 0x11, 0x41, 0x11, 0x11, 0x11, 0x01, 0x4e
    dc.b    0x02, 0x35, 0xa0, 0x01, 0x11, 0x12, 0x23, 0x21, 0x11, 0x23, 0x32, 0x11, 0x22, 0x36, 0x32, 0x22
    dc.b    0x36, 0x90, 0x22, 0x23, 0x60, 0x00, 0x22, 0x60, 0xf2, 0x6e, 0x0b, 0x00, 0x23, 0x01, 0x93, 0x33
    dc.b    0x33, 0x33, 0x14, 0x01, 0x96, 0x33, 0x12, 0x01, 0x93, 0x63, 0x33, 0x01, 0x63, 0x63, 0x33, 0x33
    dc.b    0x63, 0x36, 0x33, 0x01, 0x33, 0x32, 0x63, 0x33, 0x33, 0x33, 0x03, 0xb1, 0x01, 0x01, 0x10, 0x17
    dc.b    0x06, 0x33, 0x7f, 0xff, 0xc1, 0x01, 0x00, 0x66, 0x33, 0x33, 0x33, 0x33, 0x23, 0x63, 0x33, 0x33
    dc.b    0x26, 0x32, 0x33, 0x33, 0x36, 0x32, 0x33, 0x33, 0x63, 0x22, 0x33, 0x36, 0x33, 0x22, 0x22, 0x01
    dc.b    0x33, 0x33, 0x33, 0x23, 0xd7, 0x01, 0x33, 0x36, 0x33, 0x33, 0x33, 0x39, 0x33, 0x33, 0x33, 0x66
    dc.b    0x26, 0x63, 0x33, 0x63, 0x32, 0x26, 0x33, 0x63, 0x32, 0x22, 0x63, 0x63, 0x33, 0x22, 0x23, 0x33
    dc.b    0x13, 0x01, 0x33, 0x32, 0x11, 0x01, 0x33, 0x33, 0x06, 0x00, 0x21, 0x54, 0x33, 0x66, 0x33, 0x66
    dc.b    0x05, 0x00, 0x60, 0x01, 0x33, 0x36, 0x22, 0x39, 0x00, 0x00, 0x22, 0x69, 0x00, 0x00, 0x23, 0x69
    dc.b    0xc5, 0x4b, 0x92, 0xc5, 0x33, 0x90, 0x00, 0x00, 0x36, 0x90, 0x00, 0x00, 0x39, 0x90, 0x00, 0x00
    dc.b    0x69, 0x90, 0x00, 0x00, 0x96, 0x00, 0x01, 0x01, 0x12, 0x01, 0x39, 0x00, 0x14, 0x01, 0x60, 0x00
    dc.b    0x03, 0x0d, 0x0d, 0x01, 0x10, 0x01, 0x63, 0x60, 0xc3, 0x82, 0x05, 0x01, 0x00, 0x02, 0xe0, 0x7d
    dc.b    0x00, 0x08, 0x7d, 0xb7, 0xe7, 0xdf, 0x0d, 0x77, 0x77, 0x75, 0x0d, 0x8d, 0xd8, 0x77, 0x00, 0xb7
    dc.b    0x77, 0x7b, 0x00, 0x0d, 0xdd, 0xd8, 0x00, 0x00, 0xb8, 0x87, 0x00, 0x00, 0x8a, 0xaa, 0x00, 0x00
    dc.b    0x08, 0x8d, 0x00, 0x08, 0x7d, 0xd7, 0xf0, 0x00, 0x5d, 0xdd, 0xd5, 0x00, 0x75, 0x55, 0x50, 0x00
    dc.b    0x87, 0x77, 0x80, 0x00, 0x77, 0xa7, 0x80, 0x00, 0x78, 0x7b, 0x00, 0x63, 0xda, 0x78, 0x03, 0x36
    dc.b    0x87, 0xb0, 0x00, 0x00, 0x77, 0x80, 0x24, 0x1f, 0x00, 0x00, 0x08, 0x00, 0x00, 0x08, 0x7d, 0xf7
    dc.b    0xc0, 0x01, 0x06, 0x11, 0x14, 0x12, 0x06, 0x11, 0x41, 0x22, 0x06, 0x11, 0x12, 0x14, 0x61, 0x11
    dc.b    0x14, 0x44, 0x14, 0x44, 0x44, 0x16, 0x66, 0x69, 0x99, 0x99, 0xe0, 0x1f, 0x00, 0x01, 0xc7, 0x07
    dc.b    0x02, 0x01, 0x10, 0x08, 0x06, 0x36, 0x7e, 0x17, 0xb0, 0x01, 0x22, 0x14, 0x44, 0x19, 0x11, 0x44
    dc.b    0x41, 0x99, 0x44, 0x41, 0x69, 0x96, 0x11, 0x69, 0x96, 0x66, 0x99, 0x96, 0x66, 0x33, 0x96, 0x63
    dc.b    0x7e, 0xed, 0x00, 0x02, 0x7e, 0xe3, 0x03, 0x00, 0x00, 0x0b, 0x7e, 0xb4, 0x09, 0x00, 0x00, 0x01
    dc.b    0xdb, 0xae, 0x20, 0x01, 0x00, 0x00, 0x00, 0x21, 0xf6, 0x34, 0x1c, 0x15, 0x32, 0x11, 0x00, 0x02
    dc.b    0x7e, 0x0b, 0x40, 0x02, 0x31, 0x11, 0x00, 0x31, 0x11, 0x14, 0x62, 0x11, 0xf1, 0x7a, 0x10, 0x01
    dc.b    0x44, 0x44, 0xd5, 0xba, 0x32, 0x15, 0x41, 0x11, 0x44, 0x41, 0x11, 0x11, 0x81, 0x11, 0x01, 0x33
    dc.b    0x00, 0x00, 0x31, 0x99, 0x00, 0x63, 0x11, 0x49, 0x03, 0x11, 0x14, 0x44, 0x31, 0x11, 0x11, 0x11
    dc.b    0x44, 0x44, 0x00, 0x03, 0x7d, 0xff, 0x00, 0x09, 0x7e, 0x43, 0x01, 0x1e, 0x01, 0xe5, 0xf0, 0x00
    dc.b    0x99, 0x66, 0x60, 0x00, 0x99, 0x99, 0x96, 0x60, 0x99, 0x99, 0x99, 0x88, 0x49, 0x99, 0x98, 0xac
    dc.b    0x11, 0x88, 0xac, 0xc7, 0x11, 0x1b, 0xcc, 0x77, 0x11, 0x11, 0xb7, 0x77, 0x11, 0x11, 0x30, 0x05
    dc.b    0x1b, 0xaa, 0x11, 0x11, 0x11, 0x18, 0x7e, 0x28, 0x80, 0x01, 0x12, 0x69, 0x11, 0x11, 0x26, 0x00
    dc.b    0x00, 0x8a, 0xcc, 0xc7, 0x08, 0xac, 0xcc, 0xcc, 0x8b, 0x7c, 0xc1, 0x29, 0xf0, 0x01, 0xa7, 0x77
    dc.b    0x77, 0x77, 0xc7, 0x77, 0x77, 0x7a, 0x77, 0xaa, 0xaa, 0x77, 0xab, 0xba, 0xaa, 0xaa, 0x7a, 0xb8
    dc.b    0x88, 0x88, 0xab, 0xb8, 0x80, 0x00, 0x88, 0x88, 0x00, 0x00, 0x11, 0x60, 0xf6, 0xb6, 0x14, 0x72
    dc.b    0x60, 0x00, 0x60, 0x02, 0xb8, 0x00, 0x00, 0x00, 0xca, 0xb8, 0x88, 0x8b, 0xcc, 0x77, 0xaa, 0x7c
    dc.b    0xe0, 0x29, 0x30, 0x01, 0xaa, 0x77, 0xcc, 0xcc, 0x7a, 0xaa, 0xf2, 0xd0, 0x11, 0x1c, 0x88, 0x88
    dc.b    0x0e, 0x00, 0x20, 0x01, 0xbb, 0xbb, 0x80, 0x00, 0x7c, 0xc1, 0xcd, 0x21, 0x77, 0xb0, 0xcc, 0xcc
    dc.b    0x7b, 0x70, 0xcc, 0xc7, 0x7c, 0x7b, 0x77, 0x77, 0xab, 0x7a, 0xaa, 0x77, 0xcc, 0xb8, 0xbb, 0xaa
    dc.b    0x77, 0xc8, 0x00, 0x00, 0x18, 0x09, 0x00, 0x66, 0x14, 0x01, 0x00, 0x08, 0x10, 0x01, 0x00, 0x8b
    dc.b    0xfc, 0xeb, 0xd1, 0x51, 0x0b, 0xaa, 0x00, 0x00, 0x8a, 0xa7, 0x0d, 0x88, 0xaa, 0x77, 0xda, 0xaa
    dc.b    0x77, 0xab, 0x8a, 0x8a, 0xaa, 0xbb, 0x0d, 0x88, 0x88, 0x88, 0x63, 0x33, 0x33, 0x36, 0x03, 0x00
    dc.b    0xa1, 0x67, 0x88, 0x8b, 0xaa, 0xaa, 0x7a, 0xba, 0x7c, 0xc7, 0xab, 0xaa, 0x77, 0x77, 0xba, 0xaa
    dc.b    0x77, 0xcc, 0xaa, 0xa7, 0x7c, 0xcc, 0xc5, 0x85, 0x77, 0x77, 0x77, 0x77, 0x7a, 0xab, 0xbb, 0xbb
    dc.b    0xab, 0xbb, 0xbb, 0xb8, 0xbb, 0xbb, 0xbb, 0x80, 0xbb, 0xbb, 0xb8, 0x00, 0x88, 0x88, 0x80, 0x00
    dc.b    0x30, 0x01, 0x80, 0x00, 0x00, 0x00, 0xb0, 0x00, 0xe7, 0xe7, 0x01, 0x01, 0x30, 0x01, 0x7b, 0x00
    dc.b    0x00, 0x00, 0x7a, 0x80, 0xd3, 0xff, 0x10, 0x01, 0x77, 0xa0, 0xe7, 0xcf, 0x01, 0x11, 0x07, 0x00
    dc.b    0xf0, 0x00, 0x00, 0x0d, 0xd0, 0x00, 0x0d, 0xd8, 0xbd, 0x88, 0x0d, 0xd8, 0xad, 0xaa, 0xdd, 0xda
    dc.b    0xad, 0xaa, 0x55, 0x88, 0xdd, 0xbb, 0x55, 0x55, 0x55, 0x88, 0x8b, 0xd5, 0x55, 0x55, 0xba, 0xaa
    dc.b    0xf5, 0x23, 0x85, 0x55, 0xaa, 0x77, 0xa8, 0x85, 0xbb, 0xaa, 0xa8, 0xaa, 0x88, 0xbb, 0x8b, 0xaa
    dc.b    0x55, 0x58, 0x8b, 0xbb, 0x25, 0x55, 0xd8, 0x88, 0x12, 0x5d, 0xdd, 0x55, 0x41, 0x3d, 0xd5, 0x55
    dc.b    0x12, 0x01, 0xd0, 0x00, 0xf2, 0x11, 0xdb, 0x00, 0x00, 0x00, 0xda, 0xdb, 0x00, 0x00, 0x88, 0xda
    dc.b    0x80, 0x00, 0x8d, 0x88, 0xd0, 0x00, 0x55, 0x8d, 0x00, 0x00, 0x85, 0x50, 0x00, 0x00, 0xb8, 0xd0
    dc.b    0x00, 0x00, 0x8d, 0x00, 0x12, 0x19, 0x50, 0x00, 0x19, 0x00, 0x11, 0x11, 0x00, 0x01, 0xe0, 0x2e
    dc.b    0x70, 0x01, 0x11, 0x11, 0x22, 0x69, 0x11, 0x12, 0x26, 0x00, 0x11, 0x22, 0x60, 0x00, 0x12, 0x26
    dc.b    0xe7, 0x8a, 0x05, 0x77, 0x02, 0x1f, 0x80, 0x07, 0x11, 0x26, 0x11, 0x11, 0x26, 0x90, 0x11, 0x12
    dc.b    0x60, 0x00, 0x11, 0x26, 0x00, 0x00, 0x22, 0x60, 0x7e, 0xef, 0x00, 0x0f, 0x00, 0x00, 0x50, 0x01
    dc.b    0x0e, 0x0e, 0x00, 0xe0, 0xe0, 0x0e, 0x00, 0xee, 0xe0, 0xee, 0xd0, 0x75, 0x00, 0x01, 0xf3, 0x68
    dc.b    0x73, 0x00, 0xee, 0xee, 0xff, 0xfc, 0x0e, 0x00, 0x0e, 0xe0, 0xe0, 0xee, 0xee, 0x00, 0xee, 0xee
    dc.b    0xf0, 0x00, 0xff, 0xff, 0xff, 0xef, 0xfc, 0xcf, 0xcf, 0xfc, 0xcf, 0xcc, 0xfe, 0xec, 0xfe, 0xcf
    dc.b    0x00, 0xe0, 0x00, 0x00, 0x0e, 0xe0, 0x00, 0x00, 0xee, 0xe0, 0xe0, 0x00, 0xee, 0x0e, 0xe0, 0x00
    dc.b    0xf0, 0x00, 0xff, 0xee, 0x00, 0x00, 0xcc, 0xfe, 0x00, 0x00, 0xff, 0xce, 0xe0, 0x00, 0xff, 0x0e
    dc.b    0xe0, 0x00, 0x66, 0x63, 0x33, 0x33, 0x33, 0x66, 0x63, 0x33, 0x22, 0x22, 0x36, 0x66, 0x33, 0x22
    dc.b    0xf0, 0x00, 0x22, 0x22, 0x33, 0x32, 0x22, 0x26, 0x33, 0x32, 0x23, 0x63, 0x33, 0x22, 0x36, 0x32
    dc.b    0x33, 0x23, 0x63, 0x22, 0x33, 0x33, 0x33, 0x90, 0x33, 0x36, 0x69, 0x00, 0x63, 0x66, 0x90, 0x00
    dc.b    0x10, 0x01, 0x69, 0x99, 0x7d, 0x41, 0x01, 0x5f, 0x00, 0x02, 0x7d, 0x4d, 0x00, 0x00, 0x00, 0x00
spr_ken_720_animation0_frame3_tileset_data_size = .-spr_ken_720_animation0_frame3_tileset_data

    .align  2
spr_ken_720_animation0_frame4_tileset_data:
    dc.b    0x13, 0x00, 0x00, 0x00, 0x12, 0x03, 0x00, 0x0e, 0x90, 0x01, 0xee, 0xee, 0x00, 0x00, 0x00, 0xee
    dc.b    0x00, 0x00, 0xee, 0xef, 0x00, 0x0e, 0xee, 0xfc, 0x00, 0xe0, 0x0e, 0xff, 0xd7, 0xcb, 0xf0, 0x00
    dc.b    0xff, 0xef, 0xee, 0xee, 0xee, 0xee, 0x00, 0x0e, 0xee, 0x24, 0x00, 0x00, 0x32, 0x16, 0x00, 0x62
    dc.b    0x11, 0x64, 0x00, 0x21, 0x36, 0x14, 0x00, 0x13, 0x22, 0x44, 0x01, 0x14, 0x21, 0x44, 0x31, 0x01
    dc.b    0x11, 0x14, 0x21, 0x44, 0x11, 0x44, 0xf0, 0x00, 0x21, 0x14, 0x11, 0x44, 0x22, 0x11, 0x11, 0x44
    dc.b    0x12, 0x11, 0x11, 0x44, 0x42, 0x21, 0x11, 0x14, 0x41, 0x22, 0x11, 0x11, 0x44, 0x12, 0x11, 0x11
    dc.b    0x14, 0x41, 0x21, 0x11, 0x11, 0x44, 0x83, 0x3e, 0x62, 0x22, 0x22, 0x11, 0x88, 0x32, 0x22, 0x22
    dc.b    0x88, 0x83, 0x32, 0x22, 0x00, 0x09, 0x63, 0x33, 0xf0, 0x00, 0xee, 0xe0, 0x0e, 0xe0, 0x00, 0xee
    dc.b    0xe0, 0xee, 0xee, 0xef, 0xfe, 0xfe, 0xff, 0xff, 0xcf, 0xcf, 0xcc, 0xfc, 0xcc, 0xcf, 0xcf, 0xcc
    dc.b    0xcf, 0xfc, 0xff, 0xff, 0xfe, 0xfe, 0xfe, 0xee, 0xf0, 0x00, 0xb7, 0x7c, 0xee, 0x8a, 0x7c, 0xcc
    dc.b    0x48, 0x7c, 0xc7, 0x7c, 0x8a, 0xcc, 0xa7, 0xcc, 0x87, 0xc7, 0xb7, 0xcc, 0x8a, 0x7a, 0xb7, 0xcc
    dc.b    0xda, 0xa8, 0xa7, 0xcc, 0xdb, 0xa8, 0xbc, 0x7c, 0xf0, 0x00, 0x6d, 0xb8, 0x7c, 0xbc, 0x46, 0xd8
    dc.b    0xcc, 0xbc, 0x41, 0x68, 0x7a, 0xbc, 0x41, 0x87, 0x88, 0x87, 0x48, 0x77, 0xaa, 0xa8, 0x1a, 0x77
    dc.b    0xcc, 0xcb, 0x8a, 0x77, 0x7c, 0x7a, 0x8a, 0xa7, 0xf3, 0x3f, 0x7c, 0x77, 0x8b, 0xa7, 0xac, 0x77
    dc.b    0x28, 0xaa, 0xa7, 0xa7, 0x18, 0xba, 0xa7, 0xa7, 0x18, 0x55, 0x55, 0x55, 0x25, 0x5d, 0xdd, 0x8d
    dc.b    0x25, 0xdd, 0xdd, 0x8d, 0x35, 0xdd, 0xd8, 0xdd, 0xf0, 0x00, 0xe0, 0x00, 0x00, 0x00, 0x0e, 0x00
    dc.b    0x00, 0x00, 0x0e, 0xee, 0x00, 0x00, 0xef, 0xe0, 0xe0, 0x00, 0xcf, 0xee, 0xe0, 0x00, 0xff, 0xee
    dc.b    0x00, 0x00, 0xba, 0x77, 0x77, 0xb8, 0xcc, 0xcc, 0xc1, 0x01, 0xcc, 0xc7, 0xc7, 0x77, 0x7c, 0xcc
    dc.b    0xcc, 0xc7, 0xa7, 0x7c, 0xcc, 0xcc, 0x7a, 0x77, 0xcc, 0xcc, 0x77, 0xa7, 0xcc, 0xcc, 0x77, 0xab
    dc.b    0xcc, 0xc7, 0xf0, 0x00, 0x7a, 0xab, 0xcc, 0x77, 0xaa, 0xbc, 0xc7, 0x7a, 0xab, 0xc7, 0x78, 0x88
    dc.b    0x87, 0x77, 0x8a, 0xcc, 0x7b, 0x77, 0xa7, 0xcc, 0x77, 0xb7, 0xa7, 0xcc, 0x77, 0xb8, 0xb7, 0xcc
    dc.b    0x77, 0xb8, 0xf0, 0x00, 0x7b, 0x77, 0x7a, 0xb8, 0x77, 0xa7, 0xab, 0x83, 0x77, 0x77, 0xb8, 0x11
    dc.b    0x77, 0x7a, 0xb8, 0x14, 0x57, 0xab, 0x81, 0x11, 0xd5, 0xb8, 0x22, 0x23, 0xdd, 0x55, 0x66, 0x55
    dc.b    0xdd, 0xd5, 0x14, 0xbf, 0x55, 0x55, 0x0c, 0x00, 0xf0, 0x00, 0xa8, 0x00, 0x00, 0x00, 0x7a, 0x80
    dc.b    0x00, 0x00, 0xc7, 0xa8, 0x60, 0x00, 0x7a, 0xb8, 0x43, 0x00, 0xab, 0x88, 0x94, 0x30, 0x77, 0x87
    dc.b    0xa4, 0x40, 0xc7, 0x87, 0x74, 0x43, 0xca, 0x87, 0xf0, 0x00, 0xb4, 0x41, 0x7b, 0x87, 0x64, 0x44
    dc.b    0x78, 0xad, 0x14, 0x41, 0xa8, 0xd2, 0x44, 0x42, 0x8d, 0x24, 0x44, 0x12, 0x81, 0x14, 0x44, 0x22
    dc.b    0x11, 0x44, 0x42, 0x24, 0x11, 0x11, 0x22, 0x14, 0xf0, 0x00, 0x22, 0x22, 0x21, 0x44, 0x33, 0x11
    dc.b    0x14, 0x46, 0x11, 0x44, 0x44, 0x33, 0x44, 0x44, 0x43, 0x91, 0x13, 0x36, 0x55, 0x55, 0x65, 0x55
    dc.b    0x53, 0x44, 0x55, 0x53, 0x44, 0x46, 0x56, 0x14, 0x11, 0x2f, 0x42, 0x44, 0x14, 0x01, 0x60, 0x00
    dc.b    0x34, 0x01, 0x20, 0x00, 0x00, 0x00, 0x10, 0x00, 0x01, 0x09, 0x03, 0x00, 0xd2, 0x01, 0x60, 0x00
    dc.b    0x06, 0x32, 0x50, 0x62, 0x24, 0x44, 0x62, 0x44, 0x49, 0x96, 0x44, 0x49, 0x63, 0x11, 0x69, 0x93
    dc.b    0x14, 0x44, 0x41, 0x34, 0x44, 0x44, 0x44, 0x12, 0xa4, 0x00, 0x44, 0x13, 0x14, 0x44, 0x41, 0x32
    dc.b    0x11, 0x11, 0x16, 0x62, 0x21, 0x11, 0x96, 0x33, 0x22, 0x22, 0x63, 0x33, 0x33, 0x33, 0x70, 0x01
    dc.b    0x33, 0x66, 0x66, 0x66, 0x66, 0x66, 0x96, 0x69, 0x99, 0x90, 0x69, 0x99, 0x90, 0x00, 0xcd, 0xb0
    dc.b    0x00, 0x10, 0x7f, 0x82, 0x04, 0x00, 0x84, 0x00, 0x22, 0x60, 0x00, 0x00, 0x96, 0x63, 0x22, 0x22
    dc.b    0x22, 0x21, 0x11, 0x11, 0x11, 0x14, 0x44, 0x44, 0xf0, 0x00, 0x44, 0x11, 0x44, 0x44, 0x11, 0x22
    dc.b    0x44, 0x11, 0x12, 0x22, 0x11, 0x12, 0x22, 0x21, 0x22, 0x23, 0x32, 0x44, 0x23, 0x33, 0x24, 0x11
    dc.b    0x33, 0x32, 0x11, 0x22, 0x33, 0x22, 0x22, 0x23, 0x50, 0x15, 0x63, 0x33, 0x36, 0x66, 0x33, 0x36
    dc.b    0x66, 0x69, 0x66, 0x99, 0x7f, 0xc9, 0x07, 0x00, 0xf0, 0x00, 0x06, 0x66, 0x66, 0x66, 0x22, 0x11
    dc.b    0x11, 0x11, 0x44, 0x44, 0x44, 0x41, 0x44, 0x44, 0x41, 0x23, 0x44, 0x41, 0x23, 0x21, 0x41, 0x22
    dc.b    0x21, 0x14, 0x22, 0x21, 0x44, 0x41, 0x22, 0x14, 0xa3, 0x7b, 0x41, 0x11, 0x14, 0x41, 0x12, 0x22
    dc.b    0x41, 0x11, 0x11, 0x11, 0x11, 0x11, 0x11, 0x22, 0x11, 0x22, 0x22, 0x33, 0x22, 0x33, 0x10, 0x1d
    dc.b    0x69, 0x00, 0x7f, 0xc4, 0xf0, 0x01, 0x00, 0x63, 0x00, 0x00, 0x06, 0x21, 0x66, 0x66, 0x62, 0x14
    dc.b    0x22, 0x36, 0x24, 0x44, 0x33, 0x21, 0x44, 0x44, 0x21, 0x14, 0x44, 0x44, 0x14, 0x44, 0x41, 0x11
    dc.b    0x44, 0x11, 0x11, 0x22, 0xd9, 0x8f, 0x81, 0xb6, 0x21, 0x12, 0x21, 0x11, 0x12, 0x22, 0x11, 0x22
    dc.b    0x23, 0x33, 0x22, 0x33, 0x33, 0x36, 0x33, 0x33, 0x2e, 0x2c, 0x66, 0x90, 0x69, 0x99, 0x33, 0x01
    dc.b    0x06, 0x32, 0x23, 0x33, 0x63, 0x33, 0x1f, 0x01, 0x33, 0x33, 0x12, 0x01, 0x93, 0x33, 0x81, 0x01
    dc.b    0x63, 0x33, 0x36, 0x63, 0x63, 0x33, 0x63, 0x26, 0x63, 0x33, 0x63, 0x22, 0x63, 0x33, 0x66, 0x32
    dc.b    0x31, 0x01, 0x93, 0x33, 0x36, 0x63, 0x06, 0x33, 0x32, 0x01, 0x36, 0x36, 0x06, 0x33, 0x33, 0x63
    dc.b    0x55, 0x01, 0x33, 0x36, 0x09, 0x33, 0x33, 0x36, 0x00, 0x63, 0x33, 0x33, 0x31, 0x8f, 0x00, 0x93
    dc.b    0x33, 0x33, 0x00, 0x06, 0x50, 0x01, 0x33, 0x23, 0x33, 0x33, 0x32, 0x36, 0x33, 0x33, 0x33, 0x63
    dc.b    0xfc, 0x81, 0x10, 0x04, 0x63, 0x23, 0x7e, 0xe6, 0x0d, 0x00, 0x81, 0xb7, 0x66, 0x66, 0x66, 0x36
    dc.b    0x22, 0x22, 0x33, 0x63, 0x22, 0x36, 0x66, 0x32, 0x22, 0x33, 0x22, 0x23, 0x00, 0x01, 0xfa, 0x7f
    dc.b    0x02, 0x55, 0x14, 0x15, 0x36, 0x33, 0x06, 0x07, 0x13, 0x04, 0x33, 0x66, 0x30, 0x01, 0x66, 0x99
    dc.b    0x00, 0x00, 0x32, 0x60, 0xc1, 0xd9, 0x12, 0x01, 0x33, 0x60, 0x3a, 0x01, 0x33, 0x90, 0x00, 0x00
    dc.b    0x36, 0x00, 0x00, 0x04, 0x7e, 0x6b, 0x00, 0x02, 0x7e, 0x63, 0x1c, 0x17, 0x66, 0x00, 0xc0, 0x01
    dc.b    0x36, 0x90, 0x00, 0x00, 0x36, 0x60, 0x00, 0x00, 0x36, 0x39, 0x00, 0x00, 0x36, 0x36, 0x00, 0x00
    dc.b    0x63, 0x33, 0x90, 0x00, 0x33, 0x33, 0x30, 0x00, 0xf7, 0x0e, 0x16, 0xc6, 0x90, 0x00, 0x50, 0x03
    dc.b    0x06, 0x63, 0x06, 0x63, 0x32, 0x22, 0x32, 0x21, 0x11, 0x14, 0x7e, 0x91, 0x32, 0xf1, 0x44, 0x41
    dc.b    0x44, 0x41, 0x11, 0x12, 0x01, 0x00, 0x31, 0x75, 0x22, 0x33, 0x22, 0x22, 0x33, 0x33, 0x01, 0x80
    dc.b    0x47, 0x24, 0x33, 0x66, 0x66, 0x90, 0x66, 0x69, 0x00, 0x00, 0x04, 0x00, 0x41, 0x1d, 0x06, 0x60
    dc.b    0x00, 0x06, 0x63, 0x33, 0x06, 0x32, 0x14, 0x2b, 0x11, 0x44, 0x25, 0x2b, 0x44, 0x11, 0x44, 0x11
    dc.b    0x12, 0x29, 0x23, 0x33, 0x50, 0x12, 0x33, 0x66, 0x33, 0x36, 0x66, 0x90, 0x66, 0x66, 0x90, 0x00
    dc.b    0x7e, 0xa6, 0xf0, 0x00, 0x30, 0x00, 0x88, 0xbb, 0x11, 0x88, 0xa7, 0xcc, 0x44, 0x47, 0x77, 0xcc
    dc.b    0x44, 0x47, 0x77, 0x77, 0x44, 0x4a, 0xaa, 0xa7, 0x11, 0x1a, 0xaa, 0xaa, 0x22, 0x23, 0x8b, 0xbb
    dc.b    0x22, 0x23, 0x60, 0x05, 0xbb, 0xbb, 0x33, 0x33, 0x88, 0xbb, 0x33, 0x36, 0x00, 0xdd, 0x36, 0x66
    dc.b    0x7d, 0xd9, 0x00, 0x12, 0x00, 0x00, 0xf0, 0x00, 0xaa, 0x80, 0x00, 0x00, 0xcc, 0xb8, 0x00, 0x00
    dc.b    0xcc, 0xba, 0x80, 0x00, 0xcc, 0xba, 0xa8, 0x00, 0x77, 0xba, 0xaa, 0x80, 0xaa, 0xb8, 0xaa, 0x80
    dc.b    0x88, 0x88, 0xaa, 0x80, 0xbb, 0xb8, 0x90, 0x15, 0xaa, 0xb8, 0xbb, 0xbb, 0x8a, 0xb8, 0x88, 0x88
    dc.b    0xb8, 0x8d, 0x00, 0x00, 0x8b, 0x80, 0x00, 0x00, 0xd8, 0x80, 0x7f, 0xd2, 0x51, 0x01, 0x09, 0x63
    dc.b    0x00, 0x00, 0x00, 0x96, 0x00, 0x00, 0x00, 0x05, 0xf0, 0x00, 0x00, 0x08, 0x00, 0x05, 0x00, 0x8b
    dc.b    0xd8, 0x87, 0x00, 0x87, 0x77, 0x77, 0x00, 0x0d, 0xd8, 0x87, 0x00, 0x08, 0x77, 0x7a, 0x00, 0x00
    dc.b    0xdd, 0x8a, 0x00, 0x00, 0x08, 0x77, 0x00, 0x00, 0x17, 0x1e, 0x00, 0x88, 0xf0, 0x00, 0x35, 0x55
    dc.b    0x55, 0x5d, 0x5b, 0x5d, 0xd8, 0xd5, 0x5a, 0x5d, 0x8d, 0xdd, 0xb5, 0xdd, 0x8d, 0xdd, 0x55, 0xd8
    dc.b    0xdd, 0xdd, 0x5d, 0xdd, 0xdd, 0xdd, 0x75, 0x5d, 0xdd, 0xd5, 0x77, 0xa5, 0xf0, 0x00, 0x5d, 0xd5
    dc.b    0xb7, 0x77, 0x75, 0x55, 0x77, 0x77, 0x77, 0x84, 0xb8, 0x87, 0x78, 0x11, 0x00, 0x87, 0x78, 0x99
    dc.b    0x00, 0x87, 0x80, 0x03, 0x08, 0x77, 0xd0, 0x03, 0x00, 0xdd, 0x00, 0x06, 0xd0, 0x02, 0x00, 0x00
    dc.b    0x00, 0x06, 0xdd, 0xd5, 0x55, 0x56, 0xdd, 0x55, 0x56, 0x14, 0x5d, 0x56, 0x14, 0x44, 0x55, 0x11
    dc.b    0x44, 0x11, 0x51, 0x14, 0x11, 0x11, 0x51, 0x11, 0x7e, 0x17, 0x21, 0xd5, 0x22, 0x14, 0x33, 0x21
    dc.b    0x71, 0x01, 0x11, 0x13, 0x11, 0x11, 0x69, 0x99, 0x99, 0x99, 0x66, 0x63, 0x11, 0x12, 0x23, 0x33
    dc.b    0xf0, 0x00, 0x21, 0x12, 0x33, 0x33, 0x32, 0x12, 0x33, 0x33, 0x14, 0x44, 0x13, 0x44, 0x44, 0x41
    dc.b    0x33, 0x44, 0x41, 0x12, 0x32, 0x44, 0x11, 0x23, 0x42, 0x44, 0x12, 0x34, 0x42, 0x44, 0x22, 0x44
    dc.b    0xf0, 0x01, 0x24, 0x44, 0x14, 0x41, 0x44, 0x11, 0x44, 0x44, 0x13, 0x99, 0x11, 0x39, 0x99, 0x66
    dc.b    0x99, 0x96, 0x66, 0x63, 0x66, 0x69, 0x66, 0x66, 0x33, 0x33, 0x99, 0x66, 0x33, 0x33, 0x33, 0x99
    dc.b    0xf8, 0x2f, 0x30, 0x11, 0x32, 0x26, 0x33, 0x33, 0x22, 0x69, 0x7f, 0x6f, 0xf0, 0x00, 0x00, 0x08
    dc.b    0x00, 0x00, 0x00, 0x8b, 0x00, 0x00, 0x08, 0xba, 0x0d, 0x88, 0x8b, 0xaa, 0xda, 0xa8, 0xaa, 0xaa
    dc.b    0xda, 0xaa, 0xaa, 0xaa, 0x0d, 0xdd, 0x88, 0x88, 0x00, 0x66, 0x33, 0x33, 0x24, 0x01, 0x00, 0x08
    dc.b    0x88, 0x88, 0x21, 0x01, 0xbb, 0xbb, 0x00, 0x88, 0xf0, 0x00, 0xbb, 0xb8, 0x08, 0x8a, 0x87, 0x78
    dc.b    0x8b, 0xaa, 0x87, 0x8a, 0xba, 0xaa, 0x88, 0x87, 0xaa, 0xaa, 0xaa, 0xa7, 0xaa, 0xaa, 0xaa, 0x7c
    dc.b    0xaa, 0xaa, 0xaa, 0xcc, 0xa7, 0x77, 0x77, 0xcc, 0x81, 0x01, 0x77, 0x7a, 0xb8, 0x88, 0x88, 0x88
    dc.b    0x88, 0x00, 0x33, 0x33, 0x33, 0x66, 0x88, 0x88, 0x00, 0x00, 0x14, 0x01, 0x88, 0x80, 0x71, 0x01
    dc.b    0xbb, 0x80, 0x00, 0x00, 0xbb, 0xb8, 0x00, 0x00, 0xaa, 0xbb, 0x80, 0x00, 0x77, 0xaa, 0x51, 0x01
    dc.b    0xb8, 0x00, 0x77, 0x7a, 0xa8, 0x00, 0xc7, 0x77, 0xab, 0x00, 0x28, 0x53, 0x88, 0x8d, 0xd0, 0x00
    dc.b    0xf0, 0x00, 0x00, 0x03, 0x00, 0x00, 0x00, 0x31, 0x00, 0x00, 0x08, 0x21, 0x00, 0x00, 0x8a, 0x11
    dc.b    0x00, 0x00, 0xb7, 0x11, 0x00, 0x00, 0xa7, 0x21, 0x00, 0x00, 0xba, 0x32, 0x00, 0x00, 0xba, 0x82
    dc.b    0x45, 0xe3, 0x00, 0x00, 0x8b, 0x86, 0x00, 0x00, 0x08, 0x88, 0x00, 0x00, 0x00, 0x00
spr_ken_720_animation0_frame4_tileset_data_size = .-spr_ken_720_animation0_frame4_tileset_data

    .align  2
spr_ken_720_animation0_frame5_tileset_data:
    dc.b    0x10, 0x01, 0x00, 0xe0, 0xcd, 0x28, 0x02, 0x03, 0xe3, 0x01, 0x0e, 0xe6, 0x00, 0xe0, 0xee, 0x63
    dc.b    0x00, 0x00, 0xe6, 0x62, 0x00, 0x00, 0x06, 0x24, 0x00, 0x06, 0x21, 0x44, 0x00, 0x31, 0x11, 0x44
    dc.b    0x02, 0x11, 0x11, 0x44, 0x21, 0x11, 0xf0, 0x00, 0x11, 0x14, 0x11, 0x11, 0x11, 0x11, 0xb1, 0x11
    dc.b    0x11, 0x11, 0xa2, 0x11, 0x11, 0x11, 0xaa, 0x11, 0x11, 0x11, 0xba, 0x21, 0x11, 0x11, 0x8b, 0xa1
    dc.b    0x11, 0x11, 0x08, 0x8a, 0x11, 0x11, 0xe2, 0x01, 0x08, 0x88, 0x81, 0x11, 0x00, 0x88, 0x88, 0x88
    dc.b    0x00, 0x8b, 0xba, 0xab, 0x00, 0x08, 0xba, 0x77, 0x00, 0x00, 0x8b, 0xa7, 0x00, 0x00, 0x08, 0xb7
    dc.b    0x00, 0x00, 0x00, 0x8a, 0x12, 0x01, 0x00, 0x0b, 0x02, 0x00, 0xf0, 0x00, 0xfe, 0xee, 0xee, 0xee
    dc.b    0xee, 0xee, 0x66, 0x66, 0xe6, 0x32, 0x11, 0x12, 0x31, 0x11, 0x13, 0x32, 0x11, 0x33, 0x32, 0x14
    dc.b    0x33, 0x22, 0x11, 0x44, 0x41, 0x21, 0x14, 0x44, 0x41, 0x21, 0x13, 0x01, 0x44, 0x44, 0xc0, 0x03
    dc.b    0x41, 0x22, 0x11, 0x44, 0x41, 0x12, 0x11, 0x11, 0x44, 0x12, 0x21, 0x11, 0x44, 0x11, 0x22, 0x11
    dc.b    0x14, 0x41, 0x22, 0x11, 0x11, 0x44, 0x12, 0x21, 0xfc, 0xd0, 0x03, 0x00, 0xf0, 0x00, 0x21, 0x11
    dc.b    0x11, 0x12, 0x21, 0x11, 0x88, 0x22, 0x11, 0x11, 0xab, 0x83, 0x11, 0x23, 0xaa, 0xb8, 0x11, 0x25
    dc.b    0x7a, 0xb8, 0x21, 0x65, 0xaa, 0xab, 0x82, 0x95, 0x77, 0xab, 0xb8, 0x55, 0x40, 0x01, 0x77, 0x7a
    dc.b    0x8d, 0xd3, 0xbb, 0x8d, 0xdd, 0xd3, 0xff, 0x80, 0xb4, 0x01, 0x00, 0x21, 0xee, 0xfe, 0xee, 0x99
    dc.b    0x66, 0x63, 0x24, 0x16, 0x33, 0x14, 0x41, 0x3a, 0x24, 0x44, 0x13, 0xa7, 0x44, 0x44, 0x38, 0xa7
    dc.b    0x90, 0x01, 0x3d, 0xa7, 0x44, 0x44, 0x3d, 0x87, 0x44, 0x44, 0x16, 0xd8, 0x44, 0x44, 0x41, 0xd8
    dc.b    0x14, 0x44, 0x44, 0x1d, 0xfa, 0x27, 0x14, 0x37, 0x14, 0x44, 0xf0, 0x00, 0x12, 0x22, 0x22, 0x11
    dc.b    0x12, 0x23, 0x12, 0x21, 0x11, 0x44, 0x11, 0x11, 0x44, 0x44, 0x11, 0x44, 0x42, 0x36, 0x14, 0x22
    dc.b    0x36, 0x55, 0x22, 0x36, 0x55, 0x55, 0x65, 0x55, 0x55, 0x61, 0xd1, 0x00, 0x55, 0x55, 0x61, 0x44
    dc.b    0x55, 0x61, 0x44, 0x11, 0x56, 0x14, 0x11, 0x12, 0x62, 0x11, 0x12, 0x22, 0x63, 0x33, 0x22, 0x22
    dc.b    0x46, 0x66, 0x33, 0x21, 0x44, 0x44, 0x60, 0x01, 0x44, 0x11, 0x88, 0xba, 0xaa, 0xb8, 0xa7, 0x7c
    dc.b    0xcc, 0xcc, 0x77, 0xcc, 0xe3, 0x55, 0xf0, 0x00, 0x77, 0x77, 0x77, 0x77, 0x77, 0xa7, 0x7a, 0xaa
    dc.b    0x7a, 0x77, 0x77, 0x77, 0xba, 0x7c, 0xcc, 0xcc, 0xba, 0x7c, 0xc7, 0xcc, 0x8a, 0x77, 0xcc, 0x77
    dc.b    0x8b, 0xa7, 0x7c, 0xc7, 0x88, 0xba, 0xf0, 0x00, 0x77, 0xc7, 0x88, 0x8b, 0xaa, 0x77, 0x11, 0x18
    dc.b    0x8b, 0xaa, 0x11, 0x11, 0x18, 0x88, 0x12, 0x22, 0x38, 0xba, 0x22, 0x33, 0x38, 0xa7, 0x33, 0x32
    dc.b    0x18, 0xa7, 0x44, 0x11, 0x11, 0x8b, 0x71, 0x2f, 0x12, 0x65, 0x55, 0x58, 0x95, 0x55, 0x55, 0x55
    dc.b    0x55, 0x55, 0x51, 0x11, 0x51, 0x14, 0x81, 0x4f, 0x41, 0x22, 0x44, 0x12, 0x22, 0x33, 0x12, 0x23
    dc.b    0x33, 0x21, 0x23, 0x32, 0x21, 0x14, 0x22, 0x11, 0x01, 0x0b, 0x00, 0x01, 0xfa, 0xde, 0x21, 0x81
    dc.b    0x11, 0x11, 0x23, 0x99, 0xa0, 0x01, 0x00, 0x00, 0x06, 0x11, 0x00, 0x00, 0x03, 0x19, 0x00, 0x00
    dc.b    0x03, 0x99, 0x00, 0x00, 0x03, 0x96, 0x00, 0x00, 0x06, 0x93, 0xd6, 0x75, 0x12, 0x01, 0x06, 0x32
    dc.b    0x32, 0x01, 0x06, 0x22, 0x00, 0x00, 0x06, 0x23, 0x33, 0x01, 0x66, 0x23, 0x00, 0x00, 0x63, 0x33
    dc.b    0xa0, 0x01, 0x11, 0x11, 0x11, 0x12, 0x11, 0x12, 0x39, 0x99, 0x99, 0x99, 0x96, 0x63, 0x66, 0x62
    dc.b    0x22, 0x23, 0x32, 0x22, 0x23, 0x33, 0xcf, 0x06, 0x00, 0x01, 0xf1, 0x57, 0x0f, 0x00, 0x44, 0x08
    dc.b    0x39, 0x99, 0x99, 0x66, 0x96, 0x63, 0x33, 0x36, 0x01, 0x05, 0xe6, 0x01, 0x36, 0x69, 0x33, 0x33
    dc.b    0x69, 0x99, 0x33, 0x36, 0x96, 0x39, 0x33, 0x36, 0x32, 0x66, 0x33, 0x33, 0x23, 0x60, 0x33, 0x32
    dc.b    0x23, 0x60, 0x33, 0x22, 0x33, 0x60, 0x33, 0x23, 0xf0, 0x00, 0x6d, 0x77, 0x78, 0x87, 0x6d, 0xd8
    dc.b    0x8a, 0xa8, 0x66, 0x69, 0x88, 0x82, 0x66, 0x96, 0x33, 0x21, 0x69, 0x63, 0x32, 0x22, 0x96, 0x66
    dc.b    0x33, 0x33, 0x99, 0x99, 0x66, 0x66, 0x66, 0x33, 0x50, 0x01, 0x33, 0x33, 0x63, 0x33, 0x33, 0x33
    dc.b    0x96, 0x63, 0x33, 0x33, 0xe3, 0x21, 0x20, 0x01, 0x09, 0x66, 0x00, 0x00, 0xc0, 0xd5, 0x03, 0x00
    dc.b    0x61, 0x65, 0x87, 0x87, 0x83, 0x36, 0xa8, 0xa8, 0x23, 0x33, 0x8a, 0x81, 0x12, 0x23, 0x00, 0x01
    dc.b    0xd3, 0x23, 0x39, 0x57, 0x22, 0x22, 0x63, 0x33, 0x32, 0x22, 0x01, 0x29, 0x20, 0x01, 0x09, 0x66
    dc.b    0x33, 0x33, 0xc1, 0x4b, 0x00, 0x01, 0xe0, 0x3c, 0xf0, 0x00, 0x69, 0x00, 0x00, 0x00, 0x33, 0x69
    dc.b    0x00, 0x00, 0x23, 0x36, 0x90, 0x00, 0x12, 0x23, 0x62, 0x66, 0x11, 0x12, 0x31, 0x32, 0x22, 0x23
    dc.b    0x32, 0x31, 0x33, 0x33, 0x62, 0x31, 0x33, 0x33, 0x57, 0x25, 0x63, 0x32, 0x33, 0x36, 0x33, 0x22
    dc.b    0x66, 0x63, 0x32, 0x33, 0x25, 0x45, 0x66, 0x66, 0x66, 0x66, 0x01, 0x00, 0xb9, 0x45, 0x66, 0x69
    dc.b    0x06, 0x66, 0x22, 0x33, 0x66, 0x33, 0x11, 0x12, 0x23, 0x22, 0x11, 0x11, 0x12, 0x11, 0x22, 0x22
    dc.b    0x23, 0x22, 0x22, 0x22, 0x37, 0x1f, 0x33, 0x88, 0x66, 0x66, 0x66, 0x88, 0x10, 0x01, 0x66, 0x00
    dc.b    0xe0, 0xab, 0x51, 0x01, 0x23, 0x33, 0x60, 0x00, 0x12, 0x22, 0x60, 0x00, 0x22, 0x22, 0xd1, 0x8f
    dc.b    0x00, 0x00, 0x33, 0x3a, 0xaa, 0x80, 0x33, 0x8c, 0xcc, 0x78, 0x38, 0xa7, 0x7c, 0x7b, 0x8a, 0xaa
    dc.b    0x77, 0x7b, 0x77, 0xaa, 0xaa, 0xa8, 0x8b, 0xaa, 0xab, 0x80, 0x0b, 0x01, 0xf1, 0x01, 0x63, 0x36
    dc.b    0x63, 0x33, 0x63, 0x36, 0x36, 0x36, 0x63, 0x36, 0x33, 0x63, 0x63, 0x33, 0x63, 0x63, 0x06, 0x33
    dc.b    0x63, 0x36, 0x06, 0x33, 0x36, 0x33, 0x06, 0x33, 0x33, 0x63, 0x00, 0x63, 0x05, 0xdb, 0x08, 0x00
    dc.b    0x91, 0x86, 0x66, 0x66, 0x66, 0x69, 0x22, 0x23, 0x33, 0x33, 0x62, 0x23, 0x32, 0x26, 0x33, 0x22
    dc.b    0x33, 0x63, 0x33, 0x22, 0x42, 0x01, 0x33, 0x33, 0x36, 0x32, 0x23, 0x33, 0x33, 0x33, 0x20, 0x01
    dc.b    0x33, 0x60, 0x00, 0x00, 0xfd, 0x05, 0x02, 0x01, 0x10, 0x02, 0x39, 0x00, 0xda, 0x20, 0x02, 0x67
    dc.b    0x01, 0x03, 0x03, 0x0d, 0x01, 0x15, 0x07, 0x01, 0xe1, 0x01, 0x7c, 0xc7, 0x7b, 0x77, 0xb7, 0xc7
    dc.b    0xbb, 0xb7, 0xb7, 0x7b, 0xcc, 0x78, 0x78, 0xbc, 0xc7, 0xab, 0xab, 0xa7, 0x7c, 0xcc, 0x8b, 0x77
    dc.b    0x7c, 0xcc, 0x7b, 0x77, 0x77, 0xcc, 0xf0, 0x00, 0x77, 0xa7, 0x77, 0xcc, 0x77, 0x77, 0x77, 0x7c
    dc.b    0xba, 0x77, 0x77, 0x7c, 0x58, 0x8a, 0x77, 0x7c, 0x11, 0x68, 0xa7, 0x75, 0x13, 0x61, 0x8b, 0x5d
    dc.b    0x32, 0x11, 0x15, 0xdd, 0x21, 0x41, 0xf0, 0x00, 0x15, 0xdd, 0x14, 0x41, 0x15, 0xd5, 0x44, 0x11
    dc.b    0x8a, 0x55, 0x41, 0x18, 0xa7, 0x5d, 0x11, 0x15, 0x55, 0xdd, 0x11, 0x15, 0xd5, 0xdd, 0x99, 0x95
    dc.b    0x55, 0x55, 0x66, 0xd8, 0x77, 0x78, 0x41, 0x01, 0x6d, 0x77, 0x78, 0x87, 0x80, 0x00, 0x00, 0x00
    dc.b    0x01, 0x00, 0x10, 0x01, 0x88, 0x00, 0xf6, 0xd6, 0x51, 0x01, 0xc7, 0xb8, 0x00, 0x00, 0xc7, 0xa8
    dc.b    0x00, 0x00, 0xc7, 0xab, 0xd1, 0x01, 0x80, 0x00, 0xc7, 0xaa, 0xb0, 0x00, 0xcc, 0x7a, 0xb8, 0x00
    dc.b    0xcc, 0x7a, 0xa8, 0x00, 0x55, 0x55, 0x55, 0x00, 0xd8, 0xdd, 0xdd, 0x50, 0xd8, 0xdd, 0xdd, 0xd5
    dc.b    0x42, 0x09, 0x55, 0x55, 0x5d, 0xd5, 0xd8, 0xdd, 0xd5, 0xd5, 0xa1, 0xad, 0xdd, 0x50, 0x88, 0xdd
    dc.b    0xdd, 0x50, 0x55, 0xdd, 0xdd, 0x50, 0x77, 0x55, 0x55, 0x90, 0x87, 0x87, 0x83, 0x36, 0x63, 0x33
    dc.b    0x35, 0x01, 0x33, 0x36, 0x06, 0x33, 0x33, 0x33, 0x60, 0x01, 0x00, 0x63, 0x33, 0x33, 0x00, 0x06
    dc.b    0x33, 0x33, 0x00, 0x00, 0x88, 0x88, 0xfd, 0xd9, 0x03, 0x01, 0x00, 0x01, 0xc5, 0xf1, 0x42, 0xb4
    dc.b    0x00, 0x00, 0x08, 0x8a, 0x00, 0x00, 0x8b, 0xaa, 0x38, 0xc0, 0x33, 0x36, 0x63, 0x33, 0x36, 0x63
    dc.b    0x32, 0x01, 0x33, 0x66, 0x88, 0x88, 0x88, 0x00, 0x11, 0x01, 0x80, 0x00, 0x31, 0x01, 0xbb, 0xbb
    dc.b    0x80, 0x00, 0xab, 0xaa, 0x31, 0xb5, 0x88, 0x00, 0x7b, 0xa7, 0xb8, 0x00, 0x05, 0xaf, 0x12, 0x03
    dc.b    0x33, 0x36, 0x10, 0x06, 0x66, 0x00, 0x7e, 0xd4, 0x0f, 0x00, 0x91, 0x09, 0x00, 0x08, 0x00, 0x00
    dc.b    0x08, 0xba, 0x08, 0x88, 0xba, 0xaa, 0x8a, 0xa8, 0xaa, 0xaa, 0x08, 0x88, 0xbb, 0xbb, 0x74, 0x00
    dc.b    0x00, 0x8b, 0xaa, 0x87, 0x0b, 0xaa, 0xaa, 0x87, 0xba, 0xaa, 0xaa, 0x88, 0xaa, 0xaa, 0xc0, 0x01
    dc.b    0xbb, 0xaa, 0xaa, 0x77, 0x88, 0x88, 0x88, 0x88, 0xcb, 0xa7, 0xab, 0x80, 0xab, 0xa7, 0xaa, 0xb0
    dc.b    0xba, 0x77, 0x7a, 0xa8, 0xa7, 0x77, 0x77, 0xab, 0xd7, 0x11, 0x52, 0x2d, 0xc7, 0xab, 0x77, 0x7c
    dc.b    0xc7, 0xb8, 0x88, 0x88, 0x88, 0x80, 0x12, 0x03, 0x00, 0xee, 0x12, 0x05, 0x0e, 0xe0, 0x10, 0x01
    dc.b    0x00, 0x0e, 0xca, 0xb8, 0xf0, 0x00, 0x0e, 0xee, 0x00, 0xee, 0x0e, 0x00, 0xe0, 0x00, 0xe0, 0xee
    dc.b    0xee, 0xee, 0xee, 0xee, 0x0e, 0xee, 0xff, 0xcf, 0xee, 0xff, 0xcf, 0xcc, 0xef, 0xcf, 0xcc, 0xfc
    dc.b    0xef, 0xce, 0xef, 0xef, 0x20, 0x01, 0xef, 0xee, 0xee, 0xee, 0xd6, 0xe7, 0x01, 0x16, 0x60, 0x02
    dc.b    0x0e, 0x00, 0xff, 0xee, 0xe0, 0xe0, 0xfc, 0xfe, 0xee, 0xe0, 0xff, 0xcc, 0xd7, 0xfa, 0x10, 0x06
    dc.b    0xee, 0xe9, 0x7e, 0x59, 0x80, 0x06, 0x88, 0x88, 0x88, 0x8b, 0x8b, 0xbb, 0xbb, 0xba, 0x8b, 0xa8
    dc.b    0xaa, 0xaa, 0x08, 0x80, 0x88, 0x88, 0x7e, 0x69, 0x57, 0x7d, 0xba, 0xab, 0x80, 0x00, 0xaa, 0x80
    dc.b    0x00, 0x00, 0xb8, 0x00, 0x16, 0x01, 0x00, 0x0a, 0x11, 0x0b, 0x00, 0x0b, 0x10, 0x03, 0x7a, 0x80
    dc.b    0xd4, 0x24, 0xa0, 0x00, 0xcc, 0xcc, 0xa8, 0x00, 0x77, 0x77, 0xa8, 0x00, 0xab, 0xbb, 0x88, 0x80
    dc.b    0xc7, 0x77, 0xa7, 0xa8, 0xcc, 0xc7, 0x7a, 0x7b, 0x00, 0x00, 0x00, 0x00
spr_ken_720_animation0_frame5_tileset_data_size = .-spr_ken_720_animation0_frame5_tileset_data

    .align  2
spr_ken_720_animation0_frame6_tileset_data:
    dc.b    0x10, 0x01, 0x00, 0x0e, 0xf6, 0xb5, 0x40, 0x01, 0x00, 0x00, 0xee, 0xe6, 0x00, 0x00, 0xee, 0x61
    dc.b    0xfe, 0x25, 0x80, 0x01, 0x61, 0x12, 0x00, 0x06, 0x13, 0x32, 0x00, 0x06, 0x21, 0x11, 0x00, 0x62
    dc.b    0x14, 0x44, 0x02, 0x11, 0xeb, 0xed, 0x14, 0x01, 0x14, 0x44, 0xf0, 0x00, 0x31, 0x44, 0x44, 0x41
    dc.b    0x73, 0x44, 0x41, 0x11, 0xca, 0x11, 0x11, 0x11, 0xc7, 0xa2, 0x11, 0x11, 0xc7, 0xab, 0x31, 0x11
    dc.b    0x77, 0xab, 0xb8, 0x22, 0x7a, 0xab, 0xb8, 0x63, 0x7a, 0xab, 0x21, 0x01, 0xab, 0x86, 0xaa, 0xaa
    dc.b    0xf0, 0x00, 0xb8, 0x00, 0xa8, 0x88, 0x80, 0x00, 0x8b, 0xcb, 0x80, 0x00, 0xbc, 0xc7, 0x80, 0x00
    dc.b    0x7c, 0xcc, 0xb0, 0x00, 0x77, 0xc7, 0xb5, 0x00, 0xa7, 0x77, 0xa5, 0x58, 0xba, 0x77, 0x88, 0x8c
    dc.b    0xf0, 0x00, 0x8b, 0xb5, 0x58, 0x87, 0xfe, 0xee, 0x66, 0x66, 0xe6, 0x66, 0x14, 0x44, 0x31, 0x44
    dc.b    0x44, 0x12, 0x44, 0x11, 0x23, 0x31, 0x12, 0x33, 0x22, 0x14, 0x32, 0x11, 0x21, 0x44, 0x14, 0x41
    dc.b    0x10, 0x01, 0x21, 0x44, 0xf7, 0xa0, 0x32, 0x01, 0x21, 0x14, 0x44, 0x41, 0x12, 0x11, 0x30, 0x01
    dc.b    0x11, 0x21, 0x44, 0x11, 0x11, 0x12, 0xfb, 0x40, 0x0a, 0x00, 0xf0, 0x00, 0x22, 0x11, 0x22, 0x11
    dc.b    0x32, 0x22, 0x32, 0x11, 0x33, 0x33, 0x63, 0x14, 0x63, 0x36, 0x62, 0x44, 0x06, 0x39, 0x31, 0x42
    dc.b    0x00, 0x69, 0x22, 0x65, 0x00, 0x99, 0x26, 0x55, 0x00, 0x09, 0xc0, 0x01, 0x95, 0x64, 0x00, 0x00
    dc.b    0x96, 0x14, 0x88, 0x80, 0x92, 0x44, 0xc7, 0xa8, 0x94, 0x41, 0x7a, 0xa7, 0x84, 0x16, 0x66, 0x66
    dc.b    0x66, 0x61, 0x44, 0x22, 0xde, 0xd7, 0x02, 0x00, 0x16, 0x01, 0x44, 0x41, 0x02, 0x00, 0x10, 0x01
    dc.b    0x11, 0x11, 0xe3, 0x41, 0x01, 0x31, 0xe1, 0x8d, 0x21, 0x11, 0x11, 0x11, 0x12, 0x11, 0x11, 0x11
    dc.b    0x11, 0x21, 0x11, 0x11, 0x11, 0x13, 0x12, 0x22, 0x12, 0x23, 0x31, 0x14, 0x11, 0x11, 0x12, 0x14
    dc.b    0x11, 0x44, 0x42, 0x21, 0x93, 0x22, 0x44, 0x44, 0x41, 0x35, 0x44, 0x12, 0x65, 0x55, 0x41, 0x55
    dc.b    0x55, 0x56, 0x65, 0x55, 0x61, 0x44, 0x55, 0x61, 0x31, 0x26, 0x41, 0x12, 0x44, 0x42, 0x22, 0x21
    dc.b    0x21, 0x15, 0x42, 0x22, 0x22, 0x22, 0xf0, 0x00, 0x44, 0x42, 0x36, 0x00, 0x41, 0xa7, 0xcc, 0x7a
    dc.b    0x1a, 0x7c, 0xcc, 0xcc, 0x3b, 0x7c, 0xcc, 0xcc, 0x8b, 0xaa, 0x77, 0x77, 0xa7, 0x77, 0xcc, 0xcc
    dc.b    0xa7, 0xa7, 0x7c, 0xcc, 0x67, 0xa7, 0xf0, 0x00, 0x77, 0x7c, 0x3a, 0x7a, 0x77, 0x77, 0x18, 0x77
    dc.b    0xa7, 0x77, 0x41, 0x87, 0x8a, 0x77, 0x44, 0x18, 0xa8, 0xa7, 0x44, 0x41, 0x88, 0x8a, 0x14, 0x44
    dc.b    0x41, 0x1b, 0x11, 0x12, 0x22, 0x23, 0x40, 0x01, 0x22, 0x22, 0x23, 0x36, 0x22, 0x21, 0x11, 0x11
    dc.b    0xeb, 0xa2, 0x01, 0x00, 0x81, 0x2f, 0x41, 0x11, 0x23, 0x95, 0x55, 0x55, 0x55, 0x55, 0x56, 0x32
    dc.b    0x56, 0x61, 0x14, 0x44, 0x14, 0x24, 0xd1, 0x1b, 0x44, 0x12, 0x44, 0x12, 0x32, 0x22, 0x11, 0x22
    dc.b    0x32, 0x22, 0x22, 0x11, 0x32, 0x21, 0x11, 0x12, 0x23, 0x14, 0x22, 0x24, 0x44, 0x22, 0x14, 0x44
    dc.b    0x44, 0x42, 0x30, 0x01, 0x06, 0x32, 0x33, 0x33, 0x93, 0x33, 0xfd, 0x9a, 0x01, 0x01, 0x00, 0x14
    dc.b    0x00, 0x00, 0x02, 0x19, 0x33, 0x01, 0x33, 0x36, 0x06, 0x33, 0x33, 0x63, 0x00, 0x01, 0xfa, 0xee
    dc.b    0x01, 0x01, 0x21, 0x12, 0x33, 0x33, 0x00, 0x93, 0x10, 0x01, 0x33, 0x32, 0xf7, 0x10, 0x41, 0x01
    dc.b    0x22, 0x36, 0x33, 0x33, 0x23, 0x63, 0x33, 0x32, 0x12, 0x01, 0x36, 0x33, 0x03, 0x0f, 0x03, 0x01
    dc.b    0x12, 0x15, 0x33, 0x22, 0x80, 0x01, 0x22, 0x33, 0x33, 0x33, 0x33, 0x69, 0x63, 0x36, 0x66, 0x32
    dc.b    0x66, 0x63, 0x32, 0x22, 0x63, 0x32, 0xfd, 0x89, 0x21, 0x01, 0x36, 0x33, 0x33, 0x22, 0x90, 0x01
    dc.b    0x33, 0x63, 0x33, 0x32, 0x63, 0x36, 0x33, 0x33, 0x36, 0x33, 0x63, 0x33, 0x36, 0x36, 0x33, 0x33
    dc.b    0x62, 0x36, 0xfa, 0xce, 0x51, 0x34, 0x32, 0x36, 0x33, 0x36, 0x23, 0x63, 0x36, 0x62, 0x23, 0x63
    dc.b    0x12, 0x03, 0x33, 0x66, 0x02, 0x01, 0x32, 0x01, 0x36, 0x33, 0x33, 0x33, 0x39, 0x33, 0x01, 0x77
    dc.b    0x03, 0x5f, 0xf0, 0x00, 0x26, 0x33, 0x33, 0x33, 0x23, 0x68, 0x88, 0x88, 0x23, 0x6b, 0xbb, 0xbb
    dc.b    0x23, 0x68, 0x8b, 0xbb, 0x22, 0x36, 0x08, 0x88, 0x22, 0x36, 0x00, 0x00, 0x22, 0x26, 0x00, 0x00
    dc.b    0x32, 0x26, 0xd1, 0x01, 0x00, 0x00, 0x33, 0x60, 0x00, 0x00, 0x36, 0x00, 0x00, 0x00, 0x61, 0x30
    dc.b    0x00, 0x00, 0x22, 0x13, 0x00, 0x00, 0x33, 0x21, 0x60, 0x00, 0x63, 0x21, 0x30, 0x00, 0x31, 0x01
    dc.b    0x63, 0x22, 0x16, 0x00, 0x33, 0x32, 0x32, 0x01, 0x23, 0x00, 0x33, 0x33, 0x22, 0x60, 0x30, 0x02
    dc.b    0x23, 0x60, 0x33, 0x33, 0x33, 0x60, 0xf1, 0xda, 0x10, 0x01, 0x38, 0x80, 0xfb, 0x26, 0x65, 0x00
    dc.b    0xbb, 0x80, 0x00, 0x00, 0xb8, 0x00, 0x00, 0x00, 0x80, 0x00, 0x00, 0x00, 0xf0, 0x00, 0x12, 0x60
    dc.b    0x08, 0xbb, 0x11, 0x26, 0x08, 0xbb, 0x44, 0x16, 0x00, 0x8b, 0x23, 0x60, 0x00, 0x08, 0x55, 0x50
    dc.b    0x00, 0x00, 0x22, 0x39, 0x00, 0x00, 0x41, 0x39, 0x99, 0x00, 0x12, 0x63, 0x31, 0xf1, 0x22, 0x60
    dc.b    0x33, 0x32, 0x22, 0x23, 0x12, 0xf0, 0x21, 0x44, 0xf0, 0x00, 0x44, 0x44, 0x41, 0x26, 0x44, 0x41
    dc.b    0x26, 0x63, 0x11, 0x26, 0x63, 0x33, 0x66, 0x63, 0x33, 0x33, 0x88, 0xb7, 0x77, 0xc7, 0xbb, 0xa7
    dc.b    0x77, 0x77, 0xbb, 0xba, 0x77, 0x77, 0x8b, 0xbb, 0x30, 0x01, 0xaa, 0x77, 0x00, 0x88, 0xbb, 0xaa
    dc.b    0xfb, 0xc6, 0x11, 0x2f, 0x00, 0x05, 0x72, 0x07, 0x60, 0x00, 0x00, 0x00, 0x13, 0x60, 0x00, 0x00
    dc.b    0x42, 0x23, 0x60, 0x00, 0x26, 0x90, 0x14, 0x01, 0x30, 0x00, 0x11, 0x01, 0x77, 0x7a, 0xc0, 0x01
    dc.b    0xb5, 0x00, 0x77, 0x7a, 0xbd, 0x50, 0x77, 0xaa, 0xd8, 0xd5, 0xaa, 0xb5, 0x5d, 0x8d, 0x8d, 0x55
    dc.b    0x55, 0xd8, 0x55, 0x55, 0x55, 0x5d, 0x55, 0x55, 0xc3, 0xef, 0xa1, 0x30, 0x00, 0x55, 0x55, 0x58
    dc.b    0x00, 0x08, 0x88, 0x8a, 0x00, 0x08, 0xb8, 0x8a, 0x00, 0x88, 0xb8, 0x88, 0x00, 0x8b, 0x88, 0x88
    dc.b    0x09, 0x00, 0x32, 0x01, 0x50, 0x00, 0x00, 0x00, 0xd5, 0x00, 0xf0, 0x00, 0x55, 0xa0, 0x00, 0x00
    dc.b    0x5a, 0x70, 0x00, 0x00, 0xa7, 0x7a, 0x00, 0x00, 0x77, 0x77, 0x80, 0x00, 0x77, 0x77, 0x7b, 0x00
    dc.b    0xbb, 0xba, 0x77, 0xb0, 0x88, 0x88, 0xa7, 0xb0, 0x00, 0x88, 0x50, 0x02, 0x8a, 0x70, 0x00, 0x00
    dc.b    0x08, 0xbb, 0x33, 0x33, 0x33, 0x63, 0x7e, 0xc3, 0x01, 0xcb, 0x12, 0x01, 0x06, 0x33, 0x20, 0x02
    dc.b    0x09, 0x33, 0x33, 0x33, 0x7e, 0xdf, 0x00, 0x01, 0xfd, 0x9d, 0x12, 0x6b, 0x66, 0x66, 0x01, 0x01
    dc.b    0x10, 0x01, 0x00, 0x88, 0xfb, 0x21, 0x70, 0x09, 0x08, 0x8b, 0x36, 0x33, 0x33, 0x22, 0x33, 0x66
    dc.b    0x33, 0x32, 0x33, 0x33, 0x66, 0x33, 0x7e, 0xae, 0x64, 0x01, 0x36, 0x66, 0x33, 0x66, 0x60, 0x00
    dc.b    0x66, 0x88, 0x80, 0x00, 0x88, 0x88, 0x41, 0x87, 0xbb, 0x88, 0x88, 0x00, 0xbb, 0xbb, 0xb8, 0x80
    dc.b    0x01, 0xef, 0x01, 0x01, 0x01, 0xf5, 0x03, 0x01, 0x00, 0x02, 0xd7, 0x32, 0x00, 0x43, 0x00, 0x00
    dc.b    0x91, 0x01, 0x00, 0x08, 0x00, 0x00, 0x00, 0x82, 0x00, 0x00, 0x08, 0xa2, 0x00, 0x00, 0x0b, 0xa3
    dc.b    0x00, 0x00, 0x8a, 0xcc, 0xd1, 0x01, 0x00, 0x08, 0xba, 0x7c, 0x00, 0x8a, 0xcc, 0x7c, 0x08, 0xb7
    dc.b    0xcc, 0x7c, 0x08, 0xac, 0xcc, 0xc7, 0x8a, 0x7c, 0xcc, 0x77, 0x8a, 0x7c, 0xc7, 0x77, 0xba, 0x77
    dc.b    0xf0, 0x00, 0x77, 0x7a, 0xb8, 0x77, 0x77, 0xaa, 0x8a, 0x77, 0x78, 0xaa, 0x88, 0xbb, 0x8a, 0xb8
    dc.b    0x88, 0x88, 0x88, 0xba, 0x08, 0x88, 0x88, 0xba, 0x00, 0x88, 0x88, 0x8b, 0x00, 0x08, 0x88, 0x88
    dc.b    0x11, 0x01, 0x00, 0x00, 0x50, 0x01, 0x00, 0x00, 0xb0, 0x00, 0x00, 0x00, 0xc7, 0xb0, 0x00, 0x00
    dc.b    0xc6, 0x59, 0xf0, 0x00, 0xb0, 0x00, 0x77, 0x7a, 0xab, 0x80, 0xcc, 0xcc, 0xcc, 0x7a, 0xcc, 0xcc
    dc.b    0xcc, 0xcc, 0x77, 0x77, 0x77, 0xcc, 0xcc, 0xcc, 0x77, 0x7c, 0x77, 0x7c, 0xcc, 0xa7, 0x77, 0x77
    dc.b    0xcc, 0xca, 0x72, 0x1f, 0x77, 0x77, 0x7c, 0xc7, 0xbb, 0xaa, 0xa7, 0x7a, 0x69, 0x88, 0x8b, 0xba
    dc.b    0x99, 0x90, 0x0b, 0x00, 0x10, 0x01, 0xa0, 0x00, 0xd8, 0x07, 0x01, 0x2d, 0xc0, 0x16, 0x77, 0xb7
    dc.b    0x7a, 0x00, 0x77, 0xbc, 0xcc, 0x7a, 0x7a, 0xa7, 0xcc, 0xc7, 0xaa, 0xaa, 0x7c, 0xc7, 0x77, 0xca
    dc.b    0xac, 0xc7, 0xa7, 0x7a, 0x77, 0xc7, 0x7f, 0x7e, 0x01, 0x29, 0x10, 0x01, 0x7b, 0x00, 0xc9, 0xeb
    dc.b    0x11, 0x08, 0x77, 0xab, 0x30, 0x01, 0x08, 0x88, 0x00, 0x00, 0x05, 0x55, 0xc9, 0x04, 0x01, 0x91
    dc.b    0x06, 0x00, 0x96, 0x0f, 0x55, 0x55, 0x57, 0x7b, 0x55, 0x55, 0x77, 0xa8, 0x55, 0xba, 0xa8, 0xb8
    dc.b    0xaa, 0xb8, 0x8b, 0x80, 0x88, 0x80, 0xf0, 0x00, 0x88, 0xa8, 0x13, 0x61, 0xb8, 0x81, 0x64, 0x16
    dc.b    0xb8, 0x61, 0x64, 0x16, 0x00, 0x61, 0x64, 0x12, 0x06, 0x11, 0x61, 0x22, 0x09, 0x99, 0x11, 0x23
    dc.b    0x00, 0x93, 0x22, 0x33, 0x00, 0x63, 0x10, 0x02, 0x22, 0x33, 0x7e, 0x46, 0x70, 0x03, 0x14, 0x44
    dc.b    0x44, 0x41, 0x64, 0x44, 0x41, 0x66, 0x64, 0x26, 0x66, 0x33, 0x66, 0x63, 0x7e, 0xd2, 0x06, 0x26
    dc.b    0x11, 0xaf, 0x00, 0x88, 0x30, 0x01, 0x8a, 0xab, 0xaa, 0xaa, 0x8a, 0xa8, 0xfd, 0x5c, 0x80, 0x01
    dc.b    0x00, 0x00, 0x88, 0x8a, 0x00, 0x88, 0xbb, 0xba, 0x88, 0xba, 0xaa, 0xab, 0xba, 0xaa, 0xaa, 0xab
    dc.b    0xfa, 0x7f, 0xf0, 0x00, 0xaa, 0x77, 0xaa, 0xaa, 0x77, 0x77, 0x88, 0x8b, 0xbb, 0xbb, 0xaa, 0xba
    dc.b    0xbb, 0x80, 0xcc, 0xb7, 0xab, 0xb8, 0x77, 0xb7, 0xaa, 0xb8, 0xbb, 0xc7, 0x7a, 0xab, 0x77, 0xc7
    dc.b    0x77, 0xab, 0x11, 0x01, 0x7c, 0xcc, 0x32, 0x2b, 0x7a, 0xab, 0xbb, 0xbb, 0xbb, 0x80, 0xf0, 0x00
    dc.b    0x00, 0x0e, 0x00, 0x00, 0xe0, 0xee, 0x00, 0x0e, 0x0e, 0xee, 0x00, 0xee, 0xee, 0xef, 0xe0, 0xef
    dc.b    0xee, 0xfc, 0xe0, 0xfc, 0xff, 0xcc, 0xee, 0xfc, 0xef, 0xce, 0x00, 0x00, 0xe0, 0x00, 0xe1, 0x1e
    dc.b    0x00, 0xee, 0x00, 0x00, 0x0e, 0xfe, 0x0e, 0xee, 0xef, 0xfe, 0xef, 0xfe, 0xff, 0xcf, 0xfc, 0xfe
    dc.b    0xfc, 0xff, 0xcc, 0xfe, 0xfc, 0xff, 0xcf, 0xfe, 0xfe, 0xef, 0xfe, 0xee, 0x12, 0x22, 0xee, 0x00
    dc.b    0x41, 0x03, 0xee, 0xe0, 0x00, 0x00, 0xee, 0x0e, 0xe0, 0x00, 0x21, 0x03, 0xee, 0xee, 0xee, 0x00
    dc.b    0x50, 0x01, 0x44, 0x41, 0x26, 0x69, 0x41, 0x36, 0x63, 0x39, 0x26, 0x63, 0xc6, 0x1b, 0x80, 0x01
    dc.b    0x33, 0x33, 0x33, 0x96, 0x33, 0x33, 0x39, 0x63, 0x33, 0x33, 0x96, 0x33, 0x33, 0x36, 0x63, 0x33
    dc.b    0xf0, 0x12, 0xd0, 0x00, 0x33, 0x39, 0x66, 0x63, 0x33, 0x60, 0x93, 0x33, 0x33, 0x90, 0x33, 0x33
    dc.b    0x36, 0x00, 0x33, 0x33, 0x39, 0x00, 0x33, 0x33, 0x60, 0x00, 0x33, 0x33, 0x90, 0x00, 0x00, 0x00
    dc.b    0x00, 0x00
spr_ken_720_animation0_frame6_tileset_data_size = .-spr_ken_720_animation0_frame6_tileset_data

    .align  2
spr_ken_720_animation0_frame7_tileset_data:
    dc.b    0x50, 0x02, 0x00, 0x06, 0x61, 0x11, 0x00, 0x00, 0x06, 0x61, 0x00, 0x00, 0xe7, 0x4a, 0xe0, 0x01
    dc.b    0x06, 0x15, 0x00, 0x00, 0x31, 0x15, 0x00, 0x03, 0x11, 0x11, 0x00, 0x31, 0x11, 0x23, 0x03, 0x11
    dc.b    0x22, 0x33, 0x21, 0x11, 0x11, 0x22, 0x11, 0x22, 0x23, 0x33, 0x12, 0x22, 0xec, 0x9f, 0x05, 0x01
    dc.b    0x00, 0x01, 0xc4, 0x5e, 0x30, 0x01, 0x33, 0x36, 0x33, 0x36, 0x66, 0x63, 0xf2, 0x0b, 0x10, 0x01
    dc.b    0x32, 0x23, 0xf8, 0xcd, 0x50, 0x03, 0x32, 0x66, 0x63, 0x33, 0x33, 0x66, 0x06, 0x33, 0x33, 0x36
    dc.b    0xfc, 0x4e, 0x10, 0x01, 0x63, 0x33, 0xd3, 0xf0, 0x01, 0x01, 0x01, 0x35, 0x10, 0x01, 0x00, 0x06
    dc.b    0xf0, 0xf5, 0xc1, 0x2e, 0x15, 0x55, 0x66, 0x65, 0x55, 0x55, 0x35, 0x55, 0x55, 0x55, 0x55, 0x55
    dc.b    0x59, 0x63, 0x55, 0x59, 0x31, 0x11, 0x12, 0x36, 0x11, 0x12, 0x33, 0x66, 0x74, 0x01, 0x63, 0x21
    dc.b    0x22, 0x33, 0x63, 0x24, 0x33, 0x33, 0x36, 0x14, 0x33, 0x33, 0x36, 0x44, 0xf0, 0x00, 0x66, 0x41
    dc.b    0x33, 0x36, 0x62, 0x44, 0x33, 0x66, 0x61, 0x44, 0x66, 0x26, 0x24, 0x44, 0x32, 0x26, 0x14, 0x44
    dc.b    0x23, 0x36, 0x14, 0x44, 0x36, 0x63, 0x14, 0x44, 0x66, 0x63, 0x41, 0x44, 0x84, 0x01, 0x66, 0x63
    dc.b    0x44, 0x11, 0x63, 0x62, 0x44, 0x44, 0x63, 0x62, 0x14, 0x44, 0x33, 0x61, 0x21, 0x44, 0x31, 0x01
    dc.b    0x21, 0x14, 0x36, 0x31, 0x11, 0x14, 0xf0, 0x00, 0x66, 0x11, 0x11, 0x14, 0x55, 0x14, 0x44, 0x44
    dc.b    0x55, 0x11, 0x22, 0x22, 0x51, 0x14, 0x44, 0x44, 0x99, 0x99, 0x96, 0x31, 0x33, 0x66, 0x66, 0x99
    dc.b    0x22, 0x14, 0x44, 0x42, 0x21, 0x44, 0x10, 0x01, 0x41, 0x14, 0xf1, 0x2e, 0x20, 0x01, 0x14, 0x44
    dc.b    0x44, 0x11, 0xf1, 0x30, 0x10, 0x01, 0x11, 0x44, 0xee, 0x97, 0x01, 0x01, 0x02, 0x00, 0x00, 0x03
    dc.b    0xe8, 0xf0, 0x00, 0x01, 0xe7, 0x0a, 0x11, 0x04, 0x11, 0x44, 0x01, 0x13, 0x22, 0x0f, 0x44, 0x44
    dc.b    0x44, 0x23, 0x33, 0x18, 0x41, 0x22, 0x44, 0x41, 0x22, 0x24, 0x02, 0x09, 0x31, 0x01, 0x44, 0x41
    dc.b    0x41, 0x44, 0x44, 0x12, 0x92, 0x0f, 0x11, 0x21, 0x46, 0x48, 0x22, 0x14, 0x46, 0x48, 0x44, 0x44
    dc.b    0x16, 0x41, 0x11, 0x11, 0x64, 0x41, 0x99, 0x66, 0x02, 0x01, 0xb1, 0x01, 0x44, 0x13, 0x44, 0x44
    dc.b    0x41, 0x16, 0x44, 0x44, 0x11, 0x36, 0x44, 0x41, 0x11, 0x66, 0x44, 0x41, 0x12, 0x36, 0x44, 0x11
    dc.b    0x24, 0x60, 0xc0, 0x02, 0x11, 0x12, 0x41, 0x60, 0x11, 0x14, 0x41, 0x60, 0x11, 0x44, 0x11, 0x60
    dc.b    0x44, 0x44, 0x13, 0x00, 0x44, 0x41, 0x16, 0x00, 0x44, 0x11, 0x26, 0x00, 0xf6, 0x4b, 0xd2, 0x01
    dc.b    0x66, 0x60, 0x00, 0x00, 0x22, 0x30, 0x00, 0x00, 0x11, 0x42, 0x00, 0x00, 0x44, 0x44, 0x60, 0x00
    dc.b    0x11, 0x14, 0x30, 0x00, 0x11, 0x14, 0x20, 0x00, 0x22, 0x14, 0x80, 0x01, 0x11, 0x41, 0x30, 0x00
    dc.b    0x11, 0x41, 0x60, 0x00, 0x00, 0x00, 0x00, 0x0e, 0x00, 0xee, 0xee, 0xee, 0xf6, 0x8c, 0x71, 0x0b
    dc.b    0xef, 0xff, 0x00, 0xee, 0xee, 0xef, 0xee, 0x00, 0xef, 0xff, 0x00, 0x0e, 0xee, 0xee, 0x30, 0x02
    dc.b    0x0e, 0xe0, 0x00, 0x0f, 0x00, 0x00, 0xd2, 0xe8, 0x01, 0x00, 0xf1, 0x03, 0x00, 0x0b, 0x00, 0x0b
    dc.b    0xa8, 0x8e, 0x08, 0xa7, 0x61, 0x12, 0x8a, 0x76, 0x42, 0x24, 0xb7, 0xa1, 0x42, 0x24, 0xa7, 0x64
    dc.b    0x24, 0x43, 0xaa, 0x64, 0x24, 0x46, 0xba, 0x64, 0x24, 0x46, 0x11, 0x01, 0x7a, 0x64, 0xf0, 0x00
    dc.b    0x24, 0x42, 0xaa, 0x61, 0x42, 0x24, 0xab, 0xb1, 0x42, 0x24, 0xb7, 0xa6, 0x11, 0x12, 0x7a, 0xa6
    dc.b    0x21, 0x12, 0xaa, 0xab, 0x62, 0x21, 0xaa, 0xab, 0x63, 0x22, 0xbb, 0xb8, 0x06, 0x32, 0xf0, 0x00
    dc.b    0xa8, 0x80, 0x06, 0x63, 0x80, 0x00, 0x00, 0x66, 0xee, 0xff, 0xff, 0xff, 0xef, 0xcf, 0xfc, 0xff
    dc.b    0xfc, 0xcf, 0xcf, 0xde, 0xcc, 0xcc, 0xfd, 0x7d, 0xff, 0xf5, 0x57, 0x7d, 0xff, 0x85, 0xf0, 0x00
    dc.b    0x55, 0x77, 0xfe, 0x8a, 0x75, 0x58, 0xfe, 0x87, 0x7a, 0xb8, 0xee, 0x87, 0x77, 0xbd, 0xee, 0xdb
    dc.b    0x77, 0x77, 0xee, 0xd8, 0xaa, 0x8a, 0xee, 0xdd, 0xab, 0xdd, 0xee, 0x8d, 0x87, 0x7c, 0xf0, 0x00
    dc.b    0xe8, 0xa8, 0xd8, 0xa7, 0x48, 0xa8, 0xb8, 0x88, 0x87, 0x78, 0xaa, 0xaa, 0x8b, 0xb7, 0x7c, 0xaa
    dc.b    0x8c, 0xcb, 0x7b, 0xcc, 0x77, 0xcc, 0xac, 0xcc, 0x77, 0xca, 0xcc, 0xcc, 0x77, 0xca, 0xf0, 0x00
    dc.b    0xc7, 0x77, 0x77, 0x7a, 0x77, 0x72, 0x77, 0x7b, 0x77, 0x72, 0x67, 0x7b, 0xb7, 0x72, 0x2b, 0xba
    dc.b    0xab, 0xa2, 0x47, 0xa7, 0x77, 0xb2, 0x42, 0xbb, 0xba, 0x72, 0x24, 0x67, 0x77, 0xa2, 0xf0, 0x00
    dc.b    0x13, 0x46, 0x77, 0x76, 0x21, 0x34, 0x67, 0x76, 0x22, 0x13, 0x42, 0x66, 0x22, 0x21, 0x34, 0x44
    dc.b    0xcf, 0xfc, 0xff, 0xee, 0xcc, 0xfc, 0xcf, 0xee, 0xcf, 0xec, 0xfe, 0xee, 0xce, 0xdc, 0xf0, 0x00
    dc.b    0xe8, 0xee, 0xe7, 0x5e, 0x58, 0xee, 0x78, 0x55, 0xa8, 0xee, 0xa7, 0xc5, 0xa8, 0xee, 0x7a, 0xa7
    dc.b    0x78, 0xee, 0xd7, 0x77, 0xa8, 0xee, 0x7c, 0x77, 0xaa, 0xaa, 0xb8, 0x7a, 0x87, 0x77, 0xf0, 0x00
    dc.b    0xdd, 0x7a, 0x87, 0x76, 0xc7, 0x78, 0xa7, 0x64, 0x7b, 0x8b, 0x76, 0x44, 0x88, 0xa7, 0x64, 0x22
    dc.b    0xa7, 0x76, 0x42, 0x44, 0xab, 0x64, 0x14, 0x44, 0xc6, 0x41, 0x14, 0x44, 0xc2, 0x41, 0x42, 0x01
    dc.b    0x44, 0x44, 0x24, 0x41, 0x44, 0x44, 0x14, 0x11, 0x31, 0x01, 0x44, 0x11, 0x14, 0x44, 0x44, 0x14
    dc.b    0x51, 0x01, 0x11, 0x44, 0x44, 0x14, 0x41, 0x11, 0x44, 0x14, 0x44, 0x44, 0x80, 0x02, 0x44, 0x11
    dc.b    0x44, 0x44, 0x14, 0x21, 0x14, 0x44, 0x21, 0x31, 0x11, 0x11, 0x32, 0x31, 0x11, 0x11, 0xf6, 0x48
    dc.b    0x01, 0x03, 0x00, 0x02, 0xc2, 0x41, 0x03, 0x05, 0x01, 0x01, 0x51, 0x2e, 0xee, 0x99, 0x00, 0x00
    dc.b    0x86, 0x11, 0x66, 0x00, 0x64, 0x44, 0xf0, 0x00, 0x24, 0x41, 0x41, 0x22, 0x44, 0x44, 0x22, 0x44
    dc.b    0x1a, 0x7c, 0x44, 0x26, 0x7c, 0xcc, 0x42, 0x67, 0xcc, 0xcc, 0x46, 0x77, 0xcc, 0xcc, 0x26, 0x77
    dc.b    0x77, 0xcc, 0x67, 0x77, 0x7a, 0xaa, 0xf0, 0x00, 0x67, 0xaa, 0xa7, 0x7c, 0x6c, 0xc7, 0x87, 0xcc
    dc.b    0x6c, 0xc7, 0x8a, 0x7c, 0x28, 0x78, 0x88, 0xa7, 0x18, 0x88, 0xba, 0x8a, 0x41, 0x8b, 0x77, 0xa8
    dc.b    0x44, 0x18, 0x8b, 0x88, 0x44, 0x44, 0xb2, 0xe9, 0x41, 0x12, 0x11, 0x44, 0x41, 0x22, 0x44, 0x11
    dc.b    0x22, 0x33, 0x44, 0x44, 0x44, 0x12, 0x44, 0x44, 0x11, 0x23, 0x11, 0x23, 0x33, 0x36, 0x02, 0x00
    dc.b    0xf0, 0x00, 0x22, 0x90, 0x00, 0x00, 0x41, 0x22, 0x60, 0x00, 0xc7, 0xab, 0x80, 0x00, 0xcc, 0xc7
    dc.b    0xa8, 0x00, 0xcc, 0xc7, 0x78, 0x80, 0xcc, 0x77, 0x7b, 0x7b, 0xc7, 0xaa, 0x77, 0x77, 0xaa, 0xac
    dc.b    0xf0, 0x00, 0xcc, 0xc7, 0xca, 0xa7, 0x77, 0xcc, 0xcc, 0xaa, 0x77, 0x77, 0xcc, 0xc7, 0xaa, 0xa7
    dc.b    0xcc, 0xcc, 0xc7, 0x7b, 0x77, 0x7c, 0xcc, 0x78, 0x8b, 0x77, 0x7a, 0x8a, 0x66, 0x88, 0x88, 0x87
    dc.b    0xc5, 0x2f, 0x63, 0x36, 0x00, 0x8a, 0x33, 0x36, 0x00, 0x87, 0x33, 0x60, 0x08, 0x7c, 0x36, 0x00
    dc.b    0x55, 0x55, 0x69, 0x05, 0xdd, 0xdd, 0x60, 0x55, 0x55, 0xdd, 0x09, 0x00, 0xf0, 0x00, 0xb8, 0x00
    dc.b    0x00, 0x00, 0x77, 0xb8, 0x00, 0x00, 0x77, 0x7a, 0x80, 0x00, 0xcc, 0x77, 0xa8, 0x00, 0x7c, 0xcc
    dc.b    0x7a, 0x80, 0x77, 0xaa, 0x7a, 0xab, 0xbb, 0x7c, 0xcc, 0xc7, 0x87, 0xcc, 0xf0, 0x00, 0xc7, 0x7c
    dc.b    0x7c, 0xc7, 0x77, 0xc7, 0x7a, 0x77, 0xc7, 0xcc, 0xa7, 0xcc, 0x7c, 0xc7, 0x7c, 0xcc, 0x7c, 0x7c
    dc.b    0xcc, 0xc7, 0xc7, 0xc7, 0x5c, 0xc7, 0x7c, 0x7a, 0xd5, 0x57, 0xc7, 0xaa, 0x2f, 0x2f, 0xdd, 0x85
    dc.b    0x7a, 0xa8, 0x09, 0x00, 0x10, 0x01, 0x80, 0x00, 0xc5, 0xeb, 0x41, 0x22, 0xc7, 0x80, 0x00, 0x00
    dc.b    0xaa, 0xa0, 0x00, 0x00, 0x01, 0x01, 0x30, 0x02, 0x7a, 0xb8, 0x00, 0x00, 0xaa, 0x80, 0xdc, 0x76
    dc.b    0x02, 0x15, 0xf0, 0x00, 0x11, 0x12, 0x33, 0x22, 0x11, 0x44, 0x44, 0x16, 0x44, 0x44, 0x13, 0x50
    dc.b    0x33, 0x39, 0x55, 0x66, 0x55, 0x55, 0x56, 0x41, 0x55, 0x56, 0x14, 0x48, 0x31, 0x14, 0x46, 0x87
    dc.b    0x44, 0x44, 0xb0, 0x01, 0x64, 0x87, 0x12, 0x14, 0x64, 0x8a, 0x21, 0x44, 0x64, 0x8a, 0x44, 0x41
    dc.b    0x64, 0x18, 0x11, 0x16, 0x44, 0x13, 0x96, 0x64, 0x44, 0x13, 0x7e, 0x25, 0x01, 0x19, 0xf0, 0x00
    dc.b    0x41, 0x36, 0x69, 0x05, 0x55, 0x5d, 0x90, 0x05, 0xdd, 0xd5, 0x00, 0x5d, 0xdd, 0xd8, 0x65, 0xdd
    dc.b    0xdd, 0x88, 0x5d, 0xdd, 0xd8, 0x8d, 0x75, 0x5d, 0x88, 0xdd, 0x77, 0x75, 0x55, 0x55, 0xf0, 0x00
    dc.b    0xb7, 0x77, 0x77, 0xa8, 0x87, 0x87, 0x87, 0xbd, 0xda, 0xda, 0x87, 0xd0, 0xd8, 0xad, 0xad, 0xbd
    dc.b    0x6d, 0x8d, 0xdd, 0xdd, 0x99, 0x11, 0x60, 0x00, 0x99, 0x91, 0x60, 0x00, 0x99, 0x96, 0xf0, 0x00
    dc.b    0x00, 0x00, 0x99, 0x90, 0x00, 0x00, 0xdd, 0xd8, 0x57, 0xa8, 0xdd, 0x8d, 0x5a, 0x80, 0x55, 0xdd
    dc.b    0xd5, 0x00, 0xdd, 0x5d, 0x50, 0x00, 0x55, 0x75, 0x00, 0x00, 0x55, 0xb5, 0x00, 0x00, 0x30, 0x0f
    dc.b    0x55, 0x50, 0x00, 0x00, 0x55, 0x00, 0x7f, 0x8b, 0xf0, 0x00, 0x03, 0x22, 0x24, 0x41, 0x00, 0x02
    dc.b    0x24, 0x41, 0x00, 0x08, 0x24, 0x11, 0x00, 0x08, 0x64, 0x11, 0x00, 0x08, 0x86, 0x66, 0x08, 0x88
    dc.b    0x88, 0xbb, 0xda, 0xa8, 0xaa, 0x88, 0x0d, 0xdd, 0x11, 0x30, 0xa8, 0xaa, 0xf3, 0x00, 0x00, 0x00
    dc.b    0x00, 0x07, 0x00, 0x00, 0x08, 0x7c, 0x00, 0x88, 0xbc, 0xcc, 0x08, 0x77, 0xbb, 0x88, 0x00, 0x88
    dc.b    0x8c, 0xcb, 0x00, 0x00, 0x88, 0x8c, 0x00, 0x00, 0x00, 0x08, 0x11, 0x11, 0xf0, 0x00, 0x13, 0x66
    dc.b    0x11, 0x26, 0x68, 0x88, 0x66, 0x88, 0x88, 0x88, 0xbb, 0x8a, 0xaa, 0xaa, 0xb8, 0x77, 0x77, 0x77
    dc.b    0x88, 0x77, 0x77, 0x77, 0x77, 0xcc, 0xc7, 0x77, 0xcc, 0xcc, 0xcc, 0x77, 0xd0, 0x01, 0xcc, 0xcc
    dc.b    0xcc, 0xcc, 0xac, 0xcc, 0xcc, 0xcc, 0x77, 0xa7, 0x7a, 0xcc, 0xbb, 0x8b, 0xb8, 0x77, 0xc8, 0xcc
    dc.b    0x87, 0x88, 0x88, 0x88, 0x88, 0x00, 0x30, 0x00, 0xd3, 0x7b, 0x01, 0x01, 0x10, 0x01, 0x88, 0x00
    dc.b    0xf6, 0xcb, 0x54, 0x01, 0xa7, 0xb0, 0x00, 0x00, 0x77, 0x78, 0x00, 0x00, 0xac, 0x7a, 0x10, 0x01
    dc.b    0x7c, 0xa8, 0xf0, 0x61, 0x39, 0x64, 0x78, 0x00, 0x00, 0x00, 0xa0, 0x00, 0x10, 0x01, 0x00, 0x0d
    dc.b    0xd4, 0x7d, 0xf0, 0x00, 0xda, 0xd8, 0x00, 0x0d, 0xdb, 0xa7, 0x00, 0x0d, 0xb8, 0x8b, 0x00, 0x0d
    dc.b    0xa7, 0xb5, 0x00, 0xda, 0x88, 0xb5, 0x00, 0xdb, 0x78, 0x55, 0x00, 0x0d, 0x88, 0x55, 0x00, 0x00
    dc.b    0x55, 0x5b, 0x29, 0x1e, 0x00, 0x00, 0x00, 0x88, 0x12, 0x2f, 0xd0, 0x00, 0xf0, 0x01, 0x77, 0xd8
    dc.b    0x88, 0x00, 0x8d, 0x87, 0xaa, 0x80, 0x8a, 0x77, 0xaa, 0x80, 0xa7, 0xbd, 0x77, 0x80, 0x5d, 0xa7
    dc.b    0xbb, 0x55, 0x58, 0xab, 0x88, 0xd5, 0xb7, 0x85, 0xdd, 0xdd, 0x78, 0x55, 0xd1, 0x7e, 0x62, 0x1e
    dc.b    0x05, 0x55, 0x55, 0x8b, 0x00, 0x0d, 0xdd, 0x88, 0x00, 0x00, 0x00, 0xd8, 0x12, 0x01, 0x00, 0x08
    dc.b    0x01, 0x2d, 0xf0, 0x00, 0x08, 0xba, 0x00, 0x00, 0x8a, 0x77, 0x00, 0x00, 0xb7, 0x77, 0x00, 0x08
    dc.b    0xa7, 0x77, 0x08, 0xa8, 0xa7, 0xaa, 0x5a, 0xa8, 0xaa, 0xab, 0x8b, 0x88, 0x88, 0xbb, 0xba, 0x77
    dc.b    0x7a, 0x8a, 0xc6, 0x46, 0xaa, 0xaa, 0x77, 0x7a, 0xbb, 0xba, 0xaa, 0xaa, 0x8b, 0xbb, 0xbb, 0xaa
    dc.b    0x88, 0xbb, 0xbb, 0xbb, 0xd8, 0x88, 0x8b, 0xbb, 0x00, 0x08, 0x88, 0x88, 0x12, 0x01, 0x00, 0x05
    dc.b    0x02, 0x89, 0x05, 0x00, 0x14, 0x00, 0x55, 0x55, 0xa3, 0x0d, 0x06, 0x11, 0x11, 0x11, 0x63, 0x22
    dc.b    0x11, 0x34, 0x06, 0x33, 0x21, 0x13, 0x00, 0x06, 0x66, 0x21, 0x00, 0x55, 0x55, 0x66, 0xe2, 0x10
    dc.b    0x55, 0x63, 0x21, 0x12, 0x11, 0x11, 0x11, 0x15, 0x41, 0x63, 0x11, 0x11, 0x14, 0x46, 0x11, 0x11
    dc.b    0x33, 0x14, 0x61, 0x14, 0x66, 0x32, 0x16, 0x33, 0x59, 0x99, 0x66, 0x55, 0x30, 0x01, 0x55, 0x93
    dc.b    0x55, 0x11, 0x11, 0x44, 0xf8, 0x02, 0x12, 0x01, 0x03, 0x11, 0x32, 0x01, 0x02, 0x11, 0x00, 0x00
    dc.b    0x61, 0x11, 0x54, 0x01, 0x62, 0x21, 0x00, 0x00, 0x00, 0x03, 0x12, 0x14, 0x41, 0x14, 0x15, 0x01
    dc.b    0x41, 0x11, 0x62, 0x01, 0x22, 0x24, 0x41, 0x11, 0x41, 0x12, 0x11, 0x42, 0x41, 0x21, 0x11, 0x12
    dc.b    0x52, 0x01, 0x11, 0x13, 0x11, 0x11, 0x11, 0x16, 0x11, 0x11, 0x11, 0x20, 0x16, 0x5e, 0x11, 0x30
    dc.b    0x32, 0x33, 0x00, 0x02, 0x00, 0x00, 0x00, 0x21, 0xd0, 0x04, 0x32, 0x11, 0x00, 0x00, 0x21, 0x11
    dc.b    0x00, 0x00, 0x21, 0x21, 0x00, 0x00, 0x21, 0x22, 0x00, 0x00, 0x31, 0x23, 0x00, 0x00, 0x32, 0x33
    dc.b    0x00, 0x00, 0x03, 0x33, 0x7c, 0x01, 0x09, 0xd5, 0x21, 0x00, 0x00, 0x00, 0xee, 0xee, 0x29, 0x0e
    dc.b    0x00, 0xee, 0xff, 0xfe, 0x60, 0x00, 0xe0, 0x00, 0x00, 0x00, 0xee, 0x0e, 0xee, 0x00, 0xff, 0xff
    dc.b    0xfe, 0xee, 0x00, 0x00, 0x00, 0x00
spr_ken_720_animation0_frame7_tileset_data_size = .-spr_ken_720_animation0_frame7_tileset_data

    .align  2
spr_ken_730_animation0_frame0_tileset_data:
    dc.b    0x40, 0x01, 0x63, 0x32, 0x22, 0x36, 0x06, 0x63, 0x32, 0x22, 0xf8, 0xf8, 0x10, 0x01, 0x06, 0x22
    dc.b    0xe3, 0xce, 0x01, 0x00, 0x12, 0x01, 0x00, 0x06, 0x00, 0x2d, 0x00, 0x00, 0xa1, 0x00, 0x62, 0x22
    dc.b    0x22, 0x33, 0x66, 0x22, 0x22, 0x22, 0x36, 0x66, 0x33, 0x33, 0x22, 0x36, 0x69, 0x95, 0x66, 0x95
    dc.b    0x55, 0x55, 0xf0, 0x00, 0x35, 0x55, 0x55, 0x53, 0x32, 0x11, 0x11, 0x11, 0x31, 0x21, 0x11, 0x44
    dc.b    0x62, 0x13, 0x32, 0x11, 0x66, 0x21, 0x33, 0x33, 0x66, 0x63, 0x21, 0x11, 0x63, 0x66, 0x66, 0x66
    dc.b    0x63, 0x22, 0xb5, 0x01, 0x23, 0x33, 0x63, 0x32, 0x11, 0x11, 0x63, 0x33, 0x32, 0x22, 0x06, 0x63
    dc.b    0x33, 0x33, 0x00, 0x99, 0x99, 0x99, 0x00, 0x66, 0x21, 0x11, 0x11, 0x01, 0x00, 0x06, 0x12, 0x01
    dc.b    0x31, 0x11, 0x32, 0x01, 0x32, 0x11, 0x00, 0x00, 0x62, 0x21, 0x51, 0x0b, 0x62, 0x22, 0x00, 0x00
    dc.b    0x63, 0x33, 0x00, 0x00, 0x63, 0x21, 0x51, 0x3a, 0x66, 0x66, 0x63, 0x65, 0x33, 0x66, 0x95, 0x55
    dc.b    0x69, 0x55, 0xf1, 0x00, 0x55, 0x53, 0x55, 0x55, 0x52, 0x11, 0x55, 0x32, 0x14, 0x44, 0x32, 0x11
    dc.b    0x11, 0x44, 0x11, 0x44, 0x44, 0x44, 0x44, 0x44, 0x44, 0x42, 0x11, 0x11, 0x22, 0x21, 0x33, 0x33
    dc.b    0x11, 0x11, 0x40, 0x02, 0x33, 0x32, 0x21, 0x12, 0x31, 0x11, 0x11, 0x21, 0xf7, 0x79, 0x21, 0x00
    dc.b    0x39, 0x99, 0x99, 0x99, 0xf0, 0x00, 0x11, 0x13, 0x39, 0x39, 0x11, 0x12, 0x33, 0x23, 0x11, 0x11
    dc.b    0x31, 0x23, 0x11, 0x12, 0x21, 0x22, 0x11, 0x12, 0x11, 0x22, 0x11, 0x12, 0x11, 0x23, 0x11, 0x11
    dc.b    0x12, 0x23, 0x11, 0x21, 0x31, 0x01, 0x12, 0x22, 0x12, 0x11, 0x22, 0x22, 0x11, 0x01, 0x21, 0x12
    dc.b    0x21, 0x01, 0x22, 0x32, 0x11, 0x12, 0xf0, 0x00, 0x23, 0x32, 0x55, 0x54, 0x63, 0x21, 0x55, 0x14
    dc.b    0x26, 0x99, 0x51, 0x44, 0x12, 0x63, 0x11, 0x44, 0x41, 0x63, 0x14, 0x41, 0x41, 0x33, 0x44, 0x41
    dc.b    0x44, 0x23, 0x44, 0x11, 0x44, 0x13, 0xf0, 0x00, 0x44, 0x14, 0x44, 0x16, 0x21, 0x44, 0x14, 0x26
    dc.b    0x11, 0x42, 0x11, 0x36, 0x14, 0x22, 0x11, 0x93, 0x12, 0x21, 0x12, 0x93, 0x21, 0x11, 0x29, 0x92
    dc.b    0x11, 0x23, 0x99, 0x62, 0x39, 0x99, 0x62, 0x01, 0x63, 0x69, 0x99, 0x66, 0x69, 0x90, 0x99, 0x99
    dc.b    0x99, 0x00, 0x99, 0x69, 0x96, 0x01, 0x96, 0x39, 0x90, 0x00, 0x66, 0x39, 0x90, 0x00, 0x62, 0x39
    dc.b    0x90, 0x00, 0x32, 0x39, 0x90, 0x00, 0x22, 0x39, 0x23, 0x01, 0x23, 0x69, 0x00, 0x00, 0x12, 0x01
    dc.b    0x33, 0x90, 0x21, 0x01, 0x21, 0x44, 0x42, 0x14, 0x22, 0x01, 0x21, 0x41, 0x42, 0x11, 0x21, 0x59
    dc.b    0x12, 0x12, 0x21, 0x11, 0xb0, 0x26, 0x22, 0x36, 0x22, 0x22, 0x23, 0x69, 0x22, 0x22, 0x36, 0x99
    dc.b    0x22, 0x36, 0x99, 0x99, 0x26, 0x99, 0x09, 0x99, 0x90, 0x00, 0x00, 0x09, 0x7f, 0x01, 0xf0, 0x00
    dc.b    0x21, 0x22, 0x96, 0x93, 0x21, 0x23, 0x99, 0x62, 0x22, 0x26, 0x99, 0x32, 0x22, 0x69, 0x69, 0x22
    dc.b    0x26, 0x96, 0x36, 0x22, 0x69, 0x93, 0x36, 0x22, 0x99, 0x62, 0x32, 0x22, 0x96, 0x22, 0x41, 0x01
    dc.b    0x32, 0x22, 0x66, 0x22, 0x22, 0x12, 0x32, 0x22, 0xf0, 0x00, 0x11, 0x12, 0x63, 0x22, 0x22, 0x23
    dc.b    0x06, 0x66, 0x66, 0x88, 0x00, 0x88, 0x88, 0x8a, 0x00, 0x08, 0x8b, 0xba, 0x00, 0x08, 0xaa, 0xba
    dc.b    0x00, 0x0b, 0x77, 0xa7, 0x00, 0x8a, 0xcc, 0x77, 0x30, 0x01, 0x00, 0x87, 0xc7, 0x77, 0x00, 0xb7
    dc.b    0xeb, 0xda, 0x60, 0x01, 0x00, 0x8a, 0x77, 0x7a, 0x00, 0x8b, 0xaa, 0xa8, 0x00, 0xdd, 0xdd, 0xdd
    dc.b    0xc9, 0x21, 0x0c, 0x00, 0x43, 0x01, 0x62, 0x36, 0x00, 0x00, 0x62, 0x33, 0x60, 0x00, 0x42, 0x01
    dc.b    0x62, 0x23, 0x60, 0x00, 0x32, 0x23, 0x30, 0x00, 0xa0, 0x01, 0x60, 0x00, 0x22, 0x33, 0x90, 0x00
    dc.b    0x22, 0x36, 0x00, 0x00, 0x23, 0x30, 0x00, 0x00, 0x38, 0x00, 0x00, 0x00, 0x88, 0x00, 0xda, 0x0b
    dc.b    0xa0, 0x01, 0xab, 0x80, 0x00, 0x00, 0xca, 0xbb, 0x00, 0x00, 0xc7, 0xaa, 0xb0, 0x00, 0x77, 0xa7
    dc.b    0xaa, 0x00, 0x7a, 0x77, 0x77, 0xa0, 0xd9, 0x5a, 0x8e, 0x3f, 0x77, 0x77, 0xaa, 0x77, 0x77, 0x77
    dc.b    0xbb, 0xba, 0xa7, 0x77, 0xdd, 0xdd, 0x8b, 0xaa, 0xdd, 0xdd, 0x00, 0x24, 0x00, 0x00, 0xc0, 0x1b
    dc.b    0xb0, 0x00, 0x00, 0x00, 0xaa, 0xbb, 0x00, 0x00, 0x77, 0xaa, 0xb8, 0x80, 0x77, 0x7a, 0xba, 0x88
    dc.b    0xaa, 0xab, 0x88, 0x80, 0x88, 0x88, 0xd0, 0x00, 0x7f, 0xd8, 0x1a, 0x07, 0x00, 0x0e, 0x00, 0x02
    dc.b    0x7d, 0xf3, 0xc2, 0x01, 0x00, 0x66, 0x00, 0x00, 0x66, 0x32, 0x00, 0x66, 0x22, 0x21, 0x06, 0x33
    dc.b    0x21, 0x11, 0x03, 0x32, 0x11, 0x11, 0x03, 0x21, 0x22, 0x22, 0x03, 0x32, 0x12, 0x01, 0x06, 0x32
    dc.b    0x11, 0x01, 0x06, 0x33, 0xd0, 0x01, 0x32, 0x22, 0x00, 0x63, 0x33, 0x32, 0x00, 0x63, 0x32, 0x33
    dc.b    0x00, 0x06, 0x33, 0x23, 0x00, 0x00, 0x63, 0x32, 0x00, 0x00, 0x06, 0x63, 0x00, 0x0e, 0xee, 0xee
    dc.b    0xe5, 0xa5, 0xb0, 0x01, 0xee, 0xfc, 0x0e, 0xee, 0xef, 0xce, 0x0e, 0xef, 0xec, 0xfe, 0xee, 0xef
    dc.b    0xec, 0xee, 0xee, 0xef, 0xef, 0xee, 0x0e, 0xee, 0xef, 0xee, 0xf7, 0xf1, 0x00, 0x01, 0xdc, 0x33
    dc.b    0xf0, 0x00, 0xe3, 0xe3, 0xee, 0x2e, 0x6e, 0x33, 0xe2, 0x2e, 0x63, 0x3e, 0x33, 0xe1, 0x66, 0x66
    dc.b    0x62, 0x11, 0x32, 0x36, 0x21, 0x14, 0x21, 0x33, 0x11, 0x14, 0x12, 0x62, 0x11, 0x44, 0x13, 0x32
    dc.b    0x35, 0x01, 0x11, 0x14, 0x13, 0x21, 0x11, 0x11, 0x31, 0x01, 0x12, 0x21, 0x21, 0x11, 0x22, 0x31
    dc.b    0xf0, 0x00, 0x22, 0x11, 0x22, 0x62, 0x13, 0x21, 0x22, 0x33, 0x12, 0x32, 0x22, 0x26, 0x21, 0x23
    dc.b    0x33, 0x23, 0x62, 0x12, 0x23, 0x33, 0x63, 0x22, 0x32, 0x22, 0x36, 0x62, 0xee, 0xef, 0xcc, 0xff
    dc.b    0xa1, 0x01, 0xfe, 0xee, 0xef, 0xfc, 0xee, 0xff, 0xff, 0xff, 0xef, 0xef, 0xfc, 0xff, 0xef, 0xcf
    dc.b    0xcf, 0xfe, 0xfc, 0xff, 0xcf, 0xef, 0xf0, 0x00, 0xcf, 0xef, 0xfe, 0xef, 0xce, 0xef, 0xef, 0xee
    dc.b    0xfe, 0xef, 0xef, 0xee, 0xee, 0xef, 0xee, 0xea, 0xee, 0xfe, 0xe1, 0xe3, 0x3e, 0xee, 0x3e, 0x32
    dc.b    0x1e, 0x11, 0x14, 0x44, 0x41, 0x44, 0x1a, 0x00, 0x44, 0x44, 0x50, 0x01, 0x11, 0x44, 0x14, 0x44
    dc.b    0x41, 0x11, 0x11, 0x14, 0x44, 0x41, 0xc1, 0xaf, 0xf0, 0x00, 0x11, 0x11, 0x11, 0x11, 0x22, 0x21
    dc.b    0x41, 0x11, 0x11, 0x12, 0x14, 0x41, 0x11, 0x11, 0x21, 0x44, 0x44, 0x44, 0x33, 0x21, 0x11, 0x11
    dc.b    0x23, 0x33, 0x33, 0x32, 0x22, 0x22, 0x33, 0x66, 0xf0, 0x00, 0xfe, 0xee, 0xe0, 0x00, 0xff, 0xee
    dc.b    0x0e, 0x00, 0xcf, 0xfe, 0x0e, 0x00, 0xcf, 0xef, 0xe0, 0x00, 0xfe, 0xef, 0xe0, 0x00, 0xee, 0xee
    dc.b    0xe0, 0x00, 0xee, 0x8e, 0x00, 0x00, 0xeb, 0xb0, 0x40, 0x01, 0x00, 0x00, 0xb8, 0xa0, 0x00, 0x00
    dc.b    0xc7, 0x70, 0xf2, 0xbc, 0xc1, 0x01, 0xab, 0x02, 0x21, 0x11, 0x44, 0x41, 0x12, 0x3b, 0x44, 0x44
    dc.b    0x23, 0x77, 0x44, 0x44, 0x37, 0xcc, 0x44, 0x42, 0x7c, 0xcc, 0x44, 0x42, 0x77, 0x77, 0xf0, 0x00
    dc.b    0x44, 0x41, 0xa7, 0x77, 0x44, 0x41, 0xa7, 0xa7, 0x44, 0x41, 0xb7, 0x87, 0x44, 0x41, 0x88, 0xb8
    dc.b    0x11, 0x44, 0x18, 0x8d, 0x41, 0x14, 0x41, 0x8d, 0x44, 0x41, 0x12, 0x33, 0x11, 0x11, 0xd4, 0xe5
    dc.b    0x11, 0x22, 0x22, 0x22, 0x23, 0x66, 0x11, 0x11, 0x12, 0x23, 0x44, 0x11, 0x23, 0x66, 0x12, 0x23
    dc.b    0x33, 0x36, 0x22, 0x22, 0x33, 0x65, 0x66, 0x63, 0x65, 0x55, 0x10, 0x03, 0x00, 0x32, 0xe1, 0xd1
    dc.b    0x30, 0x01, 0x63, 0x21, 0x00, 0x06, 0x33, 0x21, 0xc1, 0xa6, 0x03, 0x01, 0x61, 0x01, 0x22, 0x11
    dc.b    0x06, 0x33, 0x22, 0x11, 0x06, 0x32, 0x21, 0x11, 0x63, 0x22, 0x50, 0x01, 0x22, 0x11, 0x09, 0x99
    dc.b    0x98, 0x89, 0x00, 0x09, 0x98, 0x86, 0xf4, 0xbf, 0x30, 0x02, 0x08, 0xb8, 0x00, 0x00, 0x08, 0xbb
    dc.b    0xed, 0xd2, 0xa3, 0x01, 0x00, 0x00, 0x08, 0xa7, 0x00, 0x00, 0x0b, 0xa7, 0x00, 0x00, 0xba, 0x77
    dc.b    0x00, 0x00, 0xb7, 0x77, 0x00, 0x0b, 0xa7, 0x77, 0xc0, 0x01, 0x00, 0x08, 0xba, 0x77, 0x00, 0x0d
    dc.b    0x8b, 0xaa, 0x00, 0x00, 0x0d, 0xdd, 0x63, 0x32, 0x21, 0x11, 0x33, 0x21, 0x11, 0x21, 0x21, 0x11
    dc.b    0x11, 0x13, 0xda, 0x01, 0x11, 0x57, 0x11, 0x21, 0x01, 0x01, 0x21, 0x01, 0x21, 0x12, 0x11, 0x23
    dc.b    0x13, 0x01, 0x32, 0x12, 0xf0, 0x00, 0x12, 0x23, 0x33, 0x22, 0x12, 0x23, 0x36, 0x22, 0x12, 0x23
    dc.b    0x26, 0x32, 0x12, 0x23, 0x16, 0x62, 0x22, 0x33, 0x93, 0x63, 0x22, 0x33, 0x96, 0x63, 0x32, 0x36
    dc.b    0x89, 0x66, 0x66, 0x69, 0xf0, 0x00, 0x88, 0x88, 0x80, 0x00, 0xab, 0xb8, 0x00, 0x00, 0xab, 0xa8
    dc.b    0x00, 0x00, 0xab, 0xab, 0xb0, 0x00, 0xab, 0x7a, 0xbb, 0x00, 0x7a, 0x7a, 0xab, 0x00, 0x7a, 0xaa
    dc.b    0xba, 0xb0, 0x7a, 0xab, 0x80, 0x01, 0xa7, 0xab, 0x77, 0xaa, 0xaa, 0x7a, 0x77, 0xab, 0xaa, 0x77
    dc.b    0x7a, 0xab, 0xaa, 0xa7, 0xab, 0xbb, 0x7e, 0x33, 0xf0, 0x00, 0x23, 0x32, 0x33, 0x90, 0x23, 0x33
    dc.b    0x33, 0x90, 0x22, 0x33, 0x36, 0x90, 0x32, 0x33, 0x36, 0x00, 0x26, 0x33, 0x39, 0x00, 0x23, 0x33
    dc.b    0x39, 0x00, 0x23, 0x63, 0x69, 0x00, 0x22, 0x63, 0x42, 0x01, 0x60, 0x00, 0x22, 0x66, 0x90, 0x00
    dc.b    0x32, 0x66, 0x10, 0x01, 0x33, 0x66, 0xf5, 0xa9, 0x10, 0x01, 0x36, 0x69, 0xef, 0x9c, 0x01, 0x01
    dc.b    0x10, 0x02, 0x69, 0x90, 0xe1, 0xbf, 0x00, 0x0f, 0x7e, 0x5a, 0x10, 0x01, 0x80, 0x00, 0x7d, 0xe3
    dc.b    0x11, 0x4f, 0x7a, 0xb8, 0x10, 0x06, 0x80, 0x00, 0x7d, 0xf4, 0xf0, 0x00, 0x8a, 0x88, 0x00, 0x00
    dc.b    0x7a, 0xbb, 0xb8, 0x00, 0xba, 0x7a, 0x8b, 0x80, 0xad, 0x8a, 0xa8, 0x80, 0xa0, 0x0d, 0xdd, 0x00
    dc.b    0xaa, 0xb0, 0x00, 0x00, 0xa7, 0xa8, 0x00, 0x00, 0xaa, 0x7a, 0xf0, 0x00, 0x80, 0x00, 0x77, 0xa7
    dc.b    0x8a, 0xa7, 0xcc, 0x7a, 0xb7, 0x77, 0xcc, 0xcc, 0x7a, 0xcc, 0x77, 0x77, 0xcc, 0xcc, 0xab, 0xba
    dc.b    0x77, 0xc7, 0xc7, 0x77, 0x7a, 0x7a, 0xa7, 0xcc, 0xcc, 0xa8, 0xf0, 0x00, 0x8b, 0xac, 0x7a, 0x8b
    dc.b    0x6d, 0x8b, 0x88, 0xbb, 0x23, 0x3d, 0xd8, 0x88, 0x41, 0x14, 0x12, 0x11, 0x44, 0x11, 0x41, 0x21
    dc.b    0x44, 0x41, 0x14, 0x21, 0x00, 0x00, 0x00, 0xca, 0x00, 0x00, 0x30, 0x01, 0x0b, 0xca, 0x00, 0x00
    dc.b    0x0a, 0x7b, 0xe1, 0xfe, 0x30, 0x01, 0xbc, 0xaa, 0x00, 0x00, 0xa7, 0x8c, 0xe4, 0xe7, 0xf0, 0x00
    dc.b    0x88, 0x8d, 0x00, 0x5d, 0xdd, 0xdd, 0x00, 0x55, 0x55, 0x5d, 0x55, 0x5d, 0x88, 0xd5, 0x77, 0xab
    dc.b    0x5d, 0x88, 0xcc, 0xcc, 0x75, 0xd8, 0xcc, 0x77, 0xaa, 0x5d, 0xc7, 0x77, 0x77, 0x5d, 0xf0, 0x00
    dc.b    0x77, 0x7a, 0xaa, 0x55, 0xbb, 0xaa, 0xa8, 0x55, 0xaa, 0xab, 0x8d, 0x55, 0x88, 0xb8, 0xd2, 0x23
    dc.b    0x88, 0xdd, 0x39, 0x22, 0xdd, 0x32, 0x29, 0x32, 0x11, 0x22, 0x69, 0x32, 0x12, 0x33, 0x31, 0x5b
    dc.b    0x96, 0x92, 0x12, 0x63, 0x96, 0x92, 0xf0, 0x00, 0xba, 0xb0, 0x00, 0x00, 0xac, 0xb0, 0x00, 0x00
    dc.b    0xca, 0x8b, 0xb0, 0x00, 0x7b, 0xac, 0x7b, 0x00, 0xab, 0xc7, 0xbb, 0x80, 0xac, 0x7b, 0x7c, 0x7b
    dc.b    0x55, 0x7c, 0x78, 0x88, 0x8d, 0x57, 0xe2, 0x01, 0xd0, 0x00, 0xd5, 0x55, 0x50, 0x00, 0x55, 0x5d
    dc.b    0x50, 0x00, 0xd5, 0xd5, 0x50, 0x00, 0xd5, 0xad, 0x00, 0x00, 0x55, 0xb8, 0x00, 0x00, 0x55, 0xd0
    dc.b    0x00, 0x00, 0x50, 0x00, 0x14, 0x01, 0x60, 0x00, 0x10, 0x01, 0x30, 0x00, 0xf7, 0xb2, 0x03, 0x01
    dc.b    0x01, 0x00, 0x60, 0x01, 0x22, 0x00, 0x00, 0x00, 0xa7, 0x77, 0xa0, 0x00, 0xcc, 0xcc, 0x77, 0xa8
    dc.b    0xf8, 0x99, 0xf0, 0x00, 0xcc, 0xca, 0xcc, 0xcc, 0xcc, 0xc7, 0x77, 0x7c, 0xcc, 0x77, 0x77, 0x77
    dc.b    0x77, 0x77, 0x7c, 0xc7, 0x7a, 0xab, 0x77, 0x7c, 0xc7, 0x77, 0x7a, 0x7c, 0xcc, 0xc7, 0xb7, 0xa7
    dc.b    0xcc, 0xcc, 0xf0, 0x00, 0x8a, 0x7a, 0x77, 0xcc, 0xdb, 0xa7, 0xaa, 0x77, 0x98, 0xba, 0xa7, 0xaa
    dc.b    0x69, 0x88, 0xbb, 0xa7, 0x39, 0x95, 0xdd, 0x8b, 0x95, 0x00, 0x05, 0xdd, 0x55, 0x33, 0x63, 0x26
    dc.b    0x55, 0x11, 0xf0, 0x00, 0x23, 0x26, 0x54, 0x63, 0x21, 0x26, 0x14, 0x26, 0x99, 0x92, 0x44, 0x12
    dc.b    0x63, 0x21, 0x00, 0xee, 0xee, 0xee, 0xee, 0xee, 0xef, 0xff, 0xee, 0xee, 0xee, 0xef, 0xee, 0xef
    dc.b    0xfe, 0xee, 0xc0, 0x01, 0xee, 0xfc, 0xee, 0xff, 0xef, 0xce, 0xef, 0xef, 0xec, 0xfe, 0xef, 0xcf
    dc.b    0xec, 0xee, 0xfc, 0xff, 0xee, 0xee, 0xee, 0x00, 0xff, 0xfe, 0xe0, 0x00, 0x7d, 0xee, 0x20, 0x01
    dc.b    0xff, 0xee, 0xff, 0xff, 0x7d, 0xf1, 0x40, 0x00, 0xcf, 0xfe, 0xfe, 0xef, 0xcf, 0xef, 0xee, 0xee
    dc.b    0x00, 0x00, 0x00, 0x00
spr_ken_730_animation0_frame0_tileset_data_size = .-spr_ken_730_animation0_frame0_tileset_data

    .align  2
spr_ken_730_animation0_frame1_tileset_data:
    dc.b    0x11, 0x00, 0x00, 0x00, 0xf0, 0x00, 0x0e, 0xee, 0x00, 0x0e, 0xee, 0xff, 0x00, 0xee, 0xff, 0xcc
    dc.b    0x0e, 0xee, 0xfc, 0xcf, 0x0e, 0xef, 0xfc, 0xff, 0xee, 0xef, 0xfc, 0xfc, 0x0e, 0xef, 0xfc, 0xfc
    dc.b    0xee, 0xef, 0xff, 0xff, 0xd2, 0x01, 0xee, 0xee, 0xff, 0xff, 0x0e, 0xee, 0xef, 0xff, 0x0e, 0xe3
    dc.b    0x22, 0x11, 0x22, 0x21, 0x11, 0x11, 0x12, 0x33, 0x33, 0x22, 0x66, 0x32, 0x14, 0x44, 0x13, 0x21
    dc.b    0x10, 0x01, 0x32, 0x21, 0xce, 0xdc, 0x21, 0x01, 0x22, 0x21, 0x11, 0x44, 0xf0, 0x00, 0x22, 0x22
    dc.b    0x11, 0x14, 0x32, 0x22, 0x21, 0x11, 0x32, 0x22, 0x22, 0x11, 0x32, 0x32, 0x22, 0x22, 0x13, 0x23
    dc.b    0x22, 0x22, 0x13, 0x12, 0x32, 0x22, 0x22, 0x31, 0x12, 0x32, 0x22, 0x33, 0xf0, 0x00, 0x44, 0x41
    dc.b    0x22, 0x23, 0x21, 0x44, 0x11, 0x22, 0x62, 0x11, 0x11, 0x12, 0x36, 0x21, 0x0e, 0x00, 0xee, 0xe0
    dc.b    0xfe, 0xee, 0xfe, 0x00, 0xee, 0xff, 0xff, 0xfe, 0xff, 0xfc, 0xcf, 0xff, 0x71, 0x01, 0xcc, 0xff
    dc.b    0xcc, 0xee, 0xfc, 0xcf, 0xfc, 0xee, 0xff, 0xcc, 0xff, 0xfe, 0xcf, 0xfc, 0xb7, 0x00, 0xfe, 0xfe
    dc.b    0xfc, 0xff, 0xfe, 0xfe, 0xff, 0xff, 0xfe, 0xee, 0x11, 0x11, 0x12, 0xee, 0x22, 0x22, 0x33, 0x34
    dc.b    0x14, 0x44, 0x44, 0x44, 0x01, 0x09, 0x01, 0x01, 0x10, 0x01, 0x11, 0x44, 0xea, 0x68, 0xa0, 0x01
    dc.b    0x11, 0x14, 0x44, 0x44, 0x11, 0x11, 0x14, 0x44, 0x11, 0x11, 0x22, 0x11, 0x21, 0x11, 0x22, 0x22
    dc.b    0x22, 0x22, 0x11, 0x12, 0xf1, 0x22, 0x31, 0x08, 0x11, 0x11, 0x44, 0x41, 0x11, 0x22, 0x01, 0x05
    dc.b    0xc1, 0x01, 0x0e, 0x00, 0x00, 0x00, 0x0e, 0xe0, 0x00, 0x03, 0xef, 0xe0, 0x00, 0x33, 0xfe, 0xe0
    dc.b    0x06, 0x32, 0xee, 0x00, 0x63, 0x31, 0xee, 0xe0, 0x63, 0x21, 0x11, 0x01, 0xee, 0xa6, 0xf0, 0x00
    dc.b    0x33, 0x21, 0xee, 0x56, 0x32, 0x21, 0xee, 0x63, 0x32, 0x21, 0xe2, 0x44, 0x44, 0x22, 0x44, 0x42
    dc.b    0xba, 0xaa, 0x44, 0x17, 0xcc, 0xcc, 0x41, 0xac, 0xcc, 0xcc, 0x1a, 0xcc, 0xcc, 0xcc, 0xf0, 0x00
    dc.b    0x3a, 0x77, 0xcc, 0xcc, 0x6a, 0x77, 0x77, 0x77, 0x6a, 0x77, 0x77, 0xaa, 0x68, 0x8a, 0xa7, 0x77
    dc.b    0x6a, 0xab, 0xa7, 0xcc, 0x48, 0x8d, 0xaa, 0x77, 0x46, 0xbd, 0x8b, 0xaa, 0x44, 0x6b, 0xf0, 0x00
    dc.b    0xdb, 0xaa, 0x14, 0x16, 0xbd, 0xbb, 0x21, 0x16, 0x66, 0xd8, 0x33, 0x33, 0x66, 0x65, 0x12, 0x36
    dc.b    0x36, 0x66, 0x22, 0x33, 0x33, 0x66, 0x33, 0x22, 0x62, 0x66, 0x21, 0x23, 0x23, 0x65, 0xf0, 0x00
    dc.b    0x12, 0x32, 0x36, 0x54, 0x00, 0xba, 0x77, 0x7a, 0x31, 0x36, 0x77, 0x7a, 0x31, 0x11, 0x36, 0xab
    dc.b    0x31, 0x11, 0x22, 0x36, 0x31, 0x11, 0x11, 0x12, 0x31, 0x41, 0x11, 0x22, 0x21, 0x41, 0x11, 0x01
    dc.b    0x11, 0x23, 0xf0, 0x00, 0x22, 0x11, 0x22, 0x23, 0x22, 0x11, 0x22, 0x33, 0x22, 0x11, 0x22, 0x36
    dc.b    0x22, 0x21, 0x22, 0x36, 0xbb, 0x21, 0x23, 0x36, 0xc7, 0xa8, 0x23, 0x36, 0xcc, 0x7a, 0x63, 0x36
    dc.b    0xcc, 0xc7, 0x90, 0x01, 0xa8, 0x36, 0xcc, 0x77, 0xa7, 0xa6, 0x77, 0x7a, 0xb7, 0x77, 0xaa, 0xbb
    dc.b    0xa7, 0x77, 0x77, 0x77, 0x77, 0xa7, 0xeb, 0x39, 0xf0, 0x00, 0xcc, 0x77, 0x77, 0xcc, 0xcc, 0xcc
    dc.b    0xaa, 0x77, 0x77, 0xcc, 0xaa, 0xab, 0xa7, 0x77, 0xbb, 0xaa, 0x7c, 0xc7, 0xdd, 0x88, 0xaa, 0xcc
    dc.b    0x23, 0xd8, 0x8a, 0xa7, 0x22, 0x23, 0x3d, 0x8b, 0xa4, 0x01, 0x22, 0x22, 0x22, 0x69, 0x62, 0x22
    dc.b    0x22, 0x39, 0x62, 0x22, 0x22, 0x29, 0x00, 0x00, 0x99, 0x99, 0x00, 0x00, 0x06, 0x63, 0x16, 0x01
    dc.b    0x00, 0x63, 0x14, 0x01, 0x00, 0x06, 0x05, 0x00, 0x03, 0x09, 0x12, 0x01, 0x00, 0x62, 0x32, 0x01
    dc.b    0x09, 0x31, 0x00, 0x00, 0x06, 0x21, 0x10, 0x01, 0x63, 0x11, 0xe4, 0x4e, 0x52, 0x01, 0x62, 0x11
    dc.b    0x00, 0x06, 0x32, 0x11, 0x00, 0x06, 0x31, 0x11, 0xe1, 0x75, 0x68, 0x88, 0x00, 0x06, 0x98, 0x88
    dc.b    0x00, 0x09, 0x98, 0x88, 0x00, 0x00, 0x99, 0x8b, 0x00, 0x00, 0x09, 0x8b, 0x66, 0x66, 0x66, 0x66
    dc.b    0x22, 0x22, 0x22, 0x12, 0x22, 0x22, 0x21, 0xd7, 0x23, 0x21, 0x22, 0x12, 0x11, 0x01, 0x11, 0x11
    dc.b    0x01, 0x85, 0xd0, 0x01, 0x32, 0x11, 0x11, 0x13, 0x33, 0x11, 0x11, 0x23, 0x33, 0x21, 0x11, 0x23
    dc.b    0x62, 0x21, 0x12, 0x31, 0x62, 0x21, 0x13, 0x11, 0x63, 0x32, 0x11, 0x12, 0x95, 0x56, 0xe4, 0xe1
    dc.b    0x55, 0x01, 0x11, 0x11, 0x11, 0x22, 0x11, 0x11, 0x11, 0x12, 0x12, 0x11, 0x20, 0x01, 0x11, 0x11
    dc.b    0x12, 0x21, 0xf5, 0x70, 0x01, 0x01, 0x01, 0x10, 0x02, 0x01, 0xf0, 0x00, 0x22, 0x11, 0x88, 0x22
    dc.b    0x88, 0x89, 0xba, 0xab, 0x88, 0x89, 0xa7, 0x7a, 0xb8, 0x99, 0x77, 0x7a, 0xb8, 0x99, 0x99, 0x96
    dc.b    0x63, 0x99, 0x33, 0x36, 0x26, 0x69, 0x23, 0x63, 0x26, 0x69, 0xd0, 0x01, 0x23, 0x62, 0x33, 0x69
    dc.b    0x26, 0x32, 0x32, 0x69, 0x36, 0x12, 0x32, 0x69, 0x63, 0x22, 0x22, 0x69, 0x61, 0x23, 0x23, 0x90
    dc.b    0x31, 0x22, 0x23, 0x90, 0x11, 0x32, 0xe4, 0x4d, 0x32, 0x01, 0x12, 0x22, 0x36, 0x90, 0x21, 0x22
    dc.b    0x91, 0x01, 0x12, 0x22, 0x66, 0x00, 0x12, 0x23, 0x69, 0x00, 0x22, 0x23, 0x69, 0x00, 0x23, 0x33
    dc.b    0x69, 0x00, 0x26, 0x36, 0x35, 0x01, 0x99, 0x00, 0x23, 0x66, 0x90, 0x00, 0x11, 0x01, 0x23, 0x69
    dc.b    0x13, 0x01, 0x00, 0x00, 0x30, 0x01, 0x93, 0x69, 0x00, 0x00, 0x99, 0x69, 0xfa, 0x05, 0x01, 0x01
    dc.b    0x06, 0x00, 0x10, 0x01, 0x00, 0x0b, 0xd5, 0xc1, 0x17, 0x0c, 0x00, 0x08, 0x0b, 0x00, 0x50, 0x01
    dc.b    0xee, 0x00, 0x00, 0x00, 0xe0, 0x0e, 0x00, 0x00, 0x00, 0x0e, 0xfc, 0xdd, 0x83, 0x13, 0xff, 0xfe
    dc.b    0xe0, 0x06, 0xee, 0xee, 0x00, 0x63, 0xee, 0xee, 0xe0, 0x63, 0xfe, 0xee, 0xe0, 0x63, 0x70, 0x01
    dc.b    0x00, 0x7b, 0x07, 0xab, 0xb8, 0xb7, 0x8a, 0x87, 0x7b, 0x8b, 0x8b, 0x8a, 0x88, 0x88, 0xc0, 0x8d
    dc.b    0x31, 0x01, 0x00, 0x88, 0xbb, 0xbb, 0x00, 0x08, 0x10, 0x01, 0xbb, 0xa7, 0xfa, 0x78, 0x10, 0x01
    dc.b    0x8b, 0x77, 0xfd, 0x19, 0x10, 0x01, 0x08, 0xa7, 0xf1, 0x12, 0x10, 0x01, 0x08, 0xcc, 0xd5, 0x41
    dc.b    0xd5, 0x45, 0xba, 0x77, 0x03, 0x31, 0x36, 0x77, 0x33, 0x31, 0x11, 0x36, 0x32, 0x31, 0x11, 0x22
    dc.b    0x31, 0x31, 0x11, 0x11, 0x21, 0x31, 0x41, 0x11, 0x21, 0x21, 0x41, 0x11, 0x30, 0x01, 0xbb, 0x00
    dc.b    0x00, 0x00, 0xb7, 0x80, 0xde, 0x8f, 0x11, 0x01, 0xbb, 0xb8, 0xf0, 0x00, 0x80, 0x00, 0xbb, 0xbb
    dc.b    0x80, 0x00, 0x7a, 0xbb, 0x80, 0x00, 0x77, 0xab, 0xb8, 0x00, 0x7c, 0x7b, 0xb8, 0x00, 0x7c, 0x7a
    dc.b    0xbb, 0x80, 0x77, 0x7a, 0xbb, 0xb8, 0x77, 0xb7, 0xbb, 0xb8, 0xd0, 0x01, 0x77, 0xa7, 0x8b, 0xb8
    dc.b    0x7a, 0xab, 0x88, 0x80, 0x7a, 0xb8, 0x8d, 0x00, 0x7a, 0xb8, 0xd0, 0x00, 0xab, 0x88, 0x00, 0x00
    dc.b    0x36, 0x50, 0x00, 0x00, 0x12, 0x60, 0xf5, 0x7c, 0xd0, 0x01, 0x23, 0x23, 0x66, 0x00, 0x26, 0x36
    dc.b    0x60, 0x00, 0x26, 0x36, 0x90, 0x00, 0x36, 0x36, 0x90, 0x00, 0x36, 0x66, 0x90, 0x00, 0x36, 0x69
    dc.b    0x00, 0x00, 0x36, 0x99, 0xec, 0xce, 0x10, 0x01, 0x69, 0x90, 0xde, 0xf2, 0x10, 0x01, 0x99, 0x00
    dc.b    0xf6, 0x55, 0xf0, 0x00, 0x7b, 0x00, 0x00, 0x00, 0x7a, 0x00, 0x0b, 0xbb, 0xaa, 0xba, 0x77, 0xcc
    dc.b    0x7a, 0x7c, 0xcc, 0xcc, 0x77, 0x7a, 0x77, 0xc7, 0xcc, 0xcc, 0xc7, 0x77, 0x77, 0x77, 0x77, 0xac
    dc.b    0x77, 0xaa, 0x94, 0x5c, 0xaa, 0xa7, 0xcc, 0xc7, 0x7a, 0xba, 0x7c, 0xcc, 0xab, 0xba, 0xa7, 0x7a
    dc.b    0xb8, 0xbb, 0x88, 0xb8, 0x8d, 0xdd, 0x52, 0x01, 0x00, 0x80, 0x00, 0x00, 0x0b, 0x78, 0x00, 0x00
    dc.b    0x08, 0x7b, 0xf0, 0x00, 0x08, 0xaa, 0x00, 0xa8, 0x55, 0x5a, 0x08, 0xa8, 0x5d, 0xd5, 0x08, 0x75
    dc.b    0x5d, 0xdd, 0x08, 0x5d, 0x5d, 0xd8, 0x05, 0x55, 0x55, 0x58, 0x5d, 0xd8, 0x88, 0xd5, 0xb5, 0x55
    dc.b    0xdd, 0x8d, 0xf0, 0x00, 0xcc, 0xc7, 0x55, 0xd8, 0x77, 0xcc, 0xc8, 0xdd, 0xcc, 0xcc, 0x7a, 0x5d
    dc.b    0xcc, 0x77, 0x7a, 0x55, 0x77, 0x7a, 0xab, 0x55, 0x7a, 0xaa, 0xb8, 0x55, 0xaa, 0xbb, 0x8d, 0x50
    dc.b    0xbb, 0x8d, 0x20, 0x01, 0xd0, 0x00, 0x8d, 0xd0, 0xe1, 0x18, 0x05, 0x00, 0x32, 0x01, 0x0b, 0x00
    dc.b    0x00, 0x00, 0x87, 0xb0, 0x10, 0x01, 0x87, 0x80, 0xd6, 0xe9, 0xf0, 0x00, 0x55, 0x57, 0x80, 0x00
    dc.b    0x8d, 0x55, 0x8b, 0x00, 0x88, 0x8d, 0x5b, 0xd0, 0xdd, 0xdd, 0x55, 0x80, 0xdd, 0x55, 0xd5, 0x00
    dc.b    0x55, 0x55, 0x50, 0x00, 0xd5, 0x55, 0x00, 0x00, 0xd5, 0x50, 0x22, 0x01, 0x00, 0x00, 0x55, 0x00
    dc.b    0x1c, 0xff, 0x50, 0x00, 0x81, 0x01, 0x98, 0xb7, 0x77, 0xab, 0x08, 0xb7, 0x77, 0xab, 0x08, 0xba
    dc.b    0x77, 0xab, 0x00, 0xba, 0x7a, 0xab, 0x12, 0x01, 0x00, 0x8a, 0xf0, 0x00, 0x00, 0x87, 0xaa, 0x7a
    dc.b    0x08, 0x77, 0xab, 0x7b, 0x8a, 0x77, 0x7a, 0xba, 0x87, 0x77, 0x7a, 0xba, 0xb7, 0x77, 0x77, 0xab
    dc.b    0xb7, 0x77, 0x77, 0xaa, 0x8a, 0x77, 0x7a, 0xaa, 0xdb, 0xaa, 0x80, 0x01, 0xaa, 0xbb, 0x0d, 0xdd
    dc.b    0xdd, 0xdd, 0x89, 0x99, 0x99, 0x00, 0x89, 0x99, 0x90, 0x00, 0x89, 0x90, 0xf5, 0x07, 0x05, 0x01
    dc.b    0x01, 0xa9, 0x01, 0xe9, 0xe0, 0x12, 0xaa, 0xb0, 0x00, 0x00, 0xa7, 0xaa, 0x00, 0x00, 0xaa, 0x77
    dc.b    0xab, 0x00, 0xba, 0xa7, 0x7a, 0xb8, 0xb8, 0xba, 0xa7, 0xaa, 0x88, 0x88, 0xbb, 0xba, 0xdd, 0xdd
    dc.b    0xdd, 0xdd, 0x7e, 0xad, 0x05, 0x00, 0x10, 0x01, 0xb8, 0x00, 0xd5, 0x23, 0x01, 0x91, 0xf0, 0x00
    dc.b    0x63, 0x22, 0x23, 0x33, 0x06, 0x31, 0x22, 0x23, 0x06, 0x63, 0x12, 0x22, 0x06, 0x33, 0x31, 0x11
    dc.b    0x06, 0x33, 0x23, 0x31, 0x00, 0x63, 0x22, 0x22, 0x00, 0x66, 0x33, 0x22, 0x09, 0x32, 0x70, 0x01
    dc.b    0x21, 0x11, 0x22, 0x22, 0x22, 0x14, 0x33, 0x22, 0x21, 0x41, 0x22, 0x21, 0x14, 0x11, 0xd6, 0x29
    dc.b    0xf0, 0x00, 0x11, 0x22, 0x22, 0x21, 0x22, 0x21, 0x11, 0x12, 0x22, 0x39, 0x12, 0x23, 0x36, 0x69
    dc.b    0x12, 0x24, 0x46, 0x63, 0x22, 0x14, 0x16, 0x63, 0x22, 0x14, 0x29, 0x63, 0x21, 0x44, 0x39, 0x66
    dc.b    0x50, 0x01, 0x11, 0x39, 0x96, 0x66, 0x39, 0x66, 0x66, 0x69, 0x66, 0x66, 0xfa, 0x76, 0x40, 0x01
    dc.b    0x62, 0x33, 0x39, 0x00, 0x63, 0x33, 0x69, 0x00, 0xea, 0x0c, 0x00, 0x01, 0x7e, 0xe7, 0x14, 0x45
    dc.b    0x90, 0x00, 0x21, 0x42, 0x00, 0x06, 0x32, 0x21, 0x20, 0x03, 0x00, 0x00, 0x09, 0x96, 0x7d, 0x89
    dc.b    0x04, 0x00, 0xf0, 0x00, 0x11, 0x23, 0x62, 0x11, 0x22, 0x22, 0x36, 0x21, 0x33, 0x22, 0x33, 0x62
    dc.b    0x22, 0x22, 0x23, 0x33, 0x63, 0x33, 0x66, 0x55, 0x00, 0x55, 0x55, 0x55, 0x03, 0x23, 0x36, 0x65
    dc.b    0x06, 0x32, 0x21, 0x00, 0x33, 0x32, 0x11, 0x11, 0x52, 0x00, 0x11, 0x23, 0x21, 0x11, 0x23, 0x36
    dc.b    0x36, 0x65, 0x55, 0x55, 0xf0, 0x00, 0x55, 0x53, 0x55, 0x55, 0x53, 0x23, 0x11, 0x11, 0x11, 0x31
    dc.b    0x23, 0x23, 0x65, 0x46, 0x33, 0x66, 0x54, 0x46, 0x55, 0x55, 0x44, 0x16, 0x55, 0x24, 0x14, 0x16
    dc.b    0x53, 0x44, 0x14, 0x26, 0x60, 0x01, 0x34, 0x41, 0x14, 0x36, 0x14, 0x12, 0x14, 0x36, 0x44, 0x12
    dc.b    0x14, 0x36, 0xe0, 0x8d, 0x07, 0x00, 0xe0, 0x01, 0x00, 0x03, 0x00, 0x00, 0x00, 0x32, 0x00, 0x00
    dc.b    0x06, 0x66, 0x00, 0x06, 0x33, 0x21, 0x00, 0x32, 0x11, 0x11, 0x06, 0x11, 0x11, 0x11, 0x03, 0x11
    dc.b    0x11, 0x11, 0x62, 0x11, 0xea, 0x7f, 0xf0, 0x00, 0x32, 0x21, 0x11, 0x11, 0x33, 0x21, 0x11, 0x11
    dc.b    0x66, 0x22, 0x11, 0x11, 0x66, 0x32, 0x21, 0x11, 0x06, 0x63, 0x22, 0x21, 0x06, 0x36, 0x32, 0x22
    dc.b    0x00, 0x62, 0x33, 0x22, 0x00, 0x63, 0x31, 0x6d, 0x21, 0x33, 0x00, 0x06, 0x22, 0x12, 0xf0, 0x00
    dc.b    0x22, 0x22, 0x22, 0x90, 0x32, 0x22, 0x22, 0x69, 0x23, 0x22, 0x22, 0x39, 0x22, 0x32, 0x22, 0x39
    dc.b    0x22, 0x33, 0x22, 0x39, 0x32, 0x23, 0x22, 0x39, 0x63, 0x23, 0x32, 0x69, 0x36, 0x23, 0x10, 0x00
    dc.b    0x33, 0x90, 0x00, 0x00, 0x00, 0x00
spr_ken_730_animation0_frame1_tileset_data_size = .-spr_ken_730_animation0_frame1_tileset_data

    .align  2
spr_ken_730_animation0_frame2_tileset_data:
    dc.b    0x21, 0x01, 0x21, 0x11, 0x11, 0x33, 0xf0, 0x00, 0x31, 0x11, 0x11, 0x33, 0xca, 0xb1, 0x11, 0x26
    dc.b    0xcc, 0xc7, 0x11, 0x26, 0xcc, 0xcc, 0x71, 0x26, 0xcc, 0xcc, 0x7b, 0x26, 0xcc, 0xcc, 0x7b, 0xbb
    dc.b    0x77, 0x77, 0xab, 0x77, 0x7a, 0xaa, 0x30, 0x01, 0xbb, 0xa7, 0xcc, 0x77, 0x77, 0x77, 0xde, 0x87
    dc.b    0xf0, 0x00, 0xcc, 0xcc, 0xca, 0x77, 0x7c, 0xcc, 0x7c, 0xaa, 0x77, 0x7c, 0xa7, 0x77, 0xaa, 0xaa
    dc.b    0xba, 0x77, 0x7a, 0x77, 0x88, 0xbb, 0xaa, 0xbc, 0x58, 0x88, 0x8b, 0xbb, 0x56, 0x63, 0x88, 0x88
    dc.b    0xf0, 0x00, 0x12, 0x62, 0x23, 0x66, 0x11, 0x62, 0x12, 0x36, 0x69, 0x92, 0x12, 0x36, 0x16, 0x32
    dc.b    0x12, 0x36, 0x42, 0x62, 0x22, 0x23, 0x41, 0x63, 0x21, 0x23, 0x44, 0x26, 0x21, 0x23, 0x14, 0x16
    dc.b    0xb3, 0x01, 0x21, 0x23, 0x14, 0x13, 0x32, 0x23, 0x14, 0x41, 0x62, 0x36, 0x44, 0x42, 0x63, 0x39
    dc.b    0x44, 0x13, 0x93, 0x69, 0x60, 0x00, 0x00, 0x00, 0x09, 0x00, 0x00, 0x01, 0xcc, 0xed, 0x00, 0x01
    dc.b    0xf4, 0x58, 0xf0, 0x00, 0x77, 0xa7, 0xb0, 0x00, 0xc7, 0x7a, 0xba, 0xaa, 0xcc, 0x77, 0xaa, 0x77
    dc.b    0xcc, 0xcc, 0xc7, 0xac, 0x77, 0x7c, 0xcc, 0xcc, 0x77, 0x77, 0x7a, 0xcc, 0xcc, 0xcc, 0x7b, 0x77
    dc.b    0x7c, 0xcc, 0x75, 0x21, 0xc8, 0x7a, 0xbb, 0x77, 0xb8, 0xaa, 0x08, 0xb8, 0x8b, 0x88, 0x00, 0x88
    dc.b    0x88, 0xdd, 0x05, 0x31, 0x12, 0x01, 0x90, 0x00, 0x06, 0x00, 0xf0, 0x00, 0xb0, 0x00, 0x00, 0x08
    dc.b    0x78, 0x00, 0x00, 0x0b, 0xc8, 0x0b, 0x00, 0x0a, 0xc8, 0xb7, 0x00, 0x0a, 0xc8, 0xac, 0x00, 0x0a
    dc.b    0xc8, 0xcb, 0x00, 0x85, 0x55, 0x57, 0x00, 0x5d, 0xdd, 0x55, 0xf0, 0x00, 0x05, 0xd8, 0x88, 0xdd
    dc.b    0x05, 0x55, 0x5d, 0x88, 0x5d, 0x88, 0xd5, 0x5d, 0xb8, 0x55, 0xd8, 0xd5, 0xcc, 0x7b, 0x5d, 0x85
    dc.b    0xcc, 0xc7, 0x85, 0xd5, 0xcc, 0x77, 0xa5, 0xd5, 0xc7, 0x7a, 0x80, 0x01, 0xa5, 0x55, 0x7a, 0xaa
    dc.b    0xb5, 0x55, 0xaa, 0xab, 0xd5, 0x55, 0xb8, 0x8d, 0xd0, 0x00, 0x8d, 0xd0, 0xdf, 0x83, 0x00, 0x16
    dc.b    0x00, 0x00, 0xf0, 0x00, 0xbb, 0x00, 0x00, 0x00, 0x7b, 0x00, 0x00, 0x00, 0x78, 0x00, 0x00, 0x00
    dc.b    0xb8, 0x88, 0x00, 0x00, 0x87, 0xc7, 0x7b, 0x00, 0x7c, 0xb8, 0x88, 0x00, 0x55, 0xac, 0xc7, 0x80
    dc.b    0x55, 0x57, 0x20, 0x01, 0x88, 0x00, 0xd5, 0x55, 0xc2, 0x42, 0x01, 0x01, 0x72, 0x01, 0x55, 0xd0
    dc.b    0x00, 0x00, 0x58, 0xd0, 0x00, 0x00, 0x5d, 0x00, 0x00, 0x00, 0x50, 0x00, 0x00, 0x39, 0x00, 0x00
    dc.b    0x12, 0x01, 0x00, 0x0e, 0x14, 0x09, 0x00, 0xe0, 0x00, 0x02, 0xdc, 0x7b, 0xc2, 0x01, 0x06, 0x63
    dc.b    0x00, 0x00, 0x63, 0x21, 0x00, 0x63, 0x21, 0x11, 0x06, 0x32, 0x11, 0x11, 0x63, 0x21, 0x11, 0x11
    dc.b    0x62, 0x21, 0x11, 0x11, 0x32, 0x11, 0x12, 0x09, 0x33, 0x11, 0x0c, 0x2d, 0x81, 0x01, 0x00, 0xee
    dc.b    0x00, 0x0e, 0xff, 0xff, 0x00, 0xef, 0xff, 0xff, 0x0e, 0xff, 0xff, 0xff, 0x0f, 0xff, 0x21, 0x01
    dc.b    0xfc, 0xff, 0xef, 0xff, 0x51, 0x0d, 0xff, 0xcf, 0xee, 0xff, 0xff, 0xcf, 0xef, 0xff, 0xff, 0xfc
    dc.b    0xf0, 0x00, 0xee, 0xef, 0xff, 0xff, 0xee, 0xe3, 0x21, 0x44, 0x33, 0x22, 0x11, 0x14, 0x32, 0x21
    dc.b    0x11, 0x23, 0x33, 0x33, 0x32, 0x21, 0x21, 0x31, 0x44, 0x44, 0x13, 0x21, 0x14, 0x44, 0x13, 0x11
    dc.b    0x53, 0x01, 0x14, 0x44, 0x12, 0x11, 0x11, 0x44, 0x12, 0x21, 0x11, 0x14, 0x69, 0x3c, 0x13, 0x22
    dc.b    0x11, 0x11, 0x13, 0x22, 0x21, 0x21, 0x13, 0x23, 0x22, 0x12, 0xf0, 0x00, 0x0e, 0xee, 0x00, 0x00
    dc.b    0xee, 0x00, 0x00, 0x00, 0xff, 0xfe, 0xee, 0xe0, 0xff, 0xff, 0xfe, 0xee, 0xff, 0xfe, 0xef, 0xfe
    dc.b    0xff, 0xcc, 0xcf, 0xef, 0xcc, 0xfc, 0xce, 0xee, 0xfc, 0xcf, 0x90, 0x01, 0xfc, 0xee, 0xff, 0xcf
    dc.b    0xef, 0xee, 0xff, 0xfc, 0xfe, 0xfe, 0xff, 0xef, 0xfe, 0xee, 0xcf, 0xfe, 0xff, 0xee, 0xcf, 0x89
    dc.b    0x57, 0x00, 0x2e, 0xe3, 0x44, 0x22, 0x32, 0x11, 0x32, 0x14, 0x44, 0x44, 0x12, 0x01, 0x41, 0x44
    dc.b    0x10, 0x01, 0x41, 0x14, 0xde, 0x37, 0x60, 0x01, 0x44, 0x12, 0x11, 0x44, 0x11, 0x41, 0x21, 0x11
    dc.b    0x21, 0x11, 0x11, 0x22, 0xd2, 0xdf, 0x13, 0x01, 0x00, 0xba, 0xf0, 0x00, 0x03, 0x33, 0x21, 0x2b
    dc.b    0x93, 0x23, 0x32, 0x11, 0x93, 0x22, 0x33, 0x11, 0x93, 0x22, 0x33, 0x21, 0xee, 0x21, 0x23, 0x21
    dc.b    0xe6, 0xe1, 0x23, 0x31, 0xee, 0x3e, 0x12, 0x31, 0xee, 0xe2, 0xf0, 0x00, 0x12, 0x32, 0xee, 0xe3
    dc.b    0x12, 0x32, 0xee, 0xee, 0x11, 0x22, 0xe9, 0x9e, 0xe1, 0x22, 0xee, 0x93, 0x21, 0x22, 0xee, 0x93
    dc.b    0x22, 0x12, 0xee, 0xe3, 0x22, 0x22, 0x32, 0x11, 0x44, 0x41, 0xf0, 0x00, 0x44, 0x44, 0x1a, 0x77
    dc.b    0x44, 0x1b, 0x7c, 0xcc, 0x44, 0x3a, 0xcc, 0xcc, 0x44, 0x87, 0x7c, 0xcc, 0x41, 0x8a, 0x77, 0x7c
    dc.b    0x41, 0x8a, 0xa7, 0x77, 0x41, 0x8a, 0xaa, 0xaa, 0x41, 0x88, 0xf0, 0x00, 0xbb, 0xa7, 0x41, 0x68
    dc.b    0x8b, 0xa7, 0x44, 0x1d, 0xdb, 0xa7, 0x44, 0x43, 0xd8, 0xba, 0x44, 0x44, 0x9d, 0x8b, 0x33, 0x33
    dc.b    0x23, 0x8b, 0x00, 0x63, 0x21, 0x12, 0x06, 0x66, 0x63, 0x11, 0xf0, 0x00, 0x06, 0x33, 0x33, 0x33
    dc.b    0x03, 0x33, 0x22, 0x22, 0x06, 0x32, 0x22, 0x11, 0x06, 0x33, 0x22, 0x22, 0x00, 0x99, 0x66, 0x66
    dc.b    0x06, 0x62, 0x22, 0x22, 0x06, 0x62, 0x22, 0x33, 0x06, 0x62, 0x31, 0x01, 0x22, 0x11, 0x06, 0x62
    dc.b    0x21, 0x11, 0x21, 0xe7, 0x06, 0x32, 0x21, 0x12, 0x01, 0x01, 0x12, 0x01, 0x06, 0x33, 0x12, 0x01
    dc.b    0x06, 0x23, 0xf0, 0x00, 0x66, 0x23, 0x21, 0x11, 0x63, 0x12, 0x22, 0x21, 0x93, 0x21, 0x11, 0x11
    dc.b    0x93, 0x33, 0x22, 0x22, 0x09, 0x96, 0x33, 0x21, 0x33, 0x32, 0x22, 0x11, 0x11, 0x11, 0x11, 0x11
    dc.b    0x32, 0x22, 0x12, 0x04, 0x21, 0x12, 0xf0, 0x00, 0x12, 0x36, 0x23, 0x36, 0x69, 0x99, 0x99, 0x99
    dc.b    0x99, 0x99, 0x23, 0x63, 0x36, 0x22, 0x32, 0x13, 0x62, 0x23, 0x11, 0x23, 0x22, 0x23, 0x12, 0x32
    dc.b    0x12, 0x33, 0x22, 0x11, 0x22, 0x36, 0xe1, 0x1d, 0x11, 0x11, 0x22, 0x36, 0x11, 0x12, 0x23, 0x32
    dc.b    0x11, 0x12, 0x23, 0x22, 0x11, 0x22, 0x32, 0x23, 0x11, 0x23, 0x21, 0x23, 0x11, 0x32, 0x21, 0x23
    dc.b    0x12, 0x22, 0x12, 0x36, 0x00, 0x01, 0xd3, 0x2d, 0xe1, 0x2c, 0x23, 0x36, 0x21, 0x22, 0x23, 0x66
    dc.b    0x11, 0x21, 0x23, 0x69, 0x12, 0x21, 0x14, 0x13, 0x22, 0x11, 0x13, 0x69, 0x21, 0x13, 0x69, 0x96
    dc.b    0x13, 0x69, 0x96, 0x66, 0x99, 0x96, 0x62, 0x01, 0x00, 0x00, 0x96, 0x99, 0x00, 0x00, 0x66, 0x99
    dc.b    0x00, 0x00, 0x69, 0x99, 0x10, 0x01, 0x69, 0x90, 0xe9, 0xb3, 0x05, 0x01, 0x01, 0x09, 0x01, 0x01
    dc.b    0x12, 0x01, 0x69, 0x00, 0x16, 0x01, 0x99, 0x00, 0x50, 0x01, 0x90, 0x00, 0x00, 0x00, 0x69, 0x66
    dc.b    0x90, 0x00, 0x66, 0x69, 0xe7, 0xc0, 0x01, 0x09, 0x00, 0x26, 0x00, 0x00, 0x61, 0x01, 0x00, 0x06
    dc.b    0x21, 0x11, 0x00, 0x93, 0x11, 0x11, 0x00, 0x62, 0x11, 0x12, 0xf0, 0x00, 0x00, 0x32, 0x11, 0x22
    dc.b    0x09, 0x31, 0x11, 0x22, 0x06, 0x21, 0x11, 0x22, 0x03, 0x21, 0x12, 0x22, 0x03, 0x11, 0x12, 0x22
    dc.b    0x93, 0x11, 0x12, 0x22, 0x92, 0x39, 0x92, 0x22, 0x39, 0x99, 0x71, 0x01, 0x98, 0x22, 0x99, 0x99
    dc.b    0x98, 0x88, 0x99, 0x99, 0x98, 0x8a, 0x09, 0x99, 0x98, 0xb7, 0x62, 0x01, 0x00, 0x09, 0x9d, 0xba
    dc.b    0x00, 0x00, 0x0d, 0xba, 0x00, 0x00, 0x00, 0x8a, 0x10, 0x01, 0x08, 0xb7, 0xf9, 0x79, 0x00, 0x01
    dc.b    0xf6, 0xd4, 0x22, 0x01, 0x00, 0x00, 0x87, 0x77, 0x01, 0x07, 0x53, 0x3f, 0xdb, 0xaa, 0x00, 0x00
    dc.b    0x0d, 0xdd, 0x00, 0x00, 0x00, 0xdd, 0x20, 0x01, 0x11, 0x21, 0x11, 0x22, 0xd9, 0x28, 0x32, 0x01
    dc.b    0x12, 0x22, 0x11, 0x11, 0x21, 0x22, 0x16, 0x01, 0x11, 0x22, 0xa4, 0x01, 0x11, 0x12, 0x22, 0x22
    dc.b    0x11, 0x12, 0x88, 0x88, 0x89, 0x32, 0x88, 0x88, 0x89, 0x99, 0xab, 0x88, 0x89, 0x99, 0x7a, 0xb8
    dc.b    0xf0, 0x00, 0x7a, 0xbb, 0x89, 0x90, 0x7a, 0xbb, 0x80, 0x00, 0x7a, 0xba, 0x80, 0x00, 0xaa, 0xa7
    dc.b    0xb0, 0x00, 0x7b, 0xa7, 0xa8, 0x00, 0x7a, 0xba, 0xab, 0x00, 0x77, 0xaa, 0xab, 0xa0, 0x77, 0xaa
    dc.b    0xf0, 0x00, 0xba, 0x7a, 0x77, 0x7a, 0xaa, 0x77, 0x77, 0x7a, 0xaa, 0xa7, 0xaa, 0xaa, 0xaa, 0xa7
    dc.b    0xdd, 0xd8, 0x8b, 0xaa, 0xdd, 0xdd, 0x88, 0xbb, 0x0d, 0xdd, 0xdd, 0xd8, 0x00, 0xdd, 0xdd, 0xdd
    dc.b    0x10, 0x01, 0x36, 0x90, 0xe9, 0x33, 0x0f, 0x01, 0x10, 0x01, 0x36, 0x60, 0xf1, 0xd3, 0x01, 0x01
    dc.b    0x14, 0xcf, 0x99, 0x60, 0x00, 0x10, 0x00, 0x00, 0x10, 0x01, 0xa0, 0x00, 0x7c, 0xdd, 0x80, 0x02
    dc.b    0x77, 0xb0, 0x00, 0x00, 0x77, 0xa8, 0x00, 0x00, 0xaa, 0x7a, 0xb0, 0x00, 0xbb, 0xbb, 0xa8, 0x00
    dc.b    0xe1, 0x97, 0x03, 0x00, 0x62, 0x00, 0xba, 0xba, 0xba, 0xb0, 0x78, 0x78, 0x78, 0x78, 0xa8, 0x88
    dc.b    0x88, 0x88, 0xb2, 0xab, 0x88, 0xbb, 0x8b, 0xbb, 0xbb, 0xbb, 0x08, 0xbb, 0xbb, 0xbb, 0x00, 0xb7
    dc.b    0x77, 0xab, 0x00, 0x8a, 0x77, 0x77, 0x00, 0x0b, 0xa7, 0x77, 0x12, 0x01, 0x0a, 0x77, 0x12, 0xb7
    dc.b    0x0b, 0x77, 0x02, 0x01, 0xf0, 0x00, 0x33, 0x32, 0x12, 0xb7, 0x32, 0x33, 0x21, 0x12, 0x32, 0x23
    dc.b    0x31, 0x11, 0x32, 0x23, 0x32, 0x11, 0xe2, 0x12, 0x32, 0x11, 0x6e, 0x12, 0x33, 0x11, 0xe3, 0xe1
    dc.b    0x23, 0x11, 0xee, 0x21, 0x97, 0x55, 0x23, 0x21, 0xee, 0x31, 0x23, 0x21, 0xee, 0xe1, 0x12, 0x21
    dc.b    0x99, 0xee, 0x12, 0x21, 0xe9, 0x32, 0x12, 0x21, 0x30, 0x01, 0x80, 0x00, 0x00, 0x00, 0x88, 0x00
    dc.b    0xec, 0xcb, 0x42, 0x01, 0xbb, 0xb8, 0x00, 0x00, 0xbb, 0xbb, 0x80, 0x00, 0xd1, 0x01, 0xb8, 0x00
    dc.b    0xab, 0xbb, 0x7b, 0x80, 0x7a, 0xab, 0x7b, 0x80, 0x77, 0xab, 0xa8, 0x80, 0x77, 0xaa, 0xb8, 0x80
    dc.b    0x7a, 0xab, 0x88, 0x00, 0x7a, 0xa8, 0x80, 0x00, 0x10, 0x01, 0x7a, 0xb8, 0xe4, 0x33, 0xf0, 0x00
    dc.b    0xaa, 0x88, 0x00, 0x00, 0xa8, 0x88, 0x60, 0x00, 0x23, 0x32, 0x36, 0x00, 0x12, 0x32, 0x23, 0x60
    dc.b    0x12, 0x33, 0x13, 0x60, 0x11, 0x23, 0x13, 0x36, 0x11, 0x23, 0x12, 0x36, 0x11, 0x13, 0x53, 0x01
    dc.b    0x22, 0x36, 0x11, 0x12, 0x22, 0x36, 0x11, 0x11, 0x23, 0x36, 0xe0, 0x01, 0x63, 0x32, 0x11, 0x11
    dc.b    0x63, 0x23, 0x21, 0x11, 0x06, 0x33, 0x32, 0x21, 0x06, 0x32, 0x33, 0x32, 0x00, 0x63, 0x22, 0x33
    dc.b    0x00, 0x06, 0x32, 0x21, 0x00, 0x00, 0x66, 0x22, 0x7d, 0x1d, 0x1d, 0xad, 0x00, 0x09, 0xf0, 0x00
    dc.b    0x12, 0x32, 0x32, 0x22, 0x12, 0x32, 0x12, 0x22, 0x11, 0x23, 0x11, 0x41, 0x22, 0x23, 0x21, 0x14
    dc.b    0x32, 0x22, 0x61, 0x12, 0x22, 0x22, 0x36, 0x11, 0x11, 0x11, 0x23, 0x61, 0x22, 0x22, 0xf0, 0x00
    dc.b    0x22, 0x36, 0x63, 0x22, 0x22, 0x23, 0x66, 0x63, 0x33, 0x36, 0x06, 0x32, 0x22, 0x22, 0x00, 0x66
    dc.b    0x33, 0x66, 0x00, 0x05, 0x55, 0x55, 0x00, 0x62, 0x26, 0x55, 0x00, 0x06, 0x22, 0x32, 0x30, 0x01
    dc.b    0x00, 0x00, 0x62, 0x13, 0x22, 0x22, 0xfa, 0x30, 0x60, 0x01, 0x11, 0x22, 0x22, 0x23, 0x44, 0x11
    dc.b    0x11, 0x11, 0x14, 0x44, 0x44, 0x11, 0xc2, 0xdd, 0x92, 0x00, 0x22, 0x33, 0x21, 0x11, 0x11, 0x11
    dc.b    0x62, 0x11, 0x11, 0x22, 0x66, 0x22, 0x22, 0x33, 0x36, 0x55, 0x55, 0x55, 0x40, 0x01, 0x55, 0x62
    dc.b    0x55, 0x62, 0x21, 0x14, 0x22, 0x21, 0xfc, 0xc7, 0xf0, 0x00, 0x11, 0x22, 0x36, 0x68, 0x22, 0x33
    dc.b    0x26, 0x66, 0x33, 0x21, 0x33, 0x36, 0x11, 0x13, 0x23, 0x66, 0x22, 0x22, 0x36, 0x65, 0x23, 0x33
    dc.b    0x66, 0x55, 0x36, 0x66, 0x65, 0x51, 0x22, 0x33, 0xb0, 0x01, 0x55, 0x14, 0x23, 0x55, 0x51, 0x41
    dc.b    0x55, 0x55, 0x14, 0x11, 0x55, 0x51, 0x41, 0x11, 0x51, 0x44, 0x11, 0x21, 0x14, 0x41, 0x11, 0x21
    dc.b    0xf0, 0x3c, 0x32, 0x62, 0x22, 0x11, 0x22, 0x11, 0x21, 0x11, 0x50, 0x01, 0x0b, 0xa8, 0x00, 0x00
    dc.b    0x87, 0x78, 0x00, 0x00, 0x88, 0x88, 0xd8, 0x3c, 0x04, 0x00, 0x00, 0x00, 0x00, 0x00
spr_ken_730_animation0_frame2_tileset_data_size = .-spr_ken_730_animation0_frame2_tileset_data

    .align  2
spr_ken_730_animation0_frame3_tileset_data:
    dc.b    0x11, 0x00, 0x00, 0x00, 0x90, 0x01, 0x00, 0x8b, 0x00, 0x00, 0x0b, 0x8a, 0x00, 0x00, 0x08, 0xa8
    dc.b    0x00, 0x00, 0x8b, 0x8a, 0x00, 0x00, 0x8a, 0xb8, 0xec, 0xea, 0x12, 0x0f, 0x00, 0x08, 0x00, 0x10
    dc.b    0x00, 0x00, 0x14, 0x01, 0x00, 0x03, 0x10, 0x01, 0x00, 0x32, 0xec, 0xd0, 0xf0, 0x00, 0x03, 0x21
    dc.b    0x00, 0x00, 0x03, 0x24, 0xb8, 0x00, 0x03, 0x24, 0xdd, 0x00, 0x31, 0x14, 0xab, 0x80, 0x31, 0x44
    dc.b    0xdd, 0x86, 0x21, 0x44, 0xdb, 0xb3, 0x11, 0x44, 0xdd, 0x32, 0x14, 0x44, 0x21, 0x1c, 0x55, 0x32
    dc.b    0x44, 0x44, 0xf0, 0x00, 0x8a, 0xb0, 0x00, 0x00, 0x87, 0xaa, 0xbb, 0x00, 0xaa, 0x7c, 0x77, 0xab
    dc.b    0xba, 0xa7, 0x77, 0x7a, 0xbb, 0xaa, 0x77, 0x77, 0xbb, 0xa7, 0x77, 0x7c, 0x8b, 0xa7, 0x77, 0x77
    dc.b    0x08, 0xba, 0x21, 0x01, 0x77, 0x77, 0x00, 0x8a, 0xf0, 0x00, 0xa7, 0x77, 0x00, 0x08, 0xa7, 0x7a
    dc.b    0x00, 0x08, 0xb7, 0xa7, 0x00, 0x08, 0xa7, 0xac, 0x00, 0x0b, 0x77, 0x77, 0x00, 0x0a, 0x77, 0x77
    dc.b    0x33, 0x44, 0x42, 0x3a, 0x33, 0x44, 0x41, 0x23, 0x66, 0x00, 0x32, 0x14, 0x44, 0x13, 0x22, 0x24
    dc.b    0x44, 0x13, 0x41, 0x21, 0x44, 0x11, 0x16, 0x01, 0x41, 0x12, 0x24, 0x01, 0x11, 0x22, 0x41, 0x12
    dc.b    0x07, 0x62, 0x30, 0x01, 0xb0, 0x00, 0x00, 0x00, 0xab, 0x00, 0xc9, 0x96, 0xf0, 0x01, 0xc7, 0xab
    dc.b    0x00, 0x00, 0xcc, 0xc7, 0x7b, 0x00, 0x7c, 0xcc, 0xc7, 0xa0, 0x77, 0xcc, 0xc7, 0x7b, 0x7a, 0x77
    dc.b    0x77, 0xab, 0xc7, 0xb7, 0xab, 0xb8, 0x7b, 0xab, 0xb8, 0x80, 0x7a, 0xb8, 0xef, 0x2a, 0xc1, 0x03
    dc.b    0xab, 0x80, 0x00, 0x00, 0x3b, 0x00, 0x00, 0x00, 0x33, 0x00, 0x00, 0x00, 0x32, 0x33, 0x60, 0x00
    dc.b    0x32, 0x23, 0x36, 0x60, 0x32, 0x23, 0x33, 0x60, 0x41, 0x01, 0x22, 0x23, 0x36, 0x00, 0x21, 0x33
    dc.b    0x66, 0x00, 0x50, 0x01, 0x23, 0x36, 0x60, 0x00, 0x13, 0x36, 0x60, 0x00, 0x23, 0x66, 0xf0, 0x5b
    dc.b    0x50, 0x35, 0x36, 0x60, 0x00, 0x0b, 0x36, 0x00, 0x05, 0x55, 0x00, 0x00, 0x00, 0x00, 0x71, 0x76
    dc.b    0x0b, 0xa7, 0xb0, 0x00, 0xb7, 0x7b, 0x77, 0x7b, 0x7c, 0xb7, 0xcb, 0x80, 0x5b, 0xc7, 0xf0, 0x00
    dc.b    0x00, 0xee, 0x00, 0x00, 0x0e, 0x33, 0x00, 0x00, 0x33, 0x21, 0x00, 0x06, 0x31, 0x44, 0x00, 0x93
    dc.b    0x14, 0x44, 0x00, 0x63, 0x33, 0x33, 0x33, 0x33, 0x33, 0x11, 0x11, 0x23, 0x31, 0x24, 0xf0, 0x00
    dc.b    0x11, 0x23, 0x22, 0x44, 0x12, 0x33, 0x11, 0x14, 0x22, 0x33, 0x11, 0x11, 0x23, 0x33, 0x21, 0x11
    dc.b    0x23, 0x33, 0x33, 0x21, 0x22, 0x33, 0x33, 0x32, 0x22, 0x32, 0x23, 0x33, 0x32, 0x32, 0xf0, 0x00
    dc.b    0x11, 0x22, 0x32, 0x23, 0x21, 0x44, 0x33, 0x23, 0x32, 0x11, 0x63, 0x32, 0x33, 0x21, 0x66, 0x63
    dc.b    0x36, 0x32, 0x06, 0x66, 0x63, 0x63, 0x00, 0x96, 0x66, 0x66, 0x00, 0x09, 0x66, 0x66, 0x20, 0x01
    dc.b    0x00, 0x00, 0x09, 0x66, 0xeb, 0x61, 0x1b, 0x47, 0x00, 0x06, 0xf0, 0x00, 0xee, 0xfe, 0xff, 0xff
    dc.b    0x21, 0x11, 0x44, 0x44, 0x44, 0x44, 0x41, 0x33, 0x44, 0x13, 0x21, 0x44, 0x33, 0x21, 0x44, 0x43
    dc.b    0x21, 0x44, 0x44, 0x68, 0x44, 0x44, 0x46, 0x8a, 0x44, 0x44, 0x31, 0x03, 0x18, 0x87, 0x44, 0x44
    dc.b    0x18, 0xbb, 0xf0, 0x00, 0x11, 0x44, 0x12, 0x8a, 0x11, 0x11, 0x41, 0x3a, 0x11, 0x11, 0x11, 0x28
    dc.b    0x21, 0x11, 0x11, 0x12, 0x32, 0x21, 0x11, 0x12, 0x33, 0x22, 0x21, 0x11, 0x12, 0x22, 0x22, 0x22
    dc.b    0x44, 0x11, 0xf0, 0x00, 0x22, 0x23, 0x11, 0x11, 0x11, 0x12, 0x21, 0x11, 0x11, 0x11, 0x33, 0x22
    dc.b    0x22, 0x22, 0x33, 0x33, 0x23, 0x22, 0x63, 0x22, 0x22, 0x21, 0x66, 0x33, 0x22, 0x22, 0x36, 0x93
    dc.b    0x33, 0x33, 0xf0, 0x00, 0x63, 0x66, 0x63, 0x33, 0x66, 0x33, 0x69, 0x63, 0x00, 0x55, 0x55, 0x55
    dc.b    0x00, 0x63, 0x55, 0x55, 0x00, 0x62, 0x11, 0x12, 0x00, 0x06, 0x21, 0x11, 0x00, 0x06, 0x63, 0x21
    dc.b    0xff, 0xff, 0x80, 0x01, 0xfe, 0xee, 0x41, 0x23, 0xaa, 0xee, 0x21, 0x11, 0x11, 0x23, 0x18, 0x8a
    dc.b    0x7c, 0xcc, 0x8a, 0x7c, 0xcf, 0xda, 0x60, 0x01, 0x7c, 0xcc, 0xcc, 0xcc, 0x77, 0x77, 0x77, 0x77
    dc.b    0xaa, 0xaa, 0xa7, 0x77, 0xed, 0xa4, 0xf0, 0x00, 0x77, 0x77, 0xbb, 0x88, 0xba, 0x77, 0xaa, 0xa8
    dc.b    0x8b, 0xa7, 0xaa, 0xb8, 0x88, 0xbb, 0x28, 0x8b, 0x8d, 0x8b, 0x12, 0x8b, 0x88, 0xd8, 0x22, 0x22
    dc.b    0x36, 0x6d, 0x33, 0x33, 0x33, 0x66, 0x70, 0x01, 0x22, 0x36, 0x66, 0x63, 0x12, 0x22, 0x22, 0x33
    dc.b    0x22, 0x22, 0x33, 0x11, 0x22, 0x21, 0xe6, 0x6c, 0x11, 0x00, 0x22, 0x22, 0x52, 0x00, 0x22, 0x33
    dc.b    0x33, 0x33, 0x33, 0x55, 0x33, 0x65, 0x55, 0x55, 0xf0, 0x00, 0x53, 0x21, 0x23, 0x32, 0x11, 0x44
    dc.b    0x11, 0x11, 0x44, 0x11, 0x11, 0x44, 0x11, 0x22, 0xe5, 0xed, 0x8d, 0xdd, 0x75, 0x55, 0x58, 0xdb
    dc.b    0xd5, 0xaa, 0xb5, 0xdd, 0x7a, 0xad, 0xd5, 0x55, 0xc0, 0x01, 0xcc, 0x7a, 0x55, 0x55, 0xcc, 0xc7
    dc.b    0xa5, 0x53, 0xcc, 0x77, 0xab, 0x32, 0x77, 0x77, 0xaa, 0xb3, 0xaa, 0xaa, 0xba, 0x77, 0xcc, 0x77
    dc.b    0x77, 0xa7, 0xe4, 0x3b, 0x00, 0x01, 0xe4, 0x37, 0xf0, 0x00, 0xa7, 0x77, 0x77, 0xcc, 0xbb, 0xaa
    dc.b    0x77, 0x77, 0xba, 0x77, 0x7a, 0xa7, 0x88, 0xba, 0x77, 0x77, 0x6d, 0xd8, 0xba, 0x77, 0x33, 0x66
    dc.b    0xd8, 0x8b, 0x23, 0x66, 0x66, 0x2d, 0x26, 0x23, 0xf0, 0x00, 0x65, 0x22, 0x32, 0x36, 0x55, 0x13
    dc.b    0x23, 0x35, 0x53, 0x29, 0x33, 0x55, 0x51, 0x36, 0x55, 0x55, 0x21, 0x93, 0x55, 0x52, 0x49, 0x61
    dc.b    0x55, 0x24, 0x49, 0x61, 0x34, 0x41, 0x49, 0x31, 0xb1, 0x01, 0x44, 0x11, 0x16, 0x31, 0x11, 0x14
    dc.b    0x26, 0x21, 0x22, 0x14, 0x36, 0x21, 0x21, 0x14, 0x36, 0x11, 0x31, 0x44, 0x44, 0x41, 0x24, 0x44
    dc.b    0xf0, 0x00, 0x44, 0x11, 0x14, 0x44, 0x41, 0x11, 0xb1, 0x44, 0x41, 0x11, 0x7a, 0x14, 0x41, 0x11
    dc.b    0xa7, 0xa1, 0x11, 0x11, 0x7a, 0x7a, 0xba, 0xaa, 0xc7, 0xaa, 0xa7, 0x7c, 0xcc, 0x7a, 0x7c, 0xcc
    dc.b    0x71, 0x87, 0x7c, 0xc7, 0x7c, 0x7a, 0xaa, 0x77, 0xa7, 0xac, 0x77, 0xaa, 0xaa, 0x77, 0x77, 0x77
    dc.b    0xf0, 0x00, 0xb7, 0xaa, 0x8b, 0x77, 0xba, 0xab, 0xdd, 0x88, 0x88, 0x8d, 0x64, 0xdd, 0xdd, 0xdd
    dc.b    0x34, 0x42, 0x11, 0x23, 0x24, 0x42, 0x11, 0x23, 0x14, 0x42, 0x11, 0x23, 0x44, 0x12, 0x12, 0x23
    dc.b    0x11, 0x01, 0x44, 0x11, 0xe0, 0x01, 0x12, 0x26, 0x41, 0x11, 0x12, 0x36, 0x41, 0x11, 0x22, 0x39
    dc.b    0x11, 0x11, 0x22, 0x69, 0x11, 0x11, 0x23, 0x90, 0x11, 0x22, 0x26, 0x90, 0x12, 0x22, 0x69, 0x00
    dc.b    0x23, 0x66, 0xda, 0x59, 0xf0, 0x00, 0x13, 0x12, 0x23, 0x66, 0x13, 0x12, 0x23, 0x60, 0x13, 0x22
    dc.b    0x36, 0x60, 0x13, 0x32, 0x36, 0x00, 0x13, 0x32, 0x66, 0x00, 0x13, 0x36, 0x66, 0x55, 0x23, 0x36
    dc.b    0x65, 0x5d, 0xaa, 0x77, 0x21, 0xc7, 0x7c, 0xc8, 0xcc, 0xcc, 0xe0, 0x01, 0xc7, 0x7c, 0xcc, 0xc7
    dc.b    0x7c, 0x77, 0xc7, 0x7c, 0x77, 0x7a, 0x7c, 0x77, 0x7a, 0xbb, 0x77, 0x7a, 0xb8, 0x8d, 0xaa, 0xb8
    dc.b    0x8d, 0xd0, 0x88, 0x8d, 0xd0, 0x00, 0xdd, 0xd0, 0xd8, 0x79, 0x03, 0x01, 0x12, 0x01, 0x60, 0x00
    dc.b    0x12, 0x01, 0x90, 0x00, 0x0f, 0x00, 0xf0, 0x00, 0x00, 0x05, 0x8d, 0x55, 0x00, 0x5d, 0x88, 0xd5
    dc.b    0x00, 0x58, 0x8d, 0xdd, 0x05, 0xd8, 0xdd, 0xdd, 0x55, 0x5d, 0xdd, 0xd5, 0x8d, 0x55, 0xdd, 0x55
    dc.b    0x88, 0xd5, 0x55, 0x55, 0x58, 0x8d, 0xa0, 0x01, 0x58, 0xb5, 0x5d, 0x8d, 0x55, 0xb8, 0xb5, 0xdd
    dc.b    0x55, 0x80, 0x75, 0xd5, 0x55, 0x00, 0xb5, 0x55, 0x50, 0x00, 0x85, 0x50, 0xda, 0xc4, 0x00, 0x22
    dc.b    0x00, 0x00, 0xe0, 0x01, 0x5c, 0xc7, 0x70, 0x00, 0x5b, 0x7b, 0xba, 0x00, 0xd5, 0xcc, 0x7b, 0x00
    dc.b    0x55, 0xad, 0x78, 0x00, 0x5a, 0x8d, 0x80, 0x00, 0x55, 0xd0, 0x00, 0x00, 0xd5, 0x50, 0x00, 0x00
    dc.b    0xd8, 0x5e, 0x00, 0x2d, 0x7d, 0xf9, 0xc0, 0x01, 0x06, 0x23, 0x33, 0x21, 0x03, 0x31, 0x23, 0x33
    dc.b    0x63, 0x23, 0x11, 0x11, 0x63, 0x22, 0x33, 0x21, 0x63, 0x21, 0x11, 0x11, 0x00, 0x99, 0x63, 0x33
    dc.b    0xf8, 0x49, 0x32, 0x01, 0x93, 0x32, 0x00, 0x00, 0x93, 0x21, 0x10, 0x01, 0x99, 0x11, 0xdb, 0xc4
    dc.b    0x01, 0x01, 0x72, 0x01, 0x09, 0x21, 0x00, 0x00, 0x06, 0x21, 0x00, 0x00, 0x06, 0x62, 0x00, 0x00
    dc.b    0x09, 0x62, 0x14, 0x03, 0x09, 0x63, 0x10, 0x01, 0x09, 0x66, 0xd7, 0xad, 0x31, 0x01, 0x99, 0x31
    dc.b    0x00, 0x00, 0x93, 0x31, 0xf0, 0x00, 0x00, 0x09, 0x93, 0x11, 0x00, 0x09, 0x33, 0x11, 0x00, 0x09
    dc.b    0x31, 0x11, 0x00, 0x09, 0x31, 0x14, 0x00, 0x99, 0x31, 0x11, 0x00, 0x93, 0x11, 0x11, 0x11, 0x11
    dc.b    0x12, 0x11, 0x32, 0x11, 0xb0, 0x01, 0x21, 0x14, 0x11, 0x12, 0x11, 0x14, 0x12, 0x21, 0x14, 0x44
    dc.b    0x11, 0x44, 0x41, 0x33, 0x22, 0x22, 0x33, 0x99, 0x96, 0x66, 0x66, 0x63, 0xd4, 0xff, 0x02, 0x11
    dc.b    0x02, 0x03, 0xf0, 0x00, 0x21, 0x41, 0x11, 0x12, 0x11, 0x11, 0x11, 0x12, 0x14, 0x12, 0x11, 0x21
    dc.b    0x14, 0x12, 0x12, 0x21, 0x41, 0x11, 0x12, 0x21, 0x41, 0x14, 0x22, 0x14, 0x41, 0x41, 0x22, 0x14
    dc.b    0x44, 0x43, 0x90, 0x01, 0x21, 0x11, 0x44, 0x11, 0x21, 0x12, 0x22, 0x32, 0x63, 0x22, 0x11, 0x13
    dc.b    0x31, 0x44, 0x44, 0x11, 0x14, 0x44, 0xc3, 0x2f, 0x10, 0x01, 0x14, 0x14, 0xdf, 0x4a, 0x42, 0x01
    dc.b    0x41, 0x24, 0x44, 0x11, 0x11, 0x24, 0x41, 0x11, 0xf0, 0x00, 0x41, 0x12, 0x12, 0x24, 0x11, 0x12
    dc.b    0x44, 0x36, 0x11, 0x11, 0x44, 0x66, 0x11, 0x12, 0x41, 0x96, 0x22, 0x23, 0x12, 0x96, 0x66, 0x66
    dc.b    0x39, 0x99, 0x69, 0x99, 0x99, 0x99, 0x99, 0x50, 0xf0, 0x00, 0x66, 0x66, 0x99, 0x90, 0x23, 0x66
    dc.b    0x99, 0x90, 0x12, 0x63, 0x99, 0x90, 0x12, 0x33, 0x99, 0x90, 0x13, 0x26, 0x69, 0x00, 0x23, 0x26
    dc.b    0x39, 0x00, 0x32, 0x26, 0x36, 0x00, 0x21, 0x33, 0xf0, 0x00, 0x26, 0x00, 0x11, 0x62, 0x26, 0x00
    dc.b    0x42, 0x32, 0x26, 0x00, 0x13, 0x22, 0x39, 0x00, 0x32, 0x22, 0x39, 0x00, 0x21, 0x22, 0x69, 0x00
    dc.b    0x11, 0x23, 0x60, 0x00, 0x11, 0x36, 0x90, 0x00, 0xa1, 0x01, 0x33, 0x69, 0x90, 0x00, 0x26, 0x69
    dc.b    0x00, 0x00, 0x13, 0x69, 0x00, 0x00, 0x12, 0x39, 0x00, 0x00, 0x12, 0x36, 0x90, 0x00, 0x52, 0x11
    dc.b    0x22, 0x36, 0x90, 0x00, 0x23, 0x36, 0x90, 0x00, 0x23, 0x66, 0x44, 0x01, 0x33, 0x69, 0x00, 0x00
    dc.b    0x93, 0x11, 0x11, 0x12, 0x90, 0x01, 0x22, 0x22, 0x93, 0x69, 0x88, 0x22, 0x09, 0x99, 0x88, 0x88
    dc.b    0x00, 0x09, 0x88, 0x87, 0x00, 0x00, 0x88, 0xa7, 0xf5, 0x62, 0x03, 0x01, 0x14, 0x01, 0x08, 0xbc
    dc.b    0x60, 0x02, 0x0b, 0xac, 0x00, 0x00, 0x8b, 0x7c, 0x00, 0x00, 0x8a, 0x7c, 0x00, 0x00, 0xce, 0xd5
    dc.b    0xd1, 0x01, 0xba, 0xaa, 0x00, 0x08, 0xdd, 0xdd, 0x00, 0x0d, 0xdd, 0xd8, 0x00, 0x0d, 0xdd, 0xdd
    dc.b    0x00, 0x00, 0xdd, 0xdd, 0x24, 0x11, 0x22, 0x36, 0x24, 0x11, 0x23, 0x36, 0xb0, 0x01, 0x21, 0x12
    dc.b    0x33, 0x36, 0x21, 0x26, 0x66, 0x36, 0x88, 0x88, 0x89, 0x99, 0x7a, 0x88, 0x89, 0x90, 0x77, 0xa8
    dc.b    0x99, 0x00, 0xc7, 0xa8, 0xeb, 0xee, 0x30, 0x01, 0x77, 0xa8, 0x00, 0x00, 0x7a, 0xa8, 0xe3, 0x48
    dc.b    0xf0, 0x00, 0x7a, 0xaa, 0x00, 0x00, 0x7a, 0xa7, 0x00, 0x00, 0xc7, 0xa7, 0xb0, 0x00, 0xc7, 0x7a
    dc.b    0xb0, 0x00, 0xcc, 0x7a, 0xb0, 0x00, 0x77, 0x7a, 0xab, 0x00, 0xa7, 0x77, 0xab, 0x00, 0xdb, 0xaa
    dc.b    0x40, 0x01, 0xaa, 0xb0, 0x88, 0xbb, 0xaa, 0xba, 0xdd, 0x88, 0xda, 0x62, 0x00, 0x04, 0x7e, 0x45
    dc.b    0x00, 0x12, 0x7e, 0x47, 0x0f, 0x00, 0x10, 0x12, 0x80, 0x00, 0x7e, 0x4f, 0xf0, 0x00, 0x0e, 0xef
    dc.b    0x00, 0x00, 0xef, 0xcc, 0x00, 0xef, 0xcc, 0xff, 0x0e, 0xfc, 0xff, 0xfc, 0xe0, 0xff, 0xfc, 0xff
    dc.b    0x0e, 0xee, 0xff, 0xff, 0xe0, 0xef, 0xff, 0xff, 0x0e, 0xef, 0xef, 0xff, 0x2b, 0x1c, 0xee, 0xfe
    dc.b    0xff, 0xef, 0x91, 0x00, 0x0e, 0xee, 0xe0, 0x0e, 0xff, 0xff, 0xff, 0xfe, 0xff, 0xcc, 0xcc, 0xcf
    dc.b    0xcc, 0xcf, 0xff, 0xfc, 0xff, 0xff, 0x30, 0x01, 0xfc, 0xcc, 0xff, 0xfc, 0xcc, 0xff, 0xdd, 0xb6
    dc.b    0x02, 0x08, 0x0b, 0x1f, 0xf0, 0x00, 0xee, 0xe0, 0x00, 0x00, 0x00, 0x0e, 0xe0, 0x00, 0xfe, 0xe0
    dc.b    0x00, 0x00, 0xcf, 0xee, 0xe0, 0x00, 0xff, 0xfe, 0x0e, 0x00, 0xcf, 0xff, 0xe0, 0xe0, 0xff, 0xff
    dc.b    0xee, 0xe0, 0xff, 0xff, 0x58, 0x1c, 0xfe, 0xaa, 0xff, 0xfe, 0xee, 0xbd, 0xfe, 0xfe, 0xed, 0xda
    dc.b    0x00, 0x01, 0xf2, 0x99, 0x22, 0x01, 0x00, 0x00, 0x03, 0x31, 0x10, 0x01, 0x63, 0x31, 0xf4, 0x07
    dc.b    0x10, 0x01, 0x63, 0x33, 0xc3, 0x52, 0x01, 0x01, 0x10, 0x01, 0x09, 0x63, 0x7e, 0x61, 0x10, 0x00
    dc.b    0x00, 0x06, 0x00, 0x00, 0x00, 0x00
spr_ken_730_animation0_frame3_tileset_data_size = .-spr_ken_730_animation0_frame3_tileset_data

    .align  2
spr_ken_730_animation0_frame4_tileset_data:
    dc.b    0xf0, 0x00, 0x00, 0x00, 0x00, 0x00, 0x00, 0x8b, 0x8a, 0xb0, 0x0b, 0x8a, 0x87, 0xaa, 0x08, 0xa8
    dc.b    0xaa, 0x7c, 0x8b, 0x8a, 0xba, 0xa7, 0x8a, 0xb8, 0xbb, 0xaa, 0x08, 0x88, 0xbb, 0xa7, 0x00, 0x08
    dc.b    0x10, 0x01, 0x8b, 0xa7, 0xe2, 0x89, 0x12, 0x01, 0x00, 0x8a, 0x14, 0x01, 0x00, 0x08, 0x30, 0x01
    dc.b    0x00, 0x0b, 0x00, 0x00, 0x00, 0x0a, 0xe9, 0x57, 0xe1, 0x01, 0x03, 0x14, 0x00, 0x00, 0x33, 0x14
    dc.b    0x00, 0x00, 0x32, 0x14, 0x00, 0x03, 0x11, 0x21, 0x00, 0x03, 0x14, 0x21, 0x00, 0x33, 0x14, 0x12
    dc.b    0x00, 0x31, 0x14, 0x12, 0x03, 0x21, 0x41, 0x01, 0x44, 0x12, 0x31, 0x21, 0x44, 0x12, 0x31, 0x24
    dc.b    0x42, 0x01, 0x44, 0x11, 0x14, 0x14, 0x44, 0x11, 0x14, 0x44, 0x01, 0x3f, 0x01, 0x00, 0xf0, 0x00
    dc.b    0xbb, 0x00, 0x00, 0x00, 0x77, 0xab, 0x00, 0x00, 0x77, 0x7a, 0xb0, 0x00, 0x77, 0x77, 0xab, 0x00
    dc.b    0x77, 0x7c, 0x7a, 0x00, 0x77, 0x77, 0xc7, 0xab, 0x77, 0x77, 0xcc, 0xc7, 0x77, 0x77, 0xf0, 0x00
    dc.b    0x7c, 0xcc, 0xa7, 0x77, 0x77, 0xcc, 0xa7, 0x7a, 0x7a, 0x77, 0xb7, 0xa7, 0xc7, 0xb7, 0xa7, 0xac
    dc.b    0x7b, 0xab, 0x77, 0x77, 0x7a, 0xb8, 0x77, 0x77, 0xaa, 0x80, 0x41, 0x13, 0xab, 0x80, 0xf0, 0x00
    dc.b    0x44, 0x12, 0x33, 0x00, 0x44, 0x42, 0x33, 0x00, 0x44, 0x41, 0x33, 0x33, 0x44, 0x41, 0x33, 0x22
    dc.b    0x44, 0x41, 0x33, 0x12, 0x44, 0x41, 0x32, 0x22, 0x44, 0x11, 0x32, 0x23, 0x14, 0x11, 0x80, 0x01
    dc.b    0x31, 0x23, 0x14, 0x12, 0x21, 0x23, 0x14, 0x12, 0x22, 0x33, 0x24, 0x12, 0x12, 0x36, 0x21, 0x12
    dc.b    0xfa, 0x93, 0x02, 0x01, 0x13, 0x3f, 0x36, 0x60, 0x0b, 0x00, 0x52, 0x4f, 0x7b, 0x00, 0x00, 0x00
    dc.b    0xc7, 0xa0, 0x00, 0x00, 0xc7, 0x7b, 0x30, 0x01, 0xab, 0xb8, 0x00, 0x00, 0xb8, 0x80, 0xed, 0x11
    dc.b    0x07, 0x00, 0x30, 0x01, 0x30, 0x00, 0x00, 0x00, 0x33, 0x30, 0xcb, 0x25, 0x01, 0x01, 0x01, 0x2e
    dc.b    0x01, 0x01, 0x12, 0x01, 0x66, 0x00, 0x11, 0x01, 0x60, 0x00, 0x7f, 0x3f, 0x0b, 0xa7, 0x00, 0x00
    dc.b    0xb7, 0x7b, 0x00, 0x0b, 0x7c, 0xb7, 0x05, 0x55, 0x5b, 0xc7, 0x00, 0x26, 0x00, 0x00, 0x52, 0x05
    dc.b    0xb0, 0x00, 0x00, 0x00, 0x77, 0x7b, 0x00, 0x00, 0xcb, 0x80, 0x00, 0x01, 0xd9, 0x03, 0xf0, 0x00
    dc.b    0x00, 0x03, 0x00, 0x00, 0x03, 0x31, 0x00, 0x09, 0x61, 0x44, 0x00, 0x96, 0x14, 0x44, 0x00, 0x93
    dc.b    0x23, 0x33, 0x03, 0x33, 0x33, 0x11, 0x21, 0x22, 0x31, 0x22, 0x11, 0x23, 0x32, 0x14, 0x41, 0x01
    dc.b    0x11, 0x23, 0x11, 0x14, 0x12, 0x32, 0x11, 0x11, 0xf0, 0x00, 0x12, 0x33, 0x32, 0x11, 0x22, 0x33
    dc.b    0x33, 0x32, 0x22, 0x33, 0x33, 0x33, 0x32, 0x33, 0x22, 0x33, 0x33, 0x23, 0x31, 0x11, 0x33, 0x23
    dc.b    0x32, 0x14, 0x63, 0x32, 0x33, 0x21, 0x96, 0x63, 0x70, 0x01, 0x26, 0x32, 0x09, 0x66, 0x33, 0x63
    dc.b    0x00, 0x96, 0x66, 0x36, 0x00, 0x09, 0x66, 0x66, 0xc4, 0x68, 0x3b, 0x47, 0x00, 0x96, 0x00, 0x00
    dc.b    0x00, 0x06, 0xf0, 0x00, 0xee, 0xef, 0xef, 0xff, 0x33, 0x21, 0x44, 0x44, 0x44, 0x44, 0x41, 0x23
    dc.b    0x44, 0x11, 0x32, 0x44, 0x23, 0x32, 0x44, 0x43, 0x21, 0x14, 0x44, 0x38, 0x21, 0x44, 0x41, 0x8a
    dc.b    0x44, 0x44, 0x31, 0x03, 0x42, 0x87, 0x44, 0x44, 0x42, 0xbb, 0x70, 0x03, 0x11, 0x44, 0x42, 0x8a
    dc.b    0x11, 0x14, 0x41, 0x3a, 0x11, 0x11, 0x44, 0x28, 0x11, 0x11, 0xfc, 0x89, 0xf0, 0x00, 0x22, 0x22
    dc.b    0x22, 0x22, 0x41, 0x11, 0x22, 0x22, 0x14, 0x11, 0x11, 0x22, 0x21, 0x11, 0x11, 0x11, 0x33, 0x32
    dc.b    0x22, 0x21, 0x33, 0x33, 0x32, 0x32, 0x63, 0x32, 0x22, 0x22, 0x96, 0x33, 0x40, 0x05, 0x22, 0x22
    dc.b    0x36, 0x96, 0x33, 0x32, 0x63, 0x39, 0xfc, 0x8d, 0xc0, 0x01, 0x00, 0x63, 0x21, 0x11, 0x00, 0x06
    dc.b    0x62, 0x11, 0x00, 0x00, 0x66, 0x32, 0xfe, 0xee, 0x7e, 0x7b, 0x44, 0x23, 0x3a, 0x7b, 0x21, 0x13
    dc.b    0x33, 0x33, 0xfc, 0x93, 0x00, 0x01, 0xcc, 0x6e, 0x00, 0x04, 0xfc, 0x94, 0x00, 0x01, 0xea, 0x3c
    dc.b    0x00, 0x0c, 0xfc, 0x98, 0xf0, 0x02, 0x33, 0x36, 0x22, 0x33, 0x66, 0x63, 0x12, 0x22, 0x22, 0x31
    dc.b    0x11, 0x11, 0x23, 0x11, 0x22, 0x22, 0x21, 0x12, 0x22, 0x21, 0x11, 0x11, 0x11, 0x11, 0x12, 0x22
    dc.b    0x22, 0x22, 0x22, 0x23, 0xfc, 0xa3, 0x02, 0x00, 0x80, 0x01, 0x53, 0x21, 0x22, 0x33, 0x21, 0x14
    dc.b    0x11, 0x11, 0x14, 0x41, 0x11, 0x14, 0x41, 0x12, 0xb5, 0xdd, 0xfc, 0xa5, 0x10, 0x01, 0x35, 0xaa
    dc.b    0xfc, 0xa6, 0x00, 0x03, 0xfc, 0xa8, 0x10, 0x04, 0xab, 0x33, 0xfc, 0xab, 0x00, 0x01, 0xe0, 0xea
    dc.b    0x00, 0x01, 0xe0, 0xe6, 0x00, 0x08, 0xfc, 0xaf, 0xe0, 0x04, 0x32, 0x66, 0xd8, 0x8b, 0x22, 0x66
    dc.b    0x66, 0x2d, 0x26, 0x23, 0x65, 0x22, 0x32, 0x36, 0x55, 0x12, 0x23, 0x35, 0x53, 0x26, 0x33, 0x55
    dc.b    0x51, 0x39, 0x55, 0x55, 0x21, 0x96, 0xfc, 0xb8, 0x90, 0x01, 0x44, 0x11, 0x46, 0x31, 0x41, 0x11
    dc.b    0x46, 0x21, 0x12, 0x21, 0x43, 0x21, 0x22, 0x14, 0x43, 0x11, 0x31, 0x44, 0xe2, 0xc9, 0x11, 0x01
    dc.b    0x24, 0x44, 0x30, 0x01, 0x41, 0x41, 0xb1, 0x44, 0x41, 0x41, 0xfc, 0xbe, 0x10, 0x04, 0x42, 0x22
    dc.b    0xfc, 0xbf, 0x00, 0x05, 0xfc, 0xc4, 0x01, 0x87, 0x00, 0x03, 0xfc, 0xc9, 0xd0, 0x01, 0x92, 0xdd
    dc.b    0xdd, 0xdd, 0x62, 0x41, 0x21, 0x23, 0x34, 0x41, 0x21, 0x23, 0x24, 0x42, 0x11, 0x23, 0x24, 0x12
    dc.b    0x11, 0x23, 0x44, 0x11, 0x11, 0x23, 0x41, 0x11, 0xfc, 0xcc, 0xb0, 0x01, 0x11, 0x11, 0x22, 0x39
    dc.b    0x11, 0x11, 0x23, 0x69, 0x11, 0x12, 0x23, 0x90, 0x11, 0x22, 0x36, 0x90, 0x22, 0x23, 0x69, 0x00
    dc.b    0x23, 0x66, 0xd7, 0x26, 0x61, 0x01, 0x11, 0x31, 0x22, 0x36, 0x12, 0x32, 0x23, 0x66, 0x12, 0x32
    dc.b    0x33, 0x60, 0x91, 0xc7, 0x23, 0x32, 0x36, 0x00, 0x23, 0x33, 0x66, 0x55, 0x33, 0x36, 0x65, 0x5d
    dc.b    0xaa, 0x77, 0x7c, 0xc8, 0xcc, 0xcc, 0x00, 0x0c, 0xfc, 0xcf, 0x00, 0x01, 0xd5, 0x54, 0x03, 0x01
    dc.b    0x12, 0x01, 0x60, 0x00, 0x12, 0x01, 0x90, 0x00, 0x0f, 0x00, 0x00, 0x0d, 0xfc, 0xdb, 0x00, 0x08
    dc.b    0xfc, 0xe9, 0x00, 0x01, 0xd7, 0xb5, 0x00, 0x22, 0x00, 0x00, 0x00, 0x0c, 0xfc, 0xf1, 0x00, 0x01
    dc.b    0xd5, 0x5b, 0x00, 0x2d, 0x7d, 0xf9, 0xa0, 0x01, 0x00, 0x32, 0x33, 0x32, 0x06, 0x31, 0x12, 0x33
    dc.b    0x06, 0x33, 0x21, 0x11, 0x06, 0x32, 0x33, 0x22, 0x06, 0x32, 0x11, 0x11, 0xce, 0xf5, 0x20, 0x01
    dc.b    0x99, 0x99, 0x00, 0x00, 0xfc, 0xfd, 0x02, 0x01, 0x10, 0x01, 0x99, 0x11, 0xd8, 0xc2, 0x01, 0x01
    dc.b    0x00, 0x05, 0xfc, 0xfe, 0x02, 0x01, 0x14, 0x03, 0x09, 0x63, 0x10, 0x01, 0x09, 0x66, 0xd4, 0xb0
    dc.b    0x00, 0x01, 0xfd, 0x03, 0x01, 0x01, 0x00, 0x0b, 0xfd, 0x04, 0xd0, 0x01, 0x11, 0x21, 0x33, 0x21
    dc.b    0x12, 0x11, 0x11, 0x11, 0x21, 0x11, 0x11, 0x22, 0x11, 0x44, 0x11, 0x14, 0x44, 0x13, 0x22, 0x23
    dc.b    0x69, 0x99, 0x96, 0x66, 0x63, 0x33, 0xd2, 0x0f, 0x01, 0x00, 0x01, 0x0f, 0x01, 0x00, 0x00, 0x0d
    dc.b    0xfd, 0x0f, 0x00, 0x07, 0xfd, 0x1d, 0x11, 0x01, 0x44, 0x41, 0x10, 0x01, 0x14, 0x14, 0xdc, 0x6e
    dc.b    0x00, 0x02, 0xfd, 0x24, 0x02, 0x01, 0x00, 0x01, 0xfd, 0x26, 0x90, 0x01, 0x14, 0x43, 0x11, 0x11
    dc.b    0x44, 0x16, 0x11, 0x22, 0x44, 0x16, 0x22, 0x23, 0x41, 0x36, 0x66, 0x66, 0x99, 0x99, 0xfd, 0x27
    dc.b    0x00, 0x0d, 0xfd, 0x29, 0x00, 0x0d, 0xfd, 0x37, 0x00, 0x08, 0xfd, 0x45, 0x01, 0x01, 0x00, 0x03
    dc.b    0xfd, 0x4d, 0x02, 0x11, 0x00, 0x02, 0xfd, 0x50, 0x04, 0x01, 0x00, 0x07, 0xfd, 0x52, 0x00, 0x01
    dc.b    0xf2, 0xbb, 0x03, 0x01, 0x14, 0x01, 0x08, 0xbc, 0x00, 0x04, 0xfd, 0x59, 0x00, 0x02, 0xcc, 0x32
    dc.b    0x00, 0x0b, 0xfd, 0x5d, 0x01, 0x01, 0x00, 0x09, 0xfd, 0x68, 0x00, 0x01, 0xe9, 0x5f, 0x00, 0x01
    dc.b    0xfd, 0x71, 0x00, 0x01, 0xe0, 0xba, 0x00, 0x0d, 0xfd, 0x72, 0x00, 0x02, 0xfd, 0x80, 0x00, 0x01
    dc.b    0xd7, 0xe4, 0x00, 0x04, 0x7e, 0x45, 0x00, 0x12, 0x7e, 0x47, 0x0f, 0x00, 0x00, 0x02, 0xd7, 0x2f
    dc.b    0x02, 0x00, 0xc0, 0x01, 0x00, 0xee, 0x00, 0x00, 0x0e, 0xff, 0x00, 0x0e, 0xef, 0xcf, 0x00, 0xee
    dc.b    0xfc, 0xfc, 0x0e, 0xef, 0xcf, 0xcc, 0x0e, 0xfe, 0xff, 0xcf, 0xee, 0xee, 0xfd, 0x82, 0xf0, 0x00
    dc.b    0xee, 0xfe, 0xef, 0xef, 0xee, 0xee, 0xfe, 0xff, 0x33, 0x32, 0x14, 0x44, 0x14, 0x44, 0x44, 0x12
    dc.b    0x44, 0x41, 0x13, 0x24, 0x42, 0x33, 0x24, 0x44, 0x32, 0x11, 0x44, 0x43, 0x12, 0x14, 0xd2, 0x00
    dc.b    0x44, 0x18, 0xee, 0xee, 0xee, 0x00, 0xff, 0xff, 0xff, 0xee, 0xfc, 0xcc, 0xff, 0xff, 0xcc, 0xff
    dc.b    0xcc, 0xcc, 0xff, 0xcc, 0xcf, 0xff, 0xff, 0xcf, 0xff, 0xff, 0xd0, 0x02, 0xff, 0xef, 0xff, 0xff
    dc.b    0xee, 0x7e, 0xff, 0xee, 0xe7, 0xe7, 0x44, 0x42, 0x33, 0xa7, 0x32, 0x11, 0x33, 0x33, 0x41, 0x88
    dc.b    0xa7, 0xcc, 0x38, 0xa7, 0xcc, 0xcc, 0x7c, 0xfd, 0xb1, 0x01, 0xee, 0xe0, 0x00, 0x00, 0xe0, 0x00
    dc.b    0x00, 0x00, 0xfe, 0x00, 0x00, 0x00, 0xcf, 0xe0, 0x00, 0x00, 0xff, 0xfe, 0x00, 0x00, 0xfe, 0xfe
    dc.b    0xf0, 0x00, 0xba, 0xab, 0xf5, 0xee, 0xab, 0xdd, 0xe5, 0xe8, 0xdd, 0xaa, 0xbb, 0x5d, 0xd8, 0xdd
    dc.b    0xb7, 0x55, 0x55, 0x8d, 0x33, 0x5a, 0xab, 0x5d, 0xc7, 0xaa, 0xdd, 0x55, 0xcc, 0xc7, 0xa5, 0x55
    dc.b    0x40, 0x01, 0xcc, 0xcc, 0x7a, 0x55, 0xcc, 0xc7, 0x7a, 0xb3, 0x7c, 0x53, 0x12, 0x01, 0x00, 0x31
    dc.b    0x10, 0x01, 0x03, 0x31, 0xd8, 0xd6, 0xf0, 0x00, 0x32, 0x11, 0x80, 0x00, 0x32, 0x14, 0xd0, 0x03
    dc.b    0x12, 0x14, 0xb8, 0x03, 0x12, 0x44, 0xd8, 0x03, 0x12, 0x44, 0xbb, 0x31, 0x41, 0x44, 0xd3, 0x21
    dc.b    0x44, 0x44, 0x53, 0x21, 0x44, 0x44, 0x6a, 0x90, 0x53, 0x14, 0x44, 0x44, 0x32, 0x14, 0x44, 0x44
    dc.b    0x32, 0x44, 0x44, 0x44, 0x10, 0x01, 0x00, 0x02, 0xf6, 0x6c, 0x36, 0x01, 0x06, 0x32, 0x00, 0x00
    dc.b    0x06, 0x33, 0x10, 0x01, 0x09, 0x33, 0x7e, 0x43, 0x01, 0x01, 0x10, 0x00, 0x00, 0x06, 0x00, 0x00
    dc.b    0x00, 0x00
spr_ken_730_animation0_frame4_tileset_data_size = .-spr_ken_730_animation0_frame4_tileset_data

    .align  2
spr_ken_730_animation0_frame5_tileset_data:
    dc.b    0x00, 0x01, 0xd6, 0xe7, 0x01, 0x00, 0x30, 0x03, 0xee, 0xee, 0x00, 0x0e, 0x00, 0xee, 0xe3, 0xc6
    dc.b    0x41, 0x05, 0xee, 0xfe, 0x00, 0xee, 0xee, 0xee, 0xee, 0x00, 0x41, 0x00, 0xee, 0xff, 0x0e, 0xee
    dc.b    0xef, 0xee, 0xee, 0xee, 0xf0, 0x00, 0xee, 0xff, 0xe3, 0xee, 0xee, 0xee, 0x32, 0xe4, 0x4e, 0xe4
    dc.b    0x2e, 0x42, 0xe3, 0x36, 0x33, 0x24, 0x48, 0xaa, 0x44, 0x44, 0xba, 0x7c, 0x44, 0x1b, 0x77, 0x7c
    dc.b    0x41, 0xba, 0x77, 0x77, 0xf0, 0x00, 0x21, 0xba, 0xa7, 0x77, 0x2b, 0xab, 0xaa, 0xaa, 0x3a, 0x7b
    dc.b    0xbb, 0xbb, 0x2a, 0x7a, 0xbb, 0xaa, 0x2b, 0x77, 0xa8, 0xbb, 0x22, 0xa7, 0x7a, 0x8d, 0x22, 0x2a
    dc.b    0x7a, 0xa8, 0x33, 0x22, 0x62, 0x00, 0xaa, 0xab, 0x33, 0x33, 0x3b, 0xaa, 0x33, 0x33, 0x33, 0xbb
    dc.b    0x33, 0x33, 0x41, 0x2c, 0xe0, 0x00, 0x00, 0x00, 0x0e, 0xee, 0xee, 0xe0, 0xf0, 0x00, 0xee, 0xef
    dc.b    0xff, 0xff, 0xfe, 0xff, 0xce, 0xff, 0xee, 0xfc, 0xef, 0xce, 0xef, 0xff, 0xef, 0xce, 0xef, 0xfe
    dc.b    0xcc, 0xaa, 0xff, 0xef, 0xfe, 0x85, 0xee, 0xff, 0xeb, 0xa8, 0xec, 0xfe, 0xd0, 0x01, 0xba, 0xaa
    dc.b    0xcf, 0xed, 0xa7, 0xc7, 0xfe, 0x8d, 0xa7, 0xcc, 0xee, 0xbd, 0xa7, 0x7c, 0x4e, 0x28, 0xda, 0x7a
    dc.b    0x62, 0x44, 0x41, 0x7c, 0x7c, 0xcc, 0xca, 0x12, 0xeb, 0x4d, 0x30, 0x01, 0xcc, 0xc7, 0xcc, 0xcc
    dc.b    0xcc, 0x77, 0xd6, 0xa6, 0xf0, 0x00, 0x77, 0x7c, 0xba, 0x77, 0xcc, 0xcc, 0xa7, 0x77, 0xc7, 0xcc
    dc.b    0xaa, 0xaa, 0x77, 0x77, 0xd8, 0xbb, 0xaa, 0xaa, 0xdd, 0xdd, 0x88, 0xbb, 0xa8, 0x8d, 0xdd, 0x88
    dc.b    0xaa, 0xaa, 0xa8, 0xdd, 0x62, 0x7d, 0xb8, 0x88, 0xdd, 0xdd, 0x33, 0x33, 0x32, 0x22, 0x22, 0x22
    dc.b    0x22, 0x36, 0xf0, 0x00, 0x00, 0x00, 0xee, 0xe0, 0x00, 0x00, 0xff, 0xfe, 0xe0, 0x00, 0xec, 0xff
    dc.b    0xfe, 0xe0, 0xfe, 0xcf, 0xff, 0xee, 0xfe, 0xcf, 0xec, 0xfe, 0xef, 0xfe, 0xec, 0xfe, 0x5e, 0xea
    dc.b    0xbf, 0xe0, 0xf0, 0x00, 0x55, 0x88, 0xee, 0x0e, 0xc5, 0x88, 0xd0, 0x00, 0xaa, 0xba, 0xd0, 0x00
    dc.b    0x77, 0xb7, 0x80, 0x00, 0x77, 0xad, 0x00, 0x00, 0xd8, 0xd0, 0x00, 0x00, 0x77, 0x80, 0x00, 0x00
    dc.b    0xaa, 0x80, 0x81, 0x43, 0x00, 0x00, 0x23, 0x00, 0x00, 0x00, 0x7a, 0xaa, 0xaa, 0xb0, 0x7c, 0xcc
    dc.b    0xc7, 0x7a, 0x77, 0x77, 0x21, 0x00, 0x77, 0x7a, 0xcc, 0xcc, 0xf0, 0x00, 0xcc, 0x77, 0x77, 0x7a
    dc.b    0xab, 0xba, 0xaa, 0xbb, 0xa7, 0x7c, 0xaa, 0xaa, 0xaa, 0xa7, 0x88, 0x8b, 0xbb, 0xbb, 0xd8, 0x88
    dc.b    0x88, 0x88, 0x23, 0x31, 0x16, 0x31, 0x36, 0x21, 0x16, 0x31, 0x23, 0x3f, 0x62, 0x11, 0x33, 0x11
    dc.b    0x06, 0x00, 0x10, 0x01, 0x00, 0x0a, 0xd2, 0x9c, 0xf0, 0x00, 0x00, 0xb8, 0x00, 0x00, 0x05, 0x55
    dc.b    0x00, 0x00, 0x55, 0x55, 0x00, 0x0b, 0xc7, 0xcc, 0x00, 0x0b, 0xcb, 0x88, 0x00, 0x0b, 0x77, 0xca
    dc.b    0x00, 0x08, 0xb7, 0x77, 0x00, 0x00, 0x8a, 0x7a, 0xf0, 0x00, 0x00, 0x05, 0xd5, 0x55, 0x00, 0x55
    dc.b    0xdd, 0xdd, 0x00, 0x5d, 0xd5, 0x55, 0x05, 0x55, 0x55, 0x55, 0xb8, 0x55, 0x58, 0xba, 0x7a, 0xaa
    dc.b    0x77, 0x7c, 0xaa, 0x77, 0xcc, 0xcc, 0xc7, 0x77, 0x31, 0x05, 0x77, 0xaa, 0x77, 0x7a, 0xaa, 0x7c
    dc.b    0x00, 0x01, 0xdc, 0xe4, 0xf0, 0x00, 0xc7, 0x7a, 0xba, 0xcc, 0x7b, 0xbb, 0x88, 0xbb, 0xb8, 0x8d
    dc.b    0xdd, 0xdd, 0xdd, 0xdd, 0x16, 0x55, 0x56, 0x32, 0x29, 0x36, 0x63, 0x21, 0x00, 0x99, 0x63, 0x36
    dc.b    0x00, 0x99, 0x63, 0x63, 0x82, 0x01, 0x00, 0x09, 0x66, 0x61, 0x00, 0x09, 0x66, 0x11, 0x00, 0x09
    dc.b    0x66, 0x14, 0x00, 0x00, 0x93, 0x24, 0x30, 0x01, 0x96, 0x21, 0x00, 0x00, 0x09, 0x31, 0xd2, 0xc9
    dc.b    0x91, 0x01, 0x06, 0x62, 0x00, 0x00, 0x96, 0x63, 0x00, 0x00, 0x66, 0x32, 0x00, 0x09, 0x63, 0x21
    dc.b    0x00, 0x09, 0x62, 0x14, 0xc0, 0x01, 0x00, 0x96, 0x61, 0x44, 0x00, 0x96, 0x21, 0x41, 0x00, 0x96
    dc.b    0x21, 0x12, 0x00, 0x63, 0x22, 0x23, 0x00, 0x63, 0x12, 0x32, 0x00, 0x63, 0x23, 0x22, 0xfd, 0xea
    dc.b    0x40, 0x01, 0x32, 0x21, 0x06, 0x33, 0x32, 0x11, 0x06, 0x66, 0xf6, 0xee, 0xf0, 0x00, 0x08, 0x88
    dc.b    0x88, 0x88, 0x08, 0x8b, 0x77, 0x7a, 0x8b, 0x8a, 0x77, 0xab, 0xaa, 0xba, 0x77, 0xa8, 0x7b, 0xa7
    dc.b    0x77, 0xa8, 0x31, 0x41, 0x23, 0x62, 0x14, 0x41, 0x26, 0x32, 0x44, 0x12, 0xf0, 0x00, 0x33, 0x23
    dc.b    0x41, 0x12, 0x31, 0x23, 0x12, 0x23, 0x12, 0x23, 0x13, 0x21, 0x12, 0x33, 0x12, 0x21, 0x22, 0x32
    dc.b    0x11, 0x11, 0x23, 0x21, 0x12, 0x12, 0x32, 0x11, 0x21, 0x22, 0x21, 0x12, 0x40, 0x01, 0x22, 0x21
    dc.b    0x14, 0x22, 0x21, 0x44, 0x41, 0x23, 0xd7, 0xb5, 0xf0, 0x00, 0x12, 0x23, 0x44, 0x11, 0x22, 0x32
    dc.b    0x11, 0x41, 0x22, 0x32, 0x12, 0x42, 0x23, 0x22, 0x21, 0x12, 0x22, 0x22, 0x24, 0x22, 0x22, 0x22
    dc.b    0x14, 0x22, 0x21, 0x23, 0x42, 0x22, 0x21, 0x23, 0x31, 0x21, 0x12, 0x22, 0x11, 0x23, 0x12, 0x22
    dc.b    0xc0, 0x01, 0x12, 0x33, 0x22, 0x11, 0x22, 0x33, 0x11, 0x12, 0x23, 0x33, 0x11, 0x22, 0x23, 0x33
    dc.b    0x88, 0x89, 0x99, 0x63, 0x88, 0x89, 0x99, 0x99, 0x80, 0x00, 0xe9, 0x72, 0x01, 0x00, 0x52, 0x01
    dc.b    0x63, 0x39, 0x90, 0x00, 0x63, 0x39, 0x00, 0x00, 0x32, 0x69, 0x30, 0x01, 0x22, 0x60, 0x00, 0x00
    dc.b    0x23, 0x60, 0xc9, 0x88, 0x01, 0x01, 0x10, 0x01, 0x36, 0x60, 0xe9, 0x41, 0x03, 0x01, 0x01, 0x0d
    dc.b    0x03, 0x01, 0x01, 0x0d, 0x01, 0x01, 0x14, 0x01, 0x36, 0x90, 0x18, 0x01, 0x36, 0x00, 0x10, 0x01
    dc.b    0x66, 0x00, 0xd2, 0xb8, 0x01, 0x01, 0x01, 0x05, 0x05, 0x00, 0xf0, 0x00, 0xc8, 0xca, 0xb0, 0x00
    dc.b    0x8d, 0x78, 0xb7, 0x00, 0xdd, 0x8d, 0x7a, 0xb0, 0x55, 0x55, 0xa8, 0x7a, 0xa5, 0x55, 0x5b, 0x78
    dc.b    0x85, 0x55, 0x55, 0x80, 0xb8, 0x55, 0x55, 0x00, 0xbb, 0x7a, 0x61, 0x01, 0x85, 0x00, 0xb7, 0x77
    dc.b    0xb0, 0x00, 0xdb, 0xbb, 0x00, 0x00, 0x55, 0x55, 0x51, 0xea, 0x00, 0x05, 0x55, 0x50, 0x05, 0x55
    dc.b    0xaa, 0xa7, 0x77, 0x75, 0x41, 0xef, 0xc7, 0x77, 0xcc, 0xcc, 0x77, 0xcc, 0xcc, 0xc7, 0xc4, 0x34
    dc.b    0xc7, 0x77, 0x77, 0xab, 0x77, 0x7a, 0xbb, 0xb8, 0xab, 0xbb, 0x88, 0x88, 0xbb, 0x88, 0x88, 0x32
    dc.b    0xd8, 0x88, 0x32, 0x11, 0x39, 0x32, 0x21, 0x14, 0x12, 0x01, 0x00, 0x07, 0x30, 0x01, 0x00, 0xa7
    dc.b    0x00, 0x00, 0x00, 0xac, 0x7e, 0xd5, 0xf0, 0x00, 0x55, 0xd8, 0x00, 0x00, 0x5d, 0xd8, 0x00, 0x05
    dc.b    0x5d, 0xd8, 0x00, 0x55, 0xdd, 0x88, 0x55, 0xd5, 0x5d, 0x8d, 0x5d, 0xd8, 0x55, 0x55, 0xd8, 0x88
    dc.b    0x85, 0x55, 0x58, 0x88, 0xdd, 0x55, 0xb0, 0x01, 0x58, 0x8d, 0xd5, 0x55, 0x75, 0xd5, 0x55, 0x53
    dc.b    0xa5, 0x55, 0x55, 0x24, 0xb5, 0x55, 0x22, 0x24, 0x85, 0x22, 0x21, 0x44, 0x22, 0x12, 0xd9, 0xd2
    dc.b    0xf0, 0x00, 0x41, 0x21, 0x44, 0x41, 0x41, 0x14, 0x44, 0x11, 0xac, 0xb0, 0x00, 0x00, 0xca, 0x87
    dc.b    0xb0, 0x00, 0x78, 0xc7, 0x80, 0x00, 0xac, 0x7b, 0x78, 0x00, 0xc7, 0xbc, 0xa8, 0x00, 0xcb, 0xca
    dc.b    0xf0, 0x00, 0x8c, 0x00, 0x7c, 0xcb, 0xcb, 0x00, 0x55, 0x7c, 0xa0, 0x00, 0x8d, 0x5a, 0xb0, 0x00
    dc.b    0xdd, 0x55, 0xb3, 0x32, 0xd5, 0xd5, 0x53, 0x22, 0x55, 0x55, 0x53, 0x21, 0x5a, 0x55, 0x32, 0x14
    dc.b    0x90, 0x02, 0xab, 0x83, 0x21, 0x41, 0x88, 0x21, 0x14, 0x11, 0x32, 0x14, 0x44, 0x14, 0x21, 0x44
    dc.b    0x41, 0x14, 0x14, 0x44, 0xdc, 0x1f, 0x96, 0x96, 0x41, 0x12, 0x44, 0x12, 0x12, 0x26, 0x41, 0x22
    dc.b    0x22, 0x62, 0x42, 0x22, 0x26, 0x23, 0x12, 0x32, 0x63, 0x36, 0x30, 0x01, 0x00, 0x03, 0x00, 0x00
    dc.b    0x00, 0x33, 0xc9, 0x19, 0xc0, 0x01, 0x23, 0x21, 0x00, 0x32, 0x22, 0x14, 0x32, 0x12, 0x24, 0x44
    dc.b    0x11, 0x22, 0x44, 0x44, 0x11, 0x21, 0x44, 0x44, 0x42, 0x14, 0x44, 0x41, 0x11, 0x44, 0xf9, 0x46
    dc.b    0x00, 0x03, 0xd3, 0xc7, 0xa0, 0x01, 0x12, 0x22, 0x11, 0x11, 0x22, 0x23, 0x12, 0x12, 0x23, 0x66
    dc.b    0x31, 0x23, 0x36, 0x69, 0x22, 0x33, 0x69, 0x00, 0x33, 0x69, 0xde, 0x02, 0x01, 0xc7, 0x0e, 0x00
    dc.b    0xf0, 0x00, 0x32, 0x00, 0x00, 0x03, 0x22, 0x10, 0x00, 0x33, 0x11, 0x14, 0x33, 0x31, 0x11, 0x44
    dc.b    0x23, 0x21, 0x14, 0x44, 0x22, 0x14, 0x44, 0x41, 0x24, 0x44, 0x44, 0x12, 0x44, 0x44, 0x41, 0x21
    dc.b    0xf0, 0x00, 0x44, 0x44, 0x12, 0x11, 0x44, 0x41, 0x21, 0x11, 0x44, 0x11, 0x11, 0x12, 0x41, 0x11
    dc.b    0x11, 0x22, 0x41, 0x11, 0x22, 0x22, 0x11, 0x12, 0x22, 0x33, 0x12, 0x22, 0x23, 0x66, 0x22, 0x23
    dc.b    0x2b, 0x30, 0x66, 0x69, 0x23, 0x66, 0x00, 0x02, 0xcd, 0x1c, 0xf0, 0x00, 0x07, 0xcc, 0x00, 0x07
    dc.b    0xcc, 0xcc, 0x07, 0xcc, 0xcc, 0xcc, 0x4c, 0xcc, 0xcc, 0xcc, 0x2c, 0xcc, 0xcc, 0x77, 0x22, 0xcc
    dc.b    0x77, 0x7b, 0x22, 0x1a, 0xa7, 0x80, 0x11, 0x12, 0xab, 0x00, 0xd7, 0x25, 0x11, 0x12, 0x20, 0x00
    dc.b    0x12, 0x22, 0x23, 0x00, 0x22, 0x23, 0x66, 0x60, 0x23, 0x66, 0x69, 0x90, 0x36, 0x69, 0x90, 0x00
    dc.b    0x69, 0x90, 0x00, 0x00, 0x90, 0x00, 0x40, 0x01, 0x0a, 0x77, 0x00, 0x0a, 0x7c, 0xcc, 0x0a, 0x7c
    dc.b    0xc8, 0x50, 0xf0, 0x00, 0x7c, 0xcc, 0xcc, 0xcc, 0xc7, 0x7c, 0x7c, 0xcc, 0x7c, 0x8c, 0xac, 0xcc
    dc.b    0xc8, 0xaa, 0x7c, 0xcc, 0x7a, 0x7a, 0x77, 0xc7, 0x7b, 0xbb, 0xa7, 0x77, 0xbd, 0x8d, 0x8b, 0xaa
    dc.b    0x80, 0x00, 0x1f, 0x7a, 0xd8, 0xb8, 0x05, 0x00, 0xf0, 0x00, 0x63, 0x21, 0x63, 0x21, 0x32, 0x14
    dc.b    0x46, 0x21, 0x21, 0x44, 0x41, 0x31, 0x44, 0x44, 0x12, 0x61, 0x44, 0x42, 0x26, 0x41, 0x44, 0x12
    dc.b    0x61, 0x41, 0x12, 0x66, 0x34, 0x41, 0x66, 0x31, 0xa0, 0x01, 0x24, 0x11, 0x21, 0x34, 0x24, 0x11
    dc.b    0x41, 0x24, 0x14, 0x11, 0x42, 0x14, 0x41, 0x11, 0x12, 0x44, 0x11, 0x11, 0x24, 0x41, 0xde, 0xd4
    dc.b    0x40, 0x01, 0x22, 0x22, 0x33, 0x36, 0x22, 0x33, 0x33, 0x69, 0xdb, 0x6b, 0x01, 0xed, 0x00, 0x01
    dc.b    0xd8, 0xe9, 0x20, 0x01, 0x44, 0x14, 0x12, 0x13, 0xfc, 0x0c, 0x10, 0x01, 0x12, 0x23, 0xf5, 0x82
    dc.b    0xf0, 0x00, 0x23, 0x69, 0x11, 0x22, 0x36, 0x95, 0x12, 0x23, 0x39, 0x55, 0x22, 0x39, 0x90, 0x00
    dc.b    0x23, 0x95, 0x55, 0x00, 0x69, 0x05, 0x55, 0x50, 0x90, 0x00, 0x55, 0x55, 0x90, 0x00, 0x05, 0x55
    dc.b    0x90, 0x01, 0x11, 0x12, 0x63, 0x66, 0x21, 0x26, 0x39, 0x69, 0x31, 0x36, 0x99, 0x90, 0x32, 0x69
    dc.b    0x90, 0x00, 0x32, 0x99, 0x7e, 0x4d, 0x01, 0xac, 0x12, 0x85, 0x99, 0x00, 0x32, 0x00, 0x55, 0x00
    dc.b    0x00, 0x00, 0x55, 0x55, 0x21, 0x5b, 0x05, 0x55, 0x55, 0x50, 0x12, 0x0b, 0x50, 0x00, 0x08, 0x97
    dc.b    0x0a, 0x00, 0x01, 0x17, 0x0e, 0x00, 0x30, 0x01, 0x00, 0x08, 0x00, 0x00, 0x00, 0x0b, 0xe3, 0x90
    dc.b    0xf0, 0x00, 0x00, 0xba, 0x00, 0x00, 0x08, 0xaa, 0x00, 0x00, 0x0a, 0xaa, 0x00, 0x00, 0xaa, 0xaa
    dc.b    0x00, 0x0a, 0xa7, 0xaa, 0x00, 0x0a, 0x7a, 0xb8, 0x00, 0xb7, 0xb8, 0x88, 0x0b, 0xaa, 0x88, 0xdd
    dc.b    0xf0, 0x00, 0xaa, 0xb8, 0x88, 0xdd, 0x88, 0x88, 0x8d, 0xd8, 0x0d, 0xdd, 0xdd, 0xdd, 0xa7, 0xba
    dc.b    0x77, 0x7a, 0xc7, 0xaa, 0x77, 0x7b, 0x77, 0xac, 0xcc, 0xab, 0xa7, 0x7c, 0xcc, 0xaa, 0xa7, 0xcc
    dc.b    0x10, 0x01, 0xcc, 0x7a, 0xc7, 0x57, 0xb1, 0x01, 0xc7, 0x7b, 0xa7, 0xcc, 0xc7, 0xab, 0xaa, 0x77
    dc.b    0x7a, 0xb8, 0xbb, 0xbb, 0xbb, 0x8d, 0x88, 0xdd, 0xdd, 0xd0, 0xdd, 0xdd, 0xd0, 0x00, 0x60, 0x02
    dc.b    0xd8, 0x8d, 0xd0, 0x00, 0x88, 0xdd, 0x00, 0x00, 0xdd, 0xd0, 0x00, 0x00, 0x7c, 0x6d, 0x60, 0x01
    dc.b    0x63, 0x33, 0x33, 0x36, 0x06, 0x63, 0x33, 0x33, 0x00, 0x96, 0x33, 0x33, 0x7d, 0x3d, 0x31, 0x0d
    dc.b    0x00, 0x96, 0x00, 0x00, 0x00, 0x09, 0x51, 0x06, 0x33, 0x32, 0x22, 0x22, 0x66, 0x66, 0x66, 0x66
    dc.b    0x66, 0x63, 0x11, 0x02, 0x33, 0x22, 0x01, 0x05, 0x80, 0x01, 0x33, 0x66, 0x66, 0x63, 0x22, 0x23
    dc.b    0x62, 0x11, 0x23, 0x66, 0x21, 0x13, 0x66, 0x32, 0x12, 0x22, 0xd0, 0xb9, 0x02, 0x27, 0xf0, 0x00
    dc.b    0x33, 0x66, 0x99, 0x99, 0x33, 0x33, 0x66, 0x95, 0x63, 0x11, 0x65, 0x55, 0x31, 0x12, 0x93, 0x66
    dc.b    0x11, 0x23, 0x92, 0x63, 0x22, 0x39, 0x24, 0x62, 0x33, 0x95, 0x14, 0x31, 0x65, 0x55, 0xf0, 0x01
    dc.b    0x14, 0x44, 0x55, 0x53, 0x11, 0x41, 0x55, 0x62, 0x11, 0x26, 0x96, 0x31, 0x44, 0x44, 0x96, 0x22
    dc.b    0x11, 0x44, 0x93, 0x32, 0x22, 0x14, 0x06, 0x22, 0x14, 0x44, 0x00, 0x63, 0x21, 0x14, 0xed, 0xe3
    dc.b    0x51, 0x01, 0x09, 0x99, 0x00, 0x00, 0x09, 0x96, 0x46, 0x93, 0x33, 0x33, 0xe0, 0x01, 0x46, 0x99
    dc.b    0x99, 0x99, 0x43, 0x99, 0x99, 0x99, 0x42, 0x99, 0x99, 0x99, 0x13, 0x99, 0x99, 0x93, 0x99, 0x99
    dc.b    0x96, 0x22, 0x63, 0x36, 0x32, 0x12, 0x33, 0x36, 0x99, 0x99, 0xf4, 0xb6, 0xb4, 0xaf, 0x99, 0x69
    dc.b    0x99, 0x96, 0x99, 0x69, 0x33, 0x96, 0x99, 0x69, 0x23, 0x96, 0x99, 0x69, 0x23, 0x66, 0x96, 0x69
    dc.b    0x26, 0x36, 0x93, 0x69, 0x10, 0x01, 0x0e, 0x00, 0x7b, 0xc3, 0x01, 0x00, 0x30, 0x01, 0x00, 0x0e
    dc.b    0x00, 0x00, 0x00, 0xe6, 0xd0, 0x3c, 0xf0, 0x00, 0x00, 0x36, 0x00, 0x00, 0x02, 0x14, 0x00, 0x00
    dc.b    0x21, 0x44, 0x00, 0x03, 0x11, 0x14, 0x00, 0x02, 0x11, 0x11, 0x00, 0x33, 0x22, 0x22, 0x00, 0x33
    dc.b    0x33, 0x33, 0x00, 0x33, 0x33, 0x32, 0x72, 0x01, 0x00, 0x33, 0x32, 0x22, 0x00, 0x33, 0x33, 0x22
    dc.b    0x00, 0x63, 0x33, 0x33, 0x00, 0x03, 0x00, 0x01, 0xe5, 0x49, 0x01, 0x01, 0x97, 0xea, 0x63, 0x33
    dc.b    0x63, 0x36, 0x63, 0x66, 0x96, 0x63, 0x36, 0x33, 0x09, 0x96, 0x66, 0x69, 0x00, 0x09, 0x99, 0x99
    dc.b    0xf0, 0x00, 0x66, 0x66, 0x95, 0x55, 0x36, 0x99, 0x55, 0x55, 0x99, 0x55, 0x55, 0x32, 0x65, 0x55
    dc.b    0x32, 0x14, 0x96, 0x21, 0x14, 0x44, 0x99, 0x32, 0x21, 0x11, 0x09, 0x33, 0x33, 0x32, 0x06, 0x99
    dc.b    0xf0, 0x00, 0x96, 0x22, 0x53, 0x29, 0x26, 0x62, 0x21, 0x43, 0x93, 0x11, 0x14, 0x49, 0x31, 0x14
    dc.b    0x44, 0x19, 0x11, 0x44, 0x41, 0x29, 0x11, 0x41, 0x12, 0x36, 0x11, 0x21, 0x21, 0x36, 0x23, 0x21
    dc.b    0xf0, 0x00, 0x14, 0x66, 0x32, 0x22, 0x00, 0x00, 0xa7, 0xba, 0x00, 0x0b, 0xac, 0x8c, 0x00, 0x0b
    dc.b    0x88, 0xd7, 0x00, 0x55, 0x5d, 0xd8, 0x05, 0x55, 0x55, 0x55, 0xbc, 0x7c, 0xca, 0x55, 0xbc, 0xb8
    dc.b    0x31, 0x31, 0x88, 0x55, 0xb7, 0x7c, 0xab, 0x85, 0xc0, 0x01, 0xab, 0x00, 0x00, 0x00, 0x8b, 0x70
    dc.b    0x00, 0x00, 0xd7, 0xab, 0x00, 0x00, 0x5a, 0x87, 0xa0, 0x00, 0x55, 0xb7, 0x80, 0x00, 0x55, 0x58
    dc.b    0x00, 0x00, 0x7e, 0xac, 0xf0, 0x00, 0x00, 0xab, 0x00, 0x00, 0x0a, 0xcb, 0x00, 0x00, 0x0c, 0xa8
    dc.b    0x00, 0x00, 0x77, 0x8c, 0x00, 0x00, 0x7a, 0xc7, 0x00, 0x0a, 0x7c, 0x7b, 0x00, 0x0a, 0xcc, 0xbc
    dc.b    0x00, 0x55, 0x57, 0xcc, 0xf0, 0x00, 0x00, 0x00, 0x0b, 0x7b, 0x00, 0x00, 0xbc, 0xca, 0x00, 0xbb
    dc.b    0xcc, 0xab, 0x0a, 0x7c, 0x78, 0x80, 0xa7, 0xcc, 0xc7, 0xb0, 0xcc, 0xcc, 0x77, 0xa0, 0xcc, 0xc7
    dc.b    0x7a, 0x80, 0xcc, 0x77, 0x40, 0x01, 0xab, 0x80, 0xc7, 0x7a, 0x88, 0x00, 0xc7, 0xa8, 0x7b, 0xbb
    dc.b    0x10, 0x03, 0x7b, 0x80, 0xf3, 0x0e, 0x00, 0x01, 0xc6, 0xef, 0x10, 0x00, 0x00, 0x00, 0x00, 0x00
    dc.b    0x00, 0x00
spr_ken_730_animation0_frame5_tileset_data_size = .-spr_ken_730_animation0_frame5_tileset_data

    .align  2
spr_ken_730_animation0_frame6_tileset_data:
    dc.b    0x00, 0x01, 0xd2, 0xc6, 0x61, 0x01, 0x0e, 0xee, 0x00, 0x00, 0xee, 0xef, 0x00, 0x00, 0xee, 0xff
    dc.b    0x00, 0x0e, 0xf0, 0x00, 0xef, 0xfe, 0x00, 0xee, 0xfe, 0xef, 0x00, 0xee, 0xee, 0xff, 0x0e, 0xee
    dc.b    0xee, 0xff, 0x00, 0xee, 0xef, 0xff, 0x0e, 0xfe, 0xff, 0xfe, 0x0e, 0xfe, 0xee, 0xee, 0x0e, 0xfe
    dc.b    0xa3, 0x32, 0xf2, 0x01, 0x00, 0xe3, 0x22, 0x13, 0x03, 0x32, 0x11, 0x34, 0x63, 0x32, 0x32, 0x14
    dc.b    0x33, 0x33, 0x11, 0x44, 0x33, 0x32, 0x14, 0x44, 0x36, 0x31, 0x11, 0x44, 0x36, 0x11, 0x11, 0x11
    dc.b    0x36, 0x21, 0x10, 0x01, 0x26, 0x21, 0xc6, 0x6a, 0xf0, 0x00, 0x23, 0x62, 0x21, 0x11, 0x33, 0x62
    dc.b    0x12, 0x22, 0x63, 0x33, 0x21, 0x12, 0x63, 0x36, 0x32, 0x11, 0x06, 0x33, 0x63, 0x32, 0x00, 0x03
    dc.b    0x36, 0x66, 0x00, 0x00, 0x63, 0x66, 0x00, 0x00, 0x91, 0x03, 0x09, 0x93, 0xee, 0xee, 0xff, 0xfe
    dc.b    0xfc, 0xcc, 0xff, 0xff, 0xff, 0xff, 0xcc, 0xcc, 0xff, 0xff, 0xff, 0xcc, 0xf0, 0x00, 0xef, 0xff
    dc.b    0xff, 0xfc, 0xff, 0xff, 0xfc, 0xfe, 0xff, 0xff, 0xef, 0xfe, 0xff, 0xfe, 0xff, 0xeb, 0xfe, 0xee
    dc.b    0x33, 0x33, 0xee, 0x33, 0x46, 0xa7, 0x32, 0x44, 0x67, 0x7c, 0x44, 0x26, 0xf0, 0x00, 0xa7, 0xcc
    dc.b    0x41, 0x68, 0x77, 0x77, 0x46, 0x88, 0xa7, 0x77, 0x16, 0x8b, 0xaa, 0x77, 0x18, 0x8b, 0x8b, 0xbb
    dc.b    0x18, 0x8b, 0xa8, 0x8b, 0x41, 0x8b, 0xba, 0x88, 0x41, 0x28, 0xbb, 0xa8, 0x40, 0x01, 0x11, 0x12
    dc.b    0x6b, 0xaa, 0x11, 0x11, 0x12, 0x66, 0xc7, 0x9e, 0x03, 0x00, 0x32, 0x05, 0x12, 0x33, 0x22, 0x22
    dc.b    0x33, 0x32, 0x71, 0x7f, 0x11, 0x12, 0x66, 0x66, 0x22, 0x22, 0x63, 0x22, 0x11, 0x11, 0x66, 0x33
    dc.b    0x33, 0x33, 0xf0, 0x00, 0xff, 0xe0, 0xee, 0xee, 0xcf, 0xfe, 0xff, 0xe0, 0xcc, 0xcf, 0xfe, 0x00
    dc.b    0xcc, 0xcc, 0xce, 0x0e, 0xef, 0xce, 0xfe, 0xee, 0x55, 0xfb, 0xfe, 0xe0, 0xb5, 0x58, 0xfe, 0x00
    dc.b    0xac, 0x55, 0x10, 0x01, 0x80, 0x00, 0xee, 0x60, 0x10, 0x01, 0xc7, 0xa0, 0xe6, 0xfa, 0x10, 0x01
    dc.b    0xcc, 0xc7, 0xf0, 0xa4, 0xf0, 0x00, 0x77, 0x7a, 0x77, 0x7a, 0xab, 0xbb, 0xaa, 0xab, 0xb7, 0xcc
    dc.b    0xbb, 0xba, 0x7c, 0xcc, 0x8b, 0xaa, 0xa7, 0x7c, 0xdd, 0x8a, 0xaa, 0xaa, 0x88, 0xd8, 0x8a, 0xbb
    dc.b    0x88, 0x8d, 0x88, 0xba, 0x81, 0x41, 0x33, 0x68, 0xdd, 0xd8, 0x11, 0x23, 0x65, 0x98, 0x23, 0x66
    dc.b    0x69, 0x99, 0x33, 0x33, 0x22, 0x23, 0x00, 0x01, 0xf1, 0x36, 0x01, 0x41, 0xb2, 0x01, 0x11, 0x22
    dc.b    0x12, 0x22, 0x22, 0x23, 0x33, 0x33, 0x33, 0x22, 0x00, 0x00, 0x0d, 0x58, 0x00, 0x00, 0x0d, 0x55
    dc.b    0x00, 0x00, 0x0d, 0x77, 0xf0, 0x00, 0x0d, 0xa7, 0x00, 0x00, 0x0d, 0xbb, 0x00, 0x00, 0x55, 0x58
    dc.b    0x00, 0x00, 0x5d, 0xd5, 0x00, 0x00, 0x5d, 0xd8, 0x00, 0x00, 0x55, 0x5d, 0x00, 0x00, 0x55, 0x55
    dc.b    0xb0, 0x00, 0xdb, 0x85, 0xd1, 0x02, 0xa8, 0x88, 0x8b, 0xaa, 0xaa, 0xab, 0x8b, 0xaa, 0xac, 0xcc
    dc.b    0x7a, 0xba, 0x7a, 0x77, 0xcc, 0xa8, 0xcc, 0xc7, 0x7a, 0xa7, 0xcc, 0xcc, 0x77, 0xcc, 0xcc, 0xcc
    dc.b    0xf0, 0x00, 0xcc, 0xc7, 0xaa, 0xaa, 0x77, 0xab, 0xaa, 0x7c, 0xcc, 0xcc, 0xaa, 0xaa, 0x77, 0xcc
    dc.b    0xd8, 0xba, 0xaa, 0xaa, 0x99, 0xdd, 0x88, 0xb7, 0x69, 0x99, 0x9d, 0xdb, 0x66, 0x33, 0x23, 0x99
    dc.b    0xf0, 0x00, 0x11, 0x12, 0x23, 0x55, 0x12, 0x22, 0x36, 0x55, 0x22, 0x33, 0x65, 0x55, 0x33, 0x22
    dc.b    0x55, 0x55, 0x22, 0x23, 0x55, 0x55, 0xb8, 0x8b, 0x8d, 0x00, 0xbb, 0xb8, 0x85, 0x50, 0x55, 0x55
    dc.b    0xf0, 0x00, 0x55, 0x50, 0x88, 0x8d, 0xd5, 0x50, 0x8d, 0xd5, 0x55, 0x50, 0x55, 0x55, 0x55, 0x00
    dc.b    0x55, 0x55, 0x50, 0x00, 0xab, 0x88, 0xd0, 0x00, 0xab, 0xa8, 0xd0, 0x00, 0xaa, 0xbb, 0xaa, 0xa7
    dc.b    0xf0, 0x00, 0xbb, 0x77, 0xcc, 0x77, 0x77, 0xcc, 0xc7, 0x7c, 0xcc, 0xc7, 0x7c, 0xcc, 0xc7, 0xac
    dc.b    0xcc, 0x77, 0xaa, 0xc7, 0x77, 0xcc, 0xb7, 0xcc, 0xcc, 0x7a, 0xcc, 0x7c, 0xab, 0xab, 0xcc, 0x7a
    dc.b    0xf0, 0x00, 0xba, 0xbd, 0xca, 0x8b, 0xa8, 0xd9, 0x78, 0xb8, 0xdd, 0x33, 0xbd, 0xdd, 0x31, 0x22
    dc.b    0x55, 0x53, 0x11, 0x13, 0x55, 0x31, 0x13, 0x32, 0x55, 0x44, 0x44, 0x44, 0x51, 0x69, 0x96, 0x31
    dc.b    0x91, 0x01, 0x54, 0x44, 0x19, 0x99, 0x24, 0x41, 0x11, 0x99, 0x24, 0x42, 0x14, 0x99, 0x14, 0x42
    dc.b    0x14, 0x99, 0x14, 0x12, 0x49, 0x00, 0x41, 0x96, 0x24, 0x12, 0x41, 0x96, 0x00, 0x00, 0xf0, 0x00
    dc.b    0x00, 0x55, 0x00, 0x00, 0x55, 0x8d, 0x00, 0x55, 0x5d, 0x88, 0xbb, 0xba, 0x55, 0xd8, 0x77, 0xcc
    dc.b    0xc5, 0xd8, 0x7c, 0xc7, 0x7a, 0x5d, 0xc7, 0x77, 0xab, 0x55, 0x7c, 0x7a, 0xb8, 0x55, 0xa1, 0x00
    dc.b    0xc7, 0xab, 0x8d, 0x55, 0xaa, 0xb8, 0xd5, 0x55, 0xab, 0xd5, 0x55, 0x55, 0x8d, 0x00, 0x00, 0x00
    dc.b    0xd0, 0x00, 0x55, 0x55, 0xf0, 0x00, 0x65, 0x55, 0x55, 0x21, 0x35, 0x55, 0x53, 0x11, 0x33, 0x41
    dc.b    0x32, 0x14, 0x24, 0x41, 0x32, 0x44, 0x44, 0x41, 0x61, 0x44, 0x44, 0x43, 0x94, 0x44, 0x31, 0x19
    dc.b    0x64, 0x44, 0x99, 0x39, 0x40, 0x01, 0x31, 0x11, 0x99, 0x96, 0x11, 0x11, 0x66, 0x31, 0xf1, 0xca
    dc.b    0x11, 0x01, 0x32, 0x11, 0x30, 0x01, 0x11, 0x12, 0x00, 0x00, 0x00, 0xaa, 0xc5, 0xf9, 0xf0, 0x00
    dc.b    0xb7, 0xca, 0x00, 0x5d, 0x55, 0x7c, 0x05, 0xd8, 0x8d, 0x57, 0x58, 0x88, 0x88, 0xd5, 0x5d, 0x8d
    dc.b    0xdd, 0x55, 0xd5, 0xdd, 0x55, 0x55, 0x8d, 0x55, 0x55, 0x55, 0xd5, 0x55, 0x58, 0xb5, 0x52, 0x50
    dc.b    0x55, 0x55, 0x8d, 0xd0, 0x55, 0x50, 0x00, 0x00, 0x50, 0x00, 0x01, 0x97, 0x01, 0x93, 0x01, 0x54
    dc.b    0x62, 0x00, 0x55, 0x00, 0x00, 0x22, 0x55, 0x21, 0x11, 0x14, 0x11, 0x14, 0x44, 0x44, 0xf0, 0x00
    dc.b    0x44, 0x41, 0x44, 0x44, 0x44, 0x14, 0x44, 0x44, 0x11, 0x44, 0x44, 0x41, 0x14, 0x41, 0x11, 0x11
    dc.b    0x41, 0x12, 0x11, 0x44, 0x11, 0x23, 0x44, 0x11, 0x12, 0x31, 0x11, 0x11, 0x23, 0x23, 0xf0, 0x00
    dc.b    0x11, 0x23, 0x63, 0x33, 0x12, 0x36, 0x33, 0x36, 0x23, 0x96, 0x36, 0x69, 0x77, 0xa8, 0xbb, 0x00
    dc.b    0xab, 0xa7, 0x78, 0x00, 0x7c, 0x7b, 0x80, 0x00, 0xca, 0xbb, 0xbb, 0xa0, 0xcc, 0xcc, 0x9a, 0x91
    dc.b    0x77, 0xca, 0x7c, 0xaa, 0x88, 0x80, 0xd7, 0x77, 0x7a, 0x00, 0xba, 0x88, 0xb7, 0xa0, 0x58, 0x00
    dc.b    0x88, 0x80, 0x02, 0x00, 0x30, 0x01, 0x00, 0x33, 0x32, 0x22, 0x11, 0x11, 0xea, 0x62, 0x02, 0x00
    dc.b    0xf0, 0x00, 0x41, 0x14, 0x44, 0x41, 0x12, 0x44, 0x44, 0x12, 0x24, 0x41, 0x11, 0x21, 0x11, 0x11
    dc.b    0x12, 0x11, 0x11, 0x12, 0x31, 0x11, 0x23, 0x21, 0x11, 0x23, 0x36, 0x33, 0x23, 0x33, 0x63, 0x33
    dc.b    0x71, 0x20, 0x33, 0x39, 0x66, 0x66, 0x36, 0x96, 0x99, 0x90, 0x99, 0x99, 0x90, 0x00, 0x99, 0x90
    dc.b    0x10, 0x01, 0x93, 0x21, 0xd2, 0xa7, 0x32, 0x05, 0x92, 0x21, 0x00, 0x00, 0x92, 0x12, 0xf0, 0x00
    dc.b    0x96, 0x11, 0x00, 0x00, 0x99, 0x31, 0x00, 0x09, 0x66, 0x63, 0x00, 0x09, 0x63, 0x36, 0x00, 0x06
    dc.b    0x32, 0x22, 0x00, 0x96, 0x22, 0x24, 0x00, 0x93, 0x21, 0x42, 0x00, 0x92, 0x14, 0x12, 0xf0, 0x00
    dc.b    0x09, 0x62, 0x11, 0x24, 0x09, 0x31, 0x12, 0x44, 0x06, 0x23, 0x32, 0x44, 0x66, 0x36, 0x21, 0x44
    dc.b    0x63, 0x63, 0x11, 0x41, 0x66, 0x32, 0x12, 0x11, 0x63, 0x22, 0x11, 0x11, 0x63, 0x11, 0xf0, 0x00
    dc.b    0x11, 0x11, 0x88, 0x88, 0x88, 0x66, 0x88, 0x8a, 0x77, 0xa8, 0x88, 0xa7, 0xcc, 0x7a, 0x11, 0x11
    dc.b    0x11, 0x33, 0x11, 0x11, 0x11, 0x32, 0x11, 0x11, 0x12, 0x32, 0x11, 0x11, 0x13, 0x22, 0xf0, 0x00
    dc.b    0x11, 0x11, 0x32, 0x23, 0x22, 0x22, 0x12, 0x33, 0x41, 0x11, 0x23, 0x39, 0x22, 0x22, 0x36, 0x99
    dc.b    0x33, 0x69, 0x99, 0x93, 0x33, 0x33, 0x22, 0x22, 0x22, 0x22, 0x21, 0x12, 0x23, 0x22, 0x91, 0x17
    dc.b    0x11, 0x23, 0x14, 0x44, 0x11, 0x33, 0x44, 0x41, 0x12, 0x33, 0x44, 0x11, 0x23, 0x23, 0x41, 0x11
    dc.b    0x23, 0x23, 0x31, 0x01, 0x11, 0x12, 0x32, 0x26, 0x11, 0x23, 0xa0, 0x01, 0x22, 0x26, 0x11, 0x23
    dc.b    0x22, 0x39, 0x32, 0x22, 0x22, 0x39, 0x86, 0x32, 0x22, 0x39, 0x89, 0x99, 0x99, 0x99, 0x26, 0x99
    dc.b    0xc4, 0xa0, 0x50, 0x01, 0x36, 0x90, 0x00, 0x00, 0x39, 0x99, 0x00, 0x00, 0x69, 0x69, 0xf1, 0xf9
    dc.b    0x40, 0x02, 0x39, 0x90, 0x00, 0x00, 0x93, 0x90, 0x00, 0x00, 0xdb, 0xab, 0x01, 0x01, 0x12, 0x01
    dc.b    0x39, 0x00, 0x12, 0x01, 0x69, 0x00, 0x38, 0x01, 0x99, 0x00, 0x00, 0x00, 0x90, 0x00, 0x00, 0x23
    dc.b    0x00, 0x00, 0x00, 0x01, 0xf6, 0xec, 0x00, 0x01, 0xc4, 0x21, 0x70, 0x01, 0x0b, 0x7a, 0x00, 0x00
    dc.b    0xba, 0xa8, 0x00, 0x08, 0xbb, 0x8d, 0x00, 0xdb, 0x88, 0x8d, 0xe8, 0xe9, 0xf3, 0x01, 0x0d, 0xdd
    dc.b    0x00, 0x06, 0x63, 0x21, 0x00, 0x66, 0x32, 0x21, 0x00, 0x66, 0x31, 0x11, 0x00, 0x68, 0x88, 0x88
    dc.b    0x00, 0x08, 0x88, 0xa7, 0x00, 0x08, 0x8a, 0x7c, 0x00, 0x08, 0xba, 0xcc, 0xf0, 0x00, 0x00, 0x0b
    dc.b    0xaa, 0xc7, 0x00, 0xa7, 0xaa, 0x7a, 0x00, 0x7a, 0xac, 0xc7, 0x08, 0xba, 0x7c, 0xc7, 0x8b, 0xaa
    dc.b    0xcc, 0xc7, 0x8b, 0xa7, 0xcc, 0xc7, 0xba, 0xac, 0xcc, 0x77, 0xba, 0xba, 0x31, 0x00, 0xaa, 0xaa
    dc.b    0xb8, 0x88, 0x88, 0x88, 0x44, 0x01, 0x88, 0x8d, 0xdd, 0xdd, 0xdd, 0xdd, 0xdd, 0xd0, 0x32, 0xbd
    dc.b    0xdd, 0x00, 0x21, 0x11, 0x12, 0x33, 0xc0, 0x01, 0x12, 0x32, 0x86, 0x63, 0x22, 0x22, 0x7a, 0x88
    dc.b    0x63, 0x22, 0xc7, 0xa8, 0x99, 0x99, 0xca, 0xa9, 0x99, 0x99, 0x7a, 0x80, 0x00, 0x00, 0xaa, 0x80
    dc.b    0xc4, 0x51, 0x01, 0x01, 0x00, 0x01, 0xdc, 0x64, 0x00, 0x01, 0xe4, 0x17, 0x03, 0x09, 0x30, 0x01
    dc.b    0xad, 0x00, 0x00, 0x00, 0xbd, 0x00, 0xcf, 0xe2, 0x09, 0x00, 0xf0, 0x00, 0x22, 0x22, 0x33, 0x00
    dc.b    0x44, 0x41, 0x11, 0x22, 0x44, 0x44, 0x11, 0x11, 0x44, 0x41, 0x14, 0x11, 0x44, 0x12, 0x44, 0x24
    dc.b    0x41, 0x24, 0x41, 0x32, 0x12, 0x44, 0x11, 0x23, 0x24, 0x11, 0xb0, 0x01, 0x12, 0x33, 0x41, 0x22
    dc.b    0x33, 0x63, 0x23, 0x33, 0x36, 0x32, 0x33, 0x36, 0x63, 0x32, 0x66, 0x69, 0x66, 0x63, 0x69, 0x99
    dc.b    0x99, 0x66, 0xed, 0x6b, 0x04, 0x00, 0x11, 0x23, 0x23, 0x33, 0x70, 0x02, 0x22, 0x22, 0x11, 0x22
    dc.b    0x11, 0x22, 0x41, 0x11, 0x22, 0x11, 0x44, 0x11, 0x12, 0x21, 0xc7, 0x2f, 0x30, 0x01, 0x11, 0x11
    dc.b    0x14, 0x44, 0x21, 0x22, 0xec, 0xcd, 0x71, 0x23, 0x32, 0x22, 0x22, 0x22, 0x66, 0x63, 0x32, 0x22
    dc.b    0x99, 0x66, 0x66, 0x63, 0x09, 0x99, 0x05, 0x43, 0x20, 0x01, 0x33, 0x33, 0x22, 0x11, 0xed, 0x8b
    dc.b    0xf0, 0x00, 0x11, 0x11, 0x22, 0x19, 0x11, 0x14, 0x11, 0x99, 0x44, 0x44, 0x19, 0x99, 0x44, 0x41
    dc.b    0x38, 0x88, 0x44, 0x43, 0x88, 0x8a, 0x11, 0x43, 0x88, 0x77, 0x21, 0x43, 0x8a, 0xaa, 0x22, 0x19
    dc.b    0x73, 0x1f, 0x88, 0xbb, 0x22, 0x29, 0xd8, 0x88, 0x66, 0x69, 0xdd, 0xdd, 0x99, 0x96, 0x99, 0x00
    dc.b    0x30, 0x01, 0x33, 0x90, 0x00, 0x00, 0x19, 0x90, 0xe7, 0xb8, 0x01, 0x01, 0x01, 0x0c, 0x01, 0x01
    dc.b    0x31, 0x00, 0x8b, 0xb8, 0x00, 0x00, 0x77, 0x77, 0xc1, 0x16, 0x7c, 0xcc, 0xa7, 0xcc, 0x7a, 0x77
    dc.b    0xba, 0xa7, 0xcb, 0x77, 0x88, 0xab, 0xb7, 0x77, 0xd8, 0xb7, 0xcc, 0xcc, 0x08, 0xba, 0x7c, 0xcc
    dc.b    0x00, 0x09, 0x12, 0x01, 0x00, 0x09, 0x20, 0x02, 0x00, 0x06, 0x00, 0x00, 0xdf, 0x81, 0x52, 0x24
    dc.b    0x03, 0x11, 0x00, 0x00, 0x62, 0x23, 0x00, 0x06, 0x66, 0x69, 0x0a, 0x00, 0xf0, 0x00, 0x93, 0x32
    dc.b    0x22, 0x22, 0x63, 0x22, 0x22, 0x23, 0x99, 0x66, 0x63, 0x31, 0x32, 0x22, 0x21, 0x12, 0x21, 0x11
    dc.b    0x11, 0x23, 0x11, 0x22, 0x36, 0x99, 0x33, 0x66, 0x99, 0x99, 0x69, 0x09, 0x50, 0x01, 0x96, 0x66
    dc.b    0x00, 0x00, 0x96, 0x33, 0x00, 0x00, 0x99, 0x93, 0xc3, 0xce, 0x53, 0x01, 0x99, 0x22, 0x00, 0x00
    dc.b    0x99, 0x62, 0x00, 0x00, 0x09, 0x32, 0x81, 0xaf, 0x31, 0x21, 0x43, 0x96, 0x11, 0x24, 0x19, 0x96
    dc.b    0x12, 0x14, 0x99, 0x66, 0x44, 0x69, 0x96, 0x66, 0x53, 0x00, 0x99, 0x66, 0x69, 0x99, 0x66, 0x66
    dc.b    0x66, 0x66, 0x33, 0x33, 0x00, 0x01, 0xdd, 0x6b, 0x01, 0xa1, 0x20, 0x01, 0x22, 0x22, 0x22, 0x12
    dc.b    0x7c, 0x73, 0x02, 0x01, 0x01, 0xa9, 0xf0, 0x00, 0x33, 0x22, 0x22, 0x69, 0x63, 0x33, 0x36, 0x99
    dc.b    0x66, 0x66, 0x99, 0x99, 0x66, 0x99, 0x99, 0x90, 0x99, 0x99, 0x99, 0x00, 0x69, 0x99, 0x99, 0x00
    dc.b    0x66, 0x99, 0x99, 0x00, 0x69, 0x96, 0x80, 0x01, 0x99, 0x00, 0x96, 0x69, 0x99, 0x00, 0x33, 0x69
    dc.b    0x99, 0x00, 0x23, 0x66, 0x99, 0x00, 0x33, 0x96, 0xed, 0xb1, 0x40, 0x04, 0x36, 0x36, 0x90, 0x00
    dc.b    0x33, 0x39, 0x90, 0x00, 0x7c, 0x1b, 0x02, 0x81, 0x06, 0x00, 0x00, 0x04, 0x7c, 0x4b, 0x42, 0x65
    dc.b    0x93, 0x66, 0x32, 0x22, 0x09, 0x99, 0x66, 0x66, 0x02, 0x15, 0x00, 0x04, 0x7c, 0x7b, 0x01, 0x4e
    dc.b    0x21, 0x55, 0x66, 0x63, 0x33, 0x33, 0x40, 0x04, 0x99, 0x99, 0x99, 0x99, 0x00, 0x99, 0x66, 0x95
    dc.b    0x7c, 0xab, 0xa2, 0x32, 0x22, 0x35, 0x55, 0x56, 0x36, 0x55, 0x55, 0x92, 0x55, 0x55, 0x59, 0x22
    dc.b    0x55, 0x55, 0x92, 0x21, 0x55, 0x53, 0x22, 0x11, 0xf0, 0x00, 0x00, 0x08, 0x00, 0x00, 0x00, 0x87
    dc.b    0x00, 0x00, 0x08, 0x7a, 0x00, 0x00, 0x8a, 0xa8, 0x00, 0x00, 0x55, 0xbb, 0x00, 0x0d, 0x58, 0x55
    dc.b    0x00, 0x0d, 0x55, 0x55, 0x00, 0x0d, 0x77, 0xba, 0xf0, 0x00, 0x00, 0x0d, 0x77, 0x77, 0x00, 0x0d
    dc.b    0xa7, 0xaa, 0x00, 0x0d, 0xbb, 0xb8, 0x00, 0x55, 0x58, 0xbb, 0x00, 0x5d, 0xd5, 0x55, 0x00, 0x5d
    dc.b    0xd8, 0x88, 0x00, 0x55, 0x5d, 0x8d, 0x88, 0x00, 0xf0, 0x00, 0x00, 0x00, 0xa7, 0x8b, 0x80, 0x00
    dc.b    0xa8, 0xaa, 0xa8, 0x00, 0x8a, 0xbd, 0xd0, 0x00, 0xab, 0xda, 0xa8, 0x00, 0x8d, 0xb8, 0xa8, 0xb0
    dc.b    0x88, 0xdd, 0xbd, 0xb8, 0xdb, 0x75, 0xdb, 0xb8, 0xf0, 0x00, 0x77, 0x85, 0x5d, 0x80, 0xa8, 0xd5
    dc.b    0x50, 0x00, 0x8d, 0x88, 0xd0, 0x00, 0x8b, 0x8d, 0x00, 0x00, 0xb8, 0x85, 0x50, 0x00, 0x55, 0x55
    dc.b    0x50, 0x00, 0x8d, 0xd5, 0x50, 0x00, 0xd5, 0x55, 0x30, 0x01, 0x50, 0x00, 0x77, 0x77, 0x7a, 0xaa
    dc.b    0xe3, 0xb2, 0xa2, 0x4e, 0x7c, 0xcc, 0x77, 0x77, 0x77, 0xcc, 0x77, 0x77, 0x77, 0x77, 0xc7, 0x7a
    dc.b    0xbb, 0xb8, 0x7a, 0x88, 0xdd, 0xdd, 0xbd, 0xd0, 0x00, 0x01, 0xe3, 0xa1, 0x60, 0x01, 0x77, 0xa8
    dc.b    0xcc, 0x7a, 0x8b, 0x88, 0xa8, 0x88, 0xdd, 0xd0, 0x88, 0xdd, 0xc4, 0x75, 0x02, 0x00, 0x72, 0x01
    dc.b    0x63, 0x33, 0x00, 0x00, 0x63, 0x63, 0x00, 0x06, 0x33, 0x61, 0x00, 0x06, 0x33, 0x62, 0x70, 0x01
    dc.b    0x32, 0x62, 0x00, 0x06, 0x32, 0x32, 0x00, 0x06, 0x62, 0x36, 0x00, 0x00, 0x63, 0x36, 0xd4, 0x5e
    dc.b    0x10, 0x01, 0x06, 0x33, 0xcb, 0xa3, 0x06, 0x00, 0xf0, 0x00, 0x7c, 0xc7, 0xa7, 0x77, 0xaa, 0x7c
    dc.b    0xb7, 0x77, 0x8a, 0xbb, 0x77, 0x77, 0x8b, 0x7c, 0xcc, 0xcc, 0x8b, 0xa7, 0xcc, 0xc7, 0x08, 0xb7
    dc.b    0x7c, 0x7b, 0x08, 0xbb, 0x7a, 0x8d, 0x00, 0x88, 0x60, 0x0a, 0x88, 0xd0, 0x39, 0x66, 0x69, 0x99
    dc.b    0x96, 0x99, 0x99, 0x00, 0x99, 0x99, 0x7d, 0x93, 0xf0, 0x00, 0x00, 0xbb, 0x00, 0x00, 0xaa, 0x7b
    dc.b    0x00, 0xaa, 0x77, 0xa8, 0x0b, 0x77, 0xab, 0xa7, 0xb7, 0xca, 0x7c, 0x7b, 0x55, 0x7c, 0xca, 0xbb
    dc.b    0x8d, 0x57, 0xcc, 0xcc, 0x88, 0xd5, 0x7c, 0xaa, 0x00, 0x00, 0x00, 0x00
spr_ken_730_animation0_frame6_tileset_data_size = .-spr_ken_730_animation0_frame6_tileset_data

    .align  2
spr_ken_730_animation0_frame7_tileset_data:
    dc.b    0x1d, 0x00, 0x00, 0x00, 0x12, 0x01, 0x00, 0x0e, 0x12, 0x01, 0x0e, 0xee, 0x31, 0x01, 0xee, 0xee
    dc.b    0x00, 0x0e, 0x0e, 0xee, 0x01, 0x05, 0x02, 0x07, 0xf4, 0x01, 0x0e, 0xe2, 0x00, 0x00, 0x03, 0x21
    dc.b    0x00, 0x00, 0x33, 0x11, 0x00, 0x06, 0x32, 0x23, 0x00, 0x06, 0x33, 0x21, 0x00, 0x06, 0x62, 0x21
    dc.b    0x00, 0x66, 0x32, 0x21, 0x00, 0x63, 0x62, 0x21, 0xb9, 0x3a, 0x63, 0x22, 0x00, 0x93, 0x33, 0x22
    dc.b    0x00, 0x96, 0x36, 0x22, 0x00, 0x06, 0x36, 0x32, 0x00, 0x09, 0x63, 0x62, 0x00, 0x00, 0x93, 0x63
    dc.b    0x00, 0x01, 0xea, 0xc1, 0xf0, 0x00, 0xff, 0xff, 0xee, 0xfc, 0xcc, 0xfc, 0xef, 0xcc, 0xcf, 0xcc
    dc.b    0xef, 0xcc, 0xff, 0xcf, 0xef, 0xff, 0xff, 0xff, 0xef, 0xef, 0xff, 0xfe, 0xef, 0xff, 0xff, 0xef
    dc.b    0xfe, 0xff, 0xee, 0xff, 0xe1, 0x01, 0xef, 0xfe, 0xef, 0xff, 0xfe, 0x24, 0x44, 0x28, 0x24, 0x44
    dc.b    0x43, 0x87, 0x44, 0x23, 0x3b, 0xa7, 0x23, 0x44, 0x8b, 0xa7, 0x24, 0x42, 0xba, 0xaa, 0x44, 0x42
    dc.b    0xbb, 0xaa, 0xf0, 0x00, 0x44, 0x41, 0xbb, 0x88, 0x44, 0x44, 0xbb, 0xbb, 0x44, 0x44, 0x2b, 0x8d
    dc.b    0x14, 0x44, 0x2b, 0xbb, 0x11, 0x14, 0x42, 0x8b, 0x21, 0x11, 0x44, 0x29, 0x22, 0x21, 0x11, 0x11
    dc.b    0x22, 0x22, 0x59, 0x3f, 0x21, 0x14, 0x22, 0x22, 0x22, 0x11, 0x22, 0x22, 0x22, 0x22, 0xf0, 0x00
    dc.b    0xee, 0x00, 0x00, 0x0e, 0xff, 0xef, 0xf0, 0x00, 0xcc, 0xff, 0xff, 0xe0, 0xff, 0xff, 0xff, 0xfe
    dc.b    0xff, 0xff, 0xff, 0xef, 0xff, 0xa5, 0xab, 0xfb, 0xff, 0xb5, 0x5f, 0xeb, 0xff, 0xb7, 0xb0, 0x01
    dc.b    0x55, 0xbe, 0xeb, 0xb7, 0xba, 0x8e, 0xbb, 0xa7, 0x77, 0x7a, 0xac, 0xcc, 0xcc, 0xc7, 0xc7, 0x7c
    dc.b    0xcc, 0xcc, 0xcc, 0xcc, 0x7c, 0xcc, 0xce, 0xbb, 0x10, 0x01, 0x7c, 0x77, 0xcc, 0x68, 0xf0, 0x00
    dc.b    0x77, 0x77, 0xba, 0xa7, 0xcc, 0xc7, 0x8b, 0xaa, 0x7c, 0xcc, 0xdd, 0xba, 0x77, 0xcc, 0xbd, 0xdb
    dc.b    0xaa, 0x77, 0xbb, 0xd8, 0xbb, 0xaa, 0x8b, 0xbd, 0x8b, 0xba, 0x28, 0x88, 0x8d, 0x8b, 0x6b, 0xbc
    dc.b    0x12, 0x22, 0x22, 0xd8, 0x44, 0x13, 0x33, 0x3d, 0x11, 0x44, 0x41, 0x36, 0x11, 0x01, 0xe0, 0x00
    dc.b    0xb0, 0x01, 0x00, 0x05, 0xe0, 0xaa, 0x00, 0x05, 0xe0, 0x87, 0xa0, 0x05, 0xee, 0x08, 0x7b, 0x8b
    dc.b    0xee, 0x08, 0xba, 0x8a, 0xe0, 0x00, 0x8b, 0xba, 0xd6, 0xef, 0xf0, 0x00, 0x00, 0x5d, 0x7a, 0x00
    dc.b    0x00, 0x55, 0x77, 0xb3, 0x60, 0x85, 0x77, 0xa8, 0x23, 0x8b, 0x77, 0xab, 0x32, 0x6b, 0x77, 0xab
    dc.b    0x63, 0x3b, 0x7a, 0xa7, 0xab, 0x36, 0x77, 0x77, 0x7a, 0xb6, 0x70, 0x01, 0xcc, 0xc7, 0x77, 0xa8
    dc.b    0x7c, 0xcc, 0x77, 0x7b, 0xc7, 0x7c, 0xc7, 0xa7, 0xcc, 0xc7, 0xe6, 0x0a, 0xf0, 0x00, 0xaa, 0xa7
    dc.b    0x7c, 0x77, 0xba, 0xaa, 0xa7, 0x77, 0xbb, 0xb7, 0x77, 0xaa, 0xd8, 0xba, 0xa7, 0x77, 0x6d, 0xdd
    dc.b    0xbb, 0x77, 0x77, 0x7a, 0xaa, 0xab, 0x7a, 0xab, 0xaa, 0xb8, 0xab, 0xba, 0xf0, 0x00, 0xa8, 0xdd
    dc.b    0x7a, 0xb8, 0x8d, 0xd0, 0xa8, 0x8d, 0x66, 0x36, 0xdd, 0xd6, 0x21, 0x23, 0x55, 0x53, 0x14, 0x12
    dc.b    0x55, 0x61, 0x14, 0x12, 0x55, 0x31, 0x14, 0x14, 0x53, 0x66, 0x63, 0x14, 0xf0, 0x00, 0x24, 0x43
    dc.b    0x66, 0x99, 0x14, 0x44, 0x19, 0x96, 0x14, 0x14, 0x43, 0x66, 0x41, 0x12, 0x41, 0x36, 0x11, 0x24
    dc.b    0x41, 0x26, 0x23, 0x14, 0x11, 0x16, 0x31, 0x41, 0x21, 0x16, 0x11, 0x12, 0x93, 0x00, 0x11, 0x16
    dc.b    0x22, 0x21, 0x11, 0x16, 0x21, 0x11, 0x12, 0x36, 0x11, 0x22, 0x39, 0x96, 0x23, 0x99, 0x99, 0x99
    dc.b    0x91, 0x01, 0x66, 0x33, 0x33, 0x96, 0x33, 0x33, 0x23, 0x93, 0x99, 0x63, 0x23, 0x92, 0x33, 0x22
    dc.b    0x23, 0x62, 0x22, 0x22, 0x50, 0x01, 0x23, 0x32, 0x22, 0x22, 0x23, 0x22, 0x21, 0x22, 0x23, 0x21
    dc.b    0xfc, 0x18, 0x03, 0x7a, 0xf0, 0x00, 0x00, 0x05, 0x00, 0x00, 0x05, 0x55, 0x32, 0x23, 0x55, 0x55
    dc.b    0x31, 0x12, 0x32, 0x65, 0x32, 0x11, 0x32, 0x39, 0x22, 0x11, 0x11, 0x29, 0x44, 0x44, 0x12, 0x69
    dc.b    0x99, 0x99, 0x99, 0x96, 0xa1, 0x07, 0x66, 0x63, 0x21, 0x11, 0x32, 0x11, 0x11, 0x11, 0x34, 0x44
    dc.b    0x44, 0x44, 0x31, 0x14, 0x44, 0x44, 0x31, 0x11, 0x11, 0x11, 0xf0, 0x00, 0x33, 0x32, 0x11, 0x11
    dc.b    0x31, 0x12, 0x32, 0x21, 0x93, 0x31, 0x11, 0x22, 0x99, 0x33, 0x32, 0x11, 0x99, 0x66, 0x63, 0x32
    dc.b    0x99, 0x99, 0x96, 0x63, 0x99, 0x90, 0x09, 0x99, 0x99, 0x90, 0x17, 0x01, 0x00, 0x00, 0x14, 0x01
    dc.b    0x69, 0x90, 0x31, 0x3a, 0x00, 0x55, 0x50, 0x00, 0x05, 0x55, 0x43, 0x00, 0x00, 0x00, 0x55, 0x50
    dc.b    0x05, 0x55, 0x55, 0x55, 0x13, 0x4a, 0x50, 0x00, 0x10, 0x01, 0x33, 0x00, 0xc7, 0xea, 0x90, 0x01
    dc.b    0x22, 0x22, 0x23, 0x00, 0x11, 0x12, 0x22, 0x23, 0x11, 0x11, 0x11, 0x22, 0x44, 0x44, 0x41, 0x11
    dc.b    0x44, 0x44, 0xcb, 0xe3, 0x11, 0x01, 0x11, 0x11, 0x10, 0x01, 0x11, 0x11, 0xc7, 0x94, 0xa0, 0x01
    dc.b    0x44, 0x44, 0x21, 0x11, 0x11, 0x14, 0x33, 0x32, 0x22, 0x11, 0x66, 0x66, 0x63, 0x33, 0x99, 0x96
    dc.b    0x63, 0x22, 0x00, 0x09, 0xc7, 0x9e, 0x00, 0x0c, 0x7e, 0x4c, 0x12, 0x01, 0x55, 0x50, 0x00, 0x01
    dc.b    0xca, 0x9b, 0x0d, 0x14, 0x00, 0x01, 0xf6, 0xe0, 0xb3, 0x4a, 0x12, 0x23, 0x00, 0x00, 0x11, 0x12
    dc.b    0x23, 0x00, 0x44, 0x11, 0x12, 0x23, 0x44, 0x44, 0x11, 0x12, 0x44, 0x44, 0x44, 0x41, 0x11, 0x14
    dc.b    0x01, 0x47, 0x31, 0x09, 0x14, 0x44, 0x22, 0x21, 0x12, 0x11, 0xf0, 0x00, 0x33, 0x21, 0x11, 0x23
    dc.b    0x99, 0x96, 0x63, 0x21, 0x99, 0x63, 0x21, 0x11, 0x09, 0x32, 0x11, 0x11, 0x06, 0x62, 0x21, 0x11
    dc.b    0x00, 0x63, 0x22, 0x11, 0x00, 0x96, 0x22, 0x22, 0x00, 0x00, 0x16, 0x01, 0x00, 0x09, 0x00, 0x12
    dc.b    0x00, 0x00, 0x07, 0x1b, 0x12, 0x01, 0x00, 0x06, 0x12, 0x01, 0x00, 0x96, 0x01, 0x77, 0x14, 0x01
    dc.b    0x00, 0x08, 0x00, 0x01, 0xf3, 0x76, 0x00, 0x01, 0xc5, 0x86, 0x72, 0x01, 0x08, 0xaa, 0x00, 0x00
    dc.b    0x8b, 0xba, 0x00, 0x00, 0xba, 0xaa, 0x63, 0x22, 0x22, 0x22, 0xf0, 0x00, 0x21, 0x22, 0x63, 0x32
    dc.b    0x21, 0x12, 0x93, 0x33, 0x21, 0x12, 0x96, 0x33, 0x21, 0x12, 0x96, 0x22, 0x11, 0x11, 0x09, 0x93
    dc.b    0x33, 0x32, 0x09, 0x69, 0x99, 0x99, 0x00, 0x99, 0x63, 0x36, 0x50, 0x01, 0x09, 0x63, 0x22, 0x12
    dc.b    0x96, 0x62, 0x22, 0x11, 0x96, 0x32, 0xc4, 0x88, 0x31, 0x01, 0x66, 0x22, 0x21, 0x11, 0x63, 0x22
    dc.b    0x41, 0x01, 0x11, 0x11, 0x63, 0x22, 0x11, 0x21, 0x33, 0x22, 0x11, 0x01, 0x12, 0x22, 0xf0, 0x00
    dc.b    0x33, 0x32, 0x22, 0x22, 0x66, 0x32, 0x22, 0x22, 0x8b, 0x88, 0x88, 0x88, 0xba, 0xa7, 0xa8, 0x88
    dc.b    0xba, 0xaa, 0xab, 0x89, 0xba, 0xaa, 0xab, 0x80, 0xaa, 0xab, 0xa8, 0xd0, 0xaa, 0x7a, 0x42, 0x01
    dc.b    0xb8, 0xd0, 0xaa, 0x77, 0xa8, 0x00, 0xa7, 0x77, 0x52, 0x01, 0x23, 0x32, 0x69, 0x90, 0x23, 0x22
    dc.b    0x69, 0x90, 0x23, 0x21, 0xf0, 0x00, 0x33, 0x11, 0x39, 0x90, 0x32, 0x12, 0x69, 0x90, 0x11, 0x13
    dc.b    0x69, 0x90, 0x11, 0x26, 0x96, 0x90, 0x96, 0x39, 0x63, 0x69, 0x66, 0x66, 0x33, 0x69, 0x33, 0x36
    dc.b    0x66, 0x69, 0x22, 0x23, 0x32, 0x01, 0x36, 0x69, 0x12, 0x23, 0x36, 0x99, 0x01, 0x05, 0xf0, 0x00
    dc.b    0x39, 0x69, 0x22, 0x23, 0x69, 0x90, 0x22, 0x33, 0x96, 0x90, 0x22, 0x33, 0x66, 0x90, 0x22, 0x36
    dc.b    0x36, 0x90, 0x23, 0x63, 0x23, 0x60, 0x23, 0x32, 0x23, 0x69, 0x22, 0x22, 0x33, 0x69, 0x30, 0x01
    dc.b    0x66, 0x33, 0x36, 0x66, 0x99, 0x99, 0xfb, 0x9b, 0x0b, 0xa2, 0xf0, 0x00, 0x0b, 0x00, 0x00, 0x00
    dc.b    0xa7, 0x80, 0x00, 0x00, 0xa7, 0xb8, 0x80, 0x00, 0xba, 0x87, 0xad, 0x80, 0xd8, 0xaa, 0x8a, 0xb8
    dc.b    0x55, 0xad, 0xaa, 0x8d, 0x55, 0x55, 0xa8, 0x8a, 0x85, 0x55, 0xa0, 0x01, 0x5d, 0xa8, 0xb8, 0x55
    dc.b    0x55, 0x55, 0xa8, 0xb8, 0x55, 0x55, 0xa8, 0xab, 0xb8, 0x50, 0x8d, 0xbb, 0x85, 0x50, 0x55, 0x55
    dc.b    0xfa, 0xa7, 0xf0, 0x00, 0xa8, 0xb8, 0x8d, 0x00, 0xa8, 0xb8, 0x8d, 0x05, 0xbb, 0xb8, 0x8d, 0x5d
    dc.b    0xbb, 0x88, 0x85, 0x55, 0xbb, 0x8b, 0xb7, 0xcc, 0x8a, 0xb7, 0xc7, 0xc7, 0x7c, 0xcc, 0x7c, 0x77
    dc.b    0xcc, 0xcc, 0x5a, 0x3a, 0x77, 0xa7, 0xcc, 0xc7, 0x7a, 0x7a, 0xcc, 0x77, 0xa7, 0xaa, 0xf0, 0x00
    dc.b    0x08, 0x00, 0x80, 0x00, 0x8a, 0x88, 0xd0, 0x80, 0x8a, 0xaa, 0x08, 0x78, 0x0b, 0x78, 0x0b, 0x78
    dc.b    0x0a, 0x78, 0x07, 0x7b, 0xda, 0x55, 0x8c, 0x7a, 0x55, 0xd8, 0x87, 0x7b, 0x5d, 0x88, 0xf0, 0x00
    dc.b    0x8a, 0xa5, 0xd8, 0x8d, 0x55, 0x55, 0xd8, 0xdd, 0xdd, 0xd5, 0x5d, 0xd5, 0xdd, 0x88, 0xd5, 0xd5
    dc.b    0xd8, 0x8d, 0xd5, 0x55, 0x85, 0xdd, 0x55, 0x55, 0x77, 0x5d, 0x55, 0x50, 0xca, 0x85, 0x60, 0x0d
    dc.b    0x55, 0x00, 0xaa, 0x85, 0x55, 0x00, 0xab, 0x8d, 0x50, 0x00, 0xb8, 0xd0, 0x7e, 0xf0, 0x30, 0x01
    dc.b    0x80, 0x00, 0x00, 0x00, 0xab, 0x00, 0xd4, 0xdd, 0x90, 0x0d, 0x58, 0x78, 0x00, 0x00, 0xd5, 0xad
    dc.b    0x00, 0x00, 0xdd, 0x55, 0x50, 0x00, 0xd5, 0x55, 0x50, 0x00, 0x55, 0x55, 0x7e, 0x89, 0xf0, 0x00
    dc.b    0x00, 0x05, 0x50, 0x00, 0x00, 0x55, 0x50, 0x00, 0x12, 0x30, 0x00, 0x00, 0x41, 0x12, 0x30, 0x00
    dc.b    0x44, 0x41, 0x12, 0x30, 0x44, 0x44, 0x41, 0x23, 0x44, 0x44, 0x41, 0x13, 0x44, 0x44, 0xa3, 0x01
    dc.b    0x44, 0x12, 0x11, 0x44, 0x44, 0x12, 0x44, 0x41, 0x11, 0x41, 0x23, 0x32, 0x11, 0x44, 0x21, 0x11
    dc.b    0x11, 0x44, 0x11, 0x11, 0x11, 0x01, 0x11, 0x14, 0x47, 0x2b, 0x22, 0x11, 0x11, 0x14, 0x32, 0x22
    dc.b    0x22, 0x14, 0x10, 0x01, 0x60, 0x00, 0xdf, 0xce, 0xf0, 0x00, 0x23, 0x60, 0x00, 0x00, 0x22, 0x36
    dc.b    0x00, 0x00, 0x13, 0x23, 0x60, 0x00, 0x11, 0x32, 0x36, 0x00, 0x41, 0x23, 0x23, 0x60, 0x44, 0x12
    dc.b    0x33, 0x36, 0x14, 0x41, 0x22, 0x33, 0x11, 0x44, 0x70, 0x01, 0x12, 0x12, 0x11, 0x14, 0x11, 0x21
    dc.b    0x11, 0x14, 0x41, 0x12, 0x00, 0x00, 0x09, 0x36, 0x7e, 0x99, 0x00, 0x09, 0x7e, 0x73, 0xf0, 0x00
    dc.b    0x32, 0x11, 0x11, 0x11, 0x62, 0x21, 0x14, 0x44, 0x69, 0x32, 0x22, 0x22, 0x99, 0x99, 0x96, 0x63
    dc.b    0x00, 0x96, 0x63, 0x22, 0x00, 0x09, 0x66, 0x33, 0x00, 0x00, 0x09, 0x99, 0x00, 0x00, 0x30, 0x01
    dc.b    0x00, 0x99, 0x14, 0x41, 0x13, 0x33, 0x7e, 0xb8, 0x21, 0x02, 0x11, 0x11, 0x32, 0x11, 0xf0, 0x00
    dc.b    0x44, 0x44, 0x32, 0x22, 0x22, 0x22, 0x63, 0x33, 0x33, 0x32, 0x99, 0x96, 0x62, 0x11, 0x33, 0x66
    dc.b    0xdd, 0xdd, 0x22, 0x22, 0x23, 0x33, 0x22, 0x23, 0x31, 0x35, 0x33, 0x21, 0x14, 0x55, 0xe0, 0x01
    dc.b    0x44, 0x44, 0x45, 0x55, 0x21, 0x44, 0x55, 0x55, 0x11, 0x25, 0x55, 0x52, 0x26, 0x55, 0x55, 0x21
    dc.b    0x00, 0x66, 0x22, 0x11, 0x00, 0x06, 0x32, 0x21, 0x00, 0x09, 0x62, 0x22, 0xfc, 0x14, 0x10, 0x04
    dc.b    0x09, 0x63, 0x7d, 0xdb, 0x21, 0x01, 0x11, 0x11, 0x11, 0x41, 0xf0, 0x00, 0x21, 0x11, 0x11, 0x41
    dc.b    0x22, 0x22, 0x21, 0x41, 0x33, 0x32, 0x22, 0x42, 0x66, 0x33, 0x22, 0x12, 0x99, 0x66, 0x32, 0x23
    dc.b    0x00, 0x99, 0x63, 0x33, 0x44, 0x12, 0x23, 0x36, 0x14, 0x41, 0xf0, 0x00, 0x21, 0x22, 0x11, 0x41
    dc.b    0x12, 0x11, 0x11, 0x44, 0x11, 0x21, 0x21, 0x14, 0x11, 0x11, 0x22, 0x11, 0x41, 0x11, 0x32, 0x11
    dc.b    0x14, 0x11, 0x32, 0x21, 0x14, 0x11, 0x66, 0x00, 0x00, 0x00, 0xf0, 0x00, 0x36, 0x66, 0x00, 0x06
    dc.b    0x22, 0x23, 0x66, 0x66, 0x11, 0x22, 0x22, 0x90, 0x11, 0x11, 0x29, 0x90, 0x11, 0x11, 0x99, 0x00
    dc.b    0x11, 0x19, 0x90, 0x00, 0x11, 0x99, 0x00, 0x00, 0x96, 0x63, 0x32, 0x3b, 0x22, 0x65, 0x09, 0x99
    dc.b    0x95, 0x55, 0x12, 0x3d, 0x09, 0x96, 0x70, 0x01, 0x06, 0x63, 0x00, 0x00, 0x09, 0x66, 0x00, 0x00
    dc.b    0x03, 0x22, 0x00, 0x00, 0x93, 0x22, 0xe4, 0xad, 0x19, 0x8f, 0x99, 0x99, 0x31, 0x39, 0x55, 0x55
    dc.b    0x32, 0x11, 0x55, 0x32, 0x51, 0x05, 0x11, 0x11, 0x63, 0x32, 0x22, 0x33, 0x99, 0x66, 0x33, 0x21
    dc.b    0xf0, 0x00, 0x66, 0x33, 0x33, 0x22, 0x22, 0x22, 0x21, 0x11, 0x21, 0x11, 0x11, 0x12, 0x22, 0x22
    dc.b    0x23, 0x36, 0x99, 0x66, 0x69, 0x99, 0x09, 0x99, 0x99, 0x66, 0x00, 0x99, 0x99, 0x96, 0x00, 0x96
    dc.b    0x50, 0x01, 0x23, 0x69, 0x00, 0x96, 0x32, 0x23, 0x00, 0x96, 0x33, 0x22, 0xc7, 0xb2, 0xf0, 0x00
    dc.b    0x0b, 0xa7, 0x00, 0x00, 0xba, 0x7a, 0x00, 0x08, 0xba, 0xab, 0x08, 0xaa, 0xa7, 0xbb, 0x8a, 0xba
    dc.b    0xab, 0xbb, 0xdd, 0x8b, 0xb8, 0x88, 0x00, 0xdd, 0xdd, 0xdd, 0xaa, 0x77, 0x77, 0x7a, 0xd0, 0x01
    dc.b    0xaa, 0xaa, 0xaa, 0xb8, 0x8d, 0xdd, 0xdd, 0xdd, 0x88, 0xdd, 0xdd, 0xd0, 0xbb, 0x88, 0x8d, 0x00
    dc.b    0x88, 0x88, 0xdd, 0x00, 0x88, 0xdd, 0xdd, 0x00, 0xdd, 0xdd, 0x7c, 0xd3, 0x00, 0x03, 0x7c, 0xd1
    dc.b    0x08, 0x00, 0xc1, 0x2d, 0xdb, 0xcc, 0x77, 0xaa, 0x88, 0xcc, 0x77, 0x77, 0xda, 0x7c, 0xc7, 0xcc
    dc.b    0xdb, 0x7c, 0xcc, 0xc7, 0xd8, 0x7c, 0x77, 0x77, 0x0d, 0x8a, 0x7a, 0xb8, 0x01, 0x0f, 0xf0, 0x00
    dc.b    0xa7, 0x77, 0x77, 0x7a, 0x7c, 0xc7, 0x77, 0x77, 0xcc, 0x7c, 0xcc, 0xcc, 0x77, 0x7a, 0xb8, 0x8b
    dc.b    0xbb, 0x88, 0x88, 0xbb, 0x88, 0x88, 0x88, 0xbb, 0xdd, 0x0d, 0xd8, 0xb8, 0x00, 0x00, 0xf0, 0x00
    dc.b    0x0d, 0xdd, 0xb0, 0x00, 0x00, 0x00, 0x7a, 0xb0, 0x00, 0x00, 0xc7, 0x7a, 0xaa, 0x80, 0xbb, 0x77
    dc.b    0x77, 0x78, 0xbb, 0xba, 0x8b, 0xbd, 0xbb, 0x8d, 0xdd, 0xd0, 0x8d, 0xdd, 0xdd, 0x00, 0x71, 0xdd
    dc.b    0xdd, 0x00, 0x00, 0x00, 0x99, 0x63, 0x33, 0x22, 0x00, 0x96, 0x63, 0x32, 0x00, 0x09, 0x14, 0xa1
    dc.b    0x06, 0x66, 0x00, 0x01, 0x7e, 0xd9, 0xf0, 0x00, 0x11, 0x41, 0x13, 0x90, 0x22, 0x12, 0x38, 0x80
    dc.b    0x32, 0x33, 0x8a, 0xab, 0x33, 0x6b, 0x77, 0x77, 0x66, 0xb7, 0x7c, 0xc7, 0x9d, 0xb7, 0x77, 0x7c
    dc.b    0x5d, 0xbc, 0x77, 0x77, 0x0d, 0xbc, 0x15, 0x55, 0xc7, 0x7a, 0x70, 0x01, 0xba, 0xb0, 0x00, 0x00
    dc.b    0x7b, 0xab, 0xb0, 0x00, 0xc7, 0xb7, 0xaa, 0xb0, 0x77, 0xa7, 0xef, 0x5d, 0x00, 0x00, 0x00, 0x00
spr_ken_730_animation0_frame7_tileset_data_size = .-spr_ken_730_animation0_frame7_tileset_data

    .align  2
spr_ken_730_animation0_frame8_tileset_data:
    dc.b    0x10, 0x18, 0x00, 0x00, 0x00, 0x00, 0x1a, 0x01, 0x00, 0x06, 0x00, 0x18, 0x00, 0x00, 0x31, 0x01
    dc.b    0xee, 0x0e, 0x00, 0x0e, 0x0e, 0xee, 0xf0, 0x00, 0x00, 0x00, 0xee, 0xee, 0x00, 0x0e, 0xe0, 0xee
    dc.b    0x00, 0x0e, 0x0e, 0x31, 0x00, 0x00, 0x31, 0x21, 0x00, 0x03, 0x12, 0x33, 0x00, 0x06, 0x62, 0x44
    dc.b    0x00, 0x32, 0x44, 0x41, 0x03, 0x24, 0xf0, 0x00, 0x44, 0x41, 0x62, 0x14, 0x44, 0x18, 0x32, 0x44
    dc.b    0x41, 0x38, 0x21, 0x44, 0x43, 0x8b, 0x21, 0x44, 0x13, 0x8b, 0x21, 0x14, 0x13, 0x8b, 0x31, 0x41
    dc.b    0x12, 0x8b, 0x31, 0x11, 0x11, 0x88, 0xc0, 0x01, 0x32, 0x11, 0x21, 0x38, 0x63, 0x11, 0x21, 0x28
    dc.b    0x63, 0x21, 0x22, 0x13, 0x06, 0x32, 0x11, 0x21, 0x00, 0x63, 0x21, 0x22, 0x00, 0x06, 0x32, 0x12
    dc.b    0xef, 0xb8, 0x30, 0x01, 0x00, 0x66, 0x00, 0x00, 0x00, 0x62, 0xc7, 0x6a, 0x06, 0x55, 0xf0, 0x00
    dc.b    0xee, 0xff, 0xfb, 0x77, 0xef, 0xef, 0xfb, 0xa7, 0xef, 0xee, 0xff, 0xbb, 0xef, 0xee, 0xfe, 0xee
    dc.b    0xee, 0xe7, 0xe7, 0xe7, 0x11, 0x44, 0x44, 0x11, 0x44, 0x44, 0x44, 0x44, 0x33, 0x22, 0x81, 0x01
    dc.b    0x22, 0x22, 0x44, 0x11, 0x33, 0x66, 0x11, 0x8b, 0x7c, 0xcc, 0x8b, 0xa7, 0xcc, 0xcc, 0xba, 0x77
    dc.b    0xe0, 0x01, 0x7c, 0xcc, 0xba, 0xaa, 0x77, 0xcc, 0xbb, 0xaa, 0xbb, 0xa7, 0x8a, 0x77, 0xca, 0xab
    dc.b    0x8a, 0x77, 0xcc, 0x7a, 0xda, 0xa7, 0xcc, 0xc7, 0xdb, 0xa7, 0x7c, 0xc7, 0xd8, 0xa7, 0xfc, 0x4d
    dc.b    0xf0, 0x00, 0x3d, 0x8a, 0xa7, 0xcc, 0x3d, 0x8a, 0x7a, 0x77, 0x23, 0xdb, 0x77, 0xa7, 0x23, 0xdb
    dc.b    0xac, 0x7a, 0x22, 0x38, 0xa7, 0xcc, 0x63, 0x38, 0xb7, 0xcc, 0x26, 0x6d, 0xba, 0xab, 0x11, 0x22
    dc.b    0xf0, 0x00, 0xdd, 0x8b, 0x32, 0x11, 0x2d, 0xd8, 0x66, 0x66, 0x66, 0x6d, 0x00, 0x00, 0x55, 0x55
    dc.b    0xe7, 0xc7, 0xaa, 0xbc, 0xe7, 0x77, 0x7a, 0xab, 0xba, 0x77, 0xc7, 0x7d, 0xdb, 0xa7, 0x77, 0x8b
    dc.b    0xf0, 0x00, 0x7d, 0xba, 0x77, 0x78, 0x17, 0xdd, 0x8a, 0x88, 0x44, 0x21, 0x66, 0x22, 0x21, 0x44
    dc.b    0x11, 0xb8, 0x66, 0x66, 0x34, 0x42, 0xc7, 0xab, 0x66, 0x31, 0xcc, 0xc7, 0xab, 0x66, 0xcc, 0xcc
    dc.b    0xe1, 0x01, 0x7a, 0x83, 0xcc, 0xcc, 0x7a, 0xab, 0xcc, 0xc7, 0x7a, 0x8a, 0x77, 0x77, 0xab, 0xb8
    dc.b    0xa7, 0xab, 0xaa, 0x8d, 0xcc, 0xca, 0x7a, 0xbd, 0xcc, 0xc7, 0xa7, 0xad, 0x7c, 0xcc, 0xf0, 0x00
    dc.b    0x77, 0xad, 0x77, 0xcc, 0xa7, 0xad, 0x7c, 0x7c, 0xa7, 0x81, 0xc7, 0xc7, 0xb8, 0x8b, 0xcc, 0x7c
    dc.b    0xc7, 0x7b, 0xcc, 0xc7, 0xcc, 0xc7, 0x7c, 0xcc, 0xcc, 0xcc, 0xa7, 0xcc, 0xc7, 0x77, 0xa0, 0x19
    dc.b    0xa7, 0x7c, 0xcc, 0xcc, 0xb7, 0x77, 0x77, 0xcc, 0x88, 0x8b, 0xaa, 0xaa, 0x88, 0x88, 0x88, 0x8b
    dc.b    0xdd, 0xd8, 0x88, 0x88, 0x7f, 0x27, 0x10, 0x01, 0x0b, 0xba, 0xef, 0xd4, 0x51, 0x01, 0xd7, 0xcc
    dc.b    0x00, 0x00, 0x87, 0xcc, 0x00, 0x00, 0xb7, 0x77, 0xf0, 0x00, 0x00, 0x08, 0xa7, 0xcc, 0x00, 0x0b
    dc.b    0x7c, 0xc7, 0x00, 0x0a, 0xcc, 0x77, 0x00, 0x07, 0xc7, 0x77, 0x00, 0x0c, 0x77, 0x7a, 0x00, 0x0c
    dc.b    0x77, 0xab, 0x00, 0x07, 0x77, 0xb8, 0x00, 0x0b, 0x90, 0x17, 0x7a, 0x80, 0x00, 0x07, 0xab, 0x00
    dc.b    0x00, 0x08, 0xa8, 0x00, 0x00, 0x0a, 0xb8, 0x00, 0x00, 0x08, 0x80, 0x00, 0x7f, 0xc5, 0xf0, 0x00
    dc.b    0x00, 0x09, 0x00, 0x00, 0x00, 0x88, 0xaa, 0xbb, 0x08, 0xb8, 0xc7, 0xbb, 0xaa, 0xa8, 0xca, 0x77
    dc.b    0x77, 0xa8, 0x7b, 0x77, 0xaa, 0xab, 0x77, 0xbb, 0xbb, 0xbb, 0xc7, 0x7a, 0xab, 0x88, 0xc0, 0x15
    dc.b    0x77, 0x7a, 0xbb, 0x80, 0x77, 0xaa, 0xb8, 0x00, 0x7a, 0xab, 0x80, 0x00, 0xaa, 0xb8, 0x00, 0x00
    dc.b    0xab, 0x80, 0x00, 0x00, 0x88, 0x00, 0x00, 0x00, 0x7f, 0xcc, 0x10, 0x01, 0x00, 0x02, 0xd9, 0x93
    dc.b    0x20, 0x01, 0x00, 0x21, 0x00, 0x00, 0xf0, 0x3a, 0x81, 0x01, 0x06, 0x33, 0x22, 0x14, 0x62, 0x22
    dc.b    0x12, 0x14, 0x22, 0x11, 0x12, 0x14, 0x21, 0x11, 0x11, 0x11, 0xa0, 0x01, 0x62, 0x11, 0x11, 0x11
    dc.b    0x86, 0x21, 0x11, 0x11, 0x88, 0x22, 0x11, 0x11, 0x88, 0x88, 0x31, 0x11, 0x80, 0x00, 0x03, 0x21
    dc.b    0x7e, 0xd1, 0x01, 0x51, 0x00, 0x14, 0x00, 0x00, 0xf0, 0x00, 0x09, 0x93, 0x00, 0x03, 0x63, 0x36
    dc.b    0x03, 0x32, 0x33, 0x13, 0x21, 0x11, 0x33, 0x11, 0x11, 0x11, 0x23, 0x14, 0x14, 0x11, 0x23, 0x24
    dc.b    0x44, 0x12, 0x22, 0x31, 0x41, 0x12, 0x11, 0x32, 0x50, 0x01, 0x41, 0x12, 0x11, 0x12, 0x41, 0x21
    dc.b    0x11, 0x12, 0x11, 0x21, 0xdc, 0xaa, 0x11, 0x01, 0x12, 0x21, 0xf0, 0x00, 0x11, 0x12, 0x12, 0x11
    dc.b    0x11, 0x23, 0x12, 0x11, 0x11, 0x36, 0x12, 0x11, 0x12, 0x36, 0x11, 0x11, 0x12, 0x39, 0x11, 0x11
    dc.b    0x23, 0x90, 0x21, 0x12, 0x26, 0x90, 0x32, 0x22, 0x39, 0x00, 0x6f, 0x3e, 0x66, 0x33, 0x69, 0x00
    dc.b    0x00, 0x93, 0x90, 0x00, 0x00, 0x09, 0x90, 0x00, 0xf0, 0x00, 0x69, 0xdd, 0xdd, 0xd8, 0x12, 0x22
    dc.b    0x21, 0x18, 0x21, 0x14, 0x44, 0x24, 0x14, 0x44, 0x41, 0x99, 0x22, 0x11, 0x12, 0x99, 0x33, 0x22
    dc.b    0x12, 0x66, 0x14, 0x44, 0x43, 0x61, 0x11, 0x14, 0xf0, 0x00, 0x49, 0x34, 0x32, 0x24, 0x19, 0x34
    dc.b    0x11, 0x44, 0x26, 0x14, 0x24, 0x41, 0x33, 0x11, 0x66, 0x33, 0x93, 0x11, 0x99, 0x99, 0x39, 0x11
    dc.b    0x63, 0x39, 0x19, 0x11, 0x63, 0x13, 0x13, 0x61, 0xf0, 0x00, 0x63, 0x13, 0x91, 0x13, 0x63, 0x11
    dc.b    0x62, 0x16, 0x66, 0x21, 0x32, 0x11, 0x66, 0x21, 0x16, 0x14, 0x06, 0x31, 0x13, 0x21, 0x06, 0x31
    dc.b    0x12, 0x31, 0x06, 0x31, 0x11, 0x31, 0x09, 0x62, 0xf0, 0x00, 0x41, 0x13, 0x09, 0x62, 0x11, 0x12
    dc.b    0x88, 0x55, 0x55, 0x55, 0x88, 0x85, 0x55, 0x55, 0x11, 0x33, 0x69, 0x96, 0x44, 0x11, 0x11, 0x13
    dc.b    0x93, 0x41, 0x33, 0x33, 0x66, 0x34, 0x41, 0x11, 0xa1, 0x01, 0x16, 0x66, 0x14, 0x44, 0x44, 0x16
    dc.b    0x61, 0x22, 0x44, 0x41, 0x66, 0x39, 0x14, 0x44, 0x41, 0x11, 0x14, 0x44, 0x44, 0x11, 0x11, 0x01
    dc.b    0x11, 0x44, 0x11, 0x01, 0x44, 0x41, 0x12, 0x01, 0x11, 0x14, 0x30, 0x01, 0x31, 0x14, 0x44, 0x41
    dc.b    0x13, 0x14, 0xf4, 0x51, 0x21, 0x14, 0x41, 0x12, 0x44, 0x44, 0x21, 0x00, 0x14, 0x11, 0x14, 0x44
    dc.b    0xf0, 0x00, 0x55, 0xd5, 0x55, 0x58, 0x55, 0x55, 0x55, 0x5a, 0x65, 0x55, 0x55, 0x88, 0x69, 0x90
    dc.b    0x00, 0x00, 0x63, 0x36, 0x60, 0x00, 0x11, 0x11, 0x39, 0x00, 0x12, 0x33, 0x69, 0x00, 0x33, 0x69
    dc.b    0xf0, 0x00, 0x99, 0x00, 0x99, 0x99, 0x63, 0x60, 0x39, 0x62, 0x12, 0x30, 0x39, 0x21, 0x12, 0x36
    dc.b    0x29, 0x21, 0x11, 0x23, 0x26, 0x22, 0x11, 0x12, 0x16, 0x22, 0x21, 0x11, 0x13, 0x32, 0x21, 0x11
    dc.b    0x71, 0x01, 0x13, 0x33, 0x22, 0x11, 0x12, 0x63, 0x32, 0x21, 0x12, 0x63, 0x33, 0x21, 0x12, 0x93
    dc.b    0xc0, 0x11, 0x22, 0x21, 0x12, 0x96, 0x33, 0x66, 0x12, 0x96, 0x66, 0x33, 0x12, 0x96, 0x33, 0x33
    dc.b    0x42, 0x63, 0x33, 0x12, 0xab, 0x80, 0x00, 0x00, 0xa8, 0x00, 0x7e, 0xdf, 0x30, 0x01, 0x60, 0x00
    dc.b    0x00, 0x00, 0x30, 0x00, 0xf2, 0x91, 0xf0, 0x00, 0x13, 0x00, 0x00, 0x00, 0x12, 0x30, 0x00, 0x00
    dc.b    0x11, 0x26, 0x00, 0x00, 0x11, 0x23, 0x00, 0x00, 0x11, 0x12, 0x60, 0x00, 0x11, 0x12, 0x90, 0x00
    dc.b    0x11, 0x23, 0x90, 0x00, 0x32, 0x26, 0x42, 0x2b, 0x90, 0x00, 0x22, 0x36, 0x90, 0x00, 0x33, 0x33
    dc.b    0x1a, 0x27, 0xd0, 0x00, 0xf0, 0x00, 0x22, 0x30, 0x00, 0x00, 0xb8, 0x22, 0x30, 0x00, 0x1a, 0xa8
    dc.b    0x12, 0x00, 0x21, 0x3a, 0xb3, 0x20, 0x63, 0x13, 0xa8, 0x32, 0x31, 0x31, 0x38, 0x31, 0x32, 0x42
    dc.b    0x13, 0x63, 0xa3, 0x44, 0xf0, 0x00, 0x21, 0x33, 0xb3, 0x44, 0x12, 0x16, 0xd3, 0x44, 0x12, 0x23
    dc.b    0x83, 0x14, 0x12, 0x22, 0xb2, 0x11, 0x12, 0x22, 0xb3, 0x11, 0x12, 0x22, 0x31, 0x41, 0x12, 0x22
    dc.b    0x11, 0x23, 0x32, 0x26, 0xf0, 0x00, 0x33, 0x32, 0x11, 0x31, 0xb2, 0x11, 0x23, 0x31, 0x7b, 0xb3
    dc.b    0x35, 0x50, 0xcc, 0x7b, 0x55, 0x50, 0x77, 0x77, 0xab, 0x55, 0xcc, 0xcc, 0xc7, 0xdd, 0xcc, 0xcc
    dc.b    0xcc, 0x58, 0x77, 0x77, 0x5a, 0x3c, 0xcc, 0x58, 0xba, 0xaa, 0xaa, 0x58, 0x88, 0x8b, 0xb5, 0xdd
    dc.b    0xf0, 0x00, 0x00, 0x0b, 0x00, 0x00, 0x00, 0x8a, 0x00, 0x00, 0x0b, 0xdd, 0x00, 0x00, 0xa7, 0x75
    dc.b    0x00, 0x08, 0x7a, 0x77, 0x00, 0x08, 0x77, 0x88, 0x00, 0x08, 0xa7, 0x78, 0x30, 0x55, 0x87, 0x7a
    dc.b    0xf0, 0x00, 0x25, 0x5d, 0xd5, 0x88, 0x15, 0xdd, 0x88, 0x58, 0x13, 0x58, 0xdd, 0x55, 0x61, 0x55
    dc.b    0xdd, 0x55, 0x91, 0xb5, 0x55, 0x55, 0x91, 0xab, 0xbb, 0x88, 0x91, 0xbb, 0x88, 0x8d, 0x61, 0x88
    dc.b    0x43, 0x6b, 0x8d, 0xd0, 0x16, 0x8d, 0xd0, 0x00, 0x6d, 0xd0, 0xf7, 0x3c, 0xbb, 0xaa, 0x00, 0x0b
    dc.b    0x7c, 0x78, 0x00, 0xb7, 0x77, 0xa5, 0x55, 0x57, 0x55, 0x55, 0xdd, 0xd5, 0xd8, 0x88, 0x8d, 0x85
    dc.b    0xdd, 0xd8, 0xdd, 0xd5, 0xd5, 0xdd, 0x55, 0x5d, 0x55, 0x5d, 0xf0, 0x00, 0xba, 0xa0, 0x00, 0x00
    dc.b    0xa7, 0x8a, 0xa0, 0x00, 0x78, 0xa7, 0xab, 0x00, 0x8a, 0x7a, 0x8b, 0x00, 0x58, 0xbd, 0xba, 0x80
    dc.b    0x55, 0xdb, 0xab, 0x88, 0xd5, 0x55, 0xb8, 0xa8, 0xd8, 0x55, 0x90, 0x01, 0x5a, 0xb8, 0x8a, 0x55
    dc.b    0x55, 0x80, 0xba, 0xa5, 0x55, 0x00, 0x88, 0x88, 0x80, 0x00, 0x55, 0x55, 0x00, 0x00, 0xe0, 0x3f
    dc.b    0x0c, 0xa1, 0x01, 0x00, 0xa1, 0x03, 0xb7, 0xb0, 0x00, 0x00, 0x5a, 0x7a, 0x00, 0x00, 0x57, 0xcc
    dc.b    0xb0, 0x00, 0x57, 0xab, 0x80, 0x00, 0x5c, 0xc7, 0x80, 0x00, 0xf0, 0x00, 0x57, 0x78, 0x00, 0x00
    dc.b    0x14, 0x11, 0x21, 0x44, 0x24, 0x41, 0x11, 0x44, 0x21, 0x44, 0x11, 0x11, 0x32, 0x14, 0x14, 0x11
    dc.b    0x11, 0x24, 0x14, 0x11, 0x44, 0x44, 0x44, 0x12, 0x14, 0x44, 0xf0, 0x00, 0x11, 0x23, 0x11, 0x11
    dc.b    0x23, 0x33, 0x12, 0x22, 0x33, 0x33, 0x11, 0x13, 0x33, 0x99, 0x12, 0x36, 0x69, 0x99, 0x23, 0x36
    dc.b    0x99, 0x66, 0x36, 0x69, 0x98, 0x88, 0x36, 0x99, 0x88, 0xa7, 0x82, 0x01, 0x66, 0x90, 0x8b, 0x77
    dc.b    0x69, 0x00, 0x8b, 0x77, 0x90, 0x00, 0x8b, 0x77, 0x00, 0x00, 0x8a, 0x7a, 0xf0, 0x00, 0xbb, 0x7b
    dc.b    0x00, 0x08, 0xba, 0x7a, 0x00, 0x08, 0xa7, 0x7a, 0x00, 0x8b, 0xa7, 0x7a, 0x00, 0x8a, 0x77, 0x77
    dc.b    0x08, 0xba, 0x77, 0x77, 0x08, 0xb7, 0x77, 0x77, 0x08, 0xaa, 0x77, 0x77, 0x72, 0x01, 0x0d, 0x88
    dc.b    0xbb, 0xaa, 0x0d, 0xdd, 0xdd, 0xdd, 0x00, 0xdd, 0xdd, 0xdd, 0x00, 0x0d, 0xf0, 0x00, 0x44, 0x44
    dc.b    0x42, 0x63, 0x44, 0x44, 0x43, 0x61, 0x44, 0x44, 0x13, 0x61, 0x11, 0x12, 0x29, 0x32, 0x11, 0x33
    dc.b    0x93, 0x23, 0x23, 0x39, 0x92, 0x33, 0x33, 0x99, 0x33, 0x32, 0x39, 0x93, 0xf0, 0x00, 0x33, 0x22
    dc.b    0x99, 0x33, 0x32, 0x21, 0x93, 0x33, 0x22, 0x12, 0x62, 0x22, 0x21, 0x12, 0x22, 0x11, 0x11, 0x22
    dc.b    0x88, 0x8d, 0xd9, 0x99, 0x7a, 0xb8, 0xdd, 0x99, 0xaa, 0xbb, 0x8d, 0x00, 0x72, 0x01, 0xab, 0xbb
    dc.b    0x80, 0x00, 0xab, 0xb8, 0xd0, 0x00, 0xab, 0xb8, 0x00, 0x00, 0xbb, 0x8d, 0x30, 0x01, 0xba, 0x80
    dc.b    0x00, 0x00, 0xb7, 0xa0, 0xdf, 0x6b, 0x41, 0x0f, 0xab, 0xa8, 0x00, 0x00, 0xab, 0x88, 0x00, 0x00
    dc.b    0xf0, 0x00, 0xab, 0xb8, 0x80, 0x00, 0xab, 0xbb, 0xb0, 0x00, 0x8b, 0x8b, 0xa8, 0x00, 0xdd, 0x8b
    dc.b    0xab, 0x80, 0xdd, 0xd8, 0x8b, 0xb0, 0xdd, 0xdd, 0xdd, 0xd0, 0x21, 0x23, 0x33, 0x39, 0x12, 0x33
    dc.b    0xf0, 0x00, 0x23, 0x39, 0x23, 0x32, 0x23, 0x30, 0x33, 0x22, 0x33, 0x60, 0x32, 0x23, 0x33, 0x90
    dc.b    0x22, 0x23, 0x36, 0x90, 0x22, 0x33, 0x66, 0x00, 0x12, 0x33, 0x66, 0x00, 0x23, 0x36, 0x69, 0x00
    dc.b    0x12, 0x01, 0x33, 0x36, 0x30, 0x01, 0x22, 0x36, 0x60, 0x00, 0x66, 0x33, 0xca, 0x0a, 0x10, 0x32
    dc.b    0x00, 0x00, 0x00, 0x00, 0x10, 0x01, 0x00, 0xee, 0xd4, 0xf4, 0x52, 0x05, 0xee, 0xef, 0x00, 0x0e
    dc.b    0xee, 0xef, 0x00, 0xe0, 0xee, 0xef, 0x3c, 0x19, 0xee, 0xee, 0x00, 0xee, 0xee, 0xee, 0x01, 0x12
    dc.b    0xf0, 0x00, 0xff, 0xee, 0xef, 0xff, 0xff, 0xff, 0xff, 0xff, 0xff, 0xcf, 0xff, 0xff, 0xcc, 0xcf
    dc.b    0xff, 0xcc, 0xfc, 0xcc, 0xfc, 0xcf, 0xfc, 0xff, 0xfc, 0xff, 0xff, 0xf8, 0xff, 0xfe, 0xef, 0xfe
    dc.b    0x2b, 0x3a, 0xff, 0xfb, 0x7a, 0xea, 0xf0, 0x00, 0xee, 0x00, 0x00, 0x0e, 0xee, 0xe0, 0x00, 0x0e
    dc.b    0xfe, 0xee, 0x00, 0x0e, 0xff, 0xee, 0xef, 0xee, 0xcc, 0xff, 0xfe, 0xe0, 0xff, 0xee, 0xee, 0xe0
    dc.b    0xae, 0xe8, 0xee, 0xee, 0x55, 0x58, 0xf0, 0x00, 0xe8, 0xee, 0xbb, 0x55, 0x88, 0xe0, 0xac, 0xc5
    dc.b    0xba, 0xe0, 0x66, 0x66, 0x6d, 0x88, 0x00, 0x55, 0x55, 0xdd, 0x09, 0x63, 0x22, 0x36, 0x09, 0x32
    dc.b    0x21, 0x11, 0x09, 0x62, 0x12, 0x22, 0xf0, 0x00, 0x09, 0x66, 0x31, 0x11, 0x09, 0x63, 0x36, 0x32
    dc.b    0x09, 0x61, 0x23, 0x33, 0x96, 0x33, 0x11, 0x11, 0x96, 0x32, 0x22, 0x21, 0x96, 0x33, 0x33, 0x33
    dc.b    0x09, 0x63, 0x21, 0x11, 0x00, 0x99, 0x30, 0x01, 0x63, 0x22, 0x00, 0x09, 0x99, 0x66, 0xc8, 0x27
    dc.b    0x10, 0x00, 0x00, 0x56, 0x00, 0x00, 0x00, 0x00
spr_ken_730_animation0_frame8_tileset_data_size = .-spr_ken_730_animation0_frame8_tileset_data

    .align  2
spr_ken_defeat_v1_animation0_frame0_tileset_data:
    dc.b    0x00, 0x01, 0xe6, 0xb3, 0xf0, 0x00, 0x02, 0x44, 0x00, 0x03, 0x24, 0x44, 0x00, 0x02, 0x44, 0x44
    dc.b    0x06, 0x24, 0x44, 0x44, 0x03, 0x44, 0x44, 0x42, 0x24, 0x44, 0x44, 0x42, 0x44, 0x44, 0x44, 0x22
    dc.b    0x44, 0x41, 0x44, 0x26, 0x93, 0x00, 0x44, 0x42, 0x41, 0x25, 0x44, 0x42, 0x42, 0x39, 0x44, 0x23
    dc.b    0x12, 0x26, 0x41, 0x26, 0x22, 0x26, 0x22, 0x66, 0xe1, 0x1f, 0x23, 0x69, 0x22, 0x66, 0x26, 0x65
    dc.b    0x23, 0x66, 0x26, 0x69, 0x69, 0x66, 0x66, 0x50, 0x59, 0x66, 0x69, 0x90, 0x96, 0x66, 0x55, 0x00
    dc.b    0x44, 0x42, 0x66, 0x00, 0x44, 0x44, 0x02, 0x00, 0x11, 0x01, 0x22, 0x24, 0xf0, 0x00, 0x41, 0x44
    dc.b    0x66, 0x44, 0x21, 0x24, 0x62, 0x43, 0x21, 0x34, 0x22, 0x46, 0x24, 0x34, 0x22, 0x25, 0x22, 0x64
    dc.b    0x62, 0x35, 0x22, 0x64, 0x44, 0x44, 0x22, 0x00, 0x44, 0x44, 0x42, 0x10, 0xf0, 0x00, 0x42, 0x24
    dc.b    0x44, 0x12, 0x22, 0x44, 0x22, 0x42, 0x33, 0x44, 0x22, 0x14, 0x63, 0x44, 0x22, 0x14, 0x94, 0x42
    dc.b    0x64, 0x12, 0x94, 0x22, 0x24, 0x22, 0x24, 0x26, 0x44, 0x22, 0x42, 0x69, 0xf0, 0x00, 0x42, 0x32
    dc.b    0x12, 0x53, 0x42, 0x32, 0x33, 0x52, 0x22, 0x62, 0x69, 0x32, 0x23, 0x62, 0x53, 0x22, 0x23, 0x62
    dc.b    0x96, 0x62, 0x23, 0x62, 0x05, 0x66, 0x26, 0x24, 0x00, 0x66, 0x66, 0x22, 0x60, 0x01, 0x00, 0x56
    dc.b    0x66, 0x22, 0x00, 0x99, 0x56, 0x22, 0x00, 0x09, 0x63, 0x22, 0xc3, 0xba, 0xf1, 0x6b, 0x56, 0x22
    dc.b    0x30, 0x00, 0x99, 0x69, 0x42, 0x00, 0x09, 0x95, 0x44, 0x30, 0x00, 0x00, 0x44, 0x42, 0x00, 0x00
    dc.b    0x44, 0x44, 0x36, 0x00, 0x44, 0x44, 0x22, 0x60, 0x44, 0x44, 0x44, 0x23, 0x21, 0x01, 0x44, 0x24
    dc.b    0x44, 0x44, 0x16, 0x00, 0x00, 0x00, 0x52, 0x01, 0x30, 0x00, 0x00, 0x00, 0x12, 0x00, 0x00, 0x00
    dc.b    0x42, 0x30, 0x10, 0x01, 0x44, 0x20, 0xc9, 0x5b, 0x11, 0x01, 0x44, 0x22, 0xa1, 0x01, 0x30, 0x00
    dc.b    0x44, 0x22, 0x20, 0x00, 0x44, 0x42, 0x42, 0x30, 0x44, 0x42, 0x44, 0x20, 0x44, 0x41, 0x44, 0x40
    dc.b    0x44, 0x44, 0x01, 0x29, 0xf0, 0x00, 0x29, 0x93, 0x44, 0x28, 0xbb, 0x60, 0x12, 0x8b, 0x77, 0x80
    dc.b    0x88, 0xb7, 0xcc, 0x70, 0x98, 0x87, 0x7c, 0xcb, 0x99, 0x8c, 0x7c, 0xcc, 0x09, 0x8c, 0x7c, 0xcc
    dc.b    0x9b, 0xa8, 0x87, 0x7c, 0x71, 0x47, 0x9b, 0x7b, 0xbb, 0x77, 0x9b, 0xb7, 0xbb, 0xb8, 0x69, 0x99
    dc.b    0x99, 0x99, 0x36, 0x60, 0x37, 0x3f, 0x30, 0x00, 0x44, 0x42, 0x23, 0x00, 0x00, 0x24, 0x00, 0x00
    dc.b    0xe0, 0x19, 0xcb, 0x00, 0x00, 0x00, 0xcc, 0xb0, 0x00, 0x00, 0xcc, 0xca, 0x00, 0x00, 0xcc, 0xcc
    dc.b    0xb0, 0x00, 0x77, 0x7c, 0xbc, 0x8c, 0x9b, 0x7a, 0x9b, 0x9b, 0x05, 0x95, 0x95, 0x55, 0x7f, 0xd8
    dc.b    0x10, 0x27, 0x00, 0x0e, 0x7f, 0xae, 0xf0, 0x00, 0xee, 0xe4, 0x00, 0xee, 0xef, 0xee, 0x00, 0xee
    dc.b    0xfc, 0xf5, 0x0f, 0x7e, 0xcf, 0xef, 0x0e, 0x7e, 0xcf, 0xee, 0x0e, 0xee, 0xe7, 0xfe, 0xee, 0xe7
    dc.b    0xef, 0xff, 0xee, 0xff, 0xef, 0xe7, 0xf0, 0x00, 0xee, 0xfe, 0xe7, 0xe7, 0xee, 0xee, 0xfe, 0xee
    dc.b    0xfe, 0xee, 0xee, 0xee, 0xe0, 0xef, 0xe4, 0xee, 0x0e, 0xfe, 0xe4, 0xe4, 0xee, 0xee, 0xee, 0xe3
    dc.b    0x00, 0x0e, 0xee, 0xe1, 0x00, 0x0e, 0x72, 0x27, 0x0e, 0x61, 0x00, 0x00, 0x00, 0x61, 0x00, 0x00
    dc.b    0x00, 0x01, 0x00, 0x00, 0x00, 0x06, 0x12, 0x01, 0x00, 0x08, 0xf0, 0x00, 0xb0, 0x55, 0x00, 0x0b
    dc.b    0xc8, 0x55, 0x00, 0xda, 0xb5, 0xdd, 0x0b, 0xb9, 0x9d, 0xdd, 0xcc, 0xdc, 0x5c, 0xdd, 0x7a, 0xcc
    dc.b    0x8c, 0x89, 0x8d, 0xad, 0xca, 0xbc, 0x9d, 0xa8, 0x79, 0x7b, 0xf0, 0x00, 0x00, 0x5b, 0xc9, 0xbb
    dc.b    0x00, 0x09, 0x90, 0x99, 0x4e, 0xcc, 0x88, 0xb8, 0xd5, 0x8b, 0x8c, 0xcb, 0x7d, 0xcc, 0xcc, 0x78
    dc.b    0x8c, 0xc7, 0x77, 0x88, 0x7b, 0x77, 0x7a, 0x87, 0xe4, 0xeb, 0xf0, 0x00, 0xbb, 0x7c, 0xee, 0x4e
    dc.b    0x97, 0x7a, 0xf4, 0xe8, 0xe6, 0x24, 0x7e, 0xd6, 0x34, 0x44, 0xce, 0x91, 0x44, 0x44, 0xe3, 0x19
    dc.b    0xbc, 0xc8, 0x35, 0x8c, 0xcc, 0xcc, 0x28, 0x7c, 0xcc, 0xcc, 0xf0, 0x00, 0x5a, 0x7c, 0xcc, 0x7b
    dc.b    0x5a, 0x7c, 0xc7, 0x77, 0x5b, 0x7b, 0xac, 0xcc, 0x5b, 0xba, 0x7c, 0xcc, 0x58, 0xac, 0xcc, 0xcc
    dc.b    0x58, 0xcc, 0xac, 0xcc, 0x5b, 0x8a, 0xba, 0xaa, 0xbc, 0xcc, 0xf0, 0x00, 0x7a, 0xcc, 0xac, 0xcc
    dc.b    0x7c, 0xcc, 0x55, 0x5c, 0xcc, 0xc7, 0x5d, 0xd5, 0x8c, 0x77, 0xdd, 0x58, 0xd7, 0xa8, 0xdd, 0x88
    dc.b    0xdb, 0xbb, 0xdd, 0xdd, 0xdb, 0x89, 0xd8, 0x5d, 0x59, 0x90, 0x35, 0x7f, 0x95, 0x50, 0x00, 0x00
    dc.b    0x95, 0x00, 0xf0, 0x00, 0x00, 0x32, 0x00, 0x00, 0x69, 0x99, 0x00, 0x06, 0x21, 0x44, 0x96, 0x55
    dc.b    0x8a, 0xca, 0xb5, 0x5d, 0xcc, 0xca, 0xcc, 0x7c, 0xcc, 0xb7, 0x22, 0x22, 0x22, 0x23, 0x44, 0x44
    dc.b    0x44, 0x44, 0xf0, 0x00, 0x44, 0x22, 0x44, 0x43, 0x44, 0x44, 0x24, 0x44, 0x53, 0x44, 0x42, 0x44
    dc.b    0xca, 0x52, 0x44, 0x24, 0x7a, 0x85, 0x14, 0x22, 0xb8, 0xd8, 0x92, 0x22, 0xab, 0xd8, 0xd3, 0x43
    dc.b    0xcc, 0x89, 0xe0, 0x01, 0x89, 0x26, 0xcc, 0xab, 0x85, 0x26, 0xcc, 0x7b, 0x95, 0x66, 0xca, 0xbb
    dc.b    0x55, 0x56, 0x7a, 0x88, 0x99, 0x66, 0xcb, 0xdb, 0x56, 0x69, 0xcb, 0x88, 0x66, 0x59, 0x7b, 0x89
    dc.b    0xce, 0x7c, 0x10, 0x01, 0xbb, 0x90, 0xd9, 0xb7, 0x1a, 0xbe, 0x90, 0x00, 0xf0, 0x00, 0x00, 0x22
    dc.b    0x30, 0x00, 0x62, 0x44, 0x16, 0x00, 0x44, 0x36, 0x66, 0x37, 0x66, 0x24, 0x44, 0x26, 0x44, 0x64
    dc.b    0x44, 0x44, 0xd5, 0x43, 0x44, 0x44, 0xca, 0x54, 0x34, 0x44, 0xcc, 0xb9, 0xf0, 0x00, 0x42, 0x44
    dc.b    0xcc, 0x78, 0x44, 0x34, 0x12, 0x33, 0x51, 0x16, 0x34, 0x44, 0x15, 0x42, 0x13, 0x33, 0x25, 0x44
    dc.b    0x44, 0x44, 0x22, 0x54, 0x44, 0x44, 0x22, 0x93, 0x44, 0x42, 0x22, 0x19, 0x21, 0x01, 0x44, 0x22
    dc.b    0x24, 0x22, 0xf0, 0x00, 0x12, 0x22, 0x11, 0x25, 0x22, 0x23, 0x12, 0x25, 0x22, 0x69, 0x22, 0x95
    dc.b    0x22, 0x65, 0x22, 0x55, 0x66, 0x96, 0x59, 0x55, 0x59, 0x22, 0x65, 0x55, 0x62, 0x26, 0x99, 0x55
    dc.b    0x55, 0x55, 0x97, 0x41, 0x66, 0x24, 0x00, 0x00, 0x59, 0x44, 0x00, 0x00, 0x92, 0x44, 0x00, 0x00
    dc.b    0x64, 0x44, 0x00, 0x00, 0x66, 0x66, 0xf0, 0x00, 0x0b, 0x00, 0x00, 0x00, 0xcc, 0xcc, 0xca, 0xb0
    dc.b    0x7c, 0xcc, 0xcc, 0xab, 0xb7, 0x7c, 0xc7, 0x87, 0x16, 0xbb, 0xbd, 0x87, 0x42, 0x46, 0x69, 0xb7
    dc.b    0x44, 0x39, 0x59, 0x98, 0x43, 0x52, 0xf0, 0x00, 0x44, 0x3b, 0x22, 0x42, 0x22, 0x65, 0x11, 0x26
    dc.b    0x55, 0x55, 0x22, 0x25, 0x55, 0x55, 0x62, 0x55, 0x55, 0x45, 0x39, 0x55, 0x55, 0x51, 0x95, 0x51
    dc.b    0x45, 0x51, 0x55, 0x54, 0x25, 0x55, 0x91, 0x01, 0x55, 0x44, 0x35, 0x55, 0x55, 0x42, 0x45, 0x55
    dc.b    0x54, 0x42, 0x45, 0x55, 0x94, 0x24, 0x45, 0x55, 0x32, 0x24, 0xf0, 0x00, 0x25, 0x55, 0x99, 0x24
    dc.b    0x65, 0x55, 0x93, 0x64, 0x65, 0x55, 0x22, 0x54, 0x25, 0x55, 0x44, 0x92, 0x26, 0x25, 0x44, 0x25
    dc.b    0x44, 0x41, 0x44, 0x25, 0x34, 0x44, 0x66, 0x95, 0x54, 0x23, 0x29, 0x85, 0x00, 0x00, 0x91, 0x99
    dc.b    0xf0, 0x00, 0xaa, 0xb0, 0x00, 0x00, 0xcc, 0xcb, 0x80, 0x00, 0x7c, 0xc5, 0x55, 0x50, 0x77, 0x5d
    dc.b    0xdd, 0x55, 0x85, 0xdd, 0x58, 0x85, 0x85, 0xdd, 0x87, 0xcc, 0x55, 0x5d, 0x7c, 0x9c, 0x93, 0x3d
    dc.b    0xf0, 0x00, 0x78, 0xac, 0x54, 0x28, 0xb9, 0xcc, 0x55, 0x51, 0x39, 0x89, 0x35, 0x54, 0x44, 0x12
    dc.b    0x45, 0x55, 0x66, 0x14, 0x45, 0x55, 0x14, 0x44, 0x29, 0x55, 0x44, 0x12, 0x44, 0x55, 0x52, 0x24
    dc.b    0x71, 0xd8, 0x44, 0x55, 0x52, 0x44, 0x42, 0x55, 0x54, 0x22, 0x22, 0x55, 0x12, 0x22, 0x24, 0x44
    dc.b    0xd6, 0x3a, 0x44, 0x22, 0x22, 0x24, 0x42, 0x22, 0x66, 0x22, 0x22, 0x22, 0x56, 0x66, 0x22, 0x22
    dc.b    0x65, 0x66, 0x66, 0x66, 0x49, 0x56, 0x66, 0x66, 0x90, 0x00, 0x55, 0x55, 0x01, 0xff, 0xf0, 0x00
    dc.b    0x03, 0x24, 0x00, 0x00, 0x24, 0x44, 0x00, 0x63, 0x44, 0x44, 0x00, 0x64, 0x44, 0x44, 0x96, 0x44
    dc.b    0x22, 0x44, 0x92, 0x44, 0x22, 0x44, 0x52, 0x22, 0x32, 0x42, 0xa5, 0x22, 0x62, 0x42, 0xe1, 0x35
    dc.b    0xac, 0x93, 0x62, 0x42, 0xdc, 0xb9, 0x62, 0x22, 0xbc, 0x75, 0x62, 0x22, 0xa9, 0x59, 0x95, 0x26
    dc.b    0x33, 0x39, 0x99, 0x35, 0x44, 0x41, 0x23, 0x69, 0x22, 0x22, 0x24, 0x44, 0x03, 0x00, 0xf0, 0x00
    dc.b    0x22, 0x22, 0x44, 0x42, 0x22, 0x22, 0x41, 0x22, 0x22, 0x24, 0x22, 0x26, 0x22, 0x12, 0x22, 0x36
    dc.b    0x24, 0x22, 0x26, 0x62, 0x22, 0x22, 0x66, 0x62, 0x22, 0x66, 0x66, 0x66, 0x66, 0x66, 0x73, 0x3e
    dc.b    0x66, 0x65, 0x66, 0x66, 0x66, 0x96, 0x50, 0x00, 0x05, 0x55, 0x00, 0x00, 0x00, 0x05, 0xf0, 0x00
    dc.b    0x24, 0x32, 0x13, 0x44, 0x24, 0x62, 0x43, 0x44, 0x22, 0x52, 0x26, 0x44, 0x23, 0x52, 0x26, 0x44
    dc.b    0x25, 0x52, 0x26, 0x24, 0x26, 0x92, 0x26, 0x24, 0x66, 0x52, 0x26, 0x34, 0x96, 0x56, 0x30, 0x01
    dc.b    0x26, 0x64, 0x00, 0x05, 0x96, 0x62, 0xee, 0xe4, 0x15, 0x1b, 0x00, 0x56, 0x03, 0x00, 0x61, 0x01
    dc.b    0x44, 0x44, 0x42, 0x36, 0x44, 0x44, 0x42, 0x23, 0x42, 0x44, 0x44, 0x44, 0x11, 0x01, 0x42, 0x24
    dc.b    0xf0, 0x00, 0x44, 0x41, 0x42, 0x22, 0x44, 0x48, 0x42, 0x22, 0x44, 0x38, 0x44, 0x42, 0x46, 0xdb
    dc.b    0x24, 0x44, 0x49, 0x98, 0x24, 0x44, 0x55, 0x56, 0x34, 0x43, 0x59, 0x66, 0x02, 0x25, 0x96, 0x65
    dc.b    0x23, 0x1f, 0x00, 0x55, 0x50, 0x00, 0x50, 0x01, 0x99, 0x99, 0x99, 0x99, 0x66, 0x00, 0x00, 0x00
    dc.b    0x44, 0x43, 0x7d, 0x51, 0xf0, 0x00, 0x23, 0x89, 0x56, 0x00, 0x68, 0xbb, 0x66, 0x00, 0xba, 0xcc
    dc.b    0xca, 0xbb, 0xb7, 0xcc, 0xcc, 0x7b, 0xbb, 0x7a, 0x7c, 0xcc, 0xbb, 0xb7, 0xc7, 0xcc, 0x66, 0x58
    dc.b    0xbb, 0x77, 0x65, 0x09, 0x53, 0x1f, 0xbb, 0xa7, 0x00, 0x00, 0x09, 0xbb, 0x00, 0x00, 0x00, 0x9b
    dc.b    0x44, 0x48, 0xb7, 0xa9, 0xb9, 0xb9, 0x59, 0x59, 0x55, 0x50, 0xf0, 0x00, 0x0b, 0xc7, 0x00, 0x0b
    dc.b    0xb7, 0xcc, 0xbb, 0xcc, 0xca, 0x8d, 0xcc, 0xcc, 0xbc, 0xc0, 0xcc, 0xcc, 0x8b, 0xa0, 0xcc, 0xcc
    dc.b    0xcc, 0x90, 0xcc, 0xcc, 0x8d, 0x00, 0xcc, 0x78, 0x89, 0x00, 0x50, 0x01, 0x7c, 0xb7, 0x90, 0x00
    dc.b    0x7a, 0xc9, 0x00, 0x00, 0xbb, 0x80, 0xdc, 0x5f, 0x00, 0x07, 0x7d, 0x91, 0x72, 0x08, 0x0e, 0xee
    dc.b    0x00, 0x00, 0x0e, 0xef, 0x00, 0x00, 0xf7, 0xec, 0x00, 0x00, 0xe7, 0xec, 0xd0, 0x00, 0xfe, 0xe0
    dc.b    0x0e, 0xec, 0xee, 0x4e, 0xee, 0x44, 0xec, 0xc8, 0xfe, 0xed, 0x58, 0xb8, 0xcf, 0x57, 0xdc, 0xcc
    dc.b    0xfe, 0xf8, 0xcc, 0x77, 0xfe, 0xe7, 0xb7, 0x77, 0x00, 0x00, 0x00, 0x00
spr_ken_defeat_v1_animation0_frame0_tileset_data_size = .-spr_ken_defeat_v1_animation0_frame0_tileset_data

    .align  2
spr_ken_victory_v1_animation0_frame0_tileset_data:
    dc.b    0x10, 0x12, 0x00, 0x00, 0x00, 0x00, 0x14, 0x01, 0x00, 0x09, 0x32, 0x01, 0x00, 0x06, 0x00, 0x00
    dc.b    0x00, 0x62, 0x12, 0x03, 0x00, 0x34, 0x12, 0x01, 0x00, 0x92, 0x01, 0x0f, 0x07, 0x1b, 0xf0, 0x00
    dc.b    0x00, 0x8a, 0x00, 0x00, 0x09, 0xac, 0x00, 0x00, 0x97, 0xca, 0x00, 0xdb, 0x7b, 0xbc, 0x00, 0xdc
    dc.b    0xbc, 0xbc, 0x00, 0x0d, 0x9a, 0xab, 0x00, 0x00, 0x00, 0x99, 0x00, 0x09, 0x44, 0x22, 0xf0, 0x00
    dc.b    0x00, 0x94, 0x41, 0x23, 0x00, 0x64, 0x42, 0x31, 0x09, 0x22, 0x26, 0x44, 0x09, 0x22, 0x32, 0x44
    dc.b    0x09, 0x26, 0x24, 0x21, 0x00, 0x91, 0x41, 0x44, 0x09, 0x24, 0x22, 0x44, 0x09, 0x22, 0xf1, 0x01
    dc.b    0x24, 0x44, 0x92, 0x24, 0x44, 0x22, 0x22, 0x44, 0x44, 0x22, 0x21, 0x44, 0x41, 0x22, 0x24, 0x44
    dc.b    0x44, 0x22, 0x14, 0x44, 0x42, 0x22, 0x24, 0x44, 0x42, 0x22, 0x22, 0x44, 0x44, 0x44, 0xf0, 0x00
    dc.b    0x42, 0x24, 0x44, 0x44, 0x44, 0x22, 0x44, 0x42, 0x24, 0x42, 0x24, 0x22, 0x22, 0x44, 0x42, 0x22
    dc.b    0x92, 0x44, 0x44, 0x22, 0x09, 0x94, 0x44, 0x26, 0x9a, 0xa9, 0x99, 0x99, 0xaa, 0x7a, 0xf0, 0x00
    dc.b    0x8b, 0x89, 0xcc, 0xc8, 0xcc, 0x89, 0xcc, 0xcb, 0xc7, 0x89, 0xcc, 0xcb, 0xa9, 0x00, 0xc7, 0xcb
    dc.b    0x90, 0x00, 0x8c, 0xcb, 0x90, 0x00, 0x9a, 0xbd, 0x00, 0x00, 0x09, 0x90, 0x00, 0x00, 0xf0, 0x00
    dc.b    0x14, 0x44, 0x14, 0x22, 0x44, 0x44, 0x41, 0x22, 0x44, 0x44, 0x42, 0x23, 0x44, 0x44, 0x22, 0x26
    dc.b    0x44, 0x42, 0x22, 0x39, 0x44, 0x22, 0x23, 0x33, 0x42, 0x22, 0x23, 0x62, 0x22, 0x22, 0xf0, 0x00
    dc.b    0x39, 0x23, 0x22, 0x22, 0x32, 0x29, 0x22, 0x22, 0x22, 0x39, 0x22, 0x22, 0x23, 0x92, 0x22, 0x22
    dc.b    0x43, 0x33, 0x22, 0x24, 0x26, 0x29, 0x24, 0x42, 0x63, 0x29, 0x44, 0x22, 0x22, 0x30, 0x61, 0x01
    dc.b    0x42, 0x22, 0x23, 0x90, 0x22, 0x26, 0x23, 0x90, 0x22, 0x32, 0x90, 0x00, 0x30, 0x01, 0x22, 0x23
    dc.b    0x00, 0x00, 0x63, 0x36, 0xd7, 0x9d, 0x10, 0x11, 0x90, 0x00, 0x7f, 0x56, 0x30, 0x01, 0x23, 0x33
    dc.b    0x00, 0x00, 0x33, 0x90, 0xc1, 0x16, 0x01, 0x01, 0x32, 0x1f, 0x39, 0x00, 0x00, 0x00, 0x29, 0x00
    dc.b    0x03, 0x01, 0x01, 0x00, 0x05, 0x05, 0x00, 0x61, 0x00, 0x00, 0x00, 0x02, 0x7e, 0xdb, 0x30, 0x01
    dc.b    0x96, 0x22, 0x00, 0x00, 0x09, 0x22, 0xcb, 0x33, 0x30, 0x01, 0x00, 0x24, 0x00, 0x00, 0x00, 0x22
    dc.b    0xd2, 0xc6, 0x07, 0x13, 0x90, 0x01, 0x00, 0x32, 0x00, 0x00, 0x09, 0x44, 0x00, 0x00, 0x92, 0x23
    dc.b    0x00, 0x00, 0x31, 0x29, 0x00, 0x00, 0x32, 0x66, 0xdd, 0xfd, 0xe1, 0x01, 0x99, 0x22, 0x00, 0x00
    dc.b    0x92, 0x24, 0x00, 0x00, 0x32, 0x24, 0x00, 0x03, 0x22, 0x44, 0x00, 0x09, 0x22, 0x44, 0x00, 0x06
    dc.b    0x22, 0x44, 0x00, 0x92, 0x44, 0x44, 0x06, 0x22, 0xf0, 0x00, 0x44, 0x24, 0x06, 0x24, 0x42, 0x44
    dc.b    0x06, 0x24, 0x22, 0x44, 0x06, 0x22, 0x24, 0x44, 0x92, 0x26, 0x44, 0x44, 0x92, 0x94, 0x44, 0x24
    dc.b    0x22, 0x44, 0x42, 0x44, 0x94, 0x44, 0x24, 0x44, 0xf0, 0x00, 0x32, 0x44, 0x12, 0x44, 0x24, 0x42
    dc.b    0x32, 0x44, 0x44, 0x42, 0x24, 0x42, 0x44, 0x23, 0x21, 0x23, 0x22, 0x32, 0x23, 0x39, 0x23, 0x35
    dc.b    0x55, 0x55, 0x65, 0x59, 0x99, 0x55, 0x93, 0x22, 0xe1, 0x01, 0x24, 0x44, 0x24, 0x24, 0x42, 0x44
    dc.b    0x44, 0x54, 0x44, 0x22, 0x49, 0x54, 0x44, 0x42, 0x99, 0x54, 0x44, 0x44, 0x63, 0x94, 0x44, 0x44
    dc.b    0x24, 0x54, 0x44, 0x42, 0x44, 0x94, 0x11, 0x01, 0x44, 0x44, 0x84, 0x01, 0x44, 0x99, 0x92, 0x44
    dc.b    0x44, 0x42, 0x29, 0x52, 0x44, 0x44, 0x12, 0x39, 0x44, 0x44, 0x44, 0x22, 0x12, 0x01, 0x42, 0x22
    dc.b    0x31, 0x01, 0x22, 0x22, 0x44, 0x42, 0x22, 0x23, 0xf0, 0x00, 0x44, 0x22, 0x12, 0x33, 0x41, 0x24
    dc.b    0x22, 0x33, 0x42, 0x22, 0x22, 0x33, 0x22, 0x42, 0x23, 0x39, 0x44, 0x22, 0x26, 0x21, 0x44, 0x44
    dc.b    0x23, 0x32, 0x22, 0x22, 0x22, 0x92, 0x36, 0x63, 0xf0, 0x00, 0x32, 0x25, 0x33, 0x22, 0x25, 0x54
    dc.b    0x55, 0x33, 0x32, 0x41, 0x55, 0x55, 0x59, 0x59, 0x99, 0x95, 0x55, 0x55, 0x44, 0x45, 0x55, 0x55
    dc.b    0x24, 0x45, 0x55, 0x55, 0x22, 0x55, 0x51, 0x55, 0xa0, 0x01, 0x42, 0x55, 0x52, 0x25, 0x41, 0x55
    dc.b    0x52, 0x25, 0x44, 0x55, 0x54, 0x45, 0x25, 0x55, 0x52, 0x25, 0x45, 0x55, 0x52, 0x22, 0xfd, 0xc2
    dc.b    0xf0, 0x00, 0x54, 0x44, 0x15, 0x55, 0x52, 0x34, 0x95, 0x55, 0x53, 0x36, 0x25, 0x55, 0x53, 0x33
    dc.b    0x25, 0x55, 0x52, 0x22, 0x25, 0x55, 0x52, 0x44, 0x35, 0x55, 0x52, 0x44, 0x39, 0x55, 0x52, 0x24
    dc.b    0xe2, 0xb1, 0x39, 0x33, 0x32, 0x24, 0x39, 0x33, 0x22, 0x24, 0x39, 0x33, 0x32, 0x21, 0x36, 0x93
    dc.b    0x32, 0x21, 0x90, 0x09, 0x32, 0x22, 0x90, 0x00, 0x93, 0x22, 0x00, 0x00, 0x93, 0x32, 0x12, 0xb1
    dc.b    0x00, 0x0d, 0x01, 0x03, 0x74, 0xbf, 0x00, 0x9a, 0x00, 0x00, 0x00, 0x5b, 0x00, 0x00, 0x00, 0x58
    dc.b    0x00, 0x00, 0x00, 0x08, 0x00, 0x29, 0x00, 0x00, 0xf0, 0x00, 0x9b, 0xca, 0xcc, 0xca, 0x8c, 0xa7
    dc.b    0xcc, 0xc7, 0xac, 0xa7, 0xcc, 0xc7, 0xc7, 0xba, 0xcc, 0xca, 0xc8, 0xba, 0xcc, 0xca, 0xa8, 0xba
    dc.b    0xcc, 0xaa, 0x88, 0x8a, 0xaa, 0xa8, 0x78, 0x8a, 0xf0, 0x00, 0xaa, 0xb6, 0x8a, 0x88, 0x8a, 0xa8
    dc.b    0x88, 0xa8, 0x88, 0x77, 0x58, 0x8b, 0xac, 0xcc, 0x58, 0x8a, 0xaa, 0xac, 0x09, 0x88, 0xaa, 0xac
    dc.b    0x05, 0x88, 0x8a, 0xaa, 0x00, 0x58, 0x88, 0xba, 0x40, 0x01, 0x00, 0x08, 0x88, 0x88, 0x00, 0x05
    dc.b    0x88, 0x88, 0xe0, 0x3b, 0x70, 0x03, 0x05, 0x98, 0x00, 0x00, 0x96, 0x58, 0x00, 0x00, 0x92, 0x69
    dc.b    0x00, 0x00, 0x09, 0x25, 0x7d, 0xb9, 0x1d, 0x5f, 0x00, 0x93, 0x54, 0x01, 0x80, 0x00, 0x00, 0x00
    dc.b    0xb9, 0x00, 0x00, 0x00, 0xa9, 0x00, 0xf0, 0x00, 0x89, 0x90, 0x00, 0x0e, 0x9c, 0xc9, 0x92, 0x64
    dc.b    0xac, 0xcc, 0xc9, 0x29, 0xac, 0xcc, 0xc8, 0x94, 0x8a, 0xcc, 0xc7, 0x94, 0xc8, 0xaa, 0xaa, 0xd2
    dc.b    0xc7, 0x8a, 0xaa, 0x89, 0xcc, 0xa8, 0xf0, 0x00, 0x88, 0x83, 0xca, 0xa8, 0xc8, 0x93, 0xaa, 0xb8
    dc.b    0x7c, 0x89, 0x88, 0x98, 0xac, 0x75, 0x89, 0x99, 0x8a, 0xa8, 0x9b, 0xab, 0x6a, 0x88, 0x8a, 0xac
    dc.b    0xa8, 0x89, 0x8a, 0xac, 0x78, 0x94, 0x51, 0xc1, 0x88, 0x8a, 0xb8, 0x52, 0x98, 0x88, 0x85, 0x32
    dc.b    0x6d, 0x88, 0xf0, 0x00, 0x22, 0x22, 0x23, 0x92, 0x22, 0x23, 0x32, 0x32, 0x23, 0x33, 0x93, 0x23
    dc.b    0x23, 0x33, 0x93, 0x36, 0x33, 0x32, 0x09, 0x62, 0x23, 0x24, 0x00, 0x92, 0x22, 0x44, 0x00, 0x62
    dc.b    0x24, 0x44, 0x20, 0x01, 0x00, 0x02, 0x44, 0x42, 0xcf, 0x70, 0x10, 0x01, 0x0e, 0xee, 0xf7, 0xcb
    dc.b    0x43, 0x00, 0xee, 0xee, 0x00, 0xee, 0xee, 0xce, 0xee, 0xee, 0xf0, 0x00, 0xee, 0xe8, 0x9e, 0xee
    dc.b    0xee, 0xe7, 0x49, 0x9e, 0x4e, 0x7b, 0x44, 0x31, 0x9e, 0xaa, 0x24, 0x42, 0x46, 0x7c, 0x24, 0x43
    dc.b    0x43, 0x7c, 0x44, 0x42, 0x24, 0x8c, 0x14, 0x44, 0x24, 0x16, 0x80, 0x01, 0x44, 0x44, 0x23, 0x46
    dc.b    0x22, 0x44, 0x23, 0x44, 0x24, 0x42, 0x24, 0x14, 0x44, 0x42, 0x44, 0x24, 0xfb, 0x39, 0xb0, 0x02
    dc.b    0x44, 0x42, 0x22, 0x64, 0x44, 0x42, 0x23, 0x24, 0x44, 0x41, 0x36, 0x24, 0x44, 0x44, 0x32, 0x44
    dc.b    0x24, 0x44, 0x24, 0x44, 0x42, 0x44, 0x7d, 0x6e, 0x11, 0x0d, 0x41, 0x24, 0xf0, 0x00, 0x44, 0x44
    dc.b    0x22, 0x44, 0x22, 0x22, 0x32, 0x12, 0x33, 0x66, 0x93, 0x33, 0x22, 0x14, 0x03, 0x63, 0x32, 0x22
    dc.b    0x09, 0x32, 0x33, 0x24, 0x00, 0x93, 0x32, 0x33, 0x00, 0x03, 0x32, 0x23, 0xc2, 0xa7, 0x00, 0x06
    dc.b    0x33, 0x22, 0x00, 0x09, 0x32, 0x42, 0x00, 0x00, 0x93, 0x24, 0x00, 0x00, 0x93, 0x31, 0x00, 0x00
    dc.b    0x09, 0x93, 0x00, 0x00, 0x09, 0x39, 0x10, 0x01, 0x00, 0x03, 0x7d, 0x01, 0x00, 0x21, 0x7e, 0xf7
    dc.b    0x11, 0x5a, 0x44, 0x44, 0x02, 0x01, 0x32, 0x01, 0x24, 0x44, 0x44, 0x42, 0x22, 0x44, 0x51, 0x5f
    dc.b    0x22, 0x24, 0x44, 0x42, 0x42, 0x22, 0x44, 0x42, 0x44, 0x22, 0x01, 0x57, 0xf0, 0x00, 0x44, 0x44
    dc.b    0x23, 0x22, 0x44, 0x44, 0x22, 0x32, 0x22, 0x24, 0x32, 0x22, 0x22, 0x24, 0x33, 0x22, 0x22, 0x24
    dc.b    0x96, 0x22, 0x22, 0x24, 0x99, 0x22, 0x22, 0x24, 0x93, 0x32, 0x22, 0x44, 0xed, 0x3f, 0x93, 0x92
    dc.b    0x22, 0x44, 0x09, 0x62, 0x24, 0x44, 0x00, 0x22, 0x24, 0x44, 0x00, 0x62, 0x22, 0x42, 0x00, 0x93
    dc.b    0x32, 0x22, 0x00, 0x09, 0x32, 0x24, 0x00, 0x09, 0x99, 0x99, 0x00, 0x02, 0x7d, 0x55, 0xd3, 0x01
    dc.b    0x69, 0x00, 0x00, 0x00, 0x21, 0x00, 0x00, 0x00, 0x24, 0x90, 0x00, 0x00, 0x24, 0x99, 0x00, 0x00
    dc.b    0x24, 0x29, 0x00, 0x00, 0x44, 0x23, 0x00, 0x00, 0x44, 0x22, 0x12, 0x01, 0x90, 0x00, 0x51, 0x01
    dc.b    0x39, 0x00, 0x41, 0x24, 0x29, 0x00, 0x42, 0x44, 0x22, 0x90, 0xf0, 0x00, 0x44, 0x44, 0x22, 0x20
    dc.b    0x44, 0x44, 0x22, 0x19, 0x44, 0x44, 0x22, 0x49, 0x44, 0x44, 0x24, 0x42, 0x24, 0x44, 0x44, 0x46
    dc.b    0x24, 0x44, 0x44, 0x40, 0x44, 0x44, 0x69, 0x80, 0x99, 0x99, 0x51, 0x01, 0xac, 0x79, 0x60, 0x8a
    dc.b    0xcc, 0xc7, 0x00, 0x9a, 0xcc, 0xcc, 0x8f, 0x4d, 0x00, 0x8a, 0xcc, 0xc7, 0x00, 0xb7, 0xa8, 0xca
    dc.b    0x00, 0xbc, 0xc7, 0xcc, 0x00, 0x5b, 0xaa, 0xaa, 0x00, 0x16, 0x00, 0x00, 0x01, 0x63, 0x18, 0x09
    dc.b    0x60, 0x00, 0xf0, 0x00, 0xad, 0x00, 0x00, 0x00, 0xc8, 0x90, 0x00, 0x00, 0xcc, 0xab, 0x00, 0x00
    dc.b    0xc7, 0x77, 0x80, 0x00, 0x8b, 0xc8, 0xc8, 0x00, 0x9d, 0xa9, 0xad, 0x00, 0x08, 0xd0, 0xd0, 0x00
    dc.b    0x95, 0x14, 0xf0, 0x00, 0x39, 0xaa, 0x25, 0x44, 0x29, 0xaa, 0x22, 0x42, 0x49, 0xaa, 0x54, 0x16
    dc.b    0x42, 0x8a, 0x41, 0x32, 0x42, 0x69, 0x29, 0x32, 0x39, 0x8a, 0x62, 0x33, 0x69, 0x98, 0x55, 0x55
    dc.b    0x09, 0xc5, 0xf0, 0x00, 0x55, 0x55, 0x09, 0xc9, 0x54, 0x29, 0x09, 0xb9, 0x52, 0x22, 0x00, 0xb8
    dc.b    0x54, 0x44, 0x90, 0x5b, 0x55, 0x44, 0x29, 0x99, 0x55, 0x44, 0x42, 0x05, 0x55, 0x14, 0x42, 0x60
    dc.b    0x55, 0x54, 0xf0, 0x00, 0x44, 0x90, 0x55, 0x54, 0x44, 0x60, 0x55, 0x54, 0x44, 0x29, 0x55, 0x55
    dc.b    0x44, 0x42, 0x55, 0x55, 0x25, 0x51, 0x55, 0x55, 0x92, 0x39, 0x25, 0x55, 0x44, 0x23, 0x25, 0x55
    dc.b    0x44, 0x22, 0x21, 0x01, 0x45, 0x55, 0x44, 0x42, 0x27, 0x00, 0x45, 0x54, 0x44, 0x44, 0x01, 0xe9
    dc.b    0x01, 0x01, 0xf0, 0x00, 0xcc, 0xa9, 0x00, 0x00, 0xac, 0xa9, 0x00, 0x00, 0xaa, 0xad, 0x90, 0x00
    dc.b    0xa8, 0x7c, 0x7b, 0x00, 0x97, 0xcc, 0xca, 0x90, 0x87, 0xcc, 0xc7, 0xa9, 0xb5, 0x55, 0x58, 0xa9
    dc.b    0x7c, 0xc5, 0xc0, 0x01, 0x8d, 0x8b, 0x7c, 0xc7, 0xd8, 0x5b, 0xdd, 0xa7, 0xdd, 0x58, 0xcc, 0xc8
    dc.b    0x9d, 0x55, 0xcc, 0xa5, 0x9d, 0x55, 0x98, 0xb5, 0xd9, 0x50, 0xba, 0x5d, 0xef, 0x9f, 0x09, 0xe3
    dc.b    0x03, 0x01, 0x30, 0x01, 0x30, 0x00, 0x00, 0x00, 0x20, 0x00, 0x7c, 0x5b, 0x01, 0x01, 0x12, 0x01
    dc.b    0x22, 0x90, 0x34, 0x01, 0x42, 0x20, 0x00, 0x00, 0x44, 0x29, 0x07, 0x00, 0xf0, 0x00, 0xee, 0x7e
    dc.b    0xee, 0xe0, 0xec, 0xce, 0xfc, 0xee, 0xce, 0xee, 0xce, 0xec, 0xfe, 0xec, 0xe7, 0xec, 0xef, 0xe8
    dc.b    0xee, 0xfe, 0xee, 0xb9, 0x84, 0xfe, 0xec, 0xbc, 0x5e, 0x5e, 0xbc, 0xcc, 0xf0, 0x00, 0x7c, 0xee
    dc.b    0x7c, 0x5c, 0xb9, 0xee, 0xcc, 0x5c, 0x8e, 0x00, 0x8c, 0x7b, 0xee, 0xe0, 0x6b, 0xc9, 0xee, 0xe0
    dc.b    0x88, 0x9e, 0xee, 0x00, 0x8b, 0x96, 0x4e, 0xe0, 0x8a, 0x95, 0x33, 0x10, 0xf0, 0x00, 0x78, 0x7b
    dc.b    0x99, 0x29, 0x7c, 0x66, 0x7d, 0x14, 0x9c, 0xc7, 0x7c, 0x83, 0x46, 0xcc, 0xac, 0xc9, 0x46, 0xcc
    dc.b    0xbc, 0xcb, 0x44, 0x7c, 0xba, 0xcc, 0x44, 0x9a, 0xba, 0xcc, 0x24, 0x98, 0xbb, 0xe5, 0xb8, 0xba
    dc.b    0x24, 0x49, 0xcc, 0x88, 0x14, 0x46, 0x7c, 0xc8, 0x42, 0x44, 0x8a, 0xb8, 0x43, 0x44, 0x6a, 0x85
    dc.b    0x22, 0x14, 0x98, 0x85, 0x52, 0x01, 0xe0, 0x00, 0x00, 0x00, 0xcc, 0xe0, 0x00, 0x00, 0xce, 0xe0
    dc.b    0x10, 0x01, 0xee, 0xe0, 0xce, 0x72, 0x00, 0x10, 0x7e, 0xff, 0xf0, 0x00, 0x44, 0x41, 0x00, 0x00
    dc.b    0x42, 0x44, 0x90, 0x00, 0x92, 0x24, 0x29, 0x00, 0x84, 0x24, 0x42, 0x00, 0x84, 0x44, 0x22, 0x00
    dc.b    0x84, 0x42, 0x29, 0x90, 0x84, 0x22, 0x28, 0x90, 0x94, 0x22, 0x70, 0x1d, 0x97, 0x90, 0x54, 0x69
    dc.b    0xaa, 0x90, 0x22, 0x39, 0xcc, 0xa8, 0x42, 0x3a, 0xcc, 0x7a, 0x7e, 0xc8, 0x1a, 0x09, 0x00, 0x05
    dc.b    0xf0, 0x00, 0x05, 0x58, 0x00, 0x00, 0x05, 0x9d, 0x00, 0x00, 0x05, 0xdd, 0x00, 0x05, 0x55, 0x55
    dc.b    0x00, 0x05, 0x98, 0xdd, 0x00, 0x55, 0xd8, 0x8d, 0x00, 0x5d, 0xdd, 0xdd, 0x05, 0x55, 0x5d, 0xd9
    dc.b    0x65, 0x1c, 0x55, 0xab, 0xb5, 0x55, 0x9b, 0xcb, 0xcc, 0xab, 0x87, 0x77, 0xcc, 0xab, 0xf0, 0x00
    dc.b    0x59, 0x7c, 0x90, 0x00, 0xd7, 0xcc, 0xb9, 0x00, 0xdd, 0x55, 0xcc, 0x90, 0xd9, 0x95, 0xcb, 0x90
    dc.b    0x99, 0x5d, 0xb9, 0xc9, 0x95, 0x5a, 0x9d, 0xc9, 0x55, 0x99, 0xa7, 0x90, 0x55, 0x55, 0x10, 0x01
    dc.b    0x99, 0x00, 0xd8, 0xcb, 0x02, 0x01, 0x40, 0x00, 0x59, 0x00, 0x00, 0x00, 0x50, 0x00, 0x00, 0x00
    dc.b    0x00, 0x00, 0x00, 0x00
spr_ken_victory_v1_animation0_frame0_tileset_data_size = .-spr_ken_victory_v1_animation0_frame0_tileset_data

.section .rodata

    .align 2
spr_ken_pal1_palette:
    dc.w    16
    dc.l    spr_ken_pal1_palette_data

    .align 2
spr_ken_pal1_animation0_frame0_tileset:
    dc.w    0
    dc.w    1
    dc.l    spr_ken_pal1_animation0_frame0_tileset_data

    .align 2
spr_ken_pal1_animation0_frame0:
    dc.w    33024
    dc.l    spr_ken_pal1_animation0_frame0_tileset
    dc.l    0
    dc.w    0
    dc.w    0
    dc.w    1

    .align 2
spr_ken_pal1_animation0_frames:
    dc.l    spr_ken_pal1_animation0_frame0

    .align 2
spr_ken_pal1_animation0:
    dc.w    256
    dc.l    spr_ken_pal1_animation0_frames

    .align 2
spr_ken_pal1_animations:
    dc.l    spr_ken_pal1_animation0

    .align 2
    .global spr_ken_pal1
spr_ken_pal1:
    dc.w    8
    dc.w    8
    dc.l    spr_ken_pal1_palette
    dc.w    1
    dc.l    spr_ken_pal1_animations
    dc.w    1
    dc.w    1

    .align 2
spr_ken_pal2_palette:
    dc.w    16
    dc.l    spr_ken_pal2_palette_data

    .align 2
spr_ken_pal2_animations:
    dc.l    spr_ken_pal1_animation0

    .align 2
    .global spr_ken_pal2
spr_ken_pal2:
    dc.w    8
    dc.w    8
    dc.l    spr_ken_pal2_palette
    dc.w    1
    dc.l    spr_ken_pal2_animations
    dc.w    1
    dc.w    1

    .align 2
spr_ken_100_animation0_frame0_tileset:
    dc.w    2
    dc.w    80
    dc.l    spr_ken_100_animation0_frame0_tileset_data

    .align 2
spr_ken_100_animation0_frame0:
    dc.w    1536
    dc.l    spr_ken_100_animation0_frame0_tileset
    dc.l    0
    dc.w    16384
    dc.w    3872
    dc.w    16
    dc.w    16129
    dc.w    3840
    dc.w    8208
    dc.w    1849
    dc.w    3844
    dc.w    7184
    dc.w    10017
    dc.w    3584
    dc.w    8204
    dc.w    8224
    dc.w    2848
    dc.w    2060
    dc.w    64
    dc.w    1828
    dc.w    3080

    .align 2
spr_ken_100_animation0_frame1_tileset:
    dc.w    2
    dc.w    77
    dc.l    spr_ken_100_animation0_frame1_tileset_data

    .align 2
spr_ken_100_animation0_frame1:
    dc.w    1536
    dc.l    spr_ken_100_animation0_frame1_tileset
    dc.l    0
    dc.w    16384
    dc.w    3872
    dc.w    16
    dc.w    9754
    dc.w    3840
    dc.w    8208
    dc.w    1594
    dc.w    3844
    dc.w    7184
    dc.w    8224
    dc.w    2848
    dc.w    2060
    dc.w    17922
    dc.w    2563
    dc.w    9481
    dc.w    64
    dc.w    1828
    dc.w    3080

    .align 2
spr_ken_100_animation0_frame2_tileset:
    dc.w    2
    dc.w    80
    dc.l    spr_ken_100_animation0_frame2_tileset_data

    .align 2
spr_ken_100_animation0_frame2:
    dc.w    1536
    dc.l    spr_ken_100_animation0_frame2_tileset
    dc.l    0
    dc.w    319
    dc.w    3843
    dc.w    7440
    dc.w    8479
    dc.w    3840
    dc.w    8208
    dc.w    16384
    dc.w    3870
    dc.w    528
    dc.w    8224
    dc.w    2848
    dc.w    2060
    dc.w    16384
    dc.w    2817
    dc.w    9996
    dc.w    64
    dc.w    1827
    dc.w    3336

    .align 2
spr_ken_100_animation0_frame3_tileset:
    dc.w    2
    dc.w    80
    dc.l    spr_ken_100_animation0_frame3_tileset_data

    .align 2
spr_ken_100_animation0_frame3:
    dc.w    1536
    dc.l    spr_ken_100_animation0_frame3_tileset
    dc.l    0
    dc.w    319
    dc.w    3846
    dc.w    6672
    dc.w    8479
    dc.w    3840
    dc.w    8208
    dc.w    16384
    dc.w    3870
    dc.w    528
    dc.w    8224
    dc.w    2848
    dc.w    2060
    dc.w    16384
    dc.w    2817
    dc.w    9996
    dc.w    829
    dc.w    1828
    dc.w    3080

    .align 2
spr_ken_100_animation0_frames:
    dc.l    spr_ken_100_animation0_frame0
    dc.l    spr_ken_100_animation0_frame1
    dc.l    spr_ken_100_animation0_frame2
    dc.l    spr_ken_100_animation0_frame3

    .align 2
spr_ken_100_animation0:
    dc.w    1024
    dc.l    spr_ken_100_animation0_frames

    .align 2
spr_ken_100_animations:
    dc.l    spr_ken_100_animation0

    .align 2
    .global spr_ken_100
spr_ken_100:
    dc.w    64
    dc.w    96
    dc.l    spr_ken_pal1_palette
    dc.w    1
    dc.l    spr_ken_100_animations
    dc.w    80
    dc.w    6

    .align 2
spr_ken_101_animation0_frame0_tileset:
    dc.w    2
    dc.w    70
    dc.l    spr_ken_101_animation0_frame0_tileset_data

    .align 2
spr_ken_101_animation0_frame0:
    dc.w    1536
    dc.l    spr_ken_101_animation0_frame0_tileset
    dc.l    0
    dc.w    311
    dc.w    3841
    dc.w    5904
    dc.w    8216
    dc.w    3840
    dc.w    6160
    dc.w    8216
    dc.w    2848
    dc.w    12
    dc.w    16384
    dc.w    2563
    dc.w    7433
    dc.w    16384
    dc.w    2592
    dc.w    9
    dc.w    56
    dc.w    1825
    dc.w    1800

    .align 2
spr_ken_101_animation0_frames:
    dc.l    spr_ken_101_animation0_frame0

    .align 2
spr_ken_101_animation0:
    dc.w    256
    dc.l    spr_ken_101_animation0_frames

    .align 2
spr_ken_101_animations:
    dc.l    spr_ken_101_animation0

    .align 2
    .global spr_ken_101
spr_ken_101:
    dc.w    56
    dc.w    88
    dc.l    spr_ken_pal1_palette
    dc.w    1
    dc.l    spr_ken_101_animations
    dc.w    70
    dc.w    6

    .align 2
spr_ken_102_animation0_frame0_tileset:
    dc.w    2
    dc.w    72
    dc.l    spr_ken_102_animation0_frame0_tileset_data

    .align 2
spr_ken_102_animation0_frame0:
    dc.w    2560
    dc.l    spr_ken_102_animation0_frame0_tileset
    dc.l    0
    dc.w    2869
    dc.w    3863
    dc.w    10512
    dc.w    11037
    dc.w    3599
    dc.w    12556
    dc.w    5180
    dc.w    3383
    dc.w    2312
    dc.w    1100
    dc.w    2348
    dc.w    7174
    dc.w    20480
    dc.w    2357
    dc.w    4870
    dc.w    10527
    dc.w    1583
    dc.w    8454
    dc.w    16655
    dc.w    2320
    dc.w    14342
    dc.w    16400
    dc.w    2350
    dc.w    6662
    dc.w    20480
    dc.w    1300
    dc.w    15364
    dc.w    9268
    dc.w    1084
    dc.w    5122

    .align 2
spr_ken_102_animation0_frame1_tileset:
    dc.w    2
    dc.w    88
    dc.l    spr_ken_102_animation0_frame1_tileset_data

    .align 2
spr_ken_102_animation0_frame1:
    dc.w    1792
    dc.l    spr_ken_102_animation0_frame1_tileset
    dc.l    0
    dc.w    1339
    dc.w    3846
    dc.w    14864
    dc.w    9499
    dc.w    3841
    dc.w    16144
    dc.w    16384
    dc.w    3873
    dc.w    7952
    dc.w    64
    dc.w    2854
    dc.w    8716
    dc.w    16384
    dc.w    2816
    dc.w    18444
    dc.w    5435
    dc.w    3390
    dc.w    520
    dc.w    8224
    dc.w    1825
    dc.w    12040

    .align 2
spr_ken_102_animation0_frames:
    dc.l    spr_ken_102_animation0_frame0
    dc.l    spr_ken_102_animation0_frame1

    .align 2
spr_ken_102_animation0:
    dc.w    512
    dc.l    spr_ken_102_animation0_frames

    .align 2
spr_ken_102_animations:
    dc.l    spr_ken_102_animation0

    .align 2
    .global spr_ken_102
spr_ken_102:
    dc.w    96
    dc.w    96
    dc.l    spr_ken_pal1_palette
    dc.w    1
    dc.l    spr_ken_102_animations
    dc.w    88
    dc.w    10

    .align 2
spr_ken_104_animation0_frame0_tileset:
    dc.w    2
    dc.w    84
    dc.l    spr_ken_104_animation0_frame0_tileset_data

    .align 2
spr_ken_104_animation0_frame0:
    dc.w    2048
    dc.l    spr_ken_104_animation0_frame0_tileset
    dc.l    0
    dc.w    18432
    dc.w    3840
    dc.w    10256
    dc.w    10527
    dc.w    3848
    dc.w    8208
    dc.w    2367
    dc.w    3845
    dc.w    8976
    dc.w    18432
    dc.w    2853
    dc.w    2828
    dc.w    2367
    dc.w    2853
    dc.w    2828
    dc.w    10527
    dc.w    1832
    dc.w    4104
    dc.w    351
    dc.w    1063
    dc.w    4354
    dc.w    3148
    dc.w    317
    dc.w    770

    .align 2
spr_ken_104_animation0_frames:
    dc.l    spr_ken_104_animation0_frame0

    .align 2
spr_ken_104_animation0:
    dc.w    256
    dc.l    spr_ken_104_animation0_frames

    .align 2
spr_ken_104_animations:
    dc.l    spr_ken_104_animation0

    .align 2
    .global spr_ken_104
spr_ken_104:
    dc.w    72
    dc.w    104
    dc.l    spr_ken_pal1_palette
    dc.w    1
    dc.l    spr_ken_104_animations
    dc.w    84
    dc.w    8

    .align 2
spr_ken_105_animation0_frame0_tileset:
    dc.w    2
    dc.w    76
    dc.l    spr_ken_105_animation0_frame0_tileset_data

    .align 2
spr_ken_105_animation0_frame0:
    dc.w    1536
    dc.l    spr_ken_105_animation0_frame0_tileset
    dc.l    0
    dc.w    319
    dc.w    3862
    dc.w    8720
    dc.w    8224
    dc.w    3861
    dc.w    8976
    dc.w    16384
    dc.w    3856
    dc.w    10256
    dc.w    16384
    dc.w    2865
    dc.w    3852
    dc.w    319
    dc.w    1846
    dc.w    4616
    dc.w    8479
    dc.w    1844
    dc.w    5128

    .align 2
spr_ken_105_animation0_frame1_tileset:
    dc.w    2
    dc.w    93
    dc.l    spr_ken_105_animation0_frame1_tileset_data

    .align 2
spr_ken_105_animation0_frame1:
    dc.w    1792
    dc.l    spr_ken_105_animation0_frame1_tileset
    dc.l    0
    dc.w    16384
    dc.w    3883
    dc.w    3344
    dc.w    8734
    dc.w    3874
    dc.w    5648
    dc.w    16384
    dc.w    3841
    dc.w    14096
    dc.w    574
    dc.w    3895
    dc.w    272
    dc.w    9754
    dc.w    2828
    dc.w    13324
    dc.w    3642
    dc.w    2575
    dc.w    12553
    dc.w    574
    dc.w    1831
    dc.w    8456

    .align 2
spr_ken_105_animation0_frame2_tileset:
    dc.w    2
    dc.w    82
    dc.l    spr_ken_105_animation0_frame2_tileset_data

    .align 2
spr_ken_105_animation0_frame2:
    dc.w    1536
    dc.l    spr_ken_105_animation0_frame2_tileset
    dc.l    0
    dc.w    16384
    dc.w    3885
    dc.w    2832
    dc.w    8224
    dc.w    3883
    dc.w    3344
    dc.w    1084
    dc.w    3881
    dc.w    3856
    dc.w    16384
    dc.w    3853
    dc.w    11024
    dc.w    2104
    dc.w    2835
    dc.w    11532
    dc.w    10272
    dc.w    1563
    dc.w    11526

    .align 2
spr_ken_105_animation0_frames:
    dc.l    spr_ken_105_animation0_frame0
    dc.l    spr_ken_105_animation0_frame1
    dc.l    spr_ken_105_animation0_frame2

    .align 2
spr_ken_105_animation0:
    dc.w    768
    dc.l    spr_ken_105_animation0_frames

    .align 2
spr_ken_105_animations:
    dc.l    spr_ken_105_animation0

    .align 2
    .global spr_ken_105
spr_ken_105:
    dc.w    88
    dc.w    96
    dc.l    spr_ken_pal1_palette
    dc.w    1
    dc.l    spr_ken_105_animations
    dc.w    93
    dc.w    7

    .align 2
spr_ken_106_animation0_frame0_tileset:
    dc.w    2
    dc.w    62
    dc.l    spr_ken_106_animation0_frame0_tileset_data

    .align 2
spr_ken_106_animation0_frame0:
    dc.w    2048
    dc.l    spr_ken_106_animation0_frame0_tileset
    dc.l    0
    dc.w    2877
    dc.w    3864
    dc.w    2064
    dc.w    10280
    dc.w    3591
    dc.w    6412
    dc.w    20480
    dc.w    2576
    dc.w    6153
    dc.w    16408
    dc.w    3342
    dc.w    4616
    dc.w    4160
    dc.w    1544
    dc.w    10246
    dc.w    19205
    dc.w    1536
    dc.w    12294
    dc.w    3132
    dc.w    824
    dc.w    4
    dc.w    10806
    dc.w    36
    dc.w    5121

    .align 2
spr_ken_106_animation0_frame1_tileset:
    dc.w    2
    dc.w    65
    dc.l    spr_ken_106_animation0_frame1_tileset_data

    .align 2
spr_ken_106_animation0_frame1:
    dc.w    2048
    dc.l    spr_ken_106_animation0_frame1_tileset
    dc.l    0
    dc.w    327
    dc.w    3862
    dc.w    2576
    dc.w    8495
    dc.w    3587
    dc.w    7436
    dc.w    18440
    dc.w    2572
    dc.w    7177
    dc.w    8495
    dc.w    2595
    dc.w    1289
    dc.w    14623
    dc.w    3345
    dc.w    3848
    dc.w    2375
    dc.w    1542
    dc.w    10758
    dc.w    2375
    dc.w    566
    dc.w    515
    dc.w    24576
    dc.w    1037
    dc.w    8962

    .align 2
spr_ken_106_animation0_frames:
    dc.l    spr_ken_106_animation0_frame0
    dc.l    spr_ken_106_animation0_frame1

    .align 2
spr_ken_106_animation0:
    dc.w    512
    dc.l    spr_ken_106_animation0_frames

    .align 2
spr_ken_106_animations:
    dc.l    spr_ken_106_animation0

    .align 2
    .global spr_ken_106
spr_ken_106:
    dc.w    64
    dc.w    104
    dc.l    spr_ken_pal1_palette
    dc.w    1
    dc.l    spr_ken_106_animations
    dc.w    65
    dc.w    8

    .align 2
spr_ken_151_animation0_frame0_tileset:
    dc.w    2
    dc.w    78
    dc.l    spr_ken_151_animation0_frame0_tileset_data

    .align 2
spr_ken_151_animation0_frame0:
    dc.w    1536
    dc.l    spr_ken_151_animation0_frame0_tileset
    dc.l    0
    dc.w    8224
    dc.w    3869
    dc.w    15120
    dc.w    1084
    dc.w    3899
    dc.w    7440
    dc.w    64
    dc.w    3867
    dc.w    15632
    dc.w    9244
    dc.w    3901
    dc.w    6928
    dc.w    16384
    dc.w    2855
    dc.w    14604
    dc.w    17428
    dc.w    1094
    dc.w    8706

    .align 2
spr_ken_151_animation0_frame1_tileset:
    dc.w    2
    dc.w    92
    dc.l    spr_ken_151_animation0_frame1_tileset_data

    .align 2
spr_ken_151_animation0_frame1:
    dc.w    2048
    dc.l    spr_ken_151_animation0_frame1_tileset
    dc.l    0
    dc.w    64
    dc.w    3843
    dc.w    21776
    dc.w    2104
    dc.w    3875
    dc.w    13584
    dc.w    8224
    dc.w    3891
    dc.w    9488
    dc.w    2622
    dc.w    3648
    dc.w    6156
    dc.w    16384
    dc.w    2858
    dc.w    13836
    dc.w    8240
    dc.w    3331
    dc.w    21768
    dc.w    335
    dc.w    2398
    dc.w    518
    dc.w    10272
    dc.w    1571
    dc.w    17670

    .align 2
spr_ken_151_animation0_frames:
    dc.l    spr_ken_151_animation0_frame0
    dc.l    spr_ken_151_animation0_frame1

    .align 2
spr_ken_151_animation0:
    dc.w    512
    dc.l    spr_ken_151_animation0_frames

    .align 2
spr_ken_151_animations:
    dc.l    spr_ken_151_animation0

    .align 2
    .global spr_ken_151
spr_ken_151:
    dc.w    120
    dc.w    96
    dc.l    spr_ken_pal1_palette
    dc.w    1
    dc.l    spr_ken_151_animations
    dc.w    92
    dc.w    8

    .align 2
spr_ken_200_animation0_frame0_tileset:
    dc.w    2
    dc.w    72
    dc.l    spr_ken_200_animation0_frame0_tileset_data

    .align 2
spr_ken_200_animation0_frame0:
    dc.w    2048
    dc.l    spr_ken_200_animation0_frame0_tileset
    dc.l    0
    dc.w    4407
    dc.w    3845
    dc.w    6928
    dc.w    12567
    dc.w    3846
    dc.w    6672
    dc.w    20480
    dc.w    2560
    dc.w    10249
    dc.w    20480
    dc.w    2596
    dc.w    1033
    dc.w    8495
    dc.w    2597
    dc.w    777
    dc.w    14615
    dc.w    1574
    dc.w    2566
    dc.w    4423
    dc.w    1317
    dc.w    2820
    dc.w    2391
    dc.w    2072
    dc.w    4099

    .align 2
spr_ken_200_animation0_frame1_tileset:
    dc.w    2
    dc.w    76
    dc.l    spr_ken_200_animation0_frame1_tileset_data

    .align 2
spr_ken_200_animation0_frame1:
    dc.w    2560
    dc.l    spr_ken_200_animation0_frame1_tileset
    dc.l    0
    dc.w    10782
    dc.w    3850
    dc.w    5648
    dc.w    4670
    dc.w    3586
    dc.w    7692
    dc.w    20480
    dc.w    2598
    dc.w    521
    dc.w    20480
    dc.w    2565
    dc.w    8969
    dc.w    14870
    dc.w    1574
    dc.w    2566
    dc.w    4678
    dc.w    2338
    dc.w    1542
    dc.w    1618
    dc.w    2322
    dc.w    5638
    dc.w    10798
    dc.w    1322
    dc.w    1540
    dc.w    18966
    dc.w    3078
    dc.w    6660
    dc.w    8766
    dc.w    3104
    dc.w    4

    .align 2
spr_ken_200_animation0_frame2_tileset:
    dc.w    2
    dc.w    84
    dc.l    spr_ken_200_animation0_frame2_tileset_data

    .align 2
spr_ken_200_animation0_frame2:
    dc.w    1536
    dc.l    spr_ken_200_animation0_frame2_tileset
    dc.l    0
    dc.w    2112
    dc.w    3842
    dc.w    7696
    dc.w    10017
    dc.w    3843
    dc.w    7440
    dc.w    18177
    dc.w    3843
    dc.w    7440
    dc.w    2112
    dc.w    2850
    dc.w    1548
    dc.w    10272
    dc.w    2851
    dc.w    1292
    dc.w    18432
    dc.w    2851
    dc.w    1292

    .align 2
spr_ken_200_animation0_frames:
    dc.l    spr_ken_200_animation0_frame0
    dc.l    spr_ken_200_animation0_frame1
    dc.l    spr_ken_200_animation0_frame2

    .align 2
spr_ken_200_animation0:
    dc.w    768
    dc.l    spr_ken_200_animation0_frames

    .align 2
spr_ken_200_animations:
    dc.l    spr_ken_200_animation0

    .align 2
    .global spr_ken_200
spr_ken_200:
    dc.w    64
    dc.w    104
    dc.l    spr_ken_pal1_palette
    dc.w    1
    dc.l    spr_ken_200_animations
    dc.w    84
    dc.w    10

    .align 2
spr_ken_201_animation0_frame0_tileset:
    dc.w    2
    dc.w    73
    dc.l    spr_ken_201_animation0_frame0_tileset_data

    .align 2
spr_ken_201_animation0_frame0:
    dc.w    1792
    dc.l    spr_ken_201_animation0_frame0_tileset
    dc.l    0
    dc.w    327
    dc.w    3874
    dc.w    15888
    dc.w    18432
    dc.w    3877
    dc.w    15120
    dc.w    8487
    dc.w    3903
    dc.w    8464
    dc.w    8232
    dc.w    2855
    dc.w    16652
    dc.w    327
    dc.w    1858
    dc.w    11784
    dc.w    16416
    dc.w    3108
    dc.w    15364
    dc.w    16671
    dc.w    68
    dc.w    13313

    .align 2
spr_ken_201_animation0_frame1_tileset:
    dc.w    2
    dc.w    67
    dc.l    spr_ken_201_animation0_frame1_tileset_data

    .align 2
spr_ken_201_animation0_frame1:
    dc.w    1536
    dc.l    spr_ken_201_animation0_frame1_tileset
    dc.l    0
    dc.w    18432
    dc.w    3873
    dc.w    16144
    dc.w    6192
    dc.w    3879
    dc.w    14608
    dc.w    6192
    dc.w    2887
    dc.w    8460
    dc.w    18440
    dc.w    2625
    dc.w    9993
    dc.w    14368
    dc.w    3363
    dc.w    15624
    dc.w    14368
    dc.w    2371
    dc.w    9478

    .align 2
spr_ken_201_animation0_frame2_tileset:
    dc.w    2
    dc.w    59
    dc.l    spr_ken_201_animation0_frame2_tileset_data

    .align 2
spr_ken_201_animation0_frame2:
    dc.w    1792
    dc.l    spr_ken_201_animation0_frame2_tileset
    dc.l    0
    dc.w    17922
    dc.w    3876
    dc.w    15376
    dc.w    15882
    dc.w    3922
    dc.w    3600
    dc.w    16910
    dc.w    2572
    dc.w    23561
    dc.w    17412
    dc.w    1858
    dc.w    11784
    dc.w    22528
    dc.w    2401
    dc.w    1798
    dc.w    15906
    dc.w    2110
    dc.w    10755
    dc.w    15906
    dc.w    54
    dc.w    16897

    .align 2
spr_ken_201_animation0_frame3_tileset:
    dc.w    2
    dc.w    63
    dc.l    spr_ken_201_animation0_frame3_tileset_data

    .align 2
spr_ken_201_animation0_frame3:
    dc.w    1280
    dc.l    spr_ken_201_animation0_frame3_tileset
    dc.l    0
    dc.w    4152
    dc.w    3894
    dc.w    10768
    dc.w    10272
    dc.w    3875
    dc.w    15632
    dc.w    18432
    dc.w    3881
    dc.w    14096
    dc.w    12320
    dc.w    2627
    dc.w    9481
    dc.w    18440
    dc.w    1609
    dc.w    9990

    .align 2
spr_ken_201_animation0_frame4_tileset:
    dc.w    2
    dc.w    59
    dc.l    spr_ken_201_animation0_frame4_tileset_data

    .align 2
spr_ken_201_animation0_frame4:
    dc.w    2048
    dc.l    spr_ken_201_animation0_frame4_tileset
    dc.l    0
    dc.w    15372
    dc.w    3882
    dc.w    13840
    dc.w    15380
    dc.w    3658
    dc.w    5644
    dc.w    17930
    dc.w    2578
    dc.w    22025
    dc.w    22273
    dc.w    3328
    dc.w    24584
    dc.w    18448
    dc.w    2408
    dc.w    6
    dc.w    23556
    dc.w    3104
    dc.w    16388
    dc.w    24576
    dc.w    2075
    dc.w    19715
    dc.w    21516
    dc.w    74
    dc.w    11777

    .align 2
spr_ken_201_animation0_frame5_tileset:
    dc.w    2
    dc.w    64
    dc.l    spr_ken_201_animation0_frame5_tileset_data

    .align 2
spr_ken_201_animation0_frame5:
    dc.w    1280
    dc.l    spr_ken_201_animation0_frame5_tileset
    dc.l    0
    dc.w    4662
    dc.w    3901
    dc.w    8976
    dc.w    4407
    dc.w    3869
    dc.w    17168
    dc.w    12830
    dc.w    3653
    dc.w    6924
    dc.w    18432
    dc.w    2881
    dc.w    9996
    dc.w    12583
    dc.w    3365
    dc.w    15112

    .align 2
spr_ken_201_animation0_frames:
    dc.l    spr_ken_201_animation0_frame0
    dc.l    spr_ken_201_animation0_frame1
    dc.l    spr_ken_201_animation0_frame2
    dc.l    spr_ken_201_animation0_frame3
    dc.l    spr_ken_201_animation0_frame4
    dc.l    spr_ken_201_animation0_frame5

    .align 2
spr_ken_201_animation0:
    dc.w    1536
    dc.l    spr_ken_201_animation0_frames

    .align 2
spr_ken_201_animations:
    dc.l    spr_ken_201_animation0

    .align 2
    .global spr_ken_201
spr_ken_201:
    dc.w    128
    dc.w    104
    dc.l    spr_ken_pal1_palette
    dc.w    1
    dc.l    spr_ken_201_animations
    dc.w    73
    dc.w    8

    .align 2
spr_ken_300_animation0_frame0_tileset:
    dc.w    2
    dc.w    65
    dc.l    spr_ken_300_animation0_frame0_tileset_data

    .align 2
spr_ken_300_animation0_frame0:
    dc.w    1536
    dc.l    spr_ken_300_animation0_frame0_tileset
    dc.l    0
    dc.w    24576
    dc.w    3843
    dc.w    9488
    dc.w    24576
    dc.w    3875
    dc.w    1296
    dc.w    16416
    dc.w    3858
    dc.w    5648
    dc.w    16416
    dc.w    1842
    dc.w    1544
    dc.w    12352
    dc.w    3356
    dc.w    3080
    dc.w    14400
    dc.w    20
    dc.w    11265

    .align 2
spr_ken_300_animation0_frame1_tileset:
    dc.w    2
    dc.w    70
    dc.l    spr_ken_300_animation0_frame1_tileset_data

    .align 2
spr_ken_300_animation0_frame1:
    dc.w    2304
    dc.l    spr_ken_300_animation0_frame1_tileset
    dc.l    0
    dc.w    12336
    dc.w    3858
    dc.w    5648
    dc.w    20496
    dc.w    3854
    dc.w    6672
    dc.w    6734
    dc.w    2593
    dc.w    3849
    dc.w    14384
    dc.w    2608
    dc.w    9
    dc.w    26624
    dc.w    1538
    dc.w    13830
    dc.w    28672
    dc.w    2337
    dc.w    3846
    dc.w    20496
    dc.w    814
    dc.w    4612
    dc.w    28680
    dc.w    1041
    dc.w    9986
    dc.w    13627
    dc.w    266
    dc.w    13826

    .align 2
spr_ken_300_animation0_frame2_tileset:
    dc.w    2
    dc.w    73
    dc.l    spr_ken_300_animation0_frame2_tileset_data

    .align 2
spr_ken_300_animation0_frame2:
    dc.w    2048
    dc.l    spr_ken_300_animation0_frame2_tileset
    dc.l    0
    dc.w    6224
    dc.w    3608
    dc.w    4108
    dc.w    18464
    dc.w    3602
    dc.w    5644
    dc.w    12344
    dc.w    3587
    dc.w    9484
    dc.w    12344
    dc.w    2595
    dc.w    3337
    dc.w    104
    dc.w    2598
    dc.w    2569
    dc.w    26624
    dc.w    2579
    dc.w    7433
    dc.w    18464
    dc.w    1586
    dc.w    1542
    dc.w    24600
    dc.w    3091
    dc.w    5380

    .align 2
spr_ken_300_animation0_frame3_tileset:
    dc.w    2
    dc.w    62
    dc.l    spr_ken_300_animation0_frame3_tileset_data

    .align 2
spr_ken_300_animation0_frame3:
    dc.w    2560
    dc.l    spr_ken_300_animation0_frame3_tileset
    dc.l    0
    dc.w    6471
    dc.w    3865
    dc.w    3856
    dc.w    20759
    dc.w    3614
    dc.w    2572
    dc.w    14639
    dc.w    2600
    dc.w    2057
    dc.w    14647
    dc.w    3336
    dc.w    8200
    dc.w    26895
    dc.w    3105
    dc.w    1796
    dc.w    28672
    dc.w    1316
    dc.w    5124
    dc.w    4455
    dc.w    2084
    dc.w    3075
    dc.w    2415
    dc.w    1056
    dc.w    6146
    dc.w    20767
    dc.w    318
    dc.w    514
    dc.w    18735
    dc.w    1048
    dc.w    8194

    .align 2
spr_ken_300_animation0_frame4_tileset:
    dc.w    2
    dc.w    69
    dc.l    spr_ken_300_animation0_frame4_tileset_data

    .align 2
spr_ken_300_animation0_frame4:
    dc.w    2304
    dc.l    spr_ken_300_animation0_frame4_tileset
    dc.l    0
    dc.w    13101
    dc.w    3855
    dc.w    6416
    dc.w    6989
    dc.w    3595
    dc.w    7436
    dc.w    21269
    dc.w    3593
    dc.w    7948
    dc.w    26632
    dc.w    2325
    dc.w    6918
    dc.w    20504
    dc.w    1577
    dc.w    3846
    dc.w    26624
    dc.w    1581
    dc.w    2822
    dc.w    2917
    dc.w    1292
    dc.w    11268
    dc.w    12846
    dc.w    815
    dc.w    4356
    dc.w    6989
    dc.w    555
    dc.w    5379

    .align 2
spr_ken_300_animation0_frame5_tileset:
    dc.w    2
    dc.w    80
    dc.l    spr_ken_300_animation0_frame5_tileset_data

    .align 2
spr_ken_300_animation0_frame5:
    dc.w    1792
    dc.l    spr_ken_300_animation0_frame5_tileset
    dc.l    0
    dc.w    9021
    dc.w    3845
    dc.w    8976
    dc.w    16926
    dc.w    3854
    dc.w    6672
    dc.w    24576
    dc.w    2828
    dc.w    9228
    dc.w    24576
    dc.w    2860
    dc.w    1036
    dc.w    9021
    dc.w    2853
    dc.w    2828
    dc.w    16416
    dc.w    1838
    dc.w    2568
    dc.w    7005
    dc.w    3086
    dc.w    6660

    .align 2
spr_ken_300_animation0_frames:
    dc.l    spr_ken_300_animation0_frame0
    dc.l    spr_ken_300_animation0_frame1
    dc.l    spr_ken_300_animation0_frame2
    dc.l    spr_ken_300_animation0_frame3
    dc.l    spr_ken_300_animation0_frame4
    dc.l    spr_ken_300_animation0_frame5

    .align 2
spr_ken_300_animation0:
    dc.w    1536
    dc.l    spr_ken_300_animation0_frames

    .align 2
spr_ken_300_animations:
    dc.l    spr_ken_300_animation0

    .align 2
    .global spr_ken_300
spr_ken_300:
    dc.w    72
    dc.w    128
    dc.l    spr_ken_pal1_palette
    dc.w    1
    dc.l    spr_ken_300_animations
    dc.w    80
    dc.w    10

    .align 2
spr_ken_420_animation0_frame0_tileset:
    dc.w    2
    dc.w    74
    dc.l    spr_ken_420_animation0_frame0_tileset_data

    .align 2
spr_ken_420_animation0_frame0:
    dc.w    1536
    dc.l    spr_ken_420_animation0_frame0_tileset
    dc.l    0
    dc.w    2104
    dc.w    3849
    dc.w    5904
    dc.w    16384
    dc.w    3840
    dc.w    8208
    dc.w    8224
    dc.w    2856
    dc.w    12
    dc.w    16384
    dc.w    2851
    dc.w    1292
    dc.w    10272
    dc.w    3592
    dc.w    6156
    dc.w    2112
    dc.w    1577
    dc.w    1798

    .align 2
spr_ken_420_animation0_frame1_tileset:
    dc.w    2
    dc.w    76
    dc.l    spr_ken_420_animation0_frame1_tileset_data

    .align 2
spr_ken_420_animation0_frame1:
    dc.w    2048
    dc.l    spr_ken_420_animation0_frame1_tileset
    dc.l    0
    dc.w    2614
    dc.w    3848
    dc.w    6160
    dc.w    10264
    dc.w    3850
    dc.w    5648
    dc.w    16902
    dc.w    2560
    dc.w    10249
    dc.w    7467
    dc.w    2600
    dc.w    9
    dc.w    1347
    dc.w    2591
    dc.w    2313
    dc.w    18432
    dc.w    2589
    dc.w    2825
    dc.w    13587
    dc.w    1578
    dc.w    1542
    dc.w    22528
    dc.w    1024
    dc.w    12290

    .align 2
spr_ken_420_animation0_frame2_tileset:
    dc.w    2
    dc.w    74
    dc.l    spr_ken_420_animation0_frame2_tileset_data

    .align 2
spr_ken_420_animation0_frame2:
    dc.w    1536
    dc.l    spr_ken_420_animation0_frame2_tileset
    dc.l    0
    dc.w    2104
    dc.w    3840
    dc.w    8208
    dc.w    1849
    dc.w    3872
    dc.w    16
    dc.w    16384
    dc.w    3841
    dc.w    7952
    dc.w    10272
    dc.w    3584
    dc.w    8204
    dc.w    8479
    dc.w    1824
    dc.w    4104
    dc.w    16647
    dc.w    1569
    dc.w    3846

    .align 2
spr_ken_420_animation0_frame3_tileset:
    dc.w    2
    dc.w    66
    dc.l    spr_ken_420_animation0_frame3_tileset_data

    .align 2
spr_ken_420_animation0_frame3:
    dc.w    1792
    dc.l    spr_ken_420_animation0_frame3_tileset
    dc.l    0
    dc.w    9499
    dc.w    3843
    dc.w    7440
    dc.w    1339
    dc.w    3861
    dc.w    2832
    dc.w    8232
    dc.w    2595
    dc.w    1289
    dc.w    17667
    dc.w    2568
    dc.w    8201
    dc.w    3387
    dc.w    1541
    dc.w    11014
    dc.w    14352
    dc.w    1568
    dc.w    4102
    dc.w    20480
    dc.w    1313
    dc.w    3844

    .align 2
spr_ken_420_animation0_frame4_tileset:
    dc.w    2
    dc.w    72
    dc.l    spr_ken_420_animation0_frame4_tileset_data

    .align 2
spr_ken_420_animation0_frame4:
    dc.w    1536
    dc.l    spr_ken_420_animation0_frame4_tileset
    dc.l    0
    dc.w    16129
    dc.w    3847
    dc.w    6416
    dc.w    1849
    dc.w    3845
    dc.w    6928
    dc.w    10017
    dc.w    3585
    dc.w    7948
    dc.w    8224
    dc.w    2849
    dc.w    1804
    dc.w    16384
    dc.w    1831
    dc.w    2312
    dc.w    64
    dc.w    1829
    dc.w    2824

    .align 2
spr_ken_420_animation0_frames:
    dc.l    spr_ken_420_animation0_frame0
    dc.l    spr_ken_420_animation0_frame1
    dc.l    spr_ken_420_animation0_frame2
    dc.l    spr_ken_420_animation0_frame3
    dc.l    spr_ken_420_animation0_frame4

    .align 2
spr_ken_420_animation0:
    dc.w    1280
    dc.l    spr_ken_420_animation0_frames

    .align 2
spr_ken_420_animations:
    dc.l    spr_ken_420_animation0

    .align 2
    .global spr_ken_420
spr_ken_420:
    dc.w    64
    dc.w    96
    dc.l    spr_ken_pal1_palette
    dc.w    1
    dc.l    spr_ken_420_animations
    dc.w    76
    dc.w    8

    .align 2
spr_ken_501_animation0_frame0_tileset:
    dc.w    2
    dc.w    55
    dc.l    spr_ken_501_animation0_frame0_tileset_data

    .align 2
spr_ken_501_animation0_frame0:
    dc.w    1280
    dc.l    spr_ken_501_animation0_frame0_tileset
    dc.l    0
    dc.w    40
    dc.w    3896
    dc.w    6160
    dc.w    6415
    dc.w    3865
    dc.w    14096
    dc.w    10240
    dc.w    2871
    dc.w    8460
    dc.w    303
    dc.w    2592
    dc.w    14345
    dc.w    8224
    dc.w    1081
    dc.w    9986

    .align 2
spr_ken_501_animation0_frame1_tileset:
    dc.w    2
    dc.w    83
    dc.l    spr_ken_501_animation0_frame1_tileset_data

    .align 2
spr_ken_501_animation0_frame1:
    dc.w    1536
    dc.l    spr_ken_501_animation0_frame1_tileset
    dc.l    0
    dc.w    3865
    dc.w    3841
    dc.w    20240
    dc.w    2080
    dc.w    3873
    dc.w    12048
    dc.w    10240
    dc.w    3848
    dc.w    18448
    dc.w    9220
    dc.w    3879
    dc.w    10512
    dc.w    10240
    dc.w    3911
    dc.w    2320
    dc.w    12288
    dc.w    615
    dc.w    259

    .align 2
spr_ken_501_animation0_frames:
    dc.l    spr_ken_501_animation0_frame0
    dc.l    spr_ken_501_animation0_frame1

    .align 2
spr_ken_501_animation0:
    dc.w    512
    dc.l    spr_ken_501_animation0_frames

    .align 2
spr_ken_501_animations:
    dc.l    spr_ken_501_animation0

    .align 2
    .global spr_ken_501
spr_ken_501:
    dc.w    112
    dc.w    72
    dc.l    spr_ken_pal1_palette
    dc.w    1
    dc.l    spr_ken_501_animations
    dc.w    83
    dc.w    6

    .align 2
spr_ken_550_animation0_frame0_tileset:
    dc.w    2
    dc.w    84
    dc.l    spr_ken_550_animation0_frame0_tileset_data

    .align 2
spr_ken_550_animation0_frame0:
    dc.w    1792
    dc.l    spr_ken_550_animation0_frame0_tileset
    dc.l    0
    dc.w    9499
    dc.w    3853
    dc.w    11024
    dc.w    1339
    dc.w    3864
    dc.w    8208
    dc.w    16384
    dc.w    3843
    dc.w    13584
    dc.w    1849
    dc.w    2880
    dc.w    12
    dc.w    16384
    dc.w    2858
    dc.w    5644
    dc.w    9499
    dc.w    1837
    dc.w    6920
    dc.w    1339
    dc.w    824
    dc.w    6148

    .align 2
spr_ken_550_animation0_frame1_tileset:
    dc.w    2
    dc.w    100
    dc.l    spr_ken_550_animation0_frame1_tileset_data

    .align 2
spr_ken_550_animation0_frame1:
    dc.w    1792
    dc.l    spr_ken_550_animation0_frame1_tileset
    dc.l    0
    dc.w    16384
    dc.w    3876
    dc.w    5136
    dc.w    319
    dc.w    3862
    dc.w    8720
    dc.w    8479
    dc.w    3854
    dc.w    10768
    dc.w    319
    dc.w    3894
    dc.w    528
    dc.w    8224
    dc.w    3894
    dc.w    528
    dc.w    16384
    dc.w    3842
    dc.w    13840
    dc.w    8224
    dc.w    814
    dc.w    8708

    .align 2
spr_ken_550_animation0_frame2_tileset:
    dc.w    2
    dc.w    67
    dc.l    spr_ken_550_animation0_frame2_tileset_data

    .align 2
spr_ken_550_animation0_frame2:
    dc.w    2304
    dc.l    spr_ken_550_animation0_frame2_tileset
    dc.l    0
    dc.w    10519
    dc.w    3866
    dc.w    7696
    dc.w    2359
    dc.w    3858
    dc.w    9744
    dc.w    18432
    dc.w    2570
    dc.w    13833
    dc.w    16392
    dc.w    2610
    dc.w    3593
    dc.w    6455
    dc.w    2354
    dc.w    3590
    dc.w    4423
    dc.w    3122
    dc.w    1540
    dc.w    10527
    dc.w    570
    dc.w    5635
    dc.w    22528
    dc.w    1088
    dc.w    2050
    dc.w    14360
    dc.w    274
    dc.w    15874

    .align 2
spr_ken_550_animation0_frame3_tileset:
    dc.w    2
    dc.w    67
    dc.l    spr_ken_550_animation0_frame3_tileset_data

    .align 2
spr_ken_550_animation0_frame3:
    dc.w    1536
    dc.l    spr_ken_550_animation0_frame3_tileset
    dc.l    0
    dc.w    16384
    dc.w    3870
    dc.w    6672
    dc.w    8224
    dc.w    3877
    dc.w    4880
    dc.w    16384
    dc.w    2878
    dc.w    524
    dc.w    7467
    dc.w    3584
    dc.w    14348
    dc.w    4160
    dc.w    3338
    dc.w    11784
    dc.w    8232
    dc.w    541
    dc.w    13059

    .align 2
spr_ken_550_animation0_frame4_tileset:
    dc.w    2
    dc.w    62
    dc.l    spr_ken_550_animation0_frame4_tileset_data

    .align 2
spr_ken_550_animation0_frame4:
    dc.w    1280
    dc.l    spr_ken_550_animation0_frame4_tileset
    dc.l    0
    dc.w    13324
    dc.w    3843
    dc.w    13584
    dc.w    8224
    dc.w    3875
    dc.w    5392
    dc.w    16384
    dc.w    3871
    dc.w    6416
    dc.w    9260
    dc.w    3331
    dc.w    13576
    dc.w    16392
    dc.w    1599
    dc.w    2310

    .align 2
spr_ken_550_animation0_frames:
    dc.l    spr_ken_550_animation0_frame0
    dc.l    spr_ken_550_animation0_frame1
    dc.l    spr_ken_550_animation0_frame2
    dc.l    spr_ken_550_animation0_frame3
    dc.l    spr_ken_550_animation0_frame4

    .align 2
spr_ken_550_animation0:
    dc.w    1280
    dc.l    spr_ken_550_animation0_frames

    .align 2
spr_ken_550_animations:
    dc.l    spr_ken_550_animation0

    .align 2
    .global spr_ken_550
spr_ken_550:
    dc.w    88
    dc.w    96
    dc.l    spr_ken_pal1_palette
    dc.w    1
    dc.l    spr_ken_550_animations
    dc.w    100
    dc.w    9

    .align 2
spr_ken_606_animation0_frame0_tileset:
    dc.w    2
    dc.w    120
    dc.l    spr_ken_606_animation0_frame0_tileset_data

    .align 2
spr_ken_606_animation0_frame0:
    dc.w    2560
    dc.l    spr_ken_606_animation0_frame0_tileset
    dc.l    0
    dc.w    18432
    dc.w    3863
    dc.w    8464
    dc.w    2112
    dc.w    3840
    dc.w    14352
    dc.w    18432
    dc.w    3895
    dc.w    272
    dc.w    10272
    dc.w    3840
    dc.w    14352
    dc.w    4152
    dc.w    3896
    dc.w    16
    dc.w    2112
    dc.w    2848
    dc.w    8204
    dc.w    10272
    dc.w    2848
    dc.w    8204
    dc.w    12320
    dc.w    3640
    dc.w    12
    dc.w    861
    dc.w    1049
    dc.w    12034
    dc.w    18448
    dc.w    271
    dc.w    16642

    .align 2
spr_ken_606_animation0_frames:
    dc.l    spr_ken_606_animation0_frame0

    .align 2
spr_ken_606_animation0:
    dc.w    256
    dc.l    spr_ken_606_animation0_frames

    .align 2
spr_ken_606_animations:
    dc.l    spr_ken_606_animation0

    .align 2
    .global spr_ken_606
spr_ken_606:
    dc.w    88
    dc.w    104
    dc.l    spr_ken_pal1_palette
    dc.w    1
    dc.l    spr_ken_606_animations
    dc.w    120
    dc.w    10

    .align 2
spr_ken_700_animations:
    dc.l    spr_ken_102_animation0

    .align 2
    .global spr_ken_700
spr_ken_700:
    dc.w    96
    dc.w    96
    dc.l    spr_ken_pal1_palette
    dc.w    1
    dc.l    spr_ken_700_animations
    dc.w    88
    dc.w    10

    .align 2
spr_ken_710_animation0_frame0_tileset:
    dc.w    2
    dc.w    82
    dc.l    spr_ken_710_animation0_frame0_tileset_data

    .align 2
spr_ken_710_animation0_frame0:
    dc.w    1792
    dc.l    spr_ken_710_animation0_frame0_tileset
    dc.l    0
    dc.w    9754
    dc.w    3883
    dc.w    9488
    dc.w    1594
    dc.w    3883
    dc.w    9488
    dc.w    16384
    dc.w    3907
    dc.w    3344
    dc.w    16384
    dc.w    2833
    dc.w    18188
    dc.w    9499
    dc.w    2835
    dc.w    17676
    dc.w    3387
    dc.w    2579
    dc.w    17673
    dc.w    17938
    dc.w    59
    dc.w    11521

    .align 2
spr_ken_710_animation0_frame1_tileset:
    dc.w    2
    dc.w    84
    dc.l    spr_ken_710_animation0_frame1_tileset_data

    .align 2
spr_ken_710_animation0_frame1:
    dc.w    1792
    dc.l    spr_ken_710_animation0_frame1_tileset
    dc.l    0
    dc.w    16129
    dc.w    3911
    dc.w    2320
    dc.w    8224
    dc.w    3878
    dc.w    10768
    dc.w    2112
    dc.w    3620
    dc.w    11276
    dc.w    16392
    dc.w    3623
    dc.w    10508
    dc.w    8224
    dc.w    2830
    dc.w    18956
    dc.w    16384
    dc.w    2831
    dc.w    18700
    dc.w    4160
    dc.w    1300
    dc.w    19460

    .align 2
spr_ken_710_animation0_frame2_tileset:
    dc.w    2
    dc.w    65
    dc.l    spr_ken_710_animation0_frame2_tileset_data

    .align 2
spr_ken_710_animation0_frame2:
    dc.w    3072
    dc.l    spr_ken_710_animation0_frame2_tileset
    dc.l    0
    dc.w    4144
    dc.w    3878
    dc.w    10768
    dc.w    12312
    dc.w    3614
    dc.w    12812
    dc.w    12312
    dc.w    2622
    dc.w    6665
    dc.w    18440
    dc.w    3342
    dc.w    16904
    dc.w    6192
    dc.w    542
    dc.w    18947
    dc.w    20488
    dc.w    2120
    dc.w    4099
    dc.w    22528
    dc.w    2059
    dc.w    19715
    dc.w    22528
    dc.w    2129
    dc.w    1795
    dc.w    18448
    dc.w    2115
    dc.w    5379
    dc.w    14360
    dc.w    278
    dc.w    20994
    dc.w    8240
    dc.w    326
    dc.w    8706
    dc.w    3913
    dc.w    53
    dc.w    13057

    .align 2
spr_ken_710_animation0_frame3_tileset:
    dc.w    2
    dc.w    93
    dc.l    spr_ken_710_animation0_frame3_tileset_data

    .align 2
spr_ken_710_animation0_frame3:
    dc.w    2048
    dc.l    spr_ken_710_animation0_frame3_tileset
    dc.l    0
    dc.w    4654
    dc.w    3919
    dc.w    272
    dc.w    16384
    dc.w    3841
    dc.w    20240
    dc.w    16384
    dc.w    3905
    dc.w    3856
    dc.w    4654
    dc.w    3887
    dc.w    8464
    dc.w    12814
    dc.w    3873
    dc.w    12048
    dc.w    12320
    dc.w    3408
    dc.w    8
    dc.w    12830
    dc.w    1345
    dc.w    7940
    dc.w    16153
    dc.w    25
    dc.w    20225

    .align 2
spr_ken_710_animation0_frames:
    dc.l    spr_ken_710_animation0_frame0
    dc.l    spr_ken_710_animation0_frame1
    dc.l    spr_ken_710_animation0_frame2
    dc.l    spr_ken_710_animation0_frame3

    .align 2
spr_ken_710_animation0:
    dc.w    1024
    dc.l    spr_ken_710_animation0_frames

    .align 2
spr_ken_710_animations:
    dc.l    spr_ken_710_animation0

    .align 2
    .global spr_ken_710
spr_ken_710:
    dc.w    112
    dc.w    96
    dc.l    spr_ken_pal1_palette
    dc.w    1
    dc.l    spr_ken_710_animations
    dc.w    93
    dc.w    12

    .align 2
spr_ken_720_animation0_frame0_tileset:
    dc.w    2
    dc.w    73
    dc.l    spr_ken_720_animation0_frame0_tileset_data

    .align 2
spr_ken_720_animation0_frame0:
    dc.w    2560
    dc.l    spr_ken_720_animation0_frame0_tileset
    dc.l    0
    dc.w    3387
    dc.w    3894
    dc.w    6672
    dc.w    11292
    dc.w    3874
    dc.w    11792
    dc.w    20480
    dc.w    2577
    dc.w    18185
    dc.w    19213
    dc.w    2363
    dc.w    7430
    dc.w    13085
    dc.w    1602
    dc.w    7686
    dc.w    5180
    dc.w    1574
    dc.w    14854
    dc.w    17173
    dc.w    2329
    dc.w    16134
    dc.w    23301
    dc.w    3141
    dc.w    2820
    dc.w    5188
    dc.w    342
    dc.w    4610
    dc.w    11571
    dc.w    1090
    dc.w    7682

    .align 2
spr_ken_720_animation0_frame1_tileset:
    dc.w    2
    dc.w    62
    dc.l    spr_ken_720_animation0_frame1_tileset_data

    .align 2
spr_ken_720_animation0_frame1:
    dc.w    2816
    dc.l    spr_ken_720_animation0_frame1_tileset
    dc.l    0
    dc.w    4152
    dc.w    3891
    dc.w    7440
    dc.w    14360
    dc.w    3626
    dc.w    9740
    dc.w    17683
    dc.w    3338
    dc.w    17928
    dc.w    20488
    dc.w    2365
    dc.w    6918
    dc.w    6200
    dc.w    1571
    dc.w    15622
    dc.w    24576
    dc.w    3143
    dc.w    2308
    dc.w    12336
    dc.w    3103
    dc.w    12548
    dc.w    16408
    dc.w    330
    dc.w    7682
    dc.w    5188
    dc.w    339
    dc.w    5378
    dc.w    18966
    dc.w    42
    dc.w    15873
    dc.w    12336
    dc.w    63
    dc.w    10497

    .align 2
spr_ken_720_animation0_frame2_tileset:
    dc.w    2
    dc.w    61
    dc.l    spr_ken_720_animation0_frame2_tileset_data

    .align 2
spr_ken_720_animation0_frame2:
    dc.w    1280
    dc.l    spr_ken_720_animation0_frame2_tileset
    dc.l    0
    dc.w    4917
    dc.w    3898
    dc.w    5648
    dc.w    10272
    dc.w    3869
    dc.w    13072
    dc.w    2112
    dc.w    3866
    dc.w    13840
    dc.w    18432
    dc.w    2856
    dc.w    12300
    dc.w    13101
    dc.w    61
    dc.w    11009

    .align 2
spr_ken_720_animation0_frame3_tileset:
    dc.w    2
    dc.w    81
    dc.l    spr_ken_720_animation0_frame3_tileset_data

    .align 2
spr_ken_720_animation0_frame3:
    dc.w    2816
    dc.l    spr_ken_720_animation0_frame3_tileset
    dc.l    0
    dc.w    3387
    dc.w    3842
    dc.w    19984
    dc.w    6200
    dc.w    3618
    dc.w    11788
    dc.w    14352
    dc.w    2839
    dc.w    16652
    dc.w    10288
    dc.w    3330
    dc.w    19976
    dc.w    2128
    dc.w    3381
    dc.w    6920
    dc.w    2128
    dc.w    2389
    dc.w    774
    dc.w    22528
    dc.w    2325
    dc.w    17158
    dc.w    2128
    dc.w    1313
    dc.w    16132
    dc.w    6208
    dc.w    1346
    dc.w    7684
    dc.w    1371
    dc.w    2054
    dc.w    20995
    dc.w    12336
    dc.w    1058
    dc.w    15874

    .align 2
spr_ken_720_animation0_frame4_tileset:
    dc.w    2
    dc.w    72
    dc.l    spr_ken_720_animation0_frame4_tileset_data

    .align 2
spr_ken_720_animation0_frame4:
    dc.w    1792
    dc.l    spr_ken_720_animation0_frame4_tileset
    dc.l    0
    dc.w    2112
    dc.w    3850
    dc.w    17936
    dc.w    6192
    dc.w    3882
    dc.w    9744
    dc.w    14352
    dc.w    2840
    dc.w    16396
    dc.w    7220
    dc.w    3658
    dc.w    1548
    dc.w    10288
    dc.w    3338
    dc.w    17928
    dc.w    22528
    dc.w    2322
    dc.w    17926
    dc.w    6208
    dc.w    258
    dc.w    26114

    .align 2
spr_ken_720_animation0_frame5_tileset:
    dc.w    2
    dc.w    60
    dc.l    spr_ken_720_animation0_frame5_tileset_data

    .align 2
spr_ken_720_animation0_frame5:
    dc.w    2816
    dc.l    spr_ken_720_animation0_frame5_tileset
    dc.l    0
    dc.w    4152
    dc.w    3861
    dc.w    15120
    dc.w    12328
    dc.w    3357
    dc.w    13064
    dc.w    12328
    dc.w    3389
    dc.w    4872
    dc.w    16408
    dc.w    2337
    dc.w    14086
    dc.w    6455
    dc.w    1589
    dc.w    11014
    dc.w    20488
    dc.w    2339
    dc.w    13574
    dc.w    24576
    dc.w    2075
    dc.w    15619
    dc.w    2391
    dc.w    2068
    dc.w    17411
    dc.w    15396
    dc.w    1101
    dc.w    4866
    dc.w    6726
    dc.w    13
    dc.w    23297
    dc.w    4431
    dc.w    53
    dc.w    13057

    .align 2
spr_ken_720_animation0_frame6_tileset:
    dc.w    2
    dc.w    66
    dc.l    spr_ken_720_animation0_frame6_tileset_data

    .align 2
spr_ken_720_animation0_frame6:
    dc.w    2560
    dc.l    spr_ken_720_animation0_frame6_tileset
    dc.l    0
    dc.w    4407
    dc.w    3868
    dc.w    13328
    dc.w    14615
    dc.w    3622
    dc.w    10764
    dc.w    8503
    dc.w    3388
    dc.w    5128
    dc.w    20488
    dc.w    2345
    dc.w    12038
    dc.w    6455
    dc.w    1548
    dc.w    21510
    dc.w    4423
    dc.w    2364
    dc.w    7174
    dc.w    12591
    dc.w    3093
    dc.w    15108
    dc.w    24576
    dc.w    2081
    dc.w    14083
    dc.w    2391
    dc.w    2079
    dc.w    14595
    dc.w    12591
    dc.w    1077
    dc.w    11010

    .align 2
spr_ken_720_animation0_frame7_tileset:
    dc.w    2
    dc.w    70
    dc.l    spr_ken_720_animation0_frame7_tileset_data

    .align 2
spr_ken_720_animation0_frame7:
    dc.w    2560
    dc.l    spr_ken_720_animation0_frame7_tileset
    dc.l    0
    dc.w    12567
    dc.w    3879
    dc.w    10512
    dc.w    2367
    dc.w    3881
    dc.w    10000
    dc.w    4415
    dc.w    2633
    dc.w    3849
    dc.w    10543
    dc.w    2368
    dc.w    6150
    dc.w    22528
    dc.w    2353
    dc.w    9990
    dc.w    6463
    dc.w    2321
    dc.w    18182
    dc.w    10551
    dc.w    3104
    dc.w    12292
    dc.w    20751
    dc.w    2091
    dc.w    11523
    dc.w    14368
    dc.w    287
    dc.w    18690
    dc.w    351
    dc.w    1073
    dc.w    12034

    .align 2
spr_ken_720_animation0_frames:
    dc.l    spr_ken_720_animation0_frame0
    dc.l    spr_ken_720_animation0_frame1
    dc.l    spr_ken_720_animation0_frame2
    dc.l    spr_ken_720_animation0_frame3
    dc.l    spr_ken_720_animation0_frame4
    dc.l    spr_ken_720_animation0_frame5
    dc.l    spr_ken_720_animation0_frame6
    dc.l    spr_ken_720_animation0_frame7

    .align 2
spr_ken_720_animation0:
    dc.w    2048
    dc.l    spr_ken_720_animation0_frames

    .align 2
spr_ken_720_animations:
    dc.l    spr_ken_720_animation0

    .align 2
    .global spr_ken_720
spr_ken_720:
    dc.w    112
    dc.w    104
    dc.l    spr_ken_pal1_palette
    dc.w    1
    dc.l    spr_ken_720_animations
    dc.w    81
    dc.w    11

    .align 2
spr_ken_730_animation0_frame0_tileset:
    dc.w    2
    dc.w    74
    dc.l    spr_ken_730_animation0_frame0_tileset_data

    .align 2
spr_ken_730_animation0_frame0:
    dc.w    1792
    dc.l    spr_ken_730_animation0_frame0_tileset
    dc.l    0
    dc.w    14368
    dc.w    3871
    dc.w    14608
    dc.w    15133
    dc.w    3903
    dc.w    6416
    dc.w    6463
    dc.w    3865
    dc.w    16144
    dc.w    22528
    dc.w    2851
    dc.w    15628
    dc.w    9021
    dc.w    2625
    dc.w    7945
    dc.w    9021
    dc.w    569
    dc.w    14083
    dc.w    5977
    dc.w    1061
    dc.w    17154

    .align 2
spr_ken_730_animation0_frame1_tileset:
    dc.w    2
    dc.w    64
    dc.l    spr_ken_730_animation0_frame1_tileset_data

    .align 2
spr_ken_730_animation0_frame1:
    dc.w    2304
    dc.l    spr_ken_730_animation0_frame1_tileset
    dc.l    0
    dc.w    6718
    dc.w    3877
    dc.w    13072
    dc.w    18703
    dc.w    2852
    dc.w    15372
    dc.w    2391
    dc.w    2611
    dc.w    11529
    dc.w    8511
    dc.w    2629
    dc.w    6921
    dc.w    26624
    dc.w    2345
    dc.w    14086
    dc.w    16687
    dc.w    3111
    dc.w    12548
    dc.w    14647
    dc.w    3102
    dc.w    14852
    dc.w    8511
    dc.w    541
    dc.w    21251
    dc.w    14902
    dc.w    62
    dc.w    12801

    .align 2
spr_ken_730_animation0_frame2_tileset:
    dc.w    2
    dc.w    73
    dc.l    spr_ken_730_animation0_frame2_tileset_data

    .align 2
spr_ken_730_animation0_frame2:
    dc.w    1792
    dc.l    spr_ken_730_animation0_frame2_tileset
    dc.l    0
    dc.w    8248
    dc.w    3901
    dc.w    6928
    dc.w    4168
    dc.w    3869
    dc.w    15120
    dc.w    16416
    dc.w    3623
    dc.w    12556
    dc.w    22528
    dc.w    2853
    dc.w    15116
    dc.w    88
    dc.w    1846
    dc.w    12808
    dc.w    12344
    dc.w    3357
    dc.w    15112
    dc.w    877
    dc.w    46
    dc.w    16897

    .align 2
spr_ken_730_animation0_frame3_tileset:
    dc.w    2
    dc.w    77
    dc.l    spr_ken_730_animation0_frame3_tileset_data

    .align 2
spr_ken_730_animation0_frame3:
    dc.w    1792
    dc.l    spr_ken_730_animation0_frame3_tileset
    dc.l    0
    dc.w    1108
    dc.w    3901
    dc.w    6928
    dc.w    8248
    dc.w    3871
    dc.w    14608
    dc.w    9268
    dc.w    3903
    dc.w    6416
    dc.w    16408
    dc.w    2857
    dc.w    14092
    dc.w    24576
    dc.w    2603
    dc.w    13577
    dc.w    4184
    dc.w    2341
    dc.w    15110
    dc.w    9029
    dc.w    279
    dc.w    22786

    .align 2
spr_ken_730_animation0_frame4_tileset:
    dc.w    2
    dc.w    79
    dc.l    spr_ken_730_animation0_frame4_tileset_data

    .align 2
spr_ken_730_animation0_frame4:
    dc.w    1792
    dc.l    spr_ken_730_animation0_frame4_tileset
    dc.l    0
    dc.w    1108
    dc.w    3905
    dc.w    5904
    dc.w    8248
    dc.w    3871
    dc.w    14608
    dc.w    9268
    dc.w    3903
    dc.w    6416
    dc.w    16408
    dc.w    2857
    dc.w    14092
    dc.w    24576
    dc.w    2603
    dc.w    13577
    dc.w    5969
    dc.w    3366
    dc.w    12808
    dc.w    9029
    dc.w    279
    dc.w    22786

    .align 2
spr_ken_730_animation0_frame5_tileset:
    dc.w    2
    dc.w    79
    dc.l    spr_ken_730_animation0_frame5_tileset_data

    .align 2
spr_ken_730_animation0_frame5:
    dc.w    3072
    dc.l    spr_ken_730_animation0_frame5_tileset
    dc.l    0
    dc.w    4933
    dc.w    3857
    dc.w    18192
    dc.w    18703
    dc.w    2850
    dc.w    15884
    dc.w    6471
    dc.w    3633
    dc.w    9996
    dc.w    5196
    dc.w    2637
    dc.w    4873
    dc.w    12599
    dc.w    3374
    dc.w    10760
    dc.w    26624
    dc.w    1305
    dc.w    20228
    dc.w    12607
    dc.w    3086
    dc.w    18948
    dc.w    16687
    dc.w    2079
    dc.w    16643
    dc.w    6981
    dc.w    521
    dc.w    26371
    dc.w    14647
    dc.w    2070
    dc.w    18947
    dc.w    6232
    dc.w    2092
    dc.w    13315
    dc.w    4184
    dc.w    357
    dc.w    2818

    .align 2
spr_ken_730_animation0_frame6_tileset:
    dc.w    2
    dc.w    81
    dc.l    spr_ken_730_animation0_frame6_tileset_data

    .align 2
spr_ken_730_animation0_frame6:
    dc.w    3328
    dc.l    spr_ken_730_animation0_frame6_tileset
    dc.l    0
    dc.w    6463
    dc.w    3845
    dc.w    21264
    dc.w    7738
    dc.w    3877
    dc.w    13072
    dc.w    19986
    dc.w    2590
    dc.w    16905
    dc.w    24576
    dc.w    2579
    dc.w    19721
    dc.w    11834
    dc.w    3397
    dc.w    4872
    dc.w    15914
    dc.w    3349
    dc.w    17160
    dc.w    13882
    dc.w    3077
    dc.w    21252
    dc.w    4949
    dc.w    1311
    dc.w    18692
    dc.w    14137
    dc.w    1125
    dc.w    770
    dc.w    10814
    dc.w    256
    dc.w    28674
    dc.w    14647
    dc.w    94
    dc.w    4609
    dc.w    15922
    dc.w    53
    dc.w    15105
    dc.w    7252
    dc.w    57
    dc.w    14081

    .align 2
spr_ken_730_animation0_frame7_tileset:
    dc.w    2
    dc.w    78
    dc.l    spr_ken_730_animation0_frame7_tileset_data

    .align 2
spr_ken_730_animation0_frame7:
    dc.w    2816
    dc.l    spr_ken_730_animation0_frame7_tileset
    dc.l    0
    dc.w    6208
    dc.w    3849
    dc.w    20240
    dc.w    13093
    dc.w    3881
    dc.w    12048
    dc.w    20488
    dc.w    2845
    dc.w    17164
    dc.w    6981
    dc.w    2601
    dc.w    14089
    dc.w    17444
    dc.w    1351
    dc.w    8452
    dc.w    14392
    dc.w    3081
    dc.w    20228
    dc.w    20512
    dc.w    3136
    dc.w    6148
    dc.w    16424
    dc.w    1305
    dc.w    20228
    dc.w    28672
    dc.w    2074
    dc.w    17923
    dc.w    24337
    dc.w    2133
    dc.w    2819
    dc.w    22552
    dc.w    2124
    dc.w    5123

    .align 2
spr_ken_730_animation0_frame8_tileset:
    dc.w    2
    dc.w    76
    dc.l    spr_ken_730_animation0_frame8_tileset_data

    .align 2
spr_ken_730_animation0_frame8:
    dc.w    1792
    dc.l    spr_ken_730_animation0_frame8_tileset
    dc.l    0
    dc.w    8248
    dc.w    3872
    dc.w    14352
    dc.w    22528
    dc.w    3869
    dc.w    15120
    dc.w    16416
    dc.w    3641
    dc.w    7948
    dc.w    8248
    dc.w    2880
    dc.w    8204
    dc.w    22528
    dc.w    2877
    dc.w    8972
    dc.w    4184
    dc.w    2346
    dc.w    13830
    dc.w    15914
    dc.w    306
    dc.w    15874

    .align 2
spr_ken_730_animation0_frames:
    dc.l    spr_ken_730_animation0_frame0
    dc.l    spr_ken_730_animation0_frame1
    dc.l    spr_ken_730_animation0_frame2
    dc.l    spr_ken_730_animation0_frame3
    dc.l    spr_ken_730_animation0_frame4
    dc.l    spr_ken_730_animation0_frame5
    dc.l    spr_ken_730_animation0_frame6
    dc.l    spr_ken_730_animation0_frame7
    dc.l    spr_ken_730_animation0_frame8

    .align 2
spr_ken_730_animation0:
    dc.w    2304
    dc.l    spr_ken_730_animation0_frames

    .align 2
spr_ken_730_animations:
    dc.l    spr_ken_730_animation0

    .align 2
    .global spr_ken_730
spr_ken_730:
    dc.w    120
    dc.w    120
    dc.l    spr_ken_pal1_palette
    dc.w    1
    dc.l    spr_ken_730_animations
    dc.w    81
    dc.w    13

    .align 2
spr_ken_defeat_v1_animation0_frame0_tileset:
    dc.w    2
    dc.w    58
    dc.l    spr_ken_defeat_v1_animation0_frame0_tileset_data

    .align 2
spr_ken_defeat_v1_animation0_frame0:
    dc.w    1280
    dc.l    spr_ken_defeat_v1_animation0_frame0_tileset
    dc.l    0
    dc.w    9499
    dc.w    3917
    dc.w    4880
    dc.w    11539
    dc.w    3854
    dc.w    21008
    dc.w    11029
    dc.w    3886
    dc.w    12816
    dc.w    16655
    dc.w    3406
    dc.w    4616
    dc.w    10798
    dc.w    1043
    dc.w    23810

    .align 2
spr_ken_defeat_v1_animation0_frames:
    dc.l    spr_ken_defeat_v1_animation0_frame0

    .align 2
spr_ken_defeat_v1_animation0:
    dc.w    256
    dc.l    spr_ken_defeat_v1_animation0_frames

    .align 2
spr_ken_defeat_v1_animations:
    dc.l    spr_ken_defeat_v1_animation0

    .align 2
    .global spr_ken_defeat_v1
spr_ken_defeat_v1:
    dc.w    128
    dc.w    96
    dc.l    spr_ken_pal1_palette
    dc.w    1
    dc.l    spr_ken_defeat_v1_animations
    dc.w    58
    dc.w    5

    .align 2
spr_ken_victory_v1_animation0_frame0_tileset:
    dc.w    2
    dc.w    86
    dc.l    spr_ken_victory_v1_animation0_frame0_tileset_data

    .align 2
spr_ken_victory_v1_animation0_frame0:
    dc.w    1792
    dc.l    spr_ken_victory_v1_animation0_frame0_tileset
    dc.l    0
    dc.w    23046
    dc.w    3858
    dc.w    11792
    dc.w    14886
    dc.w    3862
    dc.w    10768
    dc.w    7746
    dc.w    3857
    dc.w    12048
    dc.w    23046
    dc.w    3890
    dc.w    3600
    dc.w    14886
    dc.w    1846
    dc.w    6664
    dc.w    6726
    dc.w    1841
    dc.w    7944
    dc.w    3682
    dc.w    2322
    dc.w    13830

    .align 2
spr_ken_victory_v1_animation0_frames:
    dc.l    spr_ken_victory_v1_animation0_frame0

    .align 2
spr_ken_victory_v1_animation0:
    dc.w    256
    dc.l    spr_ken_victory_v1_animation0_frames

    .align 2
spr_ken_victory_v1_animations:
    dc.l    spr_ken_victory_v1_animation0

    .align 2
    .global spr_ken_victory_v1
spr_ken_victory_v1:
    dc.w    96
    dc.w    128
    dc.l    spr_ken_pal1_palette
    dc.w    1
    dc.l    spr_ken_victory_v1_animations
    dc.w    86
    dc.w    7

