[2026-03-17 05:26:20] [MIGRATION] [INFO] Fixed: missing sega.s copied from SGDK 2.11 standard
[2026-03-17 05:26:20] [MIGRATION] [INFO] Fixed: missing rom_head.c copied from SGDK 2.11 standard
[2026-03-17 05:26:20] [MIGRATION] [INFO] game_vars.c:17 [SPR_init_args_to_void] applied
[2026-03-17 05:26:20] [MIGRATION] [INFO] main.c:17 [SPR_init_args_to_void] applied
[2026-03-17 05:26:20] [MIGRATION] [INFO] Migration marker saved: F:\Projects\MEGADR~1\SGDK_T~1\BASE-E~1\.sgdk_migration_state.json
[2026-03-17 05:26:21] [INFO] --- Starting Resource Validation Suite ---
[2026-03-17 05:26:21] [INFO] Nenhum arquivo .res encontrado em res/ (projeto pode não ter recursos).
[2026-03-17 05:26:21] [INFO] Validation finished. Errors: 0, Warnings: 0, Checked: 0, Recovered: 0
[2026-03-17 11:14:13] [INFO] --- Starting Resource Validation Suite ---
[2026-03-17 11:14:13] [INFO] Nenhum arquivo .res encontrado em res/ (projeto pode não ter recursos).
[2026-03-17 11:14:13] [INFO] Validation finished. Errors: 0, Warnings: 0, Checked: 0, Recovered: 0
[2026-03-17 11:25:16] [INFO] --- Starting Resource Validation Suite ---
[2026-03-17 11:25:16] [INFO] Nenhum arquivo .res encontrado em res/ (projeto pode não ter recursos).
[2026-03-17 11:25:16] [INFO] Validation finished. Errors: 0, Warnings: 0, Checked: 0, Recovered: 0
[2026-03-17 11:26:40] [INFO] --- Starting Resource Validation Suite ---
[2026-03-17 11:26:40] [INFO] Nenhum arquivo .res encontrado em res/ (projeto pode não ter recursos).
[2026-03-17 11:26:41] [INFO] Validation finished. Errors: 0, Warnings: 0, Checked: 0, Recovered: 0
[2026-03-17 11:27:46] [INFO] --- Starting Resource Validation Suite ---
[2026-03-17 11:27:46] [INFO] Nenhum arquivo .res encontrado em res/ (projeto pode não ter recursos).
[2026-03-17 11:27:46] [INFO] Validation finished. Errors: 0, Warnings: 0, Checked: 0, Recovered: 0
[2026-03-17 11:31:48] [INFO] --- Starting Resource Validation Suite ---
[2026-03-17 11:31:48] [INFO] Nenhum arquivo .res encontrado em res/ (projeto pode não ter recursos).
[2026-03-17 11:31:48] [INFO] Validation finished. Errors: 0, Warnings: 0, Checked: 0, Recovered: 0
[2026-03-17 11:34:52] [INFO] --- Starting Resource Validation Suite ---
[2026-03-17 11:34:52] [INFO] Nenhum arquivo .res encontrado em res/ (projeto pode não ter recursos).
[2026-03-17 11:34:53] [INFO] Validation finished. Errors: 0, Warnings: 0, Checked: 0, Recovered: 0
[2026-03-17 11:39:40] [INFO] --- Starting Resource Validation Suite ---
[2026-03-17 11:39:40] [INFO] Nenhum arquivo .res encontrado em res/ (projeto pode não ter recursos).
[2026-03-17 11:39:40] [INFO] Validation finished. Errors: 0, Warnings: 0, Checked: 0, Recovered: 0
[2026-03-17 11:40:17] [INFO] --- Starting Resource Validation Suite ---
[2026-03-17 11:40:17] [INFO] Nenhum arquivo .res encontrado em res/ (projeto pode não ter recursos).
[2026-03-17 11:40:17] [INFO] Validation finished. Errors: 0, Warnings: 0, Checked: 0, Recovered: 0
[2026-03-17 11:44:29] [INFO] --- Starting Resource Validation Suite ---
[2026-03-17 11:44:29] [INFO] Nenhum arquivo .res encontrado em res/ (projeto pode não ter recursos).
[2026-03-17 11:44:29] [INFO] Validation finished. Errors: 0, Warnings: 0, Checked: 0, Recovered: 0
[2026-03-17 12:22:41] [INFO] --- Starting Resource Validation Suite ---
[2026-03-17 12:22:41] [INFO] Nenhum arquivo .res encontrado em res/ (projeto pode não ter recursos).
[2026-03-17 12:22:41] [INFO] Validation finished. Errors: 0, Warnings: 0, Checked: 0, Recovered: 0
[2026-03-17 12:32:35] [INFO] --- Starting Resource Validation Suite ---
[2026-03-17 12:32:35] [INFO] Nenhum arquivo .res encontrado em res/ (projeto pode não ter recursos).
[2026-03-17 12:32:35] [INFO] Validation finished. Errors: 0, Warnings: 0, Checked: 0, Recovered: 0
[2026-03-17 13:09:51] [INFO] --- Starting Resource Validation Suite ---
[2026-03-17 13:09:51] [INFO] Nenhum arquivo .res encontrado em res/ (projeto pode não ter recursos).
[2026-03-17 13:09:51] [INFO] Validation finished. Errors: 0, Warnings: 0, Checked: 0, Recovered: 0
[2026-03-17 13:10:37] [INFO] --- Starting Resource Validation Suite ---
[2026-03-17 13:10:37] [INFO] Nenhum arquivo .res encontrado em res/ (projeto pode não ter recursos).
[2026-03-17 13:10:37] [INFO] Validation finished. Errors: 0, Warnings: 0, Checked: 0, Recovered: 0
[2026-03-17 13:34:54] [INFO] --- Starting Resource Validation Suite ---
[2026-03-17 13:34:54] [INFO] Nenhum arquivo .res encontrado em res/ (projeto pode não ter recursos).
[2026-03-17 13:34:54] [INFO] Validation finished. Errors: 0, Warnings: 0, Checked: 0, Recovered: 0
[2026-03-17 15:17:55] [INFO] --- Starting Resource Validation Suite ---
[2026-03-17 15:17:56] [INFO] Nenhum arquivo .res encontrado em res/ (projeto pode não ter recursos).
[2026-03-17 15:17:56] [INFO] Validation finished. Errors: 0, Warnings: 0, Checked: 0, Recovered: 0
[2026-03-19 11:11:39] [INFO] --- Starting Resource Validation Suite ---
[2026-03-19 11:11:39] [INFO] Nenhum arquivo .res encontrado em res/ (projeto pode não ter recursos).
[2026-03-19 11:11:39] [INFO] Validation finished. Errors: 0, Warnings: 0, Checked: 0, Recovered: 0
[2026-03-21 21:46:24] [MIGRATION] [INFO] app.c:27 [VDP_setPlanSize_to_VDP_setPlaneSize] applied
[2026-03-21 21:46:25] [MIGRATION] [INFO] app.c:27 [VDP_setPlaneSize_2to3] applied
[2026-03-21 21:46:25] [MIGRATION] [INFO] app.c:35 [SPR_init_args_to_void] applied
[2026-03-21 21:46:25] [MIGRATION] [INFO] Fixed 3 issue(s) in F:\Projects\MegaDrive_DEV\tools\sgdk_wrapper\modelo\src\core\app.c
[2026-03-21 21:46:26] [MIGRATION] [INFO] Migration marker saved: F:\Projects\MEGADR~1\tools\SGDK_W~1\modelo\.sgdk_migration_state.json
[2026-03-21 21:46:31] [INFO] --- Starting Resource Validation Suite ---
[2026-03-21 21:46:31] [INFO] Nenhum arquivo .res encontrado em res/ (projeto pode não ter recursos).
[2026-03-21 21:46:31] [INFO] Validation finished. Errors: 0, Warnings: 0, Checked: 0, Recovered: 0
[2026-03-21 21:49:21] [INFO] --- Starting Resource Validation Suite ---
[2026-03-21 21:49:21] [INFO] Nenhum arquivo .res encontrado em res/ (projeto pode não ter recursos).
[2026-03-21 21:49:21] [INFO] Validation finished. Errors: 0, Warnings: 0, Checked: 0, Recovered: 0
[2026-03-21 22:03:10] [INFO] --- Starting Resource Validation Suite ---
[2026-03-21 22:03:11] [INFO] Nenhum arquivo .res encontrado em res/ (projeto pode não ter recursos).
[2026-03-21 22:03:11] [INFO] Validation finished. Errors: 0, Warnings: 0, Checked: 0, Recovered: 0
[2026-03-21 22:06:26] [INFO] --- Starting Resource Validation Suite ---
[2026-03-21 22:06:26] [INFO] Nenhum arquivo .res encontrado em res/ (projeto pode não ter recursos).
[2026-03-21 22:06:27] [INFO] Validation finished. Errors: 0, Warnings: 0, Checked: 0, Recovered: 0
[2026-03-21 22:07:08] [INFO] --- Starting Resource Validation Suite ---
[2026-03-21 22:07:08] [INFO] Nenhum arquivo .res encontrado em res/ (projeto pode não ter recursos).
[2026-03-21 22:07:08] [INFO] Validation finished. Errors: 0, Warnings: 0, Checked: 0, Recovered: 0

[2026-05-15 23:15:13] [MIGRATION] [INFO] Script updated (hash changed). Re-running migration.
[2026-05-15 23:15:13] [MIGRATION] [INFO] Running resilient resource fixer on resources.res...
[2026-05-15 23:15:18] --- Starting Resilient Sprite Fixer for F:\Projects\MegaDrive_DEV\SGDK_projects\NOVO ARARA GI FIGHTER V2 [VER.001] [SGDK 211] [GEN] [PROTOTIPO] [LUTA]\res\resources.res ---
[2026-05-15 23:15:22] No fixes needed for F:\Projects\MegaDrive_DEV\SGDK_projects\NOVO ARARA GI FIGHTER V2 [VER.001] [SGDK 211] [GEN] [PROTOTIPO] [LUTA]\res\resources.res
[2026-05-15 23:15:22] --- Resilient Sprite Fixer Finished ---
[2026-05-15 23:15:22] [MIGRATION] [INFO] Fixed: sega.s replaced with SGDK 2.11 standard (old hash: FFC57003D5D799ACD5618C3B89BDE9F256CDFCF92C990E433876E109AD54BE02)
[2026-05-15 23:15:22] [MIGRATION] [INFO] Fixed: rom_head.c replaced with SGDK 2.11 standard (old hash: 99B1E70C5B8AF7304FC01D8EB45ECE8FC24F5CD94172D82E7527D7C91C79EBED)
[2026-05-15 23:15:22] [MIGRATION] [INFO] app.c:34 [SPR_init_args_to_void] applied
[2026-05-15 23:15:23] [MIGRATION] [INFO] Migration marker saved: F:\Projects\MEGADR~1\SGDK_P~1\NOVOAR~1.001\out\.cache\sgdk_migration_state.json
[2026-05-15 23:18:07] [INFO] --- Starting Resource Validation Suite ---
[2026-05-15 23:18:15] [INFO] Encontrados 1 arquivo(s) .res para validar.
[2026-05-15 23:18:15] [INFO] Validando F:\Projects\MegaDrive_DEV\SGDK_projects\NOVO ARARA GI FIGHTER V2 [VER.001] [SGDK 211] [GEN] [PROTOTIPO] [LUTA]\res\resources.res...
[2026-05-15 23:18:15] [WARN] ImageMagick falhou para bgs/lapa_bg_b.png: Não é possível encontrar o arquivo especificado.. Tentando fallback .NET...
[2026-05-15 23:18:16] [INFO] Inspecao via fallback .NET para bgs/lapa_bg_b.png: 320x160 bitDepth=4 palette=16
[2026-05-15 23:18:18] [WARN] ImageMagick falhou para bgs/lapa_bg_a.png: Não é possível encontrar o arquivo especificado.. Tentando fallback .NET...
[2026-05-15 23:18:18] [INFO] Inspecao via fallback .NET para bgs/lapa_bg_a.png: 320x64 bitDepth=4 palette=16
[2026-05-15 23:18:18] [WARN] Imagem lapa_bg_a: Slot indexado 0 esta visivel e cobre massa significativa; risco alto de perder forma util quando a transparencia estrutural for aplicada.
[2026-05-15 23:18:19] [WARN] ImageMagick falhou para sprites/effects/hit_spark.png: Não é possível encontrar o arquivo especificado.. Tentando fallback .NET...
[2026-05-15 23:18:19] [INFO] Inspecao via fallback .NET para sprites/effects/hit_spark.png: 96x32 bitDepth=4 palette=16
[2026-05-15 23:18:20] [WARN] ImageMagick falhou para sprites/characters/caio/idle.png: Não é possível encontrar o arquivo especificado.. Tentando fallback .NET...
[2026-05-15 23:18:20] [INFO] Inspecao via fallback .NET para sprites/characters/caio/idle.png: 576x112 bitDepth=4 palette=16
[2026-05-15 23:18:21] [WARN] ImageMagick falhou para sprites/characters/caio/walk_forward.png: Não é possível encontrar o arquivo especificado.. Tentando fallback .NET...
[2026-05-15 23:18:21] [INFO] Inspecao via fallback .NET para sprites/characters/caio/walk_forward.png: 576x112 bitDepth=4 palette=16
[2026-05-15 23:18:23] [WARN] ImageMagick falhou para sprites/characters/caio/walk_back.png: Não é possível encontrar o arquivo especificado.. Tentando fallback .NET...
[2026-05-15 23:18:23] [INFO] Inspecao via fallback .NET para sprites/characters/caio/walk_back.png: 576x112 bitDepth=4 palette=16
[2026-05-15 23:18:24] [WARN] ImageMagick falhou para sprites/characters/caio/dash.png: Não é possível encontrar o arquivo especificado.. Tentando fallback .NET...
[2026-05-15 23:18:25] [INFO] Inspecao via fallback .NET para sprites/characters/caio/dash.png: 384x112 bitDepth=4 palette=16
[2026-05-15 23:18:26] [WARN] ImageMagick falhou para sprites/characters/caio/crouch.png: Não é possível encontrar o arquivo especificado.. Tentando fallback .NET...
[2026-05-15 23:18:26] [INFO] Inspecao via fallback .NET para sprites/characters/caio/crouch.png: 192x112 bitDepth=4 palette=16
[2026-05-15 23:18:27] [WARN] ImageMagick falhou para sprites/characters/caio/jump.png: Não é possível encontrar o arquivo especificado.. Tentando fallback .NET...
[2026-05-15 23:18:27] [INFO] Inspecao via fallback .NET para sprites/characters/caio/jump.png: 576x112 bitDepth=4 palette=16
[2026-05-15 23:18:29] [WARN] ImageMagick falhou para sprites/characters/caio/guard.png: Não é possível encontrar o arquivo especificado.. Tentando fallback .NET...
[2026-05-15 23:18:29] [INFO] Inspecao via fallback .NET para sprites/characters/caio/guard.png: 288x112 bitDepth=4 palette=16
[2026-05-15 23:18:30] [WARN] ImageMagick falhou para sprites/characters/caio/jab.png: Não é possível encontrar o arquivo especificado.. Tentando fallback .NET...
[2026-05-15 23:18:30] [INFO] Inspecao via fallback .NET para sprites/characters/caio/jab.png: 384x112 bitDepth=4 palette=16
[2026-05-15 23:18:31] [WARN] ImageMagick falhou para sprites/characters/caio/medium.png: Não é possível encontrar o arquivo especificado.. Tentando fallback .NET...
[2026-05-15 23:18:31] [INFO] Inspecao via fallback .NET para sprites/characters/caio/medium.png: 480x112 bitDepth=4 palette=16
[2026-05-15 23:18:32] [WARN] ImageMagick falhou para sprites/characters/caio/grip.png: Não é possível encontrar o arquivo especificado.. Tentando fallback .NET...
[2026-05-15 23:18:32] [INFO] Inspecao via fallback .NET para sprites/characters/caio/grip.png: 480x112 bitDepth=4 palette=16
[2026-05-15 23:18:35] [WARN] ImageMagick falhou para sprites/characters/caio/hip_throw.png: Não é possível encontrar o arquivo especificado.. Tentando fallback .NET...
[2026-05-15 23:18:35] [INFO] Inspecao via fallback .NET para sprites/characters/caio/hip_throw.png: 768x112 bitDepth=4 palette=16
[2026-05-15 23:18:38] [WARN] ImageMagick falhou para sprites/characters/caio/hurt.png: Não é possível encontrar o arquivo especificado.. Tentando fallback .NET...
[2026-05-15 23:18:38] [INFO] Inspecao via fallback .NET para sprites/characters/caio/hurt.png: 384x112 bitDepth=4 palette=16
[2026-05-15 23:18:39] [WARN] ImageMagick falhou para sprites/characters/caio/knockdown.png: Não é possível encontrar o arquivo especificado.. Tentando fallback .NET...
[2026-05-15 23:18:39] [INFO] Inspecao via fallback .NET para sprites/characters/caio/knockdown.png: 576x112 bitDepth=4 palette=16
[2026-05-15 23:18:41] [WARN] ImageMagick falhou para sprites/characters/caio/getup.png: Não é possível encontrar o arquivo especificado.. Tentando fallback .NET...
[2026-05-15 23:18:41] [INFO] Inspecao via fallback .NET para sprites/characters/caio/getup.png: 576x112 bitDepth=4 palette=16
[2026-05-15 23:18:42] [WARN] ImageMagick falhou para sprites/characters/davi/idle.png: Não é possível encontrar o arquivo especificado.. Tentando fallback .NET...
[2026-05-15 23:18:42] [INFO] Inspecao via fallback .NET para sprites/characters/davi/idle.png: 576x112 bitDepth=4 palette=16
[2026-05-15 23:18:44] [WARN] ImageMagick falhou para sprites/characters/davi/walk_forward.png: Não é possível encontrar o arquivo especificado.. Tentando fallback .NET...
[2026-05-15 23:18:44] [INFO] Inspecao via fallback .NET para sprites/characters/davi/walk_forward.png: 576x112 bitDepth=4 palette=16
[2026-05-15 23:18:46] [WARN] ImageMagick falhou para sprites/characters/davi/walk_back.png: Não é possível encontrar o arquivo especificado.. Tentando fallback .NET...
[2026-05-15 23:18:46] [INFO] Inspecao via fallback .NET para sprites/characters/davi/walk_back.png: 576x112 bitDepth=4 palette=16
[2026-05-15 23:18:47] [WARN] ImageMagick falhou para sprites/characters/davi/dash.png: Não é possível encontrar o arquivo especificado.. Tentando fallback .NET...
[2026-05-15 23:18:48] [INFO] Inspecao via fallback .NET para sprites/characters/davi/dash.png: 384x112 bitDepth=4 palette=16
[2026-05-15 23:18:49] [WARN] ImageMagick falhou para sprites/characters/davi/crouch.png: Não é possível encontrar o arquivo especificado.. Tentando fallback .NET...
[2026-05-15 23:18:49] [INFO] Inspecao via fallback .NET para sprites/characters/davi/crouch.png: 192x112 bitDepth=4 palette=16
[2026-05-15 23:18:51] [WARN] ImageMagick falhou para sprites/characters/davi/jump.png: Não é possível encontrar o arquivo especificado.. Tentando fallback .NET...
[2026-05-15 23:18:51] [INFO] Inspecao via fallback .NET para sprites/characters/davi/jump.png: 576x112 bitDepth=4 palette=16
[2026-05-15 23:18:54] [WARN] ImageMagick falhou para sprites/characters/davi/guard.png: Não é possível encontrar o arquivo especificado.. Tentando fallback .NET...
[2026-05-15 23:18:54] [INFO] Inspecao via fallback .NET para sprites/characters/davi/guard.png: 288x112 bitDepth=4 palette=16
[2026-05-15 23:18:55] [WARN] ImageMagick falhou para sprites/characters/davi/jab.png: Não é possível encontrar o arquivo especificado.. Tentando fallback .NET...
[2026-05-15 23:18:55] [INFO] Inspecao via fallback .NET para sprites/characters/davi/jab.png: 384x112 bitDepth=4 palette=16
[2026-05-15 23:18:57] [WARN] ImageMagick falhou para sprites/characters/davi/medium.png: Não é possível encontrar o arquivo especificado.. Tentando fallback .NET...
[2026-05-15 23:18:57] [INFO] Inspecao via fallback .NET para sprites/characters/davi/medium.png: 480x112 bitDepth=4 palette=16
[2026-05-15 23:18:59] [WARN] ImageMagick falhou para sprites/characters/davi/grip.png: Não é possível encontrar o arquivo especificado.. Tentando fallback .NET...
[2026-05-15 23:18:59] [INFO] Inspecao via fallback .NET para sprites/characters/davi/grip.png: 480x112 bitDepth=4 palette=16
[2026-05-15 23:19:01] [WARN] ImageMagick falhou para sprites/characters/davi/hip_throw.png: Não é possível encontrar o arquivo especificado.. Tentando fallback .NET...
[2026-05-15 23:19:01] [INFO] Inspecao via fallback .NET para sprites/characters/davi/hip_throw.png: 768x112 bitDepth=4 palette=16
[2026-05-15 23:19:04] [WARN] ImageMagick falhou para sprites/characters/davi/hurt.png: Não é possível encontrar o arquivo especificado.. Tentando fallback .NET...
[2026-05-15 23:19:04] [INFO] Inspecao via fallback .NET para sprites/characters/davi/hurt.png: 384x112 bitDepth=4 palette=16
[2026-05-15 23:19:06] [WARN] ImageMagick falhou para sprites/characters/davi/knockdown.png: Não é possível encontrar o arquivo especificado.. Tentando fallback .NET...
[2026-05-15 23:19:06] [INFO] Inspecao via fallback .NET para sprites/characters/davi/knockdown.png: 576x112 bitDepth=4 palette=16
[2026-05-15 23:19:08] [WARN] ImageMagick falhou para sprites/characters/davi/getup.png: Não é possível encontrar o arquivo especificado.. Tentando fallback .NET...
[2026-05-15 23:19:08] [INFO] Inspecao via fallback .NET para sprites/characters/davi/getup.png: 576x112 bitDepth=4 palette=16
[2026-05-15 23:19:13] [ERROR] Bootstrap local da .agent em modo degradado: canonical_manifest_invalid.
[2026-05-15 23:19:15] [WARN] Juiz estetico sinalizou assets que pedem revisao antes de serem tratados como Elite.
[2026-05-15 23:19:16] [WARN] Changelog canonico desatualizado: assets_sem_snapshot=31, rom_desatualizada=1.
[2026-05-15 23:19:16] [INFO] Validation finished. Errors: 0, Warnings: 4, Checked: 31, Recovered: 0
[2026-05-15 23:22:12] [INFO] --- Starting Resource Validation Suite ---
[2026-05-15 23:22:17] [INFO] Encontrados 1 arquivo(s) .res para validar.
[2026-05-15 23:22:17] [INFO] Validando F:\Projects\MegaDrive_DEV\SGDK_projects\NOVO ARARA GI FIGHTER V2 [VER.001] [SGDK 211] [GEN] [PROTOTIPO] [LUTA]\res\resources.res...
[2026-05-15 23:22:17] [WARN] ImageMagick falhou para bgs/lapa_bg_b.png: Não é possível encontrar o arquivo especificado.. Tentando fallback .NET...
[2026-05-15 23:22:18] [INFO] Inspecao via fallback .NET para bgs/lapa_bg_b.png: 320x160 bitDepth=4 palette=16
[2026-05-15 23:22:19] [WARN] ImageMagick falhou para bgs/lapa_bg_a.png: Não é possível encontrar o arquivo especificado.. Tentando fallback .NET...
[2026-05-15 23:22:20] [INFO] Inspecao via fallback .NET para bgs/lapa_bg_a.png: 320x64 bitDepth=4 palette=16
[2026-05-15 23:22:20] [WARN] Imagem lapa_bg_a: Slot indexado 0 esta visivel e cobre massa significativa; risco alto de perder forma util quando a transparencia estrutural for aplicada.
[2026-05-15 23:22:20] [WARN] ImageMagick falhou para sprites/effects/hit_spark.png: Não é possível encontrar o arquivo especificado.. Tentando fallback .NET...
[2026-05-15 23:22:20] [INFO] Inspecao via fallback .NET para sprites/effects/hit_spark.png: 96x32 bitDepth=4 palette=16
[2026-05-15 23:22:21] [WARN] ImageMagick falhou para sprites/characters/caio/idle.png: Não é possível encontrar o arquivo especificado.. Tentando fallback .NET...
[2026-05-15 23:22:21] [INFO] Inspecao via fallback .NET para sprites/characters/caio/idle.png: 576x112 bitDepth=4 palette=16
[2026-05-15 23:22:22] [WARN] ImageMagick falhou para sprites/characters/caio/walk_forward.png: Não é possível encontrar o arquivo especificado.. Tentando fallback .NET...
[2026-05-15 23:22:22] [INFO] Inspecao via fallback .NET para sprites/characters/caio/walk_forward.png: 576x112 bitDepth=4 palette=16
[2026-05-15 23:22:23] [WARN] ImageMagick falhou para sprites/characters/caio/walk_back.png: Não é possível encontrar o arquivo especificado.. Tentando fallback .NET...
[2026-05-15 23:22:23] [INFO] Inspecao via fallback .NET para sprites/characters/caio/walk_back.png: 576x112 bitDepth=4 palette=16
[2026-05-15 23:22:24] [WARN] ImageMagick falhou para sprites/characters/caio/dash.png: Não é possível encontrar o arquivo especificado.. Tentando fallback .NET...
[2026-05-15 23:22:24] [INFO] Inspecao via fallback .NET para sprites/characters/caio/dash.png: 384x112 bitDepth=4 palette=16
[2026-05-15 23:22:25] [WARN] ImageMagick falhou para sprites/characters/caio/crouch.png: Não é possível encontrar o arquivo especificado.. Tentando fallback .NET...
[2026-05-15 23:22:25] [INFO] Inspecao via fallback .NET para sprites/characters/caio/crouch.png: 192x112 bitDepth=4 palette=16
[2026-05-15 23:22:26] [WARN] ImageMagick falhou para sprites/characters/caio/jump.png: Não é possível encontrar o arquivo especificado.. Tentando fallback .NET...
[2026-05-15 23:22:26] [INFO] Inspecao via fallback .NET para sprites/characters/caio/jump.png: 576x112 bitDepth=4 palette=16
[2026-05-15 23:22:27] [WARN] ImageMagick falhou para sprites/characters/caio/guard.png: Não é possível encontrar o arquivo especificado.. Tentando fallback .NET...
[2026-05-15 23:22:27] [INFO] Inspecao via fallback .NET para sprites/characters/caio/guard.png: 288x112 bitDepth=4 palette=16
[2026-05-15 23:22:28] [WARN] ImageMagick falhou para sprites/characters/caio/jab.png: Não é possível encontrar o arquivo especificado.. Tentando fallback .NET...
[2026-05-15 23:22:28] [INFO] Inspecao via fallback .NET para sprites/characters/caio/jab.png: 384x112 bitDepth=4 palette=16
[2026-05-15 23:22:29] [WARN] ImageMagick falhou para sprites/characters/caio/medium.png: Não é possível encontrar o arquivo especificado.. Tentando fallback .NET...
[2026-05-15 23:22:29] [INFO] Inspecao via fallback .NET para sprites/characters/caio/medium.png: 480x112 bitDepth=4 palette=16
[2026-05-15 23:22:30] [WARN] ImageMagick falhou para sprites/characters/caio/grip.png: Não é possível encontrar o arquivo especificado.. Tentando fallback .NET...
[2026-05-15 23:22:30] [INFO] Inspecao via fallback .NET para sprites/characters/caio/grip.png: 480x112 bitDepth=4 palette=16
[2026-05-15 23:22:31] [WARN] ImageMagick falhou para sprites/characters/caio/hip_throw.png: Não é possível encontrar o arquivo especificado.. Tentando fallback .NET...
[2026-05-15 23:22:31] [INFO] Inspecao via fallback .NET para sprites/characters/caio/hip_throw.png: 768x112 bitDepth=4 palette=16
[2026-05-15 23:22:33] [WARN] ImageMagick falhou para sprites/characters/caio/hurt.png: Não é possível encontrar o arquivo especificado.. Tentando fallback .NET...
[2026-05-15 23:22:33] [INFO] Inspecao via fallback .NET para sprites/characters/caio/hurt.png: 384x112 bitDepth=4 palette=16
[2026-05-15 23:22:34] [WARN] ImageMagick falhou para sprites/characters/caio/knockdown.png: Não é possível encontrar o arquivo especificado.. Tentando fallback .NET...
[2026-05-15 23:22:34] [INFO] Inspecao via fallback .NET para sprites/characters/caio/knockdown.png: 576x112 bitDepth=4 palette=16
[2026-05-15 23:22:35] [WARN] ImageMagick falhou para sprites/characters/caio/getup.png: Não é possível encontrar o arquivo especificado.. Tentando fallback .NET...
[2026-05-15 23:22:35] [INFO] Inspecao via fallback .NET para sprites/characters/caio/getup.png: 576x112 bitDepth=4 palette=16
[2026-05-15 23:22:36] [WARN] ImageMagick falhou para sprites/characters/davi/idle.png: Não é possível encontrar o arquivo especificado.. Tentando fallback .NET...
[2026-05-15 23:22:36] [INFO] Inspecao via fallback .NET para sprites/characters/davi/idle.png: 576x112 bitDepth=4 palette=16
[2026-05-15 23:22:37] [WARN] ImageMagick falhou para sprites/characters/davi/walk_forward.png: Não é possível encontrar o arquivo especificado.. Tentando fallback .NET...
[2026-05-15 23:22:38] [INFO] Inspecao via fallback .NET para sprites/characters/davi/walk_forward.png: 576x112 bitDepth=4 palette=16
[2026-05-15 23:22:39] [WARN] ImageMagick falhou para sprites/characters/davi/walk_back.png: Não é possível encontrar o arquivo especificado.. Tentando fallback .NET...
[2026-05-15 23:22:39] [INFO] Inspecao via fallback .NET para sprites/characters/davi/walk_back.png: 576x112 bitDepth=4 palette=16
[2026-05-15 23:22:40] [WARN] ImageMagick falhou para sprites/characters/davi/dash.png: Não é possível encontrar o arquivo especificado.. Tentando fallback .NET...
[2026-05-15 23:22:40] [INFO] Inspecao via fallback .NET para sprites/characters/davi/dash.png: 384x112 bitDepth=4 palette=16
[2026-05-15 23:22:41] [WARN] ImageMagick falhou para sprites/characters/davi/crouch.png: Não é possível encontrar o arquivo especificado.. Tentando fallback .NET...
[2026-05-15 23:22:41] [INFO] Inspecao via fallback .NET para sprites/characters/davi/crouch.png: 192x112 bitDepth=4 palette=16
[2026-05-15 23:22:42] [WARN] ImageMagick falhou para sprites/characters/davi/jump.png: Não é possível encontrar o arquivo especificado.. Tentando fallback .NET...
[2026-05-15 23:22:42] [INFO] Inspecao via fallback .NET para sprites/characters/davi/jump.png: 576x112 bitDepth=4 palette=16
[2026-05-15 23:22:43] [WARN] ImageMagick falhou para sprites/characters/davi/guard.png: Não é possível encontrar o arquivo especificado.. Tentando fallback .NET...
[2026-05-15 23:22:43] [INFO] Inspecao via fallback .NET para sprites/characters/davi/guard.png: 288x112 bitDepth=4 palette=16
[2026-05-15 23:22:44] [WARN] ImageMagick falhou para sprites/characters/davi/jab.png: Não é possível encontrar o arquivo especificado.. Tentando fallback .NET...
[2026-05-15 23:22:44] [INFO] Inspecao via fallback .NET para sprites/characters/davi/jab.png: 384x112 bitDepth=4 palette=16
[2026-05-15 23:22:45] [WARN] ImageMagick falhou para sprites/characters/davi/medium.png: Não é possível encontrar o arquivo especificado.. Tentando fallback .NET...
[2026-05-15 23:22:45] [INFO] Inspecao via fallback .NET para sprites/characters/davi/medium.png: 480x112 bitDepth=4 palette=16
[2026-05-15 23:22:46] [WARN] ImageMagick falhou para sprites/characters/davi/grip.png: Não é possível encontrar o arquivo especificado.. Tentando fallback .NET...
[2026-05-15 23:22:46] [INFO] Inspecao via fallback .NET para sprites/characters/davi/grip.png: 480x112 bitDepth=4 palette=16
[2026-05-15 23:22:47] [WARN] ImageMagick falhou para sprites/characters/davi/hip_throw.png: Não é possível encontrar o arquivo especificado.. Tentando fallback .NET...
[2026-05-15 23:22:47] [INFO] Inspecao via fallback .NET para sprites/characters/davi/hip_throw.png: 768x112 bitDepth=4 palette=16
[2026-05-15 23:22:49] [WARN] ImageMagick falhou para sprites/characters/davi/hurt.png: Não é possível encontrar o arquivo especificado.. Tentando fallback .NET...
[2026-05-15 23:22:49] [INFO] Inspecao via fallback .NET para sprites/characters/davi/hurt.png: 384x112 bitDepth=4 palette=16
[2026-05-15 23:22:50] [WARN] ImageMagick falhou para sprites/characters/davi/knockdown.png: Não é possível encontrar o arquivo especificado.. Tentando fallback .NET...
[2026-05-15 23:22:50] [INFO] Inspecao via fallback .NET para sprites/characters/davi/knockdown.png: 576x112 bitDepth=4 palette=16
[2026-05-15 23:22:51] [WARN] ImageMagick falhou para sprites/characters/davi/getup.png: Não é possível encontrar o arquivo especificado.. Tentando fallback .NET...
[2026-05-15 23:22:51] [INFO] Inspecao via fallback .NET para sprites/characters/davi/getup.png: 576x112 bitDepth=4 palette=16
[2026-05-15 23:22:53] [ERROR] Bootstrap local da .agent em modo degradado: canonical_manifest_invalid.
[2026-05-15 23:22:53] [WARN] Juiz estetico sinalizou assets que pedem revisao antes de serem tratados como Elite.
[2026-05-15 23:22:54] [WARN] Changelog canonico desatualizado: assets_sem_snapshot=31.
[2026-05-15 23:22:54] [INFO] Validation finished. Errors: 0, Warnings: 4, Checked: 31, Recovered: 0
[2026-05-15 23:23:40] [INFO] --- Starting Resource Validation Suite ---
[2026-05-15 23:23:53] [INFO] Encontrados 1 arquivo(s) .res para validar.
[2026-05-15 23:23:53] [INFO] Validando F:\Projects\MegaDrive_DEV\SGDK_projects\NOVO ARARA GI FIGHTER V2 [VER.001] [SGDK 211] [GEN] [PROTOTIPO] [LUTA]\res\resources.res...
[2026-05-15 23:23:53] [WARN] ImageMagick falhou para bgs/lapa_bg_b.png: Não é possível encontrar o arquivo especificado.. Tentando fallback .NET...
[2026-05-15 23:23:54] [INFO] Inspecao via fallback .NET para bgs/lapa_bg_b.png: 320x160 bitDepth=4 palette=16
[2026-05-15 23:23:56] [WARN] ImageMagick falhou para bgs/lapa_bg_a.png: Não é possível encontrar o arquivo especificado.. Tentando fallback .NET...
[2026-05-15 23:23:57] [INFO] Inspecao via fallback .NET para bgs/lapa_bg_a.png: 320x64 bitDepth=4 palette=16
[2026-05-15 23:23:57] [WARN] Imagem lapa_bg_a: Slot indexado 0 esta visivel e cobre massa significativa; risco alto de perder forma util quando a transparencia estrutural for aplicada.
[2026-05-15 23:23:58] [WARN] ImageMagick falhou para sprites/effects/hit_spark.png: Não é possível encontrar o arquivo especificado.. Tentando fallback .NET...
[2026-05-15 23:23:58] [INFO] Inspecao via fallback .NET para sprites/effects/hit_spark.png: 96x32 bitDepth=4 palette=16
[2026-05-15 23:24:00] [WARN] ImageMagick falhou para sprites/characters/caio/idle.png: Não é possível encontrar o arquivo especificado.. Tentando fallback .NET...
[2026-05-15 23:24:00] [INFO] Inspecao via fallback .NET para sprites/characters/caio/idle.png: 576x112 bitDepth=4 palette=16
[2026-05-15 23:24:02] [WARN] ImageMagick falhou para sprites/characters/caio/walk_forward.png: Não é possível encontrar o arquivo especificado.. Tentando fallback .NET...
[2026-05-15 23:24:02] [INFO] Inspecao via fallback .NET para sprites/characters/caio/walk_forward.png: 576x112 bitDepth=4 palette=16
[2026-05-15 23:24:04] [WARN] ImageMagick falhou para sprites/characters/caio/walk_back.png: Não é possível encontrar o arquivo especificado.. Tentando fallback .NET...
[2026-05-15 23:24:04] [INFO] Inspecao via fallback .NET para sprites/characters/caio/walk_back.png: 576x112 bitDepth=4 palette=16
[2026-05-15 23:24:07] [WARN] ImageMagick falhou para sprites/characters/caio/dash.png: Não é possível encontrar o arquivo especificado.. Tentando fallback .NET...
[2026-05-15 23:24:07] [INFO] Inspecao via fallback .NET para sprites/characters/caio/dash.png: 384x112 bitDepth=4 palette=16
[2026-05-15 23:24:08] [WARN] ImageMagick falhou para sprites/characters/caio/crouch.png: Não é possível encontrar o arquivo especificado.. Tentando fallback .NET...
[2026-05-15 23:24:09] [INFO] Inspecao via fallback .NET para sprites/characters/caio/crouch.png: 192x112 bitDepth=4 palette=16
[2026-05-15 23:24:10] [WARN] ImageMagick falhou para sprites/characters/caio/jump.png: Não é possível encontrar o arquivo especificado.. Tentando fallback .NET...
[2026-05-15 23:24:10] [INFO] Inspecao via fallback .NET para sprites/characters/caio/jump.png: 576x112 bitDepth=4 palette=16
[2026-05-15 23:24:12] [WARN] ImageMagick falhou para sprites/characters/caio/guard.png: Não é possível encontrar o arquivo especificado.. Tentando fallback .NET...
[2026-05-15 23:24:12] [INFO] Inspecao via fallback .NET para sprites/characters/caio/guard.png: 288x112 bitDepth=4 palette=16
[2026-05-15 23:24:14] [WARN] ImageMagick falhou para sprites/characters/caio/jab.png: Não é possível encontrar o arquivo especificado.. Tentando fallback .NET...
[2026-05-15 23:24:14] [INFO] Inspecao via fallback .NET para sprites/characters/caio/jab.png: 384x112 bitDepth=4 palette=16
[2026-05-15 23:24:15] [WARN] ImageMagick falhou para sprites/characters/caio/medium.png: Não é possível encontrar o arquivo especificado.. Tentando fallback .NET...
[2026-05-15 23:24:16] [INFO] Inspecao via fallback .NET para sprites/characters/caio/medium.png: 480x112 bitDepth=4 palette=16
[2026-05-15 23:24:17] [WARN] ImageMagick falhou para sprites/characters/caio/grip.png: Não é possível encontrar o arquivo especificado.. Tentando fallback .NET...
[2026-05-15 23:24:18] [INFO] Inspecao via fallback .NET para sprites/characters/caio/grip.png: 480x112 bitDepth=4 palette=16
[2026-05-15 23:24:19] [WARN] ImageMagick falhou para sprites/characters/caio/hip_throw.png: Não é possível encontrar o arquivo especificado.. Tentando fallback .NET...
[2026-05-15 23:24:20] [INFO] Inspecao via fallback .NET para sprites/characters/caio/hip_throw.png: 768x112 bitDepth=4 palette=16
[2026-05-15 23:24:22] [WARN] ImageMagick falhou para sprites/characters/caio/hurt.png: Não é possível encontrar o arquivo especificado.. Tentando fallback .NET...
[2026-05-15 23:24:22] [INFO] Inspecao via fallback .NET para sprites/characters/caio/hurt.png: 384x112 bitDepth=4 palette=16
[2026-05-15 23:24:23] [WARN] ImageMagick falhou para sprites/characters/caio/knockdown.png: Não é possível encontrar o arquivo especificado.. Tentando fallback .NET...
[2026-05-15 23:24:24] [INFO] Inspecao via fallback .NET para sprites/characters/caio/knockdown.png: 576x112 bitDepth=4 palette=16
[2026-05-15 23:24:25] [WARN] ImageMagick falhou para sprites/characters/caio/getup.png: Não é possível encontrar o arquivo especificado.. Tentando fallback .NET...
[2026-05-15 23:24:25] [INFO] Inspecao via fallback .NET para sprites/characters/caio/getup.png: 576x112 bitDepth=4 palette=16
[2026-05-15 23:24:27] [WARN] ImageMagick falhou para sprites/characters/davi/idle.png: Não é possível encontrar o arquivo especificado.. Tentando fallback .NET...
[2026-05-15 23:24:27] [INFO] Inspecao via fallback .NET para sprites/characters/davi/idle.png: 576x112 bitDepth=4 palette=16
[2026-05-15 23:24:29] [WARN] ImageMagick falhou para sprites/characters/davi/walk_forward.png: Não é possível encontrar o arquivo especificado.. Tentando fallback .NET...
[2026-05-15 23:24:29] [INFO] Inspecao via fallback .NET para sprites/characters/davi/walk_forward.png: 576x112 bitDepth=4 palette=16
[2026-05-15 23:24:31] [WARN] ImageMagick falhou para sprites/characters/davi/walk_back.png: Não é possível encontrar o arquivo especificado.. Tentando fallback .NET...
[2026-05-15 23:24:31] [INFO] Inspecao via fallback .NET para sprites/characters/davi/walk_back.png: 576x112 bitDepth=4 palette=16
[2026-05-15 23:24:33] [WARN] ImageMagick falhou para sprites/characters/davi/dash.png: Não é possível encontrar o arquivo especificado.. Tentando fallback .NET...
[2026-05-15 23:24:33] [INFO] Inspecao via fallback .NET para sprites/characters/davi/dash.png: 384x112 bitDepth=4 palette=16
[2026-05-15 23:24:35] [WARN] ImageMagick falhou para sprites/characters/davi/crouch.png: Não é possível encontrar o arquivo especificado.. Tentando fallback .NET...
[2026-05-15 23:24:35] [INFO] Inspecao via fallback .NET para sprites/characters/davi/crouch.png: 192x112 bitDepth=4 palette=16
[2026-05-15 23:24:36] [WARN] ImageMagick falhou para sprites/characters/davi/jump.png: Não é possível encontrar o arquivo especificado.. Tentando fallback .NET...
[2026-05-15 23:24:36] [INFO] Inspecao via fallback .NET para sprites/characters/davi/jump.png: 576x112 bitDepth=4 palette=16
[2026-05-15 23:24:38] [WARN] ImageMagick falhou para sprites/characters/davi/guard.png: Não é possível encontrar o arquivo especificado.. Tentando fallback .NET...
[2026-05-15 23:24:38] [INFO] Inspecao via fallback .NET para sprites/characters/davi/guard.png: 288x112 bitDepth=4 palette=16
[2026-05-15 23:24:39] [WARN] ImageMagick falhou para sprites/characters/davi/jab.png: Não é possível encontrar o arquivo especificado.. Tentando fallback .NET...
[2026-05-15 23:24:39] [INFO] Inspecao via fallback .NET para sprites/characters/davi/jab.png: 384x112 bitDepth=4 palette=16
[2026-05-15 23:24:41] [WARN] ImageMagick falhou para sprites/characters/davi/medium.png: Não é possível encontrar o arquivo especificado.. Tentando fallback .NET...
[2026-05-15 23:24:41] [INFO] Inspecao via fallback .NET para sprites/characters/davi/medium.png: 480x112 bitDepth=4 palette=16
[2026-05-15 23:24:43] [WARN] ImageMagick falhou para sprites/characters/davi/grip.png: Não é possível encontrar o arquivo especificado.. Tentando fallback .NET...
[2026-05-15 23:24:43] [INFO] Inspecao via fallback .NET para sprites/characters/davi/grip.png: 480x112 bitDepth=4 palette=16
[2026-05-15 23:24:45] [WARN] ImageMagick falhou para sprites/characters/davi/hip_throw.png: Não é possível encontrar o arquivo especificado.. Tentando fallback .NET...
[2026-05-15 23:24:45] [INFO] Inspecao via fallback .NET para sprites/characters/davi/hip_throw.png: 768x112 bitDepth=4 palette=16
[2026-05-15 23:24:48] [WARN] ImageMagick falhou para sprites/characters/davi/hurt.png: Não é possível encontrar o arquivo especificado.. Tentando fallback .NET...
[2026-05-15 23:24:48] [INFO] Inspecao via fallback .NET para sprites/characters/davi/hurt.png: 384x112 bitDepth=4 palette=16
[2026-05-15 23:24:49] [WARN] ImageMagick falhou para sprites/characters/davi/knockdown.png: Não é possível encontrar o arquivo especificado.. Tentando fallback .NET...
[2026-05-15 23:24:49] [INFO] Inspecao via fallback .NET para sprites/characters/davi/knockdown.png: 576x112 bitDepth=4 palette=16
[2026-05-15 23:24:51] [WARN] ImageMagick falhou para sprites/characters/davi/getup.png: Não é possível encontrar o arquivo especificado.. Tentando fallback .NET...
[2026-05-15 23:24:51] [INFO] Inspecao via fallback .NET para sprites/characters/davi/getup.png: 576x112 bitDepth=4 palette=16
[2026-05-15 23:24:55] [ERROR] Bootstrap local da .agent em modo degradado: canonical_manifest_invalid.
[2026-05-15 23:24:55] [WARN] Juiz estetico sinalizou assets que pedem revisao antes de serem tratados como Elite.
[2026-05-15 23:24:56] [INFO] Validation finished. Errors: 0, Warnings: 3, Checked: 31, Recovered: 0
[2026-05-15 23:27:55] [INFO] --- Starting Resource Validation Suite ---
[2026-05-15 23:28:02] [INFO] Encontrados 1 arquivo(s) .res para validar.
[2026-05-15 23:28:02] [INFO] Validando F:\Projects\MegaDrive_DEV\SGDK_projects\NOVO ARARA GI FIGHTER V2 [VER.001] [SGDK 211] [GEN] [PROTOTIPO] [LUTA]\res\resources.res...
[2026-05-15 23:28:02] [WARN] ImageMagick falhou para bgs/lapa_bg_b.png: Não é possível encontrar o arquivo especificado.. Tentando fallback .NET...
[2026-05-15 23:28:02] [INFO] Inspecao via fallback .NET para bgs/lapa_bg_b.png: 320x160 bitDepth=4 palette=16
[2026-05-15 23:28:04] [WARN] ImageMagick falhou para bgs/lapa_bg_a.png: Não é possível encontrar o arquivo especificado.. Tentando fallback .NET...
[2026-05-15 23:28:04] [INFO] Inspecao via fallback .NET para bgs/lapa_bg_a.png: 320x64 bitDepth=4 palette=16
[2026-05-15 23:28:04] [WARN] Imagem lapa_bg_a: Slot indexado 0 esta visivel e cobre massa significativa; risco alto de perder forma util quando a transparencia estrutural for aplicada.
[2026-05-15 23:28:05] [WARN] ImageMagick falhou para sprites/effects/hit_spark.png: Não é possível encontrar o arquivo especificado.. Tentando fallback .NET...
[2026-05-15 23:28:05] [INFO] Inspecao via fallback .NET para sprites/effects/hit_spark.png: 96x32 bitDepth=4 palette=16
[2026-05-15 23:28:06] [WARN] ImageMagick falhou para sprites/characters/caio/idle.png: Não é possível encontrar o arquivo especificado.. Tentando fallback .NET...
[2026-05-15 23:28:06] [INFO] Inspecao via fallback .NET para sprites/characters/caio/idle.png: 576x112 bitDepth=4 palette=16
[2026-05-15 23:28:08] [WARN] ImageMagick falhou para sprites/characters/caio/walk_forward.png: Não é possível encontrar o arquivo especificado.. Tentando fallback .NET...
[2026-05-15 23:28:08] [INFO] Inspecao via fallback .NET para sprites/characters/caio/walk_forward.png: 576x112 bitDepth=4 palette=16
[2026-05-15 23:28:10] [WARN] ImageMagick falhou para sprites/characters/caio/walk_back.png: Não é possível encontrar o arquivo especificado.. Tentando fallback .NET...
[2026-05-15 23:28:10] [INFO] Inspecao via fallback .NET para sprites/characters/caio/walk_back.png: 576x112 bitDepth=4 palette=16
[2026-05-15 23:28:12] [WARN] ImageMagick falhou para sprites/characters/caio/dash.png: Não é possível encontrar o arquivo especificado.. Tentando fallback .NET...
[2026-05-15 23:28:12] [INFO] Inspecao via fallback .NET para sprites/characters/caio/dash.png: 384x112 bitDepth=4 palette=16
[2026-05-15 23:28:14] [WARN] ImageMagick falhou para sprites/characters/caio/crouch.png: Não é possível encontrar o arquivo especificado.. Tentando fallback .NET...
[2026-05-15 23:28:14] [INFO] Inspecao via fallback .NET para sprites/characters/caio/crouch.png: 192x112 bitDepth=4 palette=16
[2026-05-15 23:28:15] [WARN] ImageMagick falhou para sprites/characters/caio/jump.png: Não é possível encontrar o arquivo especificado.. Tentando fallback .NET...
[2026-05-15 23:28:15] [INFO] Inspecao via fallback .NET para sprites/characters/caio/jump.png: 576x112 bitDepth=4 palette=16
[2026-05-15 23:28:17] [WARN] ImageMagick falhou para sprites/characters/caio/guard.png: Não é possível encontrar o arquivo especificado.. Tentando fallback .NET...
[2026-05-15 23:28:17] [INFO] Inspecao via fallback .NET para sprites/characters/caio/guard.png: 288x112 bitDepth=4 palette=16
[2026-05-15 23:28:18] [WARN] ImageMagick falhou para sprites/characters/caio/jab.png: Não é possível encontrar o arquivo especificado.. Tentando fallback .NET...
[2026-05-15 23:28:18] [INFO] Inspecao via fallback .NET para sprites/characters/caio/jab.png: 384x112 bitDepth=4 palette=16
[2026-05-15 23:28:19] [WARN] ImageMagick falhou para sprites/characters/caio/medium.png: Não é possível encontrar o arquivo especificado.. Tentando fallback .NET...
[2026-05-15 23:28:19] [INFO] Inspecao via fallback .NET para sprites/characters/caio/medium.png: 480x112 bitDepth=4 palette=16
[2026-05-15 23:28:21] [WARN] ImageMagick falhou para sprites/characters/caio/grip.png: Não é possível encontrar o arquivo especificado.. Tentando fallback .NET...
[2026-05-15 23:28:21] [INFO] Inspecao via fallback .NET para sprites/characters/caio/grip.png: 480x112 bitDepth=4 palette=16
[2026-05-15 23:28:22] [WARN] ImageMagick falhou para sprites/characters/caio/hip_throw.png: Não é possível encontrar o arquivo especificado.. Tentando fallback .NET...
[2026-05-15 23:28:23] [INFO] Inspecao via fallback .NET para sprites/characters/caio/hip_throw.png: 768x112 bitDepth=4 palette=16
[2026-05-15 23:28:25] [WARN] ImageMagick falhou para sprites/characters/caio/hurt.png: Não é possível encontrar o arquivo especificado.. Tentando fallback .NET...
[2026-05-15 23:28:25] [INFO] Inspecao via fallback .NET para sprites/characters/caio/hurt.png: 384x112 bitDepth=4 palette=16
[2026-05-15 23:28:26] [WARN] ImageMagick falhou para sprites/characters/caio/knockdown.png: Não é possível encontrar o arquivo especificado.. Tentando fallback .NET...
[2026-05-15 23:28:27] [INFO] Inspecao via fallback .NET para sprites/characters/caio/knockdown.png: 576x112 bitDepth=4 palette=16
[2026-05-15 23:28:28] [WARN] ImageMagick falhou para sprites/characters/caio/getup.png: Não é possível encontrar o arquivo especificado.. Tentando fallback .NET...
[2026-05-15 23:28:28] [INFO] Inspecao via fallback .NET para sprites/characters/caio/getup.png: 576x112 bitDepth=4 palette=16
[2026-05-15 23:28:30] [WARN] ImageMagick falhou para sprites/characters/davi/idle.png: Não é possível encontrar o arquivo especificado.. Tentando fallback .NET...
[2026-05-15 23:28:30] [INFO] Inspecao via fallback .NET para sprites/characters/davi/idle.png: 576x112 bitDepth=4 palette=16
[2026-05-15 23:28:32] [WARN] ImageMagick falhou para sprites/characters/davi/walk_forward.png: Não é possível encontrar o arquivo especificado.. Tentando fallback .NET...
[2026-05-15 23:28:32] [INFO] Inspecao via fallback .NET para sprites/characters/davi/walk_forward.png: 576x112 bitDepth=4 palette=16
[2026-05-15 23:28:34] [WARN] ImageMagick falhou para sprites/characters/davi/walk_back.png: Não é possível encontrar o arquivo especificado.. Tentando fallback .NET...
[2026-05-15 23:28:34] [INFO] Inspecao via fallback .NET para sprites/characters/davi/walk_back.png: 576x112 bitDepth=4 palette=16
[2026-05-15 23:28:36] [WARN] ImageMagick falhou para sprites/characters/davi/dash.png: Não é possível encontrar o arquivo especificado.. Tentando fallback .NET...
[2026-05-15 23:28:36] [INFO] Inspecao via fallback .NET para sprites/characters/davi/dash.png: 384x112 bitDepth=4 palette=16
[2026-05-15 23:28:37] [WARN] ImageMagick falhou para sprites/characters/davi/crouch.png: Não é possível encontrar o arquivo especificado.. Tentando fallback .NET...
[2026-05-15 23:28:38] [INFO] Inspecao via fallback .NET para sprites/characters/davi/crouch.png: 192x112 bitDepth=4 palette=16
[2026-05-15 23:28:39] [WARN] ImageMagick falhou para sprites/characters/davi/jump.png: Não é possível encontrar o arquivo especificado.. Tentando fallback .NET...
[2026-05-15 23:28:39] [INFO] Inspecao via fallback .NET para sprites/characters/davi/jump.png: 576x112 bitDepth=4 palette=16
[2026-05-15 23:28:41] [WARN] ImageMagick falhou para sprites/characters/davi/guard.png: Não é possível encontrar o arquivo especificado.. Tentando fallback .NET...
[2026-05-15 23:28:41] [INFO] Inspecao via fallback .NET para sprites/characters/davi/guard.png: 288x112 bitDepth=4 palette=16
[2026-05-15 23:28:43] [WARN] ImageMagick falhou para sprites/characters/davi/jab.png: Não é possível encontrar o arquivo especificado.. Tentando fallback .NET...
[2026-05-15 23:28:43] [INFO] Inspecao via fallback .NET para sprites/characters/davi/jab.png: 384x112 bitDepth=4 palette=16
[2026-05-15 23:28:45] [WARN] ImageMagick falhou para sprites/characters/davi/medium.png: Não é possível encontrar o arquivo especificado.. Tentando fallback .NET...
[2026-05-15 23:28:45] [INFO] Inspecao via fallback .NET para sprites/characters/davi/medium.png: 480x112 bitDepth=4 palette=16
[2026-05-15 23:28:47] [WARN] ImageMagick falhou para sprites/characters/davi/grip.png: Não é possível encontrar o arquivo especificado.. Tentando fallback .NET...
[2026-05-15 23:28:47] [INFO] Inspecao via fallback .NET para sprites/characters/davi/grip.png: 480x112 bitDepth=4 palette=16
[2026-05-15 23:28:49] [WARN] ImageMagick falhou para sprites/characters/davi/hip_throw.png: Não é possível encontrar o arquivo especificado.. Tentando fallback .NET...
[2026-05-15 23:28:50] [INFO] Inspecao via fallback .NET para sprites/characters/davi/hip_throw.png: 768x112 bitDepth=4 palette=16
[2026-05-15 23:28:52] [WARN] ImageMagick falhou para sprites/characters/davi/hurt.png: Não é possível encontrar o arquivo especificado.. Tentando fallback .NET...
[2026-05-15 23:28:52] [INFO] Inspecao via fallback .NET para sprites/characters/davi/hurt.png: 384x112 bitDepth=4 palette=16
[2026-05-15 23:28:53] [WARN] ImageMagick falhou para sprites/characters/davi/knockdown.png: Não é possível encontrar o arquivo especificado.. Tentando fallback .NET...
[2026-05-15 23:28:54] [INFO] Inspecao via fallback .NET para sprites/characters/davi/knockdown.png: 576x112 bitDepth=4 palette=16
[2026-05-15 23:28:56] [WARN] ImageMagick falhou para sprites/characters/davi/getup.png: Não é possível encontrar o arquivo especificado.. Tentando fallback .NET...
[2026-05-15 23:28:56] [INFO] Inspecao via fallback .NET para sprites/characters/davi/getup.png: 576x112 bitDepth=4 palette=16
[2026-05-15 23:29:04] [WARN] Juiz estetico sinalizou assets que pedem revisao antes de serem tratados como Elite.
[2026-05-15 23:29:05] [INFO] Validation finished. Errors: 0, Warnings: 2, Checked: 31, Recovered: 0
[2026-05-15 23:31:05] [INFO] --- Starting Resource Validation Suite ---
[2026-05-15 23:31:10] [INFO] Encontrados 1 arquivo(s) .res para validar.
[2026-05-15 23:31:10] [INFO] Validando F:\Projects\MegaDrive_DEV\SGDK_projects\NOVO ARARA GI FIGHTER V2 [VER.001] [SGDK 211] [GEN] [PROTOTIPO] [LUTA]\res\resources.res...
[2026-05-15 23:31:10] [WARN] ImageMagick falhou para bgs/lapa_bg_b.png: Não é possível encontrar o arquivo especificado.. Tentando fallback .NET...
[2026-05-15 23:31:10] [INFO] Inspecao via fallback .NET para bgs/lapa_bg_b.png: 320x160 bitDepth=4 palette=16
[2026-05-15 23:31:14] [WARN] ImageMagick falhou para bgs/lapa_bg_a.png: Não é possível encontrar o arquivo especificado.. Tentando fallback .NET...
[2026-05-15 23:31:15] [INFO] Inspecao via fallback .NET para bgs/lapa_bg_a.png: 320x64 bitDepth=4 palette=16
[2026-05-15 23:31:15] [WARN] Imagem lapa_bg_a: Slot indexado 0 esta visivel e cobre massa significativa; risco alto de perder forma util quando a transparencia estrutural for aplicada.
[2026-05-15 23:31:17] [WARN] ImageMagick falhou para sprites/effects/hit_spark.png: Não é possível encontrar o arquivo especificado.. Tentando fallback .NET...
[2026-05-15 23:31:17] [INFO] Inspecao via fallback .NET para sprites/effects/hit_spark.png: 96x32 bitDepth=4 palette=16
[2026-05-15 23:31:18] [WARN] ImageMagick falhou para sprites/characters/caio/idle.png: Não é possível encontrar o arquivo especificado.. Tentando fallback .NET...
[2026-05-15 23:31:18] [INFO] Inspecao via fallback .NET para sprites/characters/caio/idle.png: 576x112 bitDepth=4 palette=16
[2026-05-15 23:31:19] [WARN] ImageMagick falhou para sprites/characters/caio/walk_forward.png: Não é possível encontrar o arquivo especificado.. Tentando fallback .NET...
[2026-05-15 23:31:19] [INFO] Inspecao via fallback .NET para sprites/characters/caio/walk_forward.png: 576x112 bitDepth=4 palette=16
[2026-05-15 23:31:21] [WARN] ImageMagick falhou para sprites/characters/caio/walk_back.png: Não é possível encontrar o arquivo especificado.. Tentando fallback .NET...
[2026-05-15 23:31:21] [INFO] Inspecao via fallback .NET para sprites/characters/caio/walk_back.png: 576x112 bitDepth=4 palette=16
[2026-05-15 23:31:22] [WARN] ImageMagick falhou para sprites/characters/caio/dash.png: Não é possível encontrar o arquivo especificado.. Tentando fallback .NET...
[2026-05-15 23:31:22] [INFO] Inspecao via fallback .NET para sprites/characters/caio/dash.png: 384x112 bitDepth=4 palette=16
[2026-05-15 23:31:23] [WARN] ImageMagick falhou para sprites/characters/caio/crouch.png: Não é possível encontrar o arquivo especificado.. Tentando fallback .NET...
[2026-05-15 23:31:23] [INFO] Inspecao via fallback .NET para sprites/characters/caio/crouch.png: 192x112 bitDepth=4 palette=16
[2026-05-15 23:31:24] [WARN] ImageMagick falhou para sprites/characters/caio/jump.png: Não é possível encontrar o arquivo especificado.. Tentando fallback .NET...
[2026-05-15 23:31:24] [INFO] Inspecao via fallback .NET para sprites/characters/caio/jump.png: 576x112 bitDepth=4 palette=16
[2026-05-15 23:31:25] [WARN] ImageMagick falhou para sprites/characters/caio/guard.png: Não é possível encontrar o arquivo especificado.. Tentando fallback .NET...
[2026-05-15 23:31:25] [INFO] Inspecao via fallback .NET para sprites/characters/caio/guard.png: 288x112 bitDepth=4 palette=16
[2026-05-15 23:31:26] [WARN] ImageMagick falhou para sprites/characters/caio/jab.png: Não é possível encontrar o arquivo especificado.. Tentando fallback .NET...
[2026-05-15 23:31:26] [INFO] Inspecao via fallback .NET para sprites/characters/caio/jab.png: 384x112 bitDepth=4 palette=16
[2026-05-15 23:31:27] [WARN] ImageMagick falhou para sprites/characters/caio/medium.png: Não é possível encontrar o arquivo especificado.. Tentando fallback .NET...
[2026-05-15 23:31:27] [INFO] Inspecao via fallback .NET para sprites/characters/caio/medium.png: 480x112 bitDepth=4 palette=16
[2026-05-15 23:31:28] [WARN] ImageMagick falhou para sprites/characters/caio/grip.png: Não é possível encontrar o arquivo especificado.. Tentando fallback .NET...
[2026-05-15 23:31:28] [INFO] Inspecao via fallback .NET para sprites/characters/caio/grip.png: 480x112 bitDepth=4 palette=16
[2026-05-15 23:31:29] [WARN] ImageMagick falhou para sprites/characters/caio/hip_throw.png: Não é possível encontrar o arquivo especificado.. Tentando fallback .NET...
[2026-05-15 23:31:29] [INFO] Inspecao via fallback .NET para sprites/characters/caio/hip_throw.png: 768x112 bitDepth=4 palette=16
[2026-05-15 23:31:30] [WARN] ImageMagick falhou para sprites/characters/caio/hurt.png: Não é possível encontrar o arquivo especificado.. Tentando fallback .NET...
[2026-05-15 23:31:30] [INFO] Inspecao via fallback .NET para sprites/characters/caio/hurt.png: 384x112 bitDepth=4 palette=16
[2026-05-15 23:31:31] [WARN] ImageMagick falhou para sprites/characters/caio/knockdown.png: Não é possível encontrar o arquivo especificado.. Tentando fallback .NET...
[2026-05-15 23:31:31] [INFO] Inspecao via fallback .NET para sprites/characters/caio/knockdown.png: 576x112 bitDepth=4 palette=16
[2026-05-15 23:31:32] [WARN] ImageMagick falhou para sprites/characters/caio/getup.png: Não é possível encontrar o arquivo especificado.. Tentando fallback .NET...
[2026-05-15 23:31:33] [INFO] Inspecao via fallback .NET para sprites/characters/caio/getup.png: 576x112 bitDepth=4 palette=16
[2026-05-15 23:31:34] [WARN] ImageMagick falhou para sprites/characters/davi/idle.png: Não é possível encontrar o arquivo especificado.. Tentando fallback .NET...
[2026-05-15 23:31:34] [INFO] Inspecao via fallback .NET para sprites/characters/davi/idle.png: 576x112 bitDepth=4 palette=16
[2026-05-15 23:31:35] [WARN] ImageMagick falhou para sprites/characters/davi/walk_forward.png: Não é possível encontrar o arquivo especificado.. Tentando fallback .NET...
[2026-05-15 23:31:35] [INFO] Inspecao via fallback .NET para sprites/characters/davi/walk_forward.png: 576x112 bitDepth=4 palette=16
[2026-05-15 23:31:36] [WARN] ImageMagick falhou para sprites/characters/davi/walk_back.png: Não é possível encontrar o arquivo especificado.. Tentando fallback .NET...
[2026-05-15 23:31:36] [INFO] Inspecao via fallback .NET para sprites/characters/davi/walk_back.png: 576x112 bitDepth=4 palette=16
[2026-05-15 23:31:38] [WARN] ImageMagick falhou para sprites/characters/davi/dash.png: Não é possível encontrar o arquivo especificado.. Tentando fallback .NET...
[2026-05-15 23:31:38] [INFO] Inspecao via fallback .NET para sprites/characters/davi/dash.png: 384x112 bitDepth=4 palette=16
[2026-05-15 23:31:39] [WARN] ImageMagick falhou para sprites/characters/davi/crouch.png: Não é possível encontrar o arquivo especificado.. Tentando fallback .NET...
[2026-05-15 23:31:40] [INFO] Inspecao via fallback .NET para sprites/characters/davi/crouch.png: 192x112 bitDepth=4 palette=16
[2026-05-15 23:31:41] [WARN] ImageMagick falhou para sprites/characters/davi/jump.png: Não é possível encontrar o arquivo especificado.. Tentando fallback .NET...
[2026-05-15 23:31:41] [INFO] Inspecao via fallback .NET para sprites/characters/davi/jump.png: 576x112 bitDepth=4 palette=16
[2026-05-15 23:31:42] [WARN] ImageMagick falhou para sprites/characters/davi/guard.png: Não é possível encontrar o arquivo especificado.. Tentando fallback .NET...
[2026-05-15 23:31:42] [INFO] Inspecao via fallback .NET para sprites/characters/davi/guard.png: 288x112 bitDepth=4 palette=16
[2026-05-15 23:31:43] [WARN] ImageMagick falhou para sprites/characters/davi/jab.png: Não é possível encontrar o arquivo especificado.. Tentando fallback .NET...
[2026-05-15 23:31:43] [INFO] Inspecao via fallback .NET para sprites/characters/davi/jab.png: 384x112 bitDepth=4 palette=16
[2026-05-15 23:31:44] [WARN] ImageMagick falhou para sprites/characters/davi/medium.png: Não é possível encontrar o arquivo especificado.. Tentando fallback .NET...
[2026-05-15 23:31:44] [INFO] Inspecao via fallback .NET para sprites/characters/davi/medium.png: 480x112 bitDepth=4 palette=16
[2026-05-15 23:31:45] [WARN] ImageMagick falhou para sprites/characters/davi/grip.png: Não é possível encontrar o arquivo especificado.. Tentando fallback .NET...
[2026-05-15 23:31:45] [INFO] Inspecao via fallback .NET para sprites/characters/davi/grip.png: 480x112 bitDepth=4 palette=16
[2026-05-15 23:31:47] [WARN] ImageMagick falhou para sprites/characters/davi/hip_throw.png: Não é possível encontrar o arquivo especificado.. Tentando fallback .NET...
[2026-05-15 23:31:47] [INFO] Inspecao via fallback .NET para sprites/characters/davi/hip_throw.png: 768x112 bitDepth=4 palette=16
[2026-05-15 23:31:49] [WARN] ImageMagick falhou para sprites/characters/davi/hurt.png: Não é possível encontrar o arquivo especificado.. Tentando fallback .NET...
[2026-05-15 23:31:49] [INFO] Inspecao via fallback .NET para sprites/characters/davi/hurt.png: 384x112 bitDepth=4 palette=16
[2026-05-15 23:31:49] [WARN] ImageMagick falhou para sprites/characters/davi/knockdown.png: Não é possível encontrar o arquivo especificado.. Tentando fallback .NET...
[2026-05-15 23:31:50] [INFO] Inspecao via fallback .NET para sprites/characters/davi/knockdown.png: 576x112 bitDepth=4 palette=16
[2026-05-15 23:31:51] [WARN] ImageMagick falhou para sprites/characters/davi/getup.png: Não é possível encontrar o arquivo especificado.. Tentando fallback .NET...
[2026-05-15 23:31:51] [INFO] Inspecao via fallback .NET para sprites/characters/davi/getup.png: 576x112 bitDepth=4 palette=16
[2026-05-15 23:31:54] [WARN] Juiz estetico sinalizou assets que pedem revisao antes de serem tratados como Elite.
[2026-05-15 23:31:56] [INFO] Validation finished. Errors: 0, Warnings: 2, Checked: 31, Recovered: 0
[2026-05-15 23:32:14] [INFO] --- Starting Resource Validation Suite ---
[2026-05-15 23:32:21] [INFO] Encontrados 1 arquivo(s) .res para validar.
[2026-05-15 23:32:21] [INFO] Validando F:\Projects\MegaDrive_DEV\SGDK_projects\NOVO ARARA GI FIGHTER V2 [VER.001] [SGDK 211] [GEN] [PROTOTIPO] [LUTA]\res\resources.res...
[2026-05-15 23:32:21] [WARN] ImageMagick falhou para bgs/lapa_bg_b.png: Não é possível encontrar o arquivo especificado.. Tentando fallback .NET...
[2026-05-15 23:32:21] [INFO] Inspecao via fallback .NET para bgs/lapa_bg_b.png: 320x160 bitDepth=4 palette=16
[2026-05-15 23:32:23] [WARN] ImageMagick falhou para bgs/lapa_bg_a.png: Não é possível encontrar o arquivo especificado.. Tentando fallback .NET...
[2026-05-15 23:32:23] [INFO] Inspecao via fallback .NET para bgs/lapa_bg_a.png: 320x64 bitDepth=4 palette=16
[2026-05-15 23:32:24] [WARN] Imagem lapa_bg_a: Slot indexado 0 esta visivel e cobre massa significativa; risco alto de perder forma util quando a transparencia estrutural for aplicada.
[2026-05-15 23:32:24] [WARN] ImageMagick falhou para sprites/effects/hit_spark.png: Não é possível encontrar o arquivo especificado.. Tentando fallback .NET...
[2026-05-15 23:32:25] [INFO] Inspecao via fallback .NET para sprites/effects/hit_spark.png: 96x32 bitDepth=4 palette=16
[2026-05-15 23:32:25] [WARN] ImageMagick falhou para sprites/characters/caio/idle.png: Não é possível encontrar o arquivo especificado.. Tentando fallback .NET...
[2026-05-15 23:32:25] [INFO] Inspecao via fallback .NET para sprites/characters/caio/idle.png: 576x112 bitDepth=4 palette=16
[2026-05-15 23:32:27] [WARN] ImageMagick falhou para sprites/characters/caio/walk_forward.png: Não é possível encontrar o arquivo especificado.. Tentando fallback .NET...
[2026-05-15 23:32:27] [INFO] Inspecao via fallback .NET para sprites/characters/caio/walk_forward.png: 576x112 bitDepth=4 palette=16
[2026-05-15 23:32:29] [WARN] ImageMagick falhou para sprites/characters/caio/walk_back.png: Não é possível encontrar o arquivo especificado.. Tentando fallback .NET...
[2026-05-15 23:32:29] [INFO] Inspecao via fallback .NET para sprites/characters/caio/walk_back.png: 576x112 bitDepth=4 palette=16
[2026-05-15 23:32:30] [WARN] ImageMagick falhou para sprites/characters/caio/dash.png: Não é possível encontrar o arquivo especificado.. Tentando fallback .NET...
[2026-05-15 23:32:31] [INFO] Inspecao via fallback .NET para sprites/characters/caio/dash.png: 384x112 bitDepth=4 palette=16
[2026-05-15 23:32:32] [WARN] ImageMagick falhou para sprites/characters/caio/crouch.png: Não é possível encontrar o arquivo especificado.. Tentando fallback .NET...
[2026-05-15 23:32:32] [INFO] Inspecao via fallback .NET para sprites/characters/caio/crouch.png: 192x112 bitDepth=4 palette=16
[2026-05-15 23:32:33] [WARN] ImageMagick falhou para sprites/characters/caio/jump.png: Não é possível encontrar o arquivo especificado.. Tentando fallback .NET...
[2026-05-15 23:32:33] [INFO] Inspecao via fallback .NET para sprites/characters/caio/jump.png: 576x112 bitDepth=4 palette=16
[2026-05-15 23:32:35] [WARN] ImageMagick falhou para sprites/characters/caio/guard.png: Não é possível encontrar o arquivo especificado.. Tentando fallback .NET...
[2026-05-15 23:32:35] [INFO] Inspecao via fallback .NET para sprites/characters/caio/guard.png: 288x112 bitDepth=4 palette=16
[2026-05-15 23:32:36] [WARN] ImageMagick falhou para sprites/characters/caio/jab.png: Não é possível encontrar o arquivo especificado.. Tentando fallback .NET...
[2026-05-15 23:32:36] [INFO] Inspecao via fallback .NET para sprites/characters/caio/jab.png: 384x112 bitDepth=4 palette=16
[2026-05-15 23:32:37] [WARN] ImageMagick falhou para sprites/characters/caio/medium.png: Não é possível encontrar o arquivo especificado.. Tentando fallback .NET...
[2026-05-15 23:32:38] [INFO] Inspecao via fallback .NET para sprites/characters/caio/medium.png: 480x112 bitDepth=4 palette=16
[2026-05-15 23:32:39] [WARN] ImageMagick falhou para sprites/characters/caio/grip.png: Não é possível encontrar o arquivo especificado.. Tentando fallback .NET...
[2026-05-15 23:32:39] [INFO] Inspecao via fallback .NET para sprites/characters/caio/grip.png: 480x112 bitDepth=4 palette=16
[2026-05-15 23:32:41] [WARN] ImageMagick falhou para sprites/characters/caio/hip_throw.png: Não é possível encontrar o arquivo especificado.. Tentando fallback .NET...
[2026-05-15 23:32:41] [INFO] Inspecao via fallback .NET para sprites/characters/caio/hip_throw.png: 768x112 bitDepth=4 palette=16
[2026-05-15 23:32:43] [WARN] ImageMagick falhou para sprites/characters/caio/hurt.png: Não é possível encontrar o arquivo especificado.. Tentando fallback .NET...
[2026-05-15 23:32:43] [INFO] Inspecao via fallback .NET para sprites/characters/caio/hurt.png: 384x112 bitDepth=4 palette=16
[2026-05-15 23:32:44] [WARN] ImageMagick falhou para sprites/characters/caio/knockdown.png: Não é possível encontrar o arquivo especificado.. Tentando fallback .NET...
[2026-05-15 23:32:45] [INFO] Inspecao via fallback .NET para sprites/characters/caio/knockdown.png: 576x112 bitDepth=4 palette=16
[2026-05-15 23:32:46] [WARN] ImageMagick falhou para sprites/characters/caio/getup.png: Não é possível encontrar o arquivo especificado.. Tentando fallback .NET...
[2026-05-15 23:32:47] [INFO] Inspecao via fallback .NET para sprites/characters/caio/getup.png: 576x112 bitDepth=4 palette=16
[2026-05-15 23:32:48] [WARN] ImageMagick falhou para sprites/characters/davi/idle.png: Não é possível encontrar o arquivo especificado.. Tentando fallback .NET...
[2026-05-15 23:32:49] [INFO] Inspecao via fallback .NET para sprites/characters/davi/idle.png: 576x112 bitDepth=4 palette=16
[2026-05-15 23:32:50] [WARN] ImageMagick falhou para sprites/characters/davi/walk_forward.png: Não é possível encontrar o arquivo especificado.. Tentando fallback .NET...
[2026-05-15 23:32:51] [INFO] Inspecao via fallback .NET para sprites/characters/davi/walk_forward.png: 576x112 bitDepth=4 palette=16
[2026-05-15 23:32:52] [WARN] ImageMagick falhou para sprites/characters/davi/walk_back.png: Não é possível encontrar o arquivo especificado.. Tentando fallback .NET...
[2026-05-15 23:32:52] [INFO] Inspecao via fallback .NET para sprites/characters/davi/walk_back.png: 576x112 bitDepth=4 palette=16
[2026-05-15 23:32:54] [WARN] ImageMagick falhou para sprites/characters/davi/dash.png: Não é possível encontrar o arquivo especificado.. Tentando fallback .NET...
[2026-05-15 23:32:54] [INFO] Inspecao via fallback .NET para sprites/characters/davi/dash.png: 384x112 bitDepth=4 palette=16
[2026-05-15 23:32:55] [WARN] ImageMagick falhou para sprites/characters/davi/crouch.png: Não é possível encontrar o arquivo especificado.. Tentando fallback .NET...
[2026-05-15 23:32:55] [INFO] Inspecao via fallback .NET para sprites/characters/davi/crouch.png: 192x112 bitDepth=4 palette=16
[2026-05-15 23:32:56] [WARN] ImageMagick falhou para sprites/characters/davi/jump.png: Não é possível encontrar o arquivo especificado.. Tentando fallback .NET...
[2026-05-15 23:32:57] [INFO] Inspecao via fallback .NET para sprites/characters/davi/jump.png: 576x112 bitDepth=4 palette=16
[2026-05-15 23:32:58] [WARN] ImageMagick falhou para sprites/characters/davi/guard.png: Não é possível encontrar o arquivo especificado.. Tentando fallback .NET...
[2026-05-15 23:32:59] [INFO] Inspecao via fallback .NET para sprites/characters/davi/guard.png: 288x112 bitDepth=4 palette=16
[2026-05-15 23:33:00] [WARN] ImageMagick falhou para sprites/characters/davi/jab.png: Não é possível encontrar o arquivo especificado.. Tentando fallback .NET...
[2026-05-15 23:33:00] [INFO] Inspecao via fallback .NET para sprites/characters/davi/jab.png: 384x112 bitDepth=4 palette=16
[2026-05-15 23:33:01] [WARN] ImageMagick falhou para sprites/characters/davi/medium.png: Não é possível encontrar o arquivo especificado.. Tentando fallback .NET...
[2026-05-15 23:33:02] [INFO] Inspecao via fallback .NET para sprites/characters/davi/medium.png: 480x112 bitDepth=4 palette=16
[2026-05-15 23:33:04] [WARN] ImageMagick falhou para sprites/characters/davi/grip.png: Não é possível encontrar o arquivo especificado.. Tentando fallback .NET...
[2026-05-15 23:33:04] [INFO] Inspecao via fallback .NET para sprites/characters/davi/grip.png: 480x112 bitDepth=4 palette=16
[2026-05-15 23:33:06] [WARN] ImageMagick falhou para sprites/characters/davi/hip_throw.png: Não é possível encontrar o arquivo especificado.. Tentando fallback .NET...
[2026-05-15 23:33:07] [INFO] Inspecao via fallback .NET para sprites/characters/davi/hip_throw.png: 768x112 bitDepth=4 palette=16
[2026-05-15 23:33:09] [WARN] ImageMagick falhou para sprites/characters/davi/hurt.png: Não é possível encontrar o arquivo especificado.. Tentando fallback .NET...
[2026-05-15 23:33:09] [INFO] Inspecao via fallback .NET para sprites/characters/davi/hurt.png: 384x112 bitDepth=4 palette=16
[2026-05-15 23:33:10] [WARN] ImageMagick falhou para sprites/characters/davi/knockdown.png: Não é possível encontrar o arquivo especificado.. Tentando fallback .NET...
[2026-05-15 23:33:10] [INFO] Inspecao via fallback .NET para sprites/characters/davi/knockdown.png: 576x112 bitDepth=4 palette=16
[2026-05-15 23:33:13] [WARN] ImageMagick falhou para sprites/characters/davi/getup.png: Não é possível encontrar o arquivo especificado.. Tentando fallback .NET...
[2026-05-15 23:33:13] [INFO] Inspecao via fallback .NET para sprites/characters/davi/getup.png: 576x112 bitDepth=4 palette=16
[2026-05-15 23:33:18] [WARN] Juiz estetico sinalizou assets que pedem revisao antes de serem tratados como Elite.
[2026-05-15 23:33:19] [INFO] Validation finished. Errors: 0, Warnings: 2, Checked: 31, Recovered: 0
[2026-05-15 23:34:26] [INFO] --- Starting Resource Validation Suite ---
[2026-05-15 23:34:36] [INFO] Encontrados 1 arquivo(s) .res para validar.
[2026-05-15 23:34:36] [INFO] Validando F:\Projects\MegaDrive_DEV\SGDK_projects\NOVO ARARA GI FIGHTER V2 [VER.001] [SGDK 211] [GEN] [PROTOTIPO] [LUTA]\res\resources.res...
[2026-05-15 23:34:37] [WARN] ImageMagick falhou para bgs/lapa_bg_b.png: Não é possível encontrar o arquivo especificado.. Tentando fallback .NET...
[2026-05-15 23:34:38] [INFO] Inspecao via fallback .NET para bgs/lapa_bg_b.png: 320x160 bitDepth=4 palette=16
[2026-05-15 23:34:41] [WARN] ImageMagick falhou para bgs/lapa_bg_a.png: Não é possível encontrar o arquivo especificado.. Tentando fallback .NET...
[2026-05-15 23:34:41] [INFO] Inspecao via fallback .NET para bgs/lapa_bg_a.png: 320x64 bitDepth=4 palette=16
[2026-05-15 23:34:41] [WARN] Imagem lapa_bg_a: Slot indexado 0 esta visivel e cobre massa significativa; risco alto de perder forma util quando a transparencia estrutural for aplicada.
[2026-05-15 23:34:43] [WARN] ImageMagick falhou para sprites/effects/hit_spark.png: Não é possível encontrar o arquivo especificado.. Tentando fallback .NET...
[2026-05-15 23:34:43] [INFO] Inspecao via fallback .NET para sprites/effects/hit_spark.png: 96x32 bitDepth=4 palette=16
[2026-05-15 23:34:44] [WARN] ImageMagick falhou para sprites/characters/caio/idle.png: Não é possível encontrar o arquivo especificado.. Tentando fallback .NET...
[2026-05-15 23:34:45] [INFO] Inspecao via fallback .NET para sprites/characters/caio/idle.png: 576x112 bitDepth=4 palette=16
[2026-05-15 23:34:47] [WARN] ImageMagick falhou para sprites/characters/caio/walk_forward.png: Não é possível encontrar o arquivo especificado.. Tentando fallback .NET...
[2026-05-15 23:34:47] [INFO] Inspecao via fallback .NET para sprites/characters/caio/walk_forward.png: 576x112 bitDepth=4 palette=16
[2026-05-15 23:34:50] [WARN] ImageMagick falhou para sprites/characters/caio/walk_back.png: Não é possível encontrar o arquivo especificado.. Tentando fallback .NET...
[2026-05-15 23:34:50] [INFO] Inspecao via fallback .NET para sprites/characters/caio/walk_back.png: 576x112 bitDepth=4 palette=16
[2026-05-15 23:34:52] [WARN] ImageMagick falhou para sprites/characters/caio/dash.png: Não é possível encontrar o arquivo especificado.. Tentando fallback .NET...
[2026-05-15 23:34:52] [INFO] Inspecao via fallback .NET para sprites/characters/caio/dash.png: 384x112 bitDepth=4 palette=16
[2026-05-15 23:34:55] [WARN] ImageMagick falhou para sprites/characters/caio/crouch.png: Não é possível encontrar o arquivo especificado.. Tentando fallback .NET...
[2026-05-15 23:34:56] [INFO] Inspecao via fallback .NET para sprites/characters/caio/crouch.png: 192x112 bitDepth=4 palette=16
[2026-05-15 23:34:57] [WARN] ImageMagick falhou para sprites/characters/caio/jump.png: Não é possível encontrar o arquivo especificado.. Tentando fallback .NET...
[2026-05-15 23:34:57] [INFO] Inspecao via fallback .NET para sprites/characters/caio/jump.png: 576x112 bitDepth=4 palette=16
[2026-05-15 23:34:59] [WARN] ImageMagick falhou para sprites/characters/caio/guard.png: Não é possível encontrar o arquivo especificado.. Tentando fallback .NET...
[2026-05-15 23:34:59] [INFO] Inspecao via fallback .NET para sprites/characters/caio/guard.png: 288x112 bitDepth=4 palette=16
[2026-05-15 23:35:01] [WARN] ImageMagick falhou para sprites/characters/caio/jab.png: Não é possível encontrar o arquivo especificado.. Tentando fallback .NET...
[2026-05-15 23:35:01] [INFO] Inspecao via fallback .NET para sprites/characters/caio/jab.png: 384x112 bitDepth=4 palette=16
[2026-05-15 23:35:02] [WARN] ImageMagick falhou para sprites/characters/caio/medium.png: Não é possível encontrar o arquivo especificado.. Tentando fallback .NET...
[2026-05-15 23:35:02] [INFO] Inspecao via fallback .NET para sprites/characters/caio/medium.png: 480x112 bitDepth=4 palette=16
[2026-05-15 23:35:04] [WARN] ImageMagick falhou para sprites/characters/caio/grip.png: Não é possível encontrar o arquivo especificado.. Tentando fallback .NET...
[2026-05-15 23:35:04] [INFO] Inspecao via fallback .NET para sprites/characters/caio/grip.png: 480x112 bitDepth=4 palette=16
[2026-05-15 23:35:07] [WARN] ImageMagick falhou para sprites/characters/caio/hip_throw.png: Não é possível encontrar o arquivo especificado.. Tentando fallback .NET...
[2026-05-15 23:35:08] [INFO] Inspecao via fallback .NET para sprites/characters/caio/hip_throw.png: 768x112 bitDepth=4 palette=16
[2026-05-15 23:35:09] [WARN] ImageMagick falhou para sprites/characters/caio/hurt.png: Não é possível encontrar o arquivo especificado.. Tentando fallback .NET...
[2026-05-15 23:35:10] [INFO] Inspecao via fallback .NET para sprites/characters/caio/hurt.png: 384x112 bitDepth=4 palette=16
[2026-05-15 23:35:11] [WARN] ImageMagick falhou para sprites/characters/caio/knockdown.png: Não é possível encontrar o arquivo especificado.. Tentando fallback .NET...
[2026-05-15 23:35:11] [INFO] Inspecao via fallback .NET para sprites/characters/caio/knockdown.png: 576x112 bitDepth=4 palette=16
[2026-05-15 23:35:13] [WARN] ImageMagick falhou para sprites/characters/caio/getup.png: Não é possível encontrar o arquivo especificado.. Tentando fallback .NET...
[2026-05-15 23:35:13] [INFO] Inspecao via fallback .NET para sprites/characters/caio/getup.png: 576x112 bitDepth=4 palette=16
[2026-05-15 23:35:15] [WARN] ImageMagick falhou para sprites/characters/davi/idle.png: Não é possível encontrar o arquivo especificado.. Tentando fallback .NET...
[2026-05-15 23:35:15] [INFO] Inspecao via fallback .NET para sprites/characters/davi/idle.png: 576x112 bitDepth=4 palette=16
[2026-05-15 23:35:16] [WARN] ImageMagick falhou para sprites/characters/davi/walk_forward.png: Não é possível encontrar o arquivo especificado.. Tentando fallback .NET...
[2026-05-15 23:35:17] [INFO] Inspecao via fallback .NET para sprites/characters/davi/walk_forward.png: 576x112 bitDepth=4 palette=16
[2026-05-15 23:35:18] [WARN] ImageMagick falhou para sprites/characters/davi/walk_back.png: Não é possível encontrar o arquivo especificado.. Tentando fallback .NET...
[2026-05-15 23:35:19] [INFO] Inspecao via fallback .NET para sprites/characters/davi/walk_back.png: 576x112 bitDepth=4 palette=16
[2026-05-15 23:35:21] [WARN] ImageMagick falhou para sprites/characters/davi/dash.png: Não é possível encontrar o arquivo especificado.. Tentando fallback .NET...
[2026-05-15 23:35:21] [INFO] Inspecao via fallback .NET para sprites/characters/davi/dash.png: 384x112 bitDepth=4 palette=16
[2026-05-15 23:35:23] [WARN] ImageMagick falhou para sprites/characters/davi/crouch.png: Não é possível encontrar o arquivo especificado.. Tentando fallback .NET...
[2026-05-15 23:35:23] [INFO] Inspecao via fallback .NET para sprites/characters/davi/crouch.png: 192x112 bitDepth=4 palette=16
[2026-05-15 23:35:24] [WARN] ImageMagick falhou para sprites/characters/davi/jump.png: Não é possível encontrar o arquivo especificado.. Tentando fallback .NET...
[2026-05-15 23:35:25] [INFO] Inspecao via fallback .NET para sprites/characters/davi/jump.png: 576x112 bitDepth=4 palette=16
[2026-05-15 23:35:26] [WARN] ImageMagick falhou para sprites/characters/davi/guard.png: Não é possível encontrar o arquivo especificado.. Tentando fallback .NET...
[2026-05-15 23:35:27] [INFO] Inspecao via fallback .NET para sprites/characters/davi/guard.png: 288x112 bitDepth=4 palette=16
[2026-05-15 23:35:32] [WARN] ImageMagick falhou para sprites/characters/davi/jab.png: Não é possível encontrar o arquivo especificado.. Tentando fallback .NET...
[2026-05-15 23:35:32] [INFO] Inspecao via fallback .NET para sprites/characters/davi/jab.png: 384x112 bitDepth=4 palette=16
[2026-05-15 23:35:34] [WARN] ImageMagick falhou para sprites/characters/davi/medium.png: Não é possível encontrar o arquivo especificado.. Tentando fallback .NET...
[2026-05-15 23:35:34] [INFO] Inspecao via fallback .NET para sprites/characters/davi/medium.png: 480x112 bitDepth=4 palette=16
[2026-05-15 23:35:36] [WARN] ImageMagick falhou para sprites/characters/davi/grip.png: Não é possível encontrar o arquivo especificado.. Tentando fallback .NET...
[2026-05-15 23:35:36] [INFO] Inspecao via fallback .NET para sprites/characters/davi/grip.png: 480x112 bitDepth=4 palette=16
[2026-05-15 23:35:38] [WARN] ImageMagick falhou para sprites/characters/davi/hip_throw.png: Não é possível encontrar o arquivo especificado.. Tentando fallback .NET...
[2026-05-15 23:35:38] [INFO] Inspecao via fallback .NET para sprites/characters/davi/hip_throw.png: 768x112 bitDepth=4 palette=16
[2026-05-15 23:35:41] [WARN] ImageMagick falhou para sprites/characters/davi/hurt.png: Não é possível encontrar o arquivo especificado.. Tentando fallback .NET...
[2026-05-15 23:35:41] [INFO] Inspecao via fallback .NET para sprites/characters/davi/hurt.png: 384x112 bitDepth=4 palette=16
[2026-05-15 23:35:42] [WARN] ImageMagick falhou para sprites/characters/davi/knockdown.png: Não é possível encontrar o arquivo especificado.. Tentando fallback .NET...
[2026-05-15 23:35:43] [INFO] Inspecao via fallback .NET para sprites/characters/davi/knockdown.png: 576x112 bitDepth=4 palette=16
[2026-05-15 23:35:44] [WARN] ImageMagick falhou para sprites/characters/davi/getup.png: Não é possível encontrar o arquivo especificado.. Tentando fallback .NET...
[2026-05-15 23:35:45] [INFO] Inspecao via fallback .NET para sprites/characters/davi/getup.png: 576x112 bitDepth=4 palette=16
[2026-05-15 23:35:53] [WARN] Juiz estetico sinalizou assets que pedem revisao antes de serem tratados como Elite.
[2026-05-15 23:35:55] [INFO] Validation finished. Errors: 0, Warnings: 2, Checked: 31, Recovered: 0
[2026-05-15 23:36:39] [INFO] --- Starting Resource Validation Suite ---
[2026-05-15 23:36:46] [INFO] Encontrados 1 arquivo(s) .res para validar.
[2026-05-15 23:36:46] [INFO] Validando F:\Projects\MegaDrive_DEV\SGDK_projects\NOVO ARARA GI FIGHTER V2 [VER.001] [SGDK 211] [GEN] [PROTOTIPO] [LUTA]\res\resources.res...
[2026-05-15 23:36:47] [WARN] ImageMagick falhou para bgs/lapa_bg_b.png: Não é possível encontrar o arquivo especificado.. Tentando fallback .NET...
[2026-05-15 23:36:48] [INFO] Inspecao via fallback .NET para bgs/lapa_bg_b.png: 320x160 bitDepth=4 palette=16
[2026-05-15 23:36:50] [WARN] ImageMagick falhou para bgs/lapa_bg_a.png: Não é possível encontrar o arquivo especificado.. Tentando fallback .NET...
[2026-05-15 23:36:50] [INFO] Inspecao via fallback .NET para bgs/lapa_bg_a.png: 320x64 bitDepth=4 palette=16
[2026-05-15 23:36:51] [WARN] Imagem lapa_bg_a: Slot indexado 0 esta visivel e cobre massa significativa; risco alto de perder forma util quando a transparencia estrutural for aplicada.
[2026-05-15 23:36:52] [WARN] ImageMagick falhou para sprites/effects/hit_spark.png: Não é possível encontrar o arquivo especificado.. Tentando fallback .NET...
[2026-05-15 23:36:52] [INFO] Inspecao via fallback .NET para sprites/effects/hit_spark.png: 96x32 bitDepth=4 palette=16
[2026-05-15 23:36:52] [WARN] ImageMagick falhou para sprites/characters/caio/idle.png: Não é possível encontrar o arquivo especificado.. Tentando fallback .NET...
[2026-05-15 23:36:53] [INFO] Inspecao via fallback .NET para sprites/characters/caio/idle.png: 576x112 bitDepth=4 palette=16
[2026-05-15 23:36:55] [WARN] ImageMagick falhou para sprites/characters/caio/walk_forward.png: Não é possível encontrar o arquivo especificado.. Tentando fallback .NET...
[2026-05-15 23:36:55] [INFO] Inspecao via fallback .NET para sprites/characters/caio/walk_forward.png: 576x112 bitDepth=4 palette=16
[2026-05-15 23:36:57] [WARN] ImageMagick falhou para sprites/characters/caio/walk_back.png: Não é possível encontrar o arquivo especificado.. Tentando fallback .NET...
[2026-05-15 23:36:57] [INFO] Inspecao via fallback .NET para sprites/characters/caio/walk_back.png: 576x112 bitDepth=4 palette=16
[2026-05-15 23:37:00] [WARN] ImageMagick falhou para sprites/characters/caio/dash.png: Não é possível encontrar o arquivo especificado.. Tentando fallback .NET...
[2026-05-15 23:37:00] [INFO] Inspecao via fallback .NET para sprites/characters/caio/dash.png: 384x112 bitDepth=4 palette=16
[2026-05-15 23:37:01] [WARN] ImageMagick falhou para sprites/characters/caio/crouch.png: Não é possível encontrar o arquivo especificado.. Tentando fallback .NET...
[2026-05-15 23:37:01] [INFO] Inspecao via fallback .NET para sprites/characters/caio/crouch.png: 192x112 bitDepth=4 palette=16
[2026-05-15 23:37:03] [WARN] ImageMagick falhou para sprites/characters/caio/jump.png: Não é possível encontrar o arquivo especificado.. Tentando fallback .NET...
[2026-05-15 23:37:03] [INFO] Inspecao via fallback .NET para sprites/characters/caio/jump.png: 576x112 bitDepth=4 palette=16
[2026-05-15 23:37:05] [WARN] ImageMagick falhou para sprites/characters/caio/guard.png: Não é possível encontrar o arquivo especificado.. Tentando fallback .NET...
[2026-05-15 23:37:05] [INFO] Inspecao via fallback .NET para sprites/characters/caio/guard.png: 288x112 bitDepth=4 palette=16
[2026-05-15 23:37:07] [WARN] ImageMagick falhou para sprites/characters/caio/jab.png: Não é possível encontrar o arquivo especificado.. Tentando fallback .NET...
[2026-05-15 23:37:07] [INFO] Inspecao via fallback .NET para sprites/characters/caio/jab.png: 384x112 bitDepth=4 palette=16
[2026-05-15 23:37:08] [WARN] ImageMagick falhou para sprites/characters/caio/medium.png: Não é possível encontrar o arquivo especificado.. Tentando fallback .NET...
[2026-05-15 23:37:08] [INFO] Inspecao via fallback .NET para sprites/characters/caio/medium.png: 480x112 bitDepth=4 palette=16
[2026-05-15 23:37:10] [WARN] ImageMagick falhou para sprites/characters/caio/grip.png: Não é possível encontrar o arquivo especificado.. Tentando fallback .NET...
[2026-05-15 23:37:10] [INFO] Inspecao via fallback .NET para sprites/characters/caio/grip.png: 480x112 bitDepth=4 palette=16
[2026-05-15 23:37:12] [WARN] ImageMagick falhou para sprites/characters/caio/hip_throw.png: Não é possível encontrar o arquivo especificado.. Tentando fallback .NET...
[2026-05-15 23:37:13] [INFO] Inspecao via fallback .NET para sprites/characters/caio/hip_throw.png: 768x112 bitDepth=4 palette=16
[2026-05-15 23:37:15] [WARN] ImageMagick falhou para sprites/characters/caio/hurt.png: Não é possível encontrar o arquivo especificado.. Tentando fallback .NET...
[2026-05-15 23:37:15] [INFO] Inspecao via fallback .NET para sprites/characters/caio/hurt.png: 384x112 bitDepth=4 palette=16
[2026-05-15 23:37:17] [WARN] ImageMagick falhou para sprites/characters/caio/knockdown.png: Não é possível encontrar o arquivo especificado.. Tentando fallback .NET...
[2026-05-15 23:37:17] [INFO] Inspecao via fallback .NET para sprites/characters/caio/knockdown.png: 576x112 bitDepth=4 palette=16
[2026-05-15 23:37:21] [WARN] ImageMagick falhou para sprites/characters/caio/getup.png: Não é possível encontrar o arquivo especificado.. Tentando fallback .NET...
[2026-05-15 23:37:21] [INFO] Inspecao via fallback .NET para sprites/characters/caio/getup.png: 576x112 bitDepth=4 palette=16
[2026-05-15 23:37:24] [WARN] ImageMagick falhou para sprites/characters/davi/idle.png: Não é possível encontrar o arquivo especificado.. Tentando fallback .NET...
[2026-05-15 23:37:25] [INFO] Inspecao via fallback .NET para sprites/characters/davi/idle.png: 576x112 bitDepth=4 palette=16
[2026-05-15 23:37:27] [WARN] ImageMagick falhou para sprites/characters/davi/walk_forward.png: Não é possível encontrar o arquivo especificado.. Tentando fallback .NET...
[2026-05-15 23:37:28] [INFO] Inspecao via fallback .NET para sprites/characters/davi/walk_forward.png: 576x112 bitDepth=4 palette=16
[2026-05-15 23:37:30] [WARN] ImageMagick falhou para sprites/characters/davi/walk_back.png: Não é possível encontrar o arquivo especificado.. Tentando fallback .NET...
[2026-05-15 23:37:31] [INFO] Inspecao via fallback .NET para sprites/characters/davi/walk_back.png: 576x112 bitDepth=4 palette=16
[2026-05-15 23:37:33] [WARN] ImageMagick falhou para sprites/characters/davi/dash.png: Não é possível encontrar o arquivo especificado.. Tentando fallback .NET...
[2026-05-15 23:37:33] [INFO] Inspecao via fallback .NET para sprites/characters/davi/dash.png: 384x112 bitDepth=4 palette=16
[2026-05-15 23:37:35] [WARN] ImageMagick falhou para sprites/characters/davi/crouch.png: Não é possível encontrar o arquivo especificado.. Tentando fallback .NET...
[2026-05-15 23:37:35] [INFO] Inspecao via fallback .NET para sprites/characters/davi/crouch.png: 192x112 bitDepth=4 palette=16
[2026-05-15 23:37:37] [WARN] ImageMagick falhou para sprites/characters/davi/jump.png: Não é possível encontrar o arquivo especificado.. Tentando fallback .NET...
[2026-05-15 23:37:37] [INFO] Inspecao via fallback .NET para sprites/characters/davi/jump.png: 576x112 bitDepth=4 palette=16
[2026-05-15 23:37:39] [WARN] ImageMagick falhou para sprites/characters/davi/guard.png: Não é possível encontrar o arquivo especificado.. Tentando fallback .NET...
[2026-05-15 23:37:39] [INFO] Inspecao via fallback .NET para sprites/characters/davi/guard.png: 288x112 bitDepth=4 palette=16
[2026-05-15 23:37:41] [WARN] ImageMagick falhou para sprites/characters/davi/jab.png: Não é possível encontrar o arquivo especificado.. Tentando fallback .NET...
[2026-05-15 23:37:41] [INFO] Inspecao via fallback .NET para sprites/characters/davi/jab.png: 384x112 bitDepth=4 palette=16
[2026-05-15 23:37:43] [WARN] ImageMagick falhou para sprites/characters/davi/medium.png: Não é possível encontrar o arquivo especificado.. Tentando fallback .NET...
[2026-05-15 23:37:43] [INFO] Inspecao via fallback .NET para sprites/characters/davi/medium.png: 480x112 bitDepth=4 palette=16
[2026-05-15 23:37:45] [WARN] ImageMagick falhou para sprites/characters/davi/grip.png: Não é possível encontrar o arquivo especificado.. Tentando fallback .NET...
[2026-05-15 23:37:45] [INFO] Inspecao via fallback .NET para sprites/characters/davi/grip.png: 480x112 bitDepth=4 palette=16
[2026-05-15 23:37:47] [WARN] ImageMagick falhou para sprites/characters/davi/hip_throw.png: Não é possível encontrar o arquivo especificado.. Tentando fallback .NET...
[2026-05-15 23:37:48] [INFO] Inspecao via fallback .NET para sprites/characters/davi/hip_throw.png: 768x112 bitDepth=4 palette=16
[2026-05-15 23:37:51] [WARN] ImageMagick falhou para sprites/characters/davi/hurt.png: Não é possível encontrar o arquivo especificado.. Tentando fallback .NET...
[2026-05-15 23:37:51] [INFO] Inspecao via fallback .NET para sprites/characters/davi/hurt.png: 384x112 bitDepth=4 palette=16
[2026-05-15 23:37:52] [WARN] ImageMagick falhou para sprites/characters/davi/knockdown.png: Não é possível encontrar o arquivo especificado.. Tentando fallback .NET...
[2026-05-15 23:37:53] [INFO] Inspecao via fallback .NET para sprites/characters/davi/knockdown.png: 576x112 bitDepth=4 palette=16
[2026-05-15 23:37:55] [WARN] ImageMagick falhou para sprites/characters/davi/getup.png: Não é possível encontrar o arquivo especificado.. Tentando fallback .NET...
[2026-05-15 23:37:55] [INFO] Inspecao via fallback .NET para sprites/characters/davi/getup.png: 576x112 bitDepth=4 palette=16
[2026-05-15 23:38:01] [WARN] Juiz estetico sinalizou assets que pedem revisao antes de serem tratados como Elite.
[2026-05-15 23:38:04] [INFO] Validation finished. Errors: 0, Warnings: 2, Checked: 31, Recovered: 0
[2026-05-16 05:22:23] [INFO] --- Starting Resource Validation Suite ---
[2026-05-16 05:22:27] [INFO] Encontrados 1 arquivo(s) .res para validar.
[2026-05-16 05:22:27] [INFO] Validando F:\Projects\MegaDrive_DEV\SGDK_projects\NOVO ARARA GI FIGHTER V2 [VER.001] [SGDK 211] [GEN] [PROTOTIPO] [LUTA]\res\resources.res...
[2026-05-16 05:22:28] [WARN] ImageMagick falhou para bgs/lapa_bg_b.png: Não é possível encontrar o arquivo especificado.. Tentando fallback .NET...
[2026-05-16 05:22:28] [INFO] Inspecao via fallback .NET para bgs/lapa_bg_b.png: 320x160 bitDepth=4 palette=16
[2026-05-16 05:22:31] [WARN] ImageMagick falhou para bgs/lapa_bg_a.png: Não é possível encontrar o arquivo especificado.. Tentando fallback .NET...
[2026-05-16 05:22:31] [INFO] Inspecao via fallback .NET para bgs/lapa_bg_a.png: 320x64 bitDepth=4 palette=16
[2026-05-16 05:22:31] [WARN] Imagem lapa_bg_a: Slot indexado 0 esta visivel e cobre massa significativa; risco alto de perder forma util quando a transparencia estrutural for aplicada.
[2026-05-16 05:22:32] [WARN] ImageMagick falhou para sprites/effects/hit_spark.png: Não é possível encontrar o arquivo especificado.. Tentando fallback .NET...
[2026-05-16 05:22:32] [INFO] Inspecao via fallback .NET para sprites/effects/hit_spark.png: 96x32 bitDepth=4 palette=16
[2026-05-16 05:22:33] [WARN] ImageMagick falhou para sprites/characters/caio/idle.png: Não é possível encontrar o arquivo especificado.. Tentando fallback .NET...
[2026-05-16 05:22:34] [INFO] Inspecao via fallback .NET para sprites/characters/caio/idle.png: 576x112 bitDepth=4 palette=16
[2026-05-16 05:22:36] [WARN] ImageMagick falhou para sprites/characters/caio/walk_forward.png: Não é possível encontrar o arquivo especificado.. Tentando fallback .NET...
[2026-05-16 05:22:36] [INFO] Inspecao via fallback .NET para sprites/characters/caio/walk_forward.png: 576x112 bitDepth=4 palette=16
[2026-05-16 05:22:37] [WARN] ImageMagick falhou para sprites/characters/caio/walk_back.png: Não é possível encontrar o arquivo especificado.. Tentando fallback .NET...
[2026-05-16 05:22:38] [INFO] Inspecao via fallback .NET para sprites/characters/caio/walk_back.png: 576x112 bitDepth=4 palette=16
[2026-05-16 05:22:39] [WARN] ImageMagick falhou para sprites/characters/caio/dash.png: Não é possível encontrar o arquivo especificado.. Tentando fallback .NET...
[2026-05-16 05:22:39] [INFO] Inspecao via fallback .NET para sprites/characters/caio/dash.png: 384x112 bitDepth=4 palette=16
[2026-05-16 05:22:40] [WARN] ImageMagick falhou para sprites/characters/caio/crouch.png: Não é possível encontrar o arquivo especificado.. Tentando fallback .NET...
[2026-05-16 05:22:41] [INFO] Inspecao via fallback .NET para sprites/characters/caio/crouch.png: 192x112 bitDepth=4 palette=16
[2026-05-16 05:22:41] [WARN] ImageMagick falhou para sprites/characters/caio/jump.png: Não é possível encontrar o arquivo especificado.. Tentando fallback .NET...
[2026-05-16 05:22:42] [INFO] Inspecao via fallback .NET para sprites/characters/caio/jump.png: 576x112 bitDepth=4 palette=16
[2026-05-16 05:22:43] [WARN] ImageMagick falhou para sprites/characters/caio/guard.png: Não é possível encontrar o arquivo especificado.. Tentando fallback .NET...
[2026-05-16 05:22:43] [INFO] Inspecao via fallback .NET para sprites/characters/caio/guard.png: 288x112 bitDepth=4 palette=16
[2026-05-16 05:22:44] [WARN] ImageMagick falhou para sprites/characters/caio/jab.png: Não é possível encontrar o arquivo especificado.. Tentando fallback .NET...
[2026-05-16 05:22:45] [INFO] Inspecao via fallback .NET para sprites/characters/caio/jab.png: 384x112 bitDepth=4 palette=16
[2026-05-16 05:22:46] [WARN] ImageMagick falhou para sprites/characters/caio/medium.png: Não é possível encontrar o arquivo especificado.. Tentando fallback .NET...
[2026-05-16 05:22:46] [INFO] Inspecao via fallback .NET para sprites/characters/caio/medium.png: 480x112 bitDepth=4 palette=16
[2026-05-16 05:22:48] [WARN] ImageMagick falhou para sprites/characters/caio/grip.png: Não é possível encontrar o arquivo especificado.. Tentando fallback .NET...
[2026-05-16 05:22:48] [INFO] Inspecao via fallback .NET para sprites/characters/caio/grip.png: 480x112 bitDepth=4 palette=16
[2026-05-16 05:22:50] [WARN] ImageMagick falhou para sprites/characters/caio/hip_throw.png: Não é possível encontrar o arquivo especificado.. Tentando fallback .NET...
[2026-05-16 05:22:50] [INFO] Inspecao via fallback .NET para sprites/characters/caio/hip_throw.png: 768x112 bitDepth=4 palette=16
[2026-05-16 05:22:52] [WARN] ImageMagick falhou para sprites/characters/caio/hurt.png: Não é possível encontrar o arquivo especificado.. Tentando fallback .NET...
[2026-05-16 05:22:52] [INFO] Inspecao via fallback .NET para sprites/characters/caio/hurt.png: 384x112 bitDepth=4 palette=16
[2026-05-16 05:22:53] [WARN] ImageMagick falhou para sprites/characters/caio/knockdown.png: Não é possível encontrar o arquivo especificado.. Tentando fallback .NET...
[2026-05-16 05:22:53] [INFO] Inspecao via fallback .NET para sprites/characters/caio/knockdown.png: 576x112 bitDepth=4 palette=16
[2026-05-16 05:22:55] [WARN] ImageMagick falhou para sprites/characters/caio/getup.png: Não é possível encontrar o arquivo especificado.. Tentando fallback .NET...
[2026-05-16 05:22:55] [INFO] Inspecao via fallback .NET para sprites/characters/caio/getup.png: 576x112 bitDepth=4 palette=16
[2026-05-16 05:22:56] [WARN] ImageMagick falhou para sprites/characters/davi/idle.png: Não é possível encontrar o arquivo especificado.. Tentando fallback .NET...
[2026-05-16 05:22:56] [INFO] Inspecao via fallback .NET para sprites/characters/davi/idle.png: 576x112 bitDepth=4 palette=16
[2026-05-16 05:22:58] [WARN] ImageMagick falhou para sprites/characters/davi/walk_forward.png: Não é possível encontrar o arquivo especificado.. Tentando fallback .NET...
[2026-05-16 05:22:58] [INFO] Inspecao via fallback .NET para sprites/characters/davi/walk_forward.png: 576x112 bitDepth=4 palette=16
[2026-05-16 05:23:00] [WARN] ImageMagick falhou para sprites/characters/davi/walk_back.png: Não é possível encontrar o arquivo especificado.. Tentando fallback .NET...
[2026-05-16 05:23:00] [INFO] Inspecao via fallback .NET para sprites/characters/davi/walk_back.png: 576x112 bitDepth=4 palette=16
[2026-05-16 05:23:03] [WARN] ImageMagick falhou para sprites/characters/davi/dash.png: Não é possível encontrar o arquivo especificado.. Tentando fallback .NET...
[2026-05-16 05:23:03] [INFO] Inspecao via fallback .NET para sprites/characters/davi/dash.png: 384x112 bitDepth=4 palette=16
[2026-05-16 05:23:04] [WARN] ImageMagick falhou para sprites/characters/davi/crouch.png: Não é possível encontrar o arquivo especificado.. Tentando fallback .NET...
[2026-05-16 05:23:04] [INFO] Inspecao via fallback .NET para sprites/characters/davi/crouch.png: 192x112 bitDepth=4 palette=16
[2026-05-16 05:23:05] [WARN] ImageMagick falhou para sprites/characters/davi/jump.png: Não é possível encontrar o arquivo especificado.. Tentando fallback .NET...
[2026-05-16 05:23:05] [INFO] Inspecao via fallback .NET para sprites/characters/davi/jump.png: 576x112 bitDepth=4 palette=16
[2026-05-16 05:23:07] [WARN] ImageMagick falhou para sprites/characters/davi/guard.png: Não é possível encontrar o arquivo especificado.. Tentando fallback .NET...
[2026-05-16 05:23:07] [INFO] Inspecao via fallback .NET para sprites/characters/davi/guard.png: 288x112 bitDepth=4 palette=16
[2026-05-16 05:23:08] [WARN] ImageMagick falhou para sprites/characters/davi/jab.png: Não é possível encontrar o arquivo especificado.. Tentando fallback .NET...
[2026-05-16 05:23:08] [INFO] Inspecao via fallback .NET para sprites/characters/davi/jab.png: 384x112 bitDepth=4 palette=16
[2026-05-16 05:23:09] [WARN] ImageMagick falhou para sprites/characters/davi/medium.png: Não é possível encontrar o arquivo especificado.. Tentando fallback .NET...
[2026-05-16 05:23:10] [INFO] Inspecao via fallback .NET para sprites/characters/davi/medium.png: 480x112 bitDepth=4 palette=16
[2026-05-16 05:23:12] [WARN] ImageMagick falhou para sprites/characters/davi/grip.png: Não é possível encontrar o arquivo especificado.. Tentando fallback .NET...
[2026-05-16 05:23:13] [INFO] Inspecao via fallback .NET para sprites/characters/davi/grip.png: 480x112 bitDepth=4 palette=16
[2026-05-16 05:23:15] [WARN] ImageMagick falhou para sprites/characters/davi/hip_throw.png: Não é possível encontrar o arquivo especificado.. Tentando fallback .NET...
[2026-05-16 05:23:15] [INFO] Inspecao via fallback .NET para sprites/characters/davi/hip_throw.png: 768x112 bitDepth=4 palette=16
[2026-05-16 05:23:17] [WARN] ImageMagick falhou para sprites/characters/davi/hurt.png: Não é possível encontrar o arquivo especificado.. Tentando fallback .NET...
[2026-05-16 05:23:18] [INFO] Inspecao via fallback .NET para sprites/characters/davi/hurt.png: 384x112 bitDepth=4 palette=16
[2026-05-16 05:23:19] [WARN] ImageMagick falhou para sprites/characters/davi/knockdown.png: Não é possível encontrar o arquivo especificado.. Tentando fallback .NET...
[2026-05-16 05:23:19] [INFO] Inspecao via fallback .NET para sprites/characters/davi/knockdown.png: 576x112 bitDepth=4 palette=16
[2026-05-16 05:23:21] [WARN] ImageMagick falhou para sprites/characters/davi/getup.png: Não é possível encontrar o arquivo especificado.. Tentando fallback .NET...
[2026-05-16 05:23:22] [INFO] Inspecao via fallback .NET para sprites/characters/davi/getup.png: 576x112 bitDepth=4 palette=16
[2026-05-16 05:23:33] [WARN] Juiz estetico sinalizou assets que pedem revisao antes de serem tratados como Elite.
[2026-05-16 05:23:33] [WARN] visual_delivery_gate_report bloqueou a promocao visual AAA.
[2026-05-16 05:23:38] [WARN] Changelog canonico desatualizado: assets_desatualizados=2.
[2026-05-16 05:23:38] [INFO] Validation finished. Errors: 0, Warnings: 4, Checked: 31, Recovered: 0
[2026-05-16 05:24:37] [INFO] --- Starting Resource Validation Suite ---
[2026-05-16 05:24:43] [INFO] Encontrados 1 arquivo(s) .res para validar.
[2026-05-16 05:24:43] [INFO] Validando F:\Projects\MegaDrive_DEV\SGDK_projects\NOVO ARARA GI FIGHTER V2 [VER.001] [SGDK 211] [GEN] [PROTOTIPO] [LUTA]\res\resources.res...
[2026-05-16 05:24:43] [WARN] ImageMagick falhou para bgs/lapa_bg_b.png: Não é possível encontrar o arquivo especificado.. Tentando fallback .NET...
[2026-05-16 05:24:44] [INFO] Inspecao via fallback .NET para bgs/lapa_bg_b.png: 320x160 bitDepth=4 palette=16
[2026-05-16 05:24:46] [WARN] ImageMagick falhou para bgs/lapa_bg_a.png: Não é possível encontrar o arquivo especificado.. Tentando fallback .NET...
[2026-05-16 05:24:46] [INFO] Inspecao via fallback .NET para bgs/lapa_bg_a.png: 320x64 bitDepth=4 palette=16
[2026-05-16 05:24:46] [WARN] Imagem lapa_bg_a: Slot indexado 0 esta visivel e cobre massa significativa; risco alto de perder forma util quando a transparencia estrutural for aplicada.
[2026-05-16 05:24:48] [WARN] ImageMagick falhou para sprites/effects/hit_spark.png: Não é possível encontrar o arquivo especificado.. Tentando fallback .NET...
[2026-05-16 05:24:48] [INFO] Inspecao via fallback .NET para sprites/effects/hit_spark.png: 96x32 bitDepth=4 palette=16
[2026-05-16 05:24:49] [WARN] ImageMagick falhou para sprites/characters/caio/idle.png: Não é possível encontrar o arquivo especificado.. Tentando fallback .NET...
[2026-05-16 05:24:49] [INFO] Inspecao via fallback .NET para sprites/characters/caio/idle.png: 576x112 bitDepth=4 palette=16
[2026-05-16 05:24:51] [WARN] ImageMagick falhou para sprites/characters/caio/walk_forward.png: Não é possível encontrar o arquivo especificado.. Tentando fallback .NET...
[2026-05-16 05:24:51] [INFO] Inspecao via fallback .NET para sprites/characters/caio/walk_forward.png: 576x112 bitDepth=4 palette=16
[2026-05-16 05:24:54] [WARN] ImageMagick falhou para sprites/characters/caio/walk_back.png: Não é possível encontrar o arquivo especificado.. Tentando fallback .NET...
[2026-05-16 05:24:54] [INFO] Inspecao via fallback .NET para sprites/characters/caio/walk_back.png: 576x112 bitDepth=4 palette=16
[2026-05-16 05:24:56] [WARN] ImageMagick falhou para sprites/characters/caio/dash.png: Não é possível encontrar o arquivo especificado.. Tentando fallback .NET...
[2026-05-16 05:24:56] [INFO] Inspecao via fallback .NET para sprites/characters/caio/dash.png: 384x112 bitDepth=4 palette=16
[2026-05-16 05:24:58] [WARN] ImageMagick falhou para sprites/characters/caio/crouch.png: Não é possível encontrar o arquivo especificado.. Tentando fallback .NET...
[2026-05-16 05:24:58] [INFO] Inspecao via fallback .NET para sprites/characters/caio/crouch.png: 192x112 bitDepth=4 palette=16
[2026-05-16 05:24:59] [WARN] ImageMagick falhou para sprites/characters/caio/jump.png: Não é possível encontrar o arquivo especificado.. Tentando fallback .NET...
[2026-05-16 05:25:00] [INFO] Inspecao via fallback .NET para sprites/characters/caio/jump.png: 576x112 bitDepth=4 palette=16
[2026-05-16 05:25:02] [WARN] ImageMagick falhou para sprites/characters/caio/guard.png: Não é possível encontrar o arquivo especificado.. Tentando fallback .NET...
[2026-05-16 05:25:02] [INFO] Inspecao via fallback .NET para sprites/characters/caio/guard.png: 288x112 bitDepth=4 palette=16
[2026-05-16 05:25:04] [WARN] ImageMagick falhou para sprites/characters/caio/jab.png: Não é possível encontrar o arquivo especificado.. Tentando fallback .NET...
[2026-05-16 05:25:04] [INFO] Inspecao via fallback .NET para sprites/characters/caio/jab.png: 384x112 bitDepth=4 palette=16
[2026-05-16 05:25:05] [WARN] ImageMagick falhou para sprites/characters/caio/medium.png: Não é possível encontrar o arquivo especificado.. Tentando fallback .NET...
[2026-05-16 05:25:05] [INFO] Inspecao via fallback .NET para sprites/characters/caio/medium.png: 480x112 bitDepth=4 palette=16
[2026-05-16 05:25:07] [WARN] ImageMagick falhou para sprites/characters/caio/grip.png: Não é possível encontrar o arquivo especificado.. Tentando fallback .NET...
[2026-05-16 05:25:07] [INFO] Inspecao via fallback .NET para sprites/characters/caio/grip.png: 480x112 bitDepth=4 palette=16
[2026-05-16 05:25:09] [WARN] ImageMagick falhou para sprites/characters/caio/hip_throw.png: Não é possível encontrar o arquivo especificado.. Tentando fallback .NET...
[2026-05-16 05:25:10] [INFO] Inspecao via fallback .NET para sprites/characters/caio/hip_throw.png: 768x112 bitDepth=4 palette=16
[2026-05-16 05:25:11] [WARN] ImageMagick falhou para sprites/characters/caio/hurt.png: Não é possível encontrar o arquivo especificado.. Tentando fallback .NET...
[2026-05-16 05:25:12] [INFO] Inspecao via fallback .NET para sprites/characters/caio/hurt.png: 384x112 bitDepth=4 palette=16
[2026-05-16 05:25:13] [WARN] ImageMagick falhou para sprites/characters/caio/knockdown.png: Não é possível encontrar o arquivo especificado.. Tentando fallback .NET...
[2026-05-16 05:25:14] [INFO] Inspecao via fallback .NET para sprites/characters/caio/knockdown.png: 576x112 bitDepth=4 palette=16
[2026-05-16 05:25:16] [WARN] ImageMagick falhou para sprites/characters/caio/getup.png: Não é possível encontrar o arquivo especificado.. Tentando fallback .NET...
[2026-05-16 05:25:16] [INFO] Inspecao via fallback .NET para sprites/characters/caio/getup.png: 576x112 bitDepth=4 palette=16
[2026-05-16 05:25:17] [WARN] ImageMagick falhou para sprites/characters/davi/idle.png: Não é possível encontrar o arquivo especificado.. Tentando fallback .NET...
[2026-05-16 05:25:18] [INFO] Inspecao via fallback .NET para sprites/characters/davi/idle.png: 576x112 bitDepth=4 palette=16
[2026-05-16 05:25:20] [WARN] ImageMagick falhou para sprites/characters/davi/walk_forward.png: Não é possível encontrar o arquivo especificado.. Tentando fallback .NET...
[2026-05-16 05:25:20] [INFO] Inspecao via fallback .NET para sprites/characters/davi/walk_forward.png: 576x112 bitDepth=4 palette=16
[2026-05-16 05:25:22] [WARN] ImageMagick falhou para sprites/characters/davi/walk_back.png: Não é possível encontrar o arquivo especificado.. Tentando fallback .NET...
[2026-05-16 05:25:22] [INFO] Inspecao via fallback .NET para sprites/characters/davi/walk_back.png: 576x112 bitDepth=4 palette=16
[2026-05-16 05:25:24] [WARN] ImageMagick falhou para sprites/characters/davi/dash.png: Não é possível encontrar o arquivo especificado.. Tentando fallback .NET...
[2026-05-16 05:25:25] [INFO] Inspecao via fallback .NET para sprites/characters/davi/dash.png: 384x112 bitDepth=4 palette=16
[2026-05-16 05:25:26] [WARN] ImageMagick falhou para sprites/characters/davi/crouch.png: Não é possível encontrar o arquivo especificado.. Tentando fallback .NET...
[2026-05-16 05:25:26] [INFO] Inspecao via fallback .NET para sprites/characters/davi/crouch.png: 192x112 bitDepth=4 palette=16
[2026-05-16 05:25:27] [WARN] ImageMagick falhou para sprites/characters/davi/jump.png: Não é possível encontrar o arquivo especificado.. Tentando fallback .NET...
[2026-05-16 05:25:27] [INFO] Inspecao via fallback .NET para sprites/characters/davi/jump.png: 576x112 bitDepth=4 palette=16
[2026-05-16 05:25:31] [WARN] ImageMagick falhou para sprites/characters/davi/guard.png: Não é possível encontrar o arquivo especificado.. Tentando fallback .NET...
[2026-05-16 05:25:31] [INFO] Inspecao via fallback .NET para sprites/characters/davi/guard.png: 288x112 bitDepth=4 palette=16
[2026-05-16 05:25:33] [WARN] ImageMagick falhou para sprites/characters/davi/jab.png: Não é possível encontrar o arquivo especificado.. Tentando fallback .NET...
[2026-05-16 05:25:33] [INFO] Inspecao via fallback .NET para sprites/characters/davi/jab.png: 384x112 bitDepth=4 palette=16
[2026-05-16 05:25:35] [WARN] ImageMagick falhou para sprites/characters/davi/medium.png: Não é possível encontrar o arquivo especificado.. Tentando fallback .NET...
[2026-05-16 05:25:35] [INFO] Inspecao via fallback .NET para sprites/characters/davi/medium.png: 480x112 bitDepth=4 palette=16
[2026-05-16 05:25:37] [WARN] ImageMagick falhou para sprites/characters/davi/grip.png: Não é possível encontrar o arquivo especificado.. Tentando fallback .NET...
[2026-05-16 05:25:37] [INFO] Inspecao via fallback .NET para sprites/characters/davi/grip.png: 480x112 bitDepth=4 palette=16
[2026-05-16 05:25:39] [WARN] ImageMagick falhou para sprites/characters/davi/hip_throw.png: Não é possível encontrar o arquivo especificado.. Tentando fallback .NET...
[2026-05-16 05:25:39] [INFO] Inspecao via fallback .NET para sprites/characters/davi/hip_throw.png: 768x112 bitDepth=4 palette=16
[2026-05-16 05:25:42] [WARN] ImageMagick falhou para sprites/characters/davi/hurt.png: Não é possível encontrar o arquivo especificado.. Tentando fallback .NET...
[2026-05-16 05:25:42] [INFO] Inspecao via fallback .NET para sprites/characters/davi/hurt.png: 384x112 bitDepth=4 palette=16
[2026-05-16 05:25:44] [WARN] ImageMagick falhou para sprites/characters/davi/knockdown.png: Não é possível encontrar o arquivo especificado.. Tentando fallback .NET...
[2026-05-16 05:25:44] [INFO] Inspecao via fallback .NET para sprites/characters/davi/knockdown.png: 576x112 bitDepth=4 palette=16
[2026-05-16 05:25:46] [WARN] ImageMagick falhou para sprites/characters/davi/getup.png: Não é possível encontrar o arquivo especificado.. Tentando fallback .NET...
[2026-05-16 05:25:46] [INFO] Inspecao via fallback .NET para sprites/characters/davi/getup.png: 576x112 bitDepth=4 palette=16
[2026-05-16 05:25:51] [WARN] Juiz estetico sinalizou assets que pedem revisao antes de serem tratados como Elite.
[2026-05-16 05:25:51] [WARN] visual_delivery_gate_report bloqueou a promocao visual AAA.
[2026-05-16 05:25:52] [INFO] Validation finished. Errors: 0, Warnings: 3, Checked: 31, Recovered: 0
[2026-05-16 05:29:57] [INFO] --- Starting Resource Validation Suite ---
[2026-05-16 05:30:00] [INFO] Encontrados 1 arquivo(s) .res para validar.
[2026-05-16 05:30:00] [INFO] Validando F:\Projects\MegaDrive_DEV\SGDK_projects\NOVO ARARA GI FIGHTER V2 [VER.001] [SGDK 211] [GEN] [PROTOTIPO] [LUTA]\res\resources.res...
[2026-05-16 05:30:01] [WARN] ImageMagick falhou para bgs/lapa_bg_b.png: Não é possível encontrar o arquivo especificado.. Tentando fallback .NET...
[2026-05-16 05:30:01] [INFO] Inspecao via fallback .NET para bgs/lapa_bg_b.png: 320x160 bitDepth=4 palette=16
[2026-05-16 05:30:02] [WARN] ImageMagick falhou para bgs/lapa_bg_a.png: Não é possível encontrar o arquivo especificado.. Tentando fallback .NET...
[2026-05-16 05:30:02] [INFO] Inspecao via fallback .NET para bgs/lapa_bg_a.png: 320x64 bitDepth=4 palette=16
[2026-05-16 05:30:02] [WARN] Imagem lapa_bg_a: Slot indexado 0 esta visivel e cobre massa significativa; risco alto de perder forma util quando a transparencia estrutural for aplicada.
[2026-05-16 05:30:03] [WARN] ImageMagick falhou para sprites/effects/hit_spark.png: Não é possível encontrar o arquivo especificado.. Tentando fallback .NET...
[2026-05-16 05:30:03] [INFO] Inspecao via fallback .NET para sprites/effects/hit_spark.png: 96x32 bitDepth=4 palette=16
[2026-05-16 05:30:04] [WARN] ImageMagick falhou para sprites/characters/caio/idle.png: Não é possível encontrar o arquivo especificado.. Tentando fallback .NET...
[2026-05-16 05:30:04] [INFO] Inspecao via fallback .NET para sprites/characters/caio/idle.png: 576x112 bitDepth=4 palette=16
[2026-05-16 05:30:06] [WARN] ImageMagick falhou para sprites/characters/caio/walk_forward.png: Não é possível encontrar o arquivo especificado.. Tentando fallback .NET...
[2026-05-16 05:30:06] [INFO] Inspecao via fallback .NET para sprites/characters/caio/walk_forward.png: 576x112 bitDepth=4 palette=16
[2026-05-16 05:30:08] [WARN] ImageMagick falhou para sprites/characters/caio/walk_back.png: Não é possível encontrar o arquivo especificado.. Tentando fallback .NET...
[2026-05-16 05:30:08] [INFO] Inspecao via fallback .NET para sprites/characters/caio/walk_back.png: 576x112 bitDepth=4 palette=16
[2026-05-16 05:30:11] [WARN] ImageMagick falhou para sprites/characters/caio/dash.png: Não é possível encontrar o arquivo especificado.. Tentando fallback .NET...
[2026-05-16 05:30:12] [INFO] Inspecao via fallback .NET para sprites/characters/caio/dash.png: 384x112 bitDepth=4 palette=16
[2026-05-16 05:30:13] [WARN] ImageMagick falhou para sprites/characters/caio/crouch.png: Não é possível encontrar o arquivo especificado.. Tentando fallback .NET...
[2026-05-16 05:30:13] [INFO] Inspecao via fallback .NET para sprites/characters/caio/crouch.png: 192x112 bitDepth=4 palette=16
[2026-05-16 05:30:14] [WARN] ImageMagick falhou para sprites/characters/caio/jump.png: Não é possível encontrar o arquivo especificado.. Tentando fallback .NET...
[2026-05-16 05:30:15] [INFO] Inspecao via fallback .NET para sprites/characters/caio/jump.png: 576x112 bitDepth=4 palette=16
[2026-05-16 05:30:17] [WARN] ImageMagick falhou para sprites/characters/caio/guard.png: Não é possível encontrar o arquivo especificado.. Tentando fallback .NET...
[2026-05-16 05:30:17] [INFO] Inspecao via fallback .NET para sprites/characters/caio/guard.png: 288x112 bitDepth=4 palette=16
[2026-05-16 05:30:18] [WARN] ImageMagick falhou para sprites/characters/caio/jab.png: Não é possível encontrar o arquivo especificado.. Tentando fallback .NET...
[2026-05-16 05:30:18] [INFO] Inspecao via fallback .NET para sprites/characters/caio/jab.png: 384x112 bitDepth=4 palette=16
[2026-05-16 05:30:19] [WARN] ImageMagick falhou para sprites/characters/caio/medium.png: Não é possível encontrar o arquivo especificado.. Tentando fallback .NET...
[2026-05-16 05:30:20] [INFO] Inspecao via fallback .NET para sprites/characters/caio/medium.png: 480x112 bitDepth=4 palette=16
[2026-05-16 05:30:21] [WARN] ImageMagick falhou para sprites/characters/caio/grip.png: Não é possível encontrar o arquivo especificado.. Tentando fallback .NET...
[2026-05-16 05:30:21] [INFO] Inspecao via fallback .NET para sprites/characters/caio/grip.png: 480x112 bitDepth=4 palette=16
[2026-05-16 05:30:23] [WARN] ImageMagick falhou para sprites/characters/caio/hip_throw.png: Não é possível encontrar o arquivo especificado.. Tentando fallback .NET...
[2026-05-16 05:30:24] [INFO] Inspecao via fallback .NET para sprites/characters/caio/hip_throw.png: 768x112 bitDepth=4 palette=16
[2026-05-16 05:30:26] [WARN] ImageMagick falhou para sprites/characters/caio/hurt.png: Não é possível encontrar o arquivo especificado.. Tentando fallback .NET...
[2026-05-16 05:30:26] [INFO] Inspecao via fallback .NET para sprites/characters/caio/hurt.png: 384x112 bitDepth=4 palette=16
[2026-05-16 05:30:27] [WARN] ImageMagick falhou para sprites/characters/caio/knockdown.png: Não é possível encontrar o arquivo especificado.. Tentando fallback .NET...
[2026-05-16 05:30:28] [INFO] Inspecao via fallback .NET para sprites/characters/caio/knockdown.png: 576x112 bitDepth=4 palette=16
[2026-05-16 05:30:29] [WARN] ImageMagick falhou para sprites/characters/caio/getup.png: Não é possível encontrar o arquivo especificado.. Tentando fallback .NET...
[2026-05-16 05:30:30] [INFO] Inspecao via fallback .NET para sprites/characters/caio/getup.png: 576x112 bitDepth=4 palette=16
[2026-05-16 05:30:32] [WARN] ImageMagick falhou para sprites/characters/davi/idle.png: Não é possível encontrar o arquivo especificado.. Tentando fallback .NET...
[2026-05-16 05:30:32] [INFO] Inspecao via fallback .NET para sprites/characters/davi/idle.png: 576x112 bitDepth=4 palette=16
[2026-05-16 05:30:34] [WARN] ImageMagick falhou para sprites/characters/davi/walk_forward.png: Não é possível encontrar o arquivo especificado.. Tentando fallback .NET...
[2026-05-16 05:30:34] [INFO] Inspecao via fallback .NET para sprites/characters/davi/walk_forward.png: 576x112 bitDepth=4 palette=16
[2026-05-16 05:30:35] [WARN] ImageMagick falhou para sprites/characters/davi/walk_back.png: Não é possível encontrar o arquivo especificado.. Tentando fallback .NET...
[2026-05-16 05:30:35] [INFO] Inspecao via fallback .NET para sprites/characters/davi/walk_back.png: 576x112 bitDepth=4 palette=16
[2026-05-16 05:30:37] [WARN] ImageMagick falhou para sprites/characters/davi/dash.png: Não é possível encontrar o arquivo especificado.. Tentando fallback .NET...
[2026-05-16 05:30:37] [INFO] Inspecao via fallback .NET para sprites/characters/davi/dash.png: 384x112 bitDepth=4 palette=16
[2026-05-16 05:30:38] [WARN] ImageMagick falhou para sprites/characters/davi/crouch.png: Não é possível encontrar o arquivo especificado.. Tentando fallback .NET...
[2026-05-16 05:30:38] [INFO] Inspecao via fallback .NET para sprites/characters/davi/crouch.png: 192x112 bitDepth=4 palette=16
[2026-05-16 05:30:38] [WARN] ImageMagick falhou para sprites/characters/davi/jump.png: Não é possível encontrar o arquivo especificado.. Tentando fallback .NET...
[2026-05-16 05:30:39] [INFO] Inspecao via fallback .NET para sprites/characters/davi/jump.png: 576x112 bitDepth=4 palette=16
[2026-05-16 05:30:40] [WARN] ImageMagick falhou para sprites/characters/davi/guard.png: Não é possível encontrar o arquivo especificado.. Tentando fallback .NET...
[2026-05-16 05:30:40] [INFO] Inspecao via fallback .NET para sprites/characters/davi/guard.png: 288x112 bitDepth=4 palette=16
[2026-05-16 05:30:41] [WARN] ImageMagick falhou para sprites/characters/davi/jab.png: Não é possível encontrar o arquivo especificado.. Tentando fallback .NET...
[2026-05-16 05:30:41] [INFO] Inspecao via fallback .NET para sprites/characters/davi/jab.png: 384x112 bitDepth=4 palette=16
[2026-05-16 05:30:42] [WARN] ImageMagick falhou para sprites/characters/davi/medium.png: Não é possível encontrar o arquivo especificado.. Tentando fallback .NET...
[2026-05-16 05:30:42] [INFO] Inspecao via fallback .NET para sprites/characters/davi/medium.png: 480x112 bitDepth=4 palette=16
[2026-05-16 05:30:43] [WARN] ImageMagick falhou para sprites/characters/davi/grip.png: Não é possível encontrar o arquivo especificado.. Tentando fallback .NET...
[2026-05-16 05:30:43] [INFO] Inspecao via fallback .NET para sprites/characters/davi/grip.png: 480x112 bitDepth=4 palette=16
[2026-05-16 05:30:44] [WARN] ImageMagick falhou para sprites/characters/davi/hip_throw.png: Não é possível encontrar o arquivo especificado.. Tentando fallback .NET...
[2026-05-16 05:30:44] [INFO] Inspecao via fallback .NET para sprites/characters/davi/hip_throw.png: 768x112 bitDepth=4 palette=16
[2026-05-16 05:30:46] [WARN] ImageMagick falhou para sprites/characters/davi/hurt.png: Não é possível encontrar o arquivo especificado.. Tentando fallback .NET...
[2026-05-16 05:30:46] [INFO] Inspecao via fallback .NET para sprites/characters/davi/hurt.png: 384x112 bitDepth=4 palette=16
[2026-05-16 05:30:47] [WARN] ImageMagick falhou para sprites/characters/davi/knockdown.png: Não é possível encontrar o arquivo especificado.. Tentando fallback .NET...
[2026-05-16 05:30:47] [INFO] Inspecao via fallback .NET para sprites/characters/davi/knockdown.png: 576x112 bitDepth=4 palette=16
[2026-05-16 05:30:48] [WARN] ImageMagick falhou para sprites/characters/davi/getup.png: Não é possível encontrar o arquivo especificado.. Tentando fallback .NET...
[2026-05-16 05:30:48] [INFO] Inspecao via fallback .NET para sprites/characters/davi/getup.png: 576x112 bitDepth=4 palette=16
[2026-05-16 05:30:51] [WARN] Juiz estetico sinalizou assets que pedem revisao antes de serem tratados como Elite.
[2026-05-16 05:30:53] [INFO] Validation finished. Errors: 0, Warnings: 2, Checked: 31, Recovered: 0
[2026-05-16 05:33:03] [INFO] --- Starting Resource Validation Suite ---
[2026-05-16 05:33:07] [INFO] Encontrados 1 arquivo(s) .res para validar.
[2026-05-16 05:33:07] [INFO] Validando F:\Projects\MegaDrive_DEV\SGDK_projects\NOVO ARARA GI FIGHTER V2 [VER.001] [SGDK 211] [GEN] [PROTOTIPO] [LUTA]\res\resources.res...
[2026-05-16 05:33:07] [WARN] ImageMagick falhou para bgs/lapa_bg_b.png: Não é possível encontrar o arquivo especificado.. Tentando fallback .NET...
[2026-05-16 05:33:07] [INFO] Inspecao via fallback .NET para bgs/lapa_bg_b.png: 320x160 bitDepth=4 palette=16
[2026-05-16 05:33:08] [WARN] ImageMagick falhou para bgs/lapa_bg_a.png: Não é possível encontrar o arquivo especificado.. Tentando fallback .NET...
[2026-05-16 05:33:08] [INFO] Inspecao via fallback .NET para bgs/lapa_bg_a.png: 320x64 bitDepth=4 palette=16
[2026-05-16 05:33:08] [WARN] Imagem lapa_bg_a: Slot indexado 0 esta visivel e cobre massa significativa; risco alto de perder forma util quando a transparencia estrutural for aplicada.
[2026-05-16 05:33:09] [WARN] ImageMagick falhou para sprites/effects/hit_spark.png: Não é possível encontrar o arquivo especificado.. Tentando fallback .NET...
[2026-05-16 05:33:09] [INFO] Inspecao via fallback .NET para sprites/effects/hit_spark.png: 96x32 bitDepth=4 palette=16
[2026-05-16 05:33:10] [WARN] ImageMagick falhou para sprites/characters/caio/idle.png: Não é possível encontrar o arquivo especificado.. Tentando fallback .NET...
[2026-05-16 05:33:10] [INFO] Inspecao via fallback .NET para sprites/characters/caio/idle.png: 576x112 bitDepth=4 palette=16
[2026-05-16 05:33:11] [WARN] ImageMagick falhou para sprites/characters/caio/walk_forward.png: Não é possível encontrar o arquivo especificado.. Tentando fallback .NET...
[2026-05-16 05:33:11] [INFO] Inspecao via fallback .NET para sprites/characters/caio/walk_forward.png: 576x112 bitDepth=4 palette=16
[2026-05-16 05:33:12] [WARN] ImageMagick falhou para sprites/characters/caio/walk_back.png: Não é possível encontrar o arquivo especificado.. Tentando fallback .NET...
[2026-05-16 05:33:13] [INFO] Inspecao via fallback .NET para sprites/characters/caio/walk_back.png: 576x112 bitDepth=4 palette=16
[2026-05-16 05:33:14] [WARN] ImageMagick falhou para sprites/characters/caio/dash.png: Não é possível encontrar o arquivo especificado.. Tentando fallback .NET...
[2026-05-16 05:33:14] [INFO] Inspecao via fallback .NET para sprites/characters/caio/dash.png: 384x112 bitDepth=4 palette=16
[2026-05-16 05:33:15] [WARN] ImageMagick falhou para sprites/characters/caio/crouch.png: Não é possível encontrar o arquivo especificado.. Tentando fallback .NET...
[2026-05-16 05:33:15] [INFO] Inspecao via fallback .NET para sprites/characters/caio/crouch.png: 192x112 bitDepth=4 palette=16
[2026-05-16 05:33:16] [WARN] ImageMagick falhou para sprites/characters/caio/jump.png: Não é possível encontrar o arquivo especificado.. Tentando fallback .NET...
[2026-05-16 05:33:16] [INFO] Inspecao via fallback .NET para sprites/characters/caio/jump.png: 576x112 bitDepth=4 palette=16
[2026-05-16 05:33:17] [WARN] ImageMagick falhou para sprites/characters/caio/guard.png: Não é possível encontrar o arquivo especificado.. Tentando fallback .NET...
[2026-05-16 05:33:17] [INFO] Inspecao via fallback .NET para sprites/characters/caio/guard.png: 288x112 bitDepth=4 palette=16
[2026-05-16 05:33:18] [WARN] ImageMagick falhou para sprites/characters/caio/jab.png: Não é possível encontrar o arquivo especificado.. Tentando fallback .NET...
[2026-05-16 05:33:18] [INFO] Inspecao via fallback .NET para sprites/characters/caio/jab.png: 384x112 bitDepth=4 palette=16
[2026-05-16 05:33:19] [WARN] ImageMagick falhou para sprites/characters/caio/medium.png: Não é possível encontrar o arquivo especificado.. Tentando fallback .NET...
[2026-05-16 05:33:19] [INFO] Inspecao via fallback .NET para sprites/characters/caio/medium.png: 480x112 bitDepth=4 palette=16
[2026-05-16 05:33:20] [WARN] ImageMagick falhou para sprites/characters/caio/grip.png: Não é possível encontrar o arquivo especificado.. Tentando fallback .NET...
[2026-05-16 05:33:20] [INFO] Inspecao via fallback .NET para sprites/characters/caio/grip.png: 480x112 bitDepth=4 palette=16
[2026-05-16 05:33:22] [WARN] ImageMagick falhou para sprites/characters/caio/hip_throw.png: Não é possível encontrar o arquivo especificado.. Tentando fallback .NET...
[2026-05-16 05:33:22] [INFO] Inspecao via fallback .NET para sprites/characters/caio/hip_throw.png: 768x112 bitDepth=4 palette=16
[2026-05-16 05:33:24] [WARN] ImageMagick falhou para sprites/characters/caio/hurt.png: Não é possível encontrar o arquivo especificado.. Tentando fallback .NET...
[2026-05-16 05:33:24] [INFO] Inspecao via fallback .NET para sprites/characters/caio/hurt.png: 384x112 bitDepth=4 palette=16
[2026-05-16 05:33:25] [WARN] ImageMagick falhou para sprites/characters/caio/knockdown.png: Não é possível encontrar o arquivo especificado.. Tentando fallback .NET...
[2026-05-16 05:33:25] [INFO] Inspecao via fallback .NET para sprites/characters/caio/knockdown.png: 576x112 bitDepth=4 palette=16
[2026-05-16 05:33:27] [WARN] ImageMagick falhou para sprites/characters/caio/getup.png: Não é possível encontrar o arquivo especificado.. Tentando fallback .NET...
[2026-05-16 05:33:27] [INFO] Inspecao via fallback .NET para sprites/characters/caio/getup.png: 576x112 bitDepth=4 palette=16
[2026-05-16 05:33:28] [WARN] ImageMagick falhou para sprites/characters/davi/idle.png: Não é possível encontrar o arquivo especificado.. Tentando fallback .NET...
[2026-05-16 05:33:29] [INFO] Inspecao via fallback .NET para sprites/characters/davi/idle.png: 576x112 bitDepth=4 palette=16
[2026-05-16 05:33:30] [WARN] ImageMagick falhou para sprites/characters/davi/walk_forward.png: Não é possível encontrar o arquivo especificado.. Tentando fallback .NET...
[2026-05-16 05:33:30] [INFO] Inspecao via fallback .NET para sprites/characters/davi/walk_forward.png: 576x112 bitDepth=4 palette=16
[2026-05-16 05:33:31] [WARN] ImageMagick falhou para sprites/characters/davi/walk_back.png: Não é possível encontrar o arquivo especificado.. Tentando fallback .NET...
[2026-05-16 05:33:32] [INFO] Inspecao via fallback .NET para sprites/characters/davi/walk_back.png: 576x112 bitDepth=4 palette=16
[2026-05-16 05:33:33] [WARN] ImageMagick falhou para sprites/characters/davi/dash.png: Não é possível encontrar o arquivo especificado.. Tentando fallback .NET...
[2026-05-16 05:33:33] [INFO] Inspecao via fallback .NET para sprites/characters/davi/dash.png: 384x112 bitDepth=4 palette=16
[2026-05-16 05:33:34] [WARN] ImageMagick falhou para sprites/characters/davi/crouch.png: Não é possível encontrar o arquivo especificado.. Tentando fallback .NET...
[2026-05-16 05:33:34] [INFO] Inspecao via fallback .NET para sprites/characters/davi/crouch.png: 192x112 bitDepth=4 palette=16
[2026-05-16 05:33:34] [WARN] ImageMagick falhou para sprites/characters/davi/jump.png: Não é possível encontrar o arquivo especificado.. Tentando fallback .NET...
[2026-05-16 05:33:35] [INFO] Inspecao via fallback .NET para sprites/characters/davi/jump.png: 576x112 bitDepth=4 palette=16
[2026-05-16 05:33:36] [WARN] ImageMagick falhou para sprites/characters/davi/guard.png: Não é possível encontrar o arquivo especificado.. Tentando fallback .NET...
[2026-05-16 05:33:36] [INFO] Inspecao via fallback .NET para sprites/characters/davi/guard.png: 288x112 bitDepth=4 palette=16
[2026-05-16 05:33:37] [WARN] ImageMagick falhou para sprites/characters/davi/jab.png: Não é possível encontrar o arquivo especificado.. Tentando fallback .NET...
[2026-05-16 05:33:37] [INFO] Inspecao via fallback .NET para sprites/characters/davi/jab.png: 384x112 bitDepth=4 palette=16
[2026-05-16 05:33:38] [WARN] ImageMagick falhou para sprites/characters/davi/medium.png: Não é possível encontrar o arquivo especificado.. Tentando fallback .NET...
[2026-05-16 05:33:38] [INFO] Inspecao via fallback .NET para sprites/characters/davi/medium.png: 480x112 bitDepth=4 palette=16
[2026-05-16 05:33:39] [WARN] ImageMagick falhou para sprites/characters/davi/grip.png: Não é possível encontrar o arquivo especificado.. Tentando fallback .NET...
[2026-05-16 05:33:39] [INFO] Inspecao via fallback .NET para sprites/characters/davi/grip.png: 480x112 bitDepth=4 palette=16
[2026-05-16 05:33:40] [WARN] ImageMagick falhou para sprites/characters/davi/hip_throw.png: Não é possível encontrar o arquivo especificado.. Tentando fallback .NET...
[2026-05-16 05:33:40] [INFO] Inspecao via fallback .NET para sprites/characters/davi/hip_throw.png: 768x112 bitDepth=4 palette=16
[2026-05-16 05:33:42] [WARN] ImageMagick falhou para sprites/characters/davi/hurt.png: Não é possível encontrar o arquivo especificado.. Tentando fallback .NET...
[2026-05-16 05:33:42] [INFO] Inspecao via fallback .NET para sprites/characters/davi/hurt.png: 384x112 bitDepth=4 palette=16
[2026-05-16 05:33:43] [WARN] ImageMagick falhou para sprites/characters/davi/knockdown.png: Não é possível encontrar o arquivo especificado.. Tentando fallback .NET...
[2026-05-16 05:33:43] [INFO] Inspecao via fallback .NET para sprites/characters/davi/knockdown.png: 576x112 bitDepth=4 palette=16
[2026-05-16 05:33:44] [WARN] ImageMagick falhou para sprites/characters/davi/getup.png: Não é possível encontrar o arquivo especificado.. Tentando fallback .NET...
[2026-05-16 05:33:44] [INFO] Inspecao via fallback .NET para sprites/characters/davi/getup.png: 576x112 bitDepth=4 palette=16
[2026-05-16 05:33:48] [WARN] Juiz estetico sinalizou assets que pedem revisao antes de serem tratados como Elite.
[2026-05-16 05:33:49] [INFO] Validation finished. Errors: 0, Warnings: 2, Checked: 31, Recovered: 0
[2026-05-16 05:34:00] [INFO] --- Starting Resource Validation Suite ---
[2026-05-16 05:34:03] [INFO] Encontrados 1 arquivo(s) .res para validar.
[2026-05-16 05:34:03] [INFO] Validando F:\Projects\MegaDrive_DEV\SGDK_projects\NOVO ARARA GI FIGHTER V2 [VER.001] [SGDK 211] [GEN] [PROTOTIPO] [LUTA]\res\resources.res...
[2026-05-16 05:34:03] [WARN] ImageMagick falhou para bgs/lapa_bg_b.png: Não é possível encontrar o arquivo especificado.. Tentando fallback .NET...
[2026-05-16 05:34:04] [INFO] Inspecao via fallback .NET para bgs/lapa_bg_b.png: 320x160 bitDepth=4 palette=16
[2026-05-16 05:34:05] [WARN] ImageMagick falhou para bgs/lapa_bg_a.png: Não é possível encontrar o arquivo especificado.. Tentando fallback .NET...
[2026-05-16 05:34:05] [INFO] Inspecao via fallback .NET para bgs/lapa_bg_a.png: 320x64 bitDepth=4 palette=16
[2026-05-16 05:34:05] [WARN] Imagem lapa_bg_a: Slot indexado 0 esta visivel e cobre massa significativa; risco alto de perder forma util quando a transparencia estrutural for aplicada.
[2026-05-16 05:34:06] [WARN] ImageMagick falhou para sprites/effects/hit_spark.png: Não é possível encontrar o arquivo especificado.. Tentando fallback .NET...
[2026-05-16 05:34:06] [INFO] Inspecao via fallback .NET para sprites/effects/hit_spark.png: 96x32 bitDepth=4 palette=16
[2026-05-16 05:34:06] [WARN] ImageMagick falhou para sprites/characters/caio/idle.png: Não é possível encontrar o arquivo especificado.. Tentando fallback .NET...
[2026-05-16 05:34:06] [INFO] Inspecao via fallback .NET para sprites/characters/caio/idle.png: 576x112 bitDepth=4 palette=16
[2026-05-16 05:34:08] [WARN] ImageMagick falhou para sprites/characters/caio/walk_forward.png: Não é possível encontrar o arquivo especificado.. Tentando fallback .NET...
[2026-05-16 05:34:08] [INFO] Inspecao via fallback .NET para sprites/characters/caio/walk_forward.png: 576x112 bitDepth=4 palette=16
[2026-05-16 05:34:09] [WARN] ImageMagick falhou para sprites/characters/caio/walk_back.png: Não é possível encontrar o arquivo especificado.. Tentando fallback .NET...
[2026-05-16 05:34:09] [INFO] Inspecao via fallback .NET para sprites/characters/caio/walk_back.png: 576x112 bitDepth=4 palette=16
[2026-05-16 05:34:10] [WARN] ImageMagick falhou para sprites/characters/caio/dash.png: Não é possível encontrar o arquivo especificado.. Tentando fallback .NET...
[2026-05-16 05:34:10] [INFO] Inspecao via fallback .NET para sprites/characters/caio/dash.png: 384x112 bitDepth=4 palette=16
[2026-05-16 05:34:11] [WARN] ImageMagick falhou para sprites/characters/caio/crouch.png: Não é possível encontrar o arquivo especificado.. Tentando fallback .NET...
[2026-05-16 05:34:11] [INFO] Inspecao via fallback .NET para sprites/characters/caio/crouch.png: 192x112 bitDepth=4 palette=16
[2026-05-16 05:34:12] [WARN] ImageMagick falhou para sprites/characters/caio/jump.png: Não é possível encontrar o arquivo especificado.. Tentando fallback .NET...
[2026-05-16 05:34:12] [INFO] Inspecao via fallback .NET para sprites/characters/caio/jump.png: 576x112 bitDepth=4 palette=16
[2026-05-16 05:34:13] [WARN] ImageMagick falhou para sprites/characters/caio/guard.png: Não é possível encontrar o arquivo especificado.. Tentando fallback .NET...
[2026-05-16 05:34:13] [INFO] Inspecao via fallback .NET para sprites/characters/caio/guard.png: 288x112 bitDepth=4 palette=16
[2026-05-16 05:34:14] [WARN] ImageMagick falhou para sprites/characters/caio/jab.png: Não é possível encontrar o arquivo especificado.. Tentando fallback .NET...
[2026-05-16 05:34:14] [INFO] Inspecao via fallback .NET para sprites/characters/caio/jab.png: 384x112 bitDepth=4 palette=16
[2026-05-16 05:34:15] [WARN] ImageMagick falhou para sprites/characters/caio/medium.png: Não é possível encontrar o arquivo especificado.. Tentando fallback .NET...
[2026-05-16 05:34:15] [INFO] Inspecao via fallback .NET para sprites/characters/caio/medium.png: 480x112 bitDepth=4 palette=16
[2026-05-16 05:34:16] [WARN] ImageMagick falhou para sprites/characters/caio/grip.png: Não é possível encontrar o arquivo especificado.. Tentando fallback .NET...
[2026-05-16 05:34:16] [INFO] Inspecao via fallback .NET para sprites/characters/caio/grip.png: 480x112 bitDepth=4 palette=16
[2026-05-16 05:34:17] [WARN] ImageMagick falhou para sprites/characters/caio/hip_throw.png: Não é possível encontrar o arquivo especificado.. Tentando fallback .NET...
[2026-05-16 05:34:17] [INFO] Inspecao via fallback .NET para sprites/characters/caio/hip_throw.png: 768x112 bitDepth=4 palette=16
[2026-05-16 05:34:18] [WARN] ImageMagick falhou para sprites/characters/caio/hurt.png: Não é possível encontrar o arquivo especificado.. Tentando fallback .NET...
[2026-05-16 05:34:18] [INFO] Inspecao via fallback .NET para sprites/characters/caio/hurt.png: 384x112 bitDepth=4 palette=16
[2026-05-16 05:34:19] [WARN] ImageMagick falhou para sprites/characters/caio/knockdown.png: Não é possível encontrar o arquivo especificado.. Tentando fallback .NET...
[2026-05-16 05:34:19] [INFO] Inspecao via fallback .NET para sprites/characters/caio/knockdown.png: 576x112 bitDepth=4 palette=16
[2026-05-16 05:34:20] [WARN] ImageMagick falhou para sprites/characters/caio/getup.png: Não é possível encontrar o arquivo especificado.. Tentando fallback .NET...
[2026-05-16 05:34:20] [INFO] Inspecao via fallback .NET para sprites/characters/caio/getup.png: 576x112 bitDepth=4 palette=16
[2026-05-16 05:34:22] [WARN] ImageMagick falhou para sprites/characters/davi/idle.png: Não é possível encontrar o arquivo especificado.. Tentando fallback .NET...
[2026-05-16 05:34:22] [INFO] Inspecao via fallback .NET para sprites/characters/davi/idle.png: 576x112 bitDepth=4 palette=16
[2026-05-16 05:34:23] [WARN] ImageMagick falhou para sprites/characters/davi/walk_forward.png: Não é possível encontrar o arquivo especificado.. Tentando fallback .NET...
[2026-05-16 05:34:24] [INFO] Inspecao via fallback .NET para sprites/characters/davi/walk_forward.png: 576x112 bitDepth=4 palette=16
[2026-05-16 05:34:25] [WARN] ImageMagick falhou para sprites/characters/davi/walk_back.png: Não é possível encontrar o arquivo especificado.. Tentando fallback .NET...
[2026-05-16 05:34:25] [INFO] Inspecao via fallback .NET para sprites/characters/davi/walk_back.png: 576x112 bitDepth=4 palette=16
[2026-05-16 05:34:27] [WARN] ImageMagick falhou para sprites/characters/davi/dash.png: Não é possível encontrar o arquivo especificado.. Tentando fallback .NET...
[2026-05-16 05:34:27] [INFO] Inspecao via fallback .NET para sprites/characters/davi/dash.png: 384x112 bitDepth=4 palette=16
[2026-05-16 05:34:28] [WARN] ImageMagick falhou para sprites/characters/davi/crouch.png: Não é possível encontrar o arquivo especificado.. Tentando fallback .NET...
[2026-05-16 05:34:29] [INFO] Inspecao via fallback .NET para sprites/characters/davi/crouch.png: 192x112 bitDepth=4 palette=16
[2026-05-16 05:34:30] [WARN] ImageMagick falhou para sprites/characters/davi/jump.png: Não é possível encontrar o arquivo especificado.. Tentando fallback .NET...
[2026-05-16 05:34:30] [INFO] Inspecao via fallback .NET para sprites/characters/davi/jump.png: 576x112 bitDepth=4 palette=16
[2026-05-16 05:34:34] [WARN] ImageMagick falhou para sprites/characters/davi/guard.png: Não é possível encontrar o arquivo especificado.. Tentando fallback .NET...
[2026-05-16 05:34:34] [INFO] Inspecao via fallback .NET para sprites/characters/davi/guard.png: 288x112 bitDepth=4 palette=16
[2026-05-16 05:34:35] [WARN] ImageMagick falhou para sprites/characters/davi/jab.png: Não é possível encontrar o arquivo especificado.. Tentando fallback .NET...
[2026-05-16 05:34:36] [INFO] Inspecao via fallback .NET para sprites/characters/davi/jab.png: 384x112 bitDepth=4 palette=16
[2026-05-16 05:34:38] [WARN] ImageMagick falhou para sprites/characters/davi/medium.png: Não é possível encontrar o arquivo especificado.. Tentando fallback .NET...
[2026-05-16 05:34:38] [INFO] Inspecao via fallback .NET para sprites/characters/davi/medium.png: 480x112 bitDepth=4 palette=16
[2026-05-16 05:34:40] [WARN] ImageMagick falhou para sprites/characters/davi/grip.png: Não é possível encontrar o arquivo especificado.. Tentando fallback .NET...
[2026-05-16 05:34:41] [INFO] Inspecao via fallback .NET para sprites/characters/davi/grip.png: 480x112 bitDepth=4 palette=16
[2026-05-16 05:34:45] [WARN] ImageMagick falhou para sprites/characters/davi/hip_throw.png: Não é possível encontrar o arquivo especificado.. Tentando fallback .NET...
[2026-05-16 05:34:45] [INFO] Inspecao via fallback .NET para sprites/characters/davi/hip_throw.png: 768x112 bitDepth=4 palette=16
[2026-05-16 05:34:48] [WARN] ImageMagick falhou para sprites/characters/davi/hurt.png: Não é possível encontrar o arquivo especificado.. Tentando fallback .NET...
[2026-05-16 05:34:49] [INFO] Inspecao via fallback .NET para sprites/characters/davi/hurt.png: 384x112 bitDepth=4 palette=16
[2026-05-16 05:34:51] [WARN] ImageMagick falhou para sprites/characters/davi/knockdown.png: Não é possível encontrar o arquivo especificado.. Tentando fallback .NET...
[2026-05-16 05:34:51] [INFO] Inspecao via fallback .NET para sprites/characters/davi/knockdown.png: 576x112 bitDepth=4 palette=16
[2026-05-16 05:34:53] [WARN] ImageMagick falhou para sprites/characters/davi/getup.png: Não é possível encontrar o arquivo especificado.. Tentando fallback .NET...
[2026-05-16 05:34:53] [INFO] Inspecao via fallback .NET para sprites/characters/davi/getup.png: 576x112 bitDepth=4 palette=16
[2026-05-16 05:35:00] [WARN] Juiz estetico sinalizou assets que pedem revisao antes de serem tratados como Elite.
[2026-05-16 05:35:01] [WARN] Evidencia de emulador obsoleta ou insuficiente: runtime_metrics_stale.
[2026-05-16 05:35:02] [INFO] Validation finished. Errors: 0, Warnings: 3, Checked: 31, Recovered: 0
[2026-05-16 05:37:40] [INFO] --- Starting Resource Validation Suite ---
[2026-05-16 05:37:42] [INFO] Encontrados 1 arquivo(s) .res para validar.
[2026-05-16 05:37:42] [INFO] Validando F:\Projects\MegaDrive_DEV\SGDK_projects\NOVO ARARA GI FIGHTER V2 [VER.001] [SGDK 211] [GEN] [PROTOTIPO] [LUTA]\res\resources.res...
[2026-05-16 05:37:42] [WARN] ImageMagick falhou para bgs/lapa_bg_b.png: Não é possível encontrar o arquivo especificado.. Tentando fallback .NET...
[2026-05-16 05:37:43] [INFO] Inspecao via fallback .NET para bgs/lapa_bg_b.png: 320x160 bitDepth=4 palette=16
[2026-05-16 05:37:44] [WARN] ImageMagick falhou para bgs/lapa_bg_a.png: Não é possível encontrar o arquivo especificado.. Tentando fallback .NET...
[2026-05-16 05:37:44] [INFO] Inspecao via fallback .NET para bgs/lapa_bg_a.png: 320x64 bitDepth=4 palette=16
[2026-05-16 05:37:44] [WARN] Imagem lapa_bg_a: Slot indexado 0 esta visivel e cobre massa significativa; risco alto de perder forma util quando a transparencia estrutural for aplicada.
[2026-05-16 05:37:45] [WARN] ImageMagick falhou para sprites/effects/hit_spark.png: Não é possível encontrar o arquivo especificado.. Tentando fallback .NET...
[2026-05-16 05:37:45] [INFO] Inspecao via fallback .NET para sprites/effects/hit_spark.png: 96x32 bitDepth=4 palette=16
[2026-05-16 05:37:45] [WARN] ImageMagick falhou para sprites/characters/caio/idle.png: Não é possível encontrar o arquivo especificado.. Tentando fallback .NET...
[2026-05-16 05:37:45] [INFO] Inspecao via fallback .NET para sprites/characters/caio/idle.png: 576x112 bitDepth=4 palette=16
[2026-05-16 05:37:47] [WARN] ImageMagick falhou para sprites/characters/caio/walk_forward.png: Não é possível encontrar o arquivo especificado.. Tentando fallback .NET...
[2026-05-16 05:37:47] [INFO] Inspecao via fallback .NET para sprites/characters/caio/walk_forward.png: 576x112 bitDepth=4 palette=16
[2026-05-16 05:37:48] [WARN] ImageMagick falhou para sprites/characters/caio/walk_back.png: Não é possível encontrar o arquivo especificado.. Tentando fallback .NET...
[2026-05-16 05:37:48] [INFO] Inspecao via fallback .NET para sprites/characters/caio/walk_back.png: 576x112 bitDepth=4 palette=16
[2026-05-16 05:37:49] [WARN] ImageMagick falhou para sprites/characters/caio/dash.png: Não é possível encontrar o arquivo especificado.. Tentando fallback .NET...
[2026-05-16 05:37:49] [INFO] Inspecao via fallback .NET para sprites/characters/caio/dash.png: 384x112 bitDepth=4 palette=16
[2026-05-16 05:37:50] [WARN] ImageMagick falhou para sprites/characters/caio/crouch.png: Não é possível encontrar o arquivo especificado.. Tentando fallback .NET...
[2026-05-16 05:37:50] [INFO] Inspecao via fallback .NET para sprites/characters/caio/crouch.png: 192x112 bitDepth=4 palette=16
[2026-05-16 05:37:51] [WARN] ImageMagick falhou para sprites/characters/caio/jump.png: Não é possível encontrar o arquivo especificado.. Tentando fallback .NET...
[2026-05-16 05:37:51] [INFO] Inspecao via fallback .NET para sprites/characters/caio/jump.png: 576x112 bitDepth=4 palette=16
[2026-05-16 05:37:52] [WARN] ImageMagick falhou para sprites/characters/caio/guard.png: Não é possível encontrar o arquivo especificado.. Tentando fallback .NET...
[2026-05-16 05:37:52] [INFO] Inspecao via fallback .NET para sprites/characters/caio/guard.png: 288x112 bitDepth=4 palette=16
[2026-05-16 05:37:53] [WARN] ImageMagick falhou para sprites/characters/caio/jab.png: Não é possível encontrar o arquivo especificado.. Tentando fallback .NET...
[2026-05-16 05:37:53] [INFO] Inspecao via fallback .NET para sprites/characters/caio/jab.png: 384x112 bitDepth=4 palette=16
[2026-05-16 05:37:54] [WARN] ImageMagick falhou para sprites/characters/caio/medium.png: Não é possível encontrar o arquivo especificado.. Tentando fallback .NET...
[2026-05-16 05:37:54] [INFO] Inspecao via fallback .NET para sprites/characters/caio/medium.png: 480x112 bitDepth=4 palette=16
[2026-05-16 05:37:55] [WARN] ImageMagick falhou para sprites/characters/caio/grip.png: Não é possível encontrar o arquivo especificado.. Tentando fallback .NET...
[2026-05-16 05:37:55] [INFO] Inspecao via fallback .NET para sprites/characters/caio/grip.png: 480x112 bitDepth=4 palette=16
[2026-05-16 05:37:56] [WARN] ImageMagick falhou para sprites/characters/caio/hip_throw.png: Não é possível encontrar o arquivo especificado.. Tentando fallback .NET...
[2026-05-16 05:37:56] [INFO] Inspecao via fallback .NET para sprites/characters/caio/hip_throw.png: 768x112 bitDepth=4 palette=16
[2026-05-16 05:37:58] [WARN] ImageMagick falhou para sprites/characters/caio/hurt.png: Não é possível encontrar o arquivo especificado.. Tentando fallback .NET...
[2026-05-16 05:37:58] [INFO] Inspecao via fallback .NET para sprites/characters/caio/hurt.png: 384x112 bitDepth=4 palette=16
[2026-05-16 05:38:00] [WARN] ImageMagick falhou para sprites/characters/caio/knockdown.png: Não é possível encontrar o arquivo especificado.. Tentando fallback .NET...
[2026-05-16 05:38:00] [INFO] Inspecao via fallback .NET para sprites/characters/caio/knockdown.png: 576x112 bitDepth=4 palette=16
[2026-05-16 05:38:02] [WARN] ImageMagick falhou para sprites/characters/caio/getup.png: Não é possível encontrar o arquivo especificado.. Tentando fallback .NET...
[2026-05-16 05:38:03] [INFO] Inspecao via fallback .NET para sprites/characters/caio/getup.png: 576x112 bitDepth=4 palette=16
[2026-05-16 05:38:06] [WARN] ImageMagick falhou para sprites/characters/davi/idle.png: Não é possível encontrar o arquivo especificado.. Tentando fallback .NET...
[2026-05-16 05:38:06] [INFO] Inspecao via fallback .NET para sprites/characters/davi/idle.png: 576x112 bitDepth=4 palette=16
[2026-05-16 05:38:09] [WARN] ImageMagick falhou para sprites/characters/davi/walk_forward.png: Não é possível encontrar o arquivo especificado.. Tentando fallback .NET...
[2026-05-16 05:38:09] [INFO] Inspecao via fallback .NET para sprites/characters/davi/walk_forward.png: 576x112 bitDepth=4 palette=16
[2026-05-16 05:38:12] [WARN] ImageMagick falhou para sprites/characters/davi/walk_back.png: Não é possível encontrar o arquivo especificado.. Tentando fallback .NET...
[2026-05-16 05:38:13] [INFO] Inspecao via fallback .NET para sprites/characters/davi/walk_back.png: 576x112 bitDepth=4 palette=16
[2026-05-16 05:38:14] [WARN] ImageMagick falhou para sprites/characters/davi/dash.png: Não é possível encontrar o arquivo especificado.. Tentando fallback .NET...
[2026-05-16 05:38:14] [INFO] Inspecao via fallback .NET para sprites/characters/davi/dash.png: 384x112 bitDepth=4 palette=16
[2026-05-16 05:38:17] [WARN] ImageMagick falhou para sprites/characters/davi/crouch.png: Não é possível encontrar o arquivo especificado.. Tentando fallback .NET...
[2026-05-16 05:38:17] [INFO] Inspecao via fallback .NET para sprites/characters/davi/crouch.png: 192x112 bitDepth=4 palette=16
[2026-05-16 05:38:18] [WARN] ImageMagick falhou para sprites/characters/davi/jump.png: Não é possível encontrar o arquivo especificado.. Tentando fallback .NET...
[2026-05-16 05:38:18] [INFO] Inspecao via fallback .NET para sprites/characters/davi/jump.png: 576x112 bitDepth=4 palette=16
[2026-05-16 05:38:20] [WARN] ImageMagick falhou para sprites/characters/davi/guard.png: Não é possível encontrar o arquivo especificado.. Tentando fallback .NET...
[2026-05-16 05:38:20] [INFO] Inspecao via fallback .NET para sprites/characters/davi/guard.png: 288x112 bitDepth=4 palette=16
[2026-05-16 05:38:21] [WARN] ImageMagick falhou para sprites/characters/davi/jab.png: Não é possível encontrar o arquivo especificado.. Tentando fallback .NET...
[2026-05-16 05:38:21] [INFO] Inspecao via fallback .NET para sprites/characters/davi/jab.png: 384x112 bitDepth=4 palette=16
[2026-05-16 05:38:22] [WARN] ImageMagick falhou para sprites/characters/davi/medium.png: Não é possível encontrar o arquivo especificado.. Tentando fallback .NET...
[2026-05-16 05:38:22] [INFO] Inspecao via fallback .NET para sprites/characters/davi/medium.png: 480x112 bitDepth=4 palette=16
[2026-05-16 05:38:23] [WARN] ImageMagick falhou para sprites/characters/davi/grip.png: Não é possível encontrar o arquivo especificado.. Tentando fallback .NET...
[2026-05-16 05:38:23] [INFO] Inspecao via fallback .NET para sprites/characters/davi/grip.png: 480x112 bitDepth=4 palette=16
[2026-05-16 05:38:24] [WARN] ImageMagick falhou para sprites/characters/davi/hip_throw.png: Não é possível encontrar o arquivo especificado.. Tentando fallback .NET...
[2026-05-16 05:38:25] [INFO] Inspecao via fallback .NET para sprites/characters/davi/hip_throw.png: 768x112 bitDepth=4 palette=16
[2026-05-16 05:38:26] [WARN] ImageMagick falhou para sprites/characters/davi/hurt.png: Não é possível encontrar o arquivo especificado.. Tentando fallback .NET...
[2026-05-16 05:38:26] [INFO] Inspecao via fallback .NET para sprites/characters/davi/hurt.png: 384x112 bitDepth=4 palette=16
[2026-05-16 05:38:27] [WARN] ImageMagick falhou para sprites/characters/davi/knockdown.png: Não é possível encontrar o arquivo especificado.. Tentando fallback .NET...
[2026-05-16 05:38:27] [INFO] Inspecao via fallback .NET para sprites/characters/davi/knockdown.png: 576x112 bitDepth=4 palette=16
[2026-05-16 05:38:28] [WARN] ImageMagick falhou para sprites/characters/davi/getup.png: Não é possível encontrar o arquivo especificado.. Tentando fallback .NET...
[2026-05-16 05:38:28] [INFO] Inspecao via fallback .NET para sprites/characters/davi/getup.png: 576x112 bitDepth=4 palette=16
[2026-05-16 05:38:31] [WARN] Juiz estetico sinalizou assets que pedem revisao antes de serem tratados como Elite.
[2026-05-16 05:38:33] [INFO] Validation finished. Errors: 0, Warnings: 2, Checked: 31, Recovered: 0
[2026-05-16 05:39:39] [INFO] --- Starting Resource Validation Suite ---
[2026-05-16 05:39:42] [INFO] Encontrados 1 arquivo(s) .res para validar.
[2026-05-16 05:39:42] [INFO] Validando F:\Projects\MegaDrive_DEV\SGDK_projects\NOVO ARARA GI FIGHTER V2 [VER.001] [SGDK 211] [GEN] [PROTOTIPO] [LUTA]\res\resources.res...
[2026-05-16 05:39:42] [WARN] ImageMagick falhou para bgs/lapa_bg_b.png: Não é possível encontrar o arquivo especificado.. Tentando fallback .NET...
[2026-05-16 05:39:42] [INFO] Inspecao via fallback .NET para bgs/lapa_bg_b.png: 320x160 bitDepth=4 palette=16
[2026-05-16 05:39:43] [WARN] ImageMagick falhou para bgs/lapa_bg_a.png: Não é possível encontrar o arquivo especificado.. Tentando fallback .NET...
[2026-05-16 05:39:44] [INFO] Inspecao via fallback .NET para bgs/lapa_bg_a.png: 320x64 bitDepth=4 palette=16
[2026-05-16 05:39:44] [WARN] Imagem lapa_bg_a: Slot indexado 0 esta visivel e cobre massa significativa; risco alto de perder forma util quando a transparencia estrutural for aplicada.
[2026-05-16 05:39:44] [WARN] ImageMagick falhou para sprites/effects/hit_spark.png: Não é possível encontrar o arquivo especificado.. Tentando fallback .NET...
[2026-05-16 05:39:44] [INFO] Inspecao via fallback .NET para sprites/effects/hit_spark.png: 96x32 bitDepth=4 palette=16
[2026-05-16 05:39:45] [WARN] ImageMagick falhou para sprites/characters/caio/idle.png: Não é possível encontrar o arquivo especificado.. Tentando fallback .NET...
[2026-05-16 05:39:45] [INFO] Inspecao via fallback .NET para sprites/characters/caio/idle.png: 576x112 bitDepth=4 palette=16
[2026-05-16 05:39:46] [WARN] ImageMagick falhou para sprites/characters/caio/walk_forward.png: Não é possível encontrar o arquivo especificado.. Tentando fallback .NET...
[2026-05-16 05:39:46] [INFO] Inspecao via fallback .NET para sprites/characters/caio/walk_forward.png: 576x112 bitDepth=4 palette=16
[2026-05-16 05:39:47] [WARN] ImageMagick falhou para sprites/characters/caio/walk_back.png: Não é possível encontrar o arquivo especificado.. Tentando fallback .NET...
[2026-05-16 05:39:47] [INFO] Inspecao via fallback .NET para sprites/characters/caio/walk_back.png: 576x112 bitDepth=4 palette=16
[2026-05-16 05:39:48] [WARN] ImageMagick falhou para sprites/characters/caio/dash.png: Não é possível encontrar o arquivo especificado.. Tentando fallback .NET...
[2026-05-16 05:39:49] [INFO] Inspecao via fallback .NET para sprites/characters/caio/dash.png: 384x112 bitDepth=4 palette=16
[2026-05-16 05:39:49] [WARN] ImageMagick falhou para sprites/characters/caio/crouch.png: Não é possível encontrar o arquivo especificado.. Tentando fallback .NET...
[2026-05-16 05:39:49] [INFO] Inspecao via fallback .NET para sprites/characters/caio/crouch.png: 192x112 bitDepth=4 palette=16
[2026-05-16 05:39:50] [WARN] ImageMagick falhou para sprites/characters/caio/jump.png: Não é possível encontrar o arquivo especificado.. Tentando fallback .NET...
[2026-05-16 05:39:50] [INFO] Inspecao via fallback .NET para sprites/characters/caio/jump.png: 576x112 bitDepth=4 palette=16
[2026-05-16 05:39:51] [WARN] ImageMagick falhou para sprites/characters/caio/guard.png: Não é possível encontrar o arquivo especificado.. Tentando fallback .NET...
[2026-05-16 05:39:51] [INFO] Inspecao via fallback .NET para sprites/characters/caio/guard.png: 288x112 bitDepth=4 palette=16
[2026-05-16 05:39:52] [WARN] ImageMagick falhou para sprites/characters/caio/jab.png: Não é possível encontrar o arquivo especificado.. Tentando fallback .NET...
[2026-05-16 05:39:52] [INFO] Inspecao via fallback .NET para sprites/characters/caio/jab.png: 384x112 bitDepth=4 palette=16
[2026-05-16 05:39:52] [WARN] ImageMagick falhou para sprites/characters/caio/medium.png: Não é possível encontrar o arquivo especificado.. Tentando fallback .NET...
[2026-05-16 05:39:53] [INFO] Inspecao via fallback .NET para sprites/characters/caio/medium.png: 480x112 bitDepth=4 palette=16
[2026-05-16 05:39:53] [WARN] ImageMagick falhou para sprites/characters/caio/grip.png: Não é possível encontrar o arquivo especificado.. Tentando fallback .NET...
[2026-05-16 05:39:54] [INFO] Inspecao via fallback .NET para sprites/characters/caio/grip.png: 480x112 bitDepth=4 palette=16
[2026-05-16 05:39:54] [WARN] ImageMagick falhou para sprites/characters/caio/hip_throw.png: Não é possível encontrar o arquivo especificado.. Tentando fallback .NET...
[2026-05-16 05:39:55] [INFO] Inspecao via fallback .NET para sprites/characters/caio/hip_throw.png: 768x112 bitDepth=4 palette=16
[2026-05-16 05:39:56] [WARN] ImageMagick falhou para sprites/characters/caio/hurt.png: Não é possível encontrar o arquivo especificado.. Tentando fallback .NET...
[2026-05-16 05:39:56] [INFO] Inspecao via fallback .NET para sprites/characters/caio/hurt.png: 384x112 bitDepth=4 palette=16
[2026-05-16 05:39:57] [WARN] ImageMagick falhou para sprites/characters/caio/knockdown.png: Não é possível encontrar o arquivo especificado.. Tentando fallback .NET...
[2026-05-16 05:39:57] [INFO] Inspecao via fallback .NET para sprites/characters/caio/knockdown.png: 576x112 bitDepth=4 palette=16
[2026-05-16 05:39:58] [WARN] ImageMagick falhou para sprites/characters/caio/getup.png: Não é possível encontrar o arquivo especificado.. Tentando fallback .NET...
[2026-05-16 05:39:58] [INFO] Inspecao via fallback .NET para sprites/characters/caio/getup.png: 576x112 bitDepth=4 palette=16
[2026-05-16 05:39:59] [WARN] ImageMagick falhou para sprites/characters/davi/idle.png: Não é possível encontrar o arquivo especificado.. Tentando fallback .NET...
[2026-05-16 05:40:00] [INFO] Inspecao via fallback .NET para sprites/characters/davi/idle.png: 576x112 bitDepth=4 palette=16
[2026-05-16 05:40:01] [WARN] ImageMagick falhou para sprites/characters/davi/walk_forward.png: Não é possível encontrar o arquivo especificado.. Tentando fallback .NET...
[2026-05-16 05:40:01] [INFO] Inspecao via fallback .NET para sprites/characters/davi/walk_forward.png: 576x112 bitDepth=4 palette=16
[2026-05-16 05:40:02] [WARN] ImageMagick falhou para sprites/characters/davi/walk_back.png: Não é possível encontrar o arquivo especificado.. Tentando fallback .NET...
[2026-05-16 05:40:02] [INFO] Inspecao via fallback .NET para sprites/characters/davi/walk_back.png: 576x112 bitDepth=4 palette=16
[2026-05-16 05:40:03] [WARN] ImageMagick falhou para sprites/characters/davi/dash.png: Não é possível encontrar o arquivo especificado.. Tentando fallback .NET...
[2026-05-16 05:40:03] [INFO] Inspecao via fallback .NET para sprites/characters/davi/dash.png: 384x112 bitDepth=4 palette=16
[2026-05-16 05:40:04] [WARN] ImageMagick falhou para sprites/characters/davi/crouch.png: Não é possível encontrar o arquivo especificado.. Tentando fallback .NET...
[2026-05-16 05:40:04] [INFO] Inspecao via fallback .NET para sprites/characters/davi/crouch.png: 192x112 bitDepth=4 palette=16
[2026-05-16 05:40:04] [WARN] ImageMagick falhou para sprites/characters/davi/jump.png: Não é possível encontrar o arquivo especificado.. Tentando fallback .NET...
[2026-05-16 05:40:05] [INFO] Inspecao via fallback .NET para sprites/characters/davi/jump.png: 576x112 bitDepth=4 palette=16
[2026-05-16 05:40:06] [WARN] ImageMagick falhou para sprites/characters/davi/guard.png: Não é possível encontrar o arquivo especificado.. Tentando fallback .NET...
[2026-05-16 05:40:06] [INFO] Inspecao via fallback .NET para sprites/characters/davi/guard.png: 288x112 bitDepth=4 palette=16
[2026-05-16 05:40:07] [WARN] ImageMagick falhou para sprites/characters/davi/jab.png: Não é possível encontrar o arquivo especificado.. Tentando fallback .NET...
[2026-05-16 05:40:07] [INFO] Inspecao via fallback .NET para sprites/characters/davi/jab.png: 384x112 bitDepth=4 palette=16
[2026-05-16 05:40:07] [WARN] ImageMagick falhou para sprites/characters/davi/medium.png: Não é possível encontrar o arquivo especificado.. Tentando fallback .NET...
[2026-05-16 05:40:08] [INFO] Inspecao via fallback .NET para sprites/characters/davi/medium.png: 480x112 bitDepth=4 palette=16
[2026-05-16 05:40:08] [WARN] ImageMagick falhou para sprites/characters/davi/grip.png: Não é possível encontrar o arquivo especificado.. Tentando fallback .NET...
[2026-05-16 05:40:09] [INFO] Inspecao via fallback .NET para sprites/characters/davi/grip.png: 480x112 bitDepth=4 palette=16
[2026-05-16 05:40:10] [WARN] ImageMagick falhou para sprites/characters/davi/hip_throw.png: Não é possível encontrar o arquivo especificado.. Tentando fallback .NET...
[2026-05-16 05:40:10] [INFO] Inspecao via fallback .NET para sprites/characters/davi/hip_throw.png: 768x112 bitDepth=4 palette=16
[2026-05-16 05:40:11] [WARN] ImageMagick falhou para sprites/characters/davi/hurt.png: Não é possível encontrar o arquivo especificado.. Tentando fallback .NET...
[2026-05-16 05:40:11] [INFO] Inspecao via fallback .NET para sprites/characters/davi/hurt.png: 384x112 bitDepth=4 palette=16
[2026-05-16 05:40:12] [WARN] ImageMagick falhou para sprites/characters/davi/knockdown.png: Não é possível encontrar o arquivo especificado.. Tentando fallback .NET...
[2026-05-16 05:40:12] [INFO] Inspecao via fallback .NET para sprites/characters/davi/knockdown.png: 576x112 bitDepth=4 palette=16
[2026-05-16 05:40:13] [WARN] ImageMagick falhou para sprites/characters/davi/getup.png: Não é possível encontrar o arquivo especificado.. Tentando fallback .NET...
[2026-05-16 05:40:13] [INFO] Inspecao via fallback .NET para sprites/characters/davi/getup.png: 576x112 bitDepth=4 palette=16
[2026-05-16 05:40:16] [WARN] Juiz estetico sinalizou assets que pedem revisao antes de serem tratados como Elite.
[2026-05-16 05:40:17] [INFO] Validation finished. Errors: 0, Warnings: 2, Checked: 31, Recovered: 0
[2026-05-16 05:46:53] [INFO] --- Starting Resource Validation Suite ---
[2026-05-16 05:46:56] [INFO] Encontrados 1 arquivo(s) .res para validar.
[2026-05-16 05:46:56] [INFO] Validando F:\Projects\MegaDrive_DEV\SGDK_projects\NOVO ARARA GI FIGHTER V2 [VER.001] [SGDK 211] [GEN] [PROTOTIPO] [LUTA]\res\resources.res...
[2026-05-16 05:46:56] [WARN] ImageMagick falhou para bgs/lapa_bg_b.png: Não é possível encontrar o arquivo especificado.. Tentando fallback .NET...
[2026-05-16 05:46:56] [INFO] Inspecao via fallback .NET para bgs/lapa_bg_b.png: 320x160 bitDepth=4 palette=16
[2026-05-16 05:46:57] [WARN] ImageMagick falhou para bgs/lapa_bg_a.png: Não é possível encontrar o arquivo especificado.. Tentando fallback .NET...
[2026-05-16 05:46:57] [INFO] Inspecao via fallback .NET para bgs/lapa_bg_a.png: 320x64 bitDepth=4 palette=16
[2026-05-16 05:46:57] [WARN] Imagem lapa_bg_a: Slot indexado 0 esta visivel e cobre massa significativa; risco alto de perder forma util quando a transparencia estrutural for aplicada.
[2026-05-16 05:46:58] [WARN] ImageMagick falhou para sprites/effects/hit_spark.png: Não é possível encontrar o arquivo especificado.. Tentando fallback .NET...
[2026-05-16 05:46:58] [INFO] Inspecao via fallback .NET para sprites/effects/hit_spark.png: 96x32 bitDepth=4 palette=16
[2026-05-16 05:46:58] [WARN] ImageMagick falhou para sprites/characters/caio/idle.png: Não é possível encontrar o arquivo especificado.. Tentando fallback .NET...
[2026-05-16 05:46:59] [INFO] Inspecao via fallback .NET para sprites/characters/caio/idle.png: 576x112 bitDepth=4 palette=16
[2026-05-16 05:47:00] [WARN] ImageMagick falhou para sprites/characters/caio/walk_forward.png: Não é possível encontrar o arquivo especificado.. Tentando fallback .NET...
[2026-05-16 05:47:00] [INFO] Inspecao via fallback .NET para sprites/characters/caio/walk_forward.png: 576x112 bitDepth=4 palette=16
[2026-05-16 05:47:01] [WARN] ImageMagick falhou para sprites/characters/caio/walk_back.png: Não é possível encontrar o arquivo especificado.. Tentando fallback .NET...
[2026-05-16 05:47:01] [INFO] Inspecao via fallback .NET para sprites/characters/caio/walk_back.png: 576x112 bitDepth=4 palette=16
[2026-05-16 05:47:02] [WARN] ImageMagick falhou para sprites/characters/caio/dash.png: Não é possível encontrar o arquivo especificado.. Tentando fallback .NET...
[2026-05-16 05:47:02] [INFO] Inspecao via fallback .NET para sprites/characters/caio/dash.png: 384x112 bitDepth=4 palette=16
[2026-05-16 05:47:03] [WARN] ImageMagick falhou para sprites/characters/caio/crouch.png: Não é possível encontrar o arquivo especificado.. Tentando fallback .NET...
[2026-05-16 05:47:03] [INFO] Inspecao via fallback .NET para sprites/characters/caio/crouch.png: 192x112 bitDepth=4 palette=16
[2026-05-16 05:47:03] [WARN] ImageMagick falhou para sprites/characters/caio/jump.png: Não é possível encontrar o arquivo especificado.. Tentando fallback .NET...
[2026-05-16 05:47:03] [INFO] Inspecao via fallback .NET para sprites/characters/caio/jump.png: 576x112 bitDepth=4 palette=16
[2026-05-16 05:47:04] [WARN] ImageMagick falhou para sprites/characters/caio/guard.png: Não é possível encontrar o arquivo especificado.. Tentando fallback .NET...
[2026-05-16 05:47:04] [INFO] Inspecao via fallback .NET para sprites/characters/caio/guard.png: 288x112 bitDepth=4 palette=16
[2026-05-16 05:47:05] [WARN] ImageMagick falhou para sprites/characters/caio/jab.png: Não é possível encontrar o arquivo especificado.. Tentando fallback .NET...
[2026-05-16 05:47:05] [INFO] Inspecao via fallback .NET para sprites/characters/caio/jab.png: 384x112 bitDepth=4 palette=16
[2026-05-16 05:47:06] [WARN] ImageMagick falhou para sprites/characters/caio/medium.png: Não é possível encontrar o arquivo especificado.. Tentando fallback .NET...
[2026-05-16 05:47:06] [INFO] Inspecao via fallback .NET para sprites/characters/caio/medium.png: 480x112 bitDepth=4 palette=16
[2026-05-16 05:47:07] [WARN] ImageMagick falhou para sprites/characters/caio/grip.png: Não é possível encontrar o arquivo especificado.. Tentando fallback .NET...
[2026-05-16 05:47:07] [INFO] Inspecao via fallback .NET para sprites/characters/caio/grip.png: 480x112 bitDepth=4 palette=16
[2026-05-16 05:47:08] [WARN] ImageMagick falhou para sprites/characters/caio/hip_throw.png: Não é possível encontrar o arquivo especificado.. Tentando fallback .NET...
[2026-05-16 05:47:08] [INFO] Inspecao via fallback .NET para sprites/characters/caio/hip_throw.png: 768x112 bitDepth=4 palette=16
[2026-05-16 05:47:09] [WARN] ImageMagick falhou para sprites/characters/caio/hurt.png: Não é possível encontrar o arquivo especificado.. Tentando fallback .NET...
[2026-05-16 05:47:09] [INFO] Inspecao via fallback .NET para sprites/characters/caio/hurt.png: 384x112 bitDepth=4 palette=16
[2026-05-16 05:47:10] [WARN] ImageMagick falhou para sprites/characters/caio/knockdown.png: Não é possível encontrar o arquivo especificado.. Tentando fallback .NET...
[2026-05-16 05:47:10] [INFO] Inspecao via fallback .NET para sprites/characters/caio/knockdown.png: 576x112 bitDepth=4 palette=16
[2026-05-16 05:47:11] [WARN] ImageMagick falhou para sprites/characters/caio/getup.png: Não é possível encontrar o arquivo especificado.. Tentando fallback .NET...
[2026-05-16 05:47:11] [INFO] Inspecao via fallback .NET para sprites/characters/caio/getup.png: 576x112 bitDepth=4 palette=16
[2026-05-16 05:47:12] [WARN] ImageMagick falhou para sprites/characters/davi/idle.png: Não é possível encontrar o arquivo especificado.. Tentando fallback .NET...
[2026-05-16 05:47:12] [INFO] Inspecao via fallback .NET para sprites/characters/davi/idle.png: 576x112 bitDepth=4 palette=16
[2026-05-16 05:47:13] [WARN] ImageMagick falhou para sprites/characters/davi/walk_forward.png: Não é possível encontrar o arquivo especificado.. Tentando fallback .NET...
[2026-05-16 05:47:13] [INFO] Inspecao via fallback .NET para sprites/characters/davi/walk_forward.png: 576x112 bitDepth=4 palette=16
[2026-05-16 05:47:14] [WARN] ImageMagick falhou para sprites/characters/davi/walk_back.png: Não é possível encontrar o arquivo especificado.. Tentando fallback .NET...
[2026-05-16 05:47:15] [INFO] Inspecao via fallback .NET para sprites/characters/davi/walk_back.png: 576x112 bitDepth=4 palette=16
[2026-05-16 05:47:15] [WARN] ImageMagick falhou para sprites/characters/davi/dash.png: Não é possível encontrar o arquivo especificado.. Tentando fallback .NET...
[2026-05-16 05:47:16] [INFO] Inspecao via fallback .NET para sprites/characters/davi/dash.png: 384x112 bitDepth=4 palette=16
[2026-05-16 05:47:16] [WARN] ImageMagick falhou para sprites/characters/davi/crouch.png: Não é possível encontrar o arquivo especificado.. Tentando fallback .NET...
[2026-05-16 05:47:16] [INFO] Inspecao via fallback .NET para sprites/characters/davi/crouch.png: 192x112 bitDepth=4 palette=16
[2026-05-16 05:47:17] [WARN] ImageMagick falhou para sprites/characters/davi/jump.png: Não é possível encontrar o arquivo especificado.. Tentando fallback .NET...
[2026-05-16 05:47:17] [INFO] Inspecao via fallback .NET para sprites/characters/davi/jump.png: 576x112 bitDepth=4 palette=16
[2026-05-16 05:47:19] [WARN] ImageMagick falhou para sprites/characters/davi/guard.png: Não é possível encontrar o arquivo especificado.. Tentando fallback .NET...
[2026-05-16 05:47:19] [INFO] Inspecao via fallback .NET para sprites/characters/davi/guard.png: 288x112 bitDepth=4 palette=16
[2026-05-16 05:47:19] [WARN] ImageMagick falhou para sprites/characters/davi/jab.png: Não é possível encontrar o arquivo especificado.. Tentando fallback .NET...
[2026-05-16 05:47:20] [INFO] Inspecao via fallback .NET para sprites/characters/davi/jab.png: 384x112 bitDepth=4 palette=16
[2026-05-16 05:47:20] [WARN] ImageMagick falhou para sprites/characters/davi/medium.png: Não é possível encontrar o arquivo especificado.. Tentando fallback .NET...
[2026-05-16 05:47:21] [INFO] Inspecao via fallback .NET para sprites/characters/davi/medium.png: 480x112 bitDepth=4 palette=16
[2026-05-16 05:47:21] [WARN] ImageMagick falhou para sprites/characters/davi/grip.png: Não é possível encontrar o arquivo especificado.. Tentando fallback .NET...
[2026-05-16 05:47:22] [INFO] Inspecao via fallback .NET para sprites/characters/davi/grip.png: 480x112 bitDepth=4 palette=16
[2026-05-16 05:47:22] [WARN] ImageMagick falhou para sprites/characters/davi/hip_throw.png: Não é possível encontrar o arquivo especificado.. Tentando fallback .NET...
[2026-05-16 05:47:23] [INFO] Inspecao via fallback .NET para sprites/characters/davi/hip_throw.png: 768x112 bitDepth=4 palette=16
[2026-05-16 05:47:24] [WARN] ImageMagick falhou para sprites/characters/davi/hurt.png: Não é possível encontrar o arquivo especificado.. Tentando fallback .NET...
[2026-05-16 05:47:24] [INFO] Inspecao via fallback .NET para sprites/characters/davi/hurt.png: 384x112 bitDepth=4 palette=16
[2026-05-16 05:47:25] [WARN] ImageMagick falhou para sprites/characters/davi/knockdown.png: Não é possível encontrar o arquivo especificado.. Tentando fallback .NET...
[2026-05-16 05:47:25] [INFO] Inspecao via fallback .NET para sprites/characters/davi/knockdown.png: 576x112 bitDepth=4 palette=16
[2026-05-16 05:47:26] [WARN] ImageMagick falhou para sprites/characters/davi/getup.png: Não é possível encontrar o arquivo especificado.. Tentando fallback .NET...
[2026-05-16 05:47:26] [INFO] Inspecao via fallback .NET para sprites/characters/davi/getup.png: 576x112 bitDepth=4 palette=16
[2026-05-16 05:47:31] [WARN] Juiz estetico sinalizou assets que pedem revisao antes de serem tratados como Elite.
[2026-05-16 05:47:32] [INFO] Validation finished. Errors: 0, Warnings: 2, Checked: 31, Recovered: 0
[2026-05-16 05:52:42] [INFO] --- Starting Resource Validation Suite ---
[2026-05-16 05:52:45] [INFO] Encontrados 1 arquivo(s) .res para validar.
[2026-05-16 05:52:45] [INFO] Validando F:\Projects\MegaDrive_DEV\SGDK_projects\NOVO ARARA GI FIGHTER V2 [VER.001] [SGDK 211] [GEN] [PROTOTIPO] [LUTA]\res\resources.res...
[2026-05-16 05:52:45] [WARN] ImageMagick falhou para bgs/lapa_bg_b.png: Não é possível encontrar o arquivo especificado.. Tentando fallback .NET...
[2026-05-16 05:52:45] [INFO] Inspecao via fallback .NET para bgs/lapa_bg_b.png: 320x160 bitDepth=4 palette=16
[2026-05-16 05:52:46] [WARN] ImageMagick falhou para bgs/lapa_bg_a.png: Não é possível encontrar o arquivo especificado.. Tentando fallback .NET...
[2026-05-16 05:52:46] [INFO] Inspecao via fallback .NET para bgs/lapa_bg_a.png: 320x64 bitDepth=4 palette=16
[2026-05-16 05:52:46] [WARN] Imagem lapa_bg_a: Slot indexado 0 esta visivel e cobre massa significativa; risco alto de perder forma util quando a transparencia estrutural for aplicada.
[2026-05-16 05:52:47] [WARN] ImageMagick falhou para sprites/effects/hit_spark.png: Não é possível encontrar o arquivo especificado.. Tentando fallback .NET...
[2026-05-16 05:52:47] [INFO] Inspecao via fallback .NET para sprites/effects/hit_spark.png: 96x32 bitDepth=4 palette=16
[2026-05-16 05:52:47] [WARN] ImageMagick falhou para sprites/characters/caio/idle.png: Não é possível encontrar o arquivo especificado.. Tentando fallback .NET...
[2026-05-16 05:52:47] [INFO] Inspecao via fallback .NET para sprites/characters/caio/idle.png: 576x112 bitDepth=4 palette=16
[2026-05-16 05:52:48] [WARN] ImageMagick falhou para sprites/characters/caio/walk_forward.png: Não é possível encontrar o arquivo especificado.. Tentando fallback .NET...
[2026-05-16 05:52:48] [INFO] Inspecao via fallback .NET para sprites/characters/caio/walk_forward.png: 576x112 bitDepth=4 palette=16
[2026-05-16 05:52:49] [WARN] ImageMagick falhou para sprites/characters/caio/walk_back.png: Não é possível encontrar o arquivo especificado.. Tentando fallback .NET...
[2026-05-16 05:52:49] [INFO] Inspecao via fallback .NET para sprites/characters/caio/walk_back.png: 576x112 bitDepth=4 palette=16
[2026-05-16 05:52:50] [WARN] ImageMagick falhou para sprites/characters/caio/dash.png: Não é possível encontrar o arquivo especificado.. Tentando fallback .NET...
[2026-05-16 05:52:50] [INFO] Inspecao via fallback .NET para sprites/characters/caio/dash.png: 384x112 bitDepth=4 palette=16
[2026-05-16 05:52:51] [WARN] ImageMagick falhou para sprites/characters/caio/crouch.png: Não é possível encontrar o arquivo especificado.. Tentando fallback .NET...
[2026-05-16 05:52:51] [INFO] Inspecao via fallback .NET para sprites/characters/caio/crouch.png: 192x112 bitDepth=4 palette=16
[2026-05-16 05:52:52] [WARN] ImageMagick falhou para sprites/characters/caio/jump.png: Não é possível encontrar o arquivo especificado.. Tentando fallback .NET...
[2026-05-16 05:52:52] [INFO] Inspecao via fallback .NET para sprites/characters/caio/jump.png: 576x112 bitDepth=4 palette=16
[2026-05-16 05:52:53] [WARN] ImageMagick falhou para sprites/characters/caio/guard.png: Não é possível encontrar o arquivo especificado.. Tentando fallback .NET...
[2026-05-16 05:52:53] [INFO] Inspecao via fallback .NET para sprites/characters/caio/guard.png: 288x112 bitDepth=4 palette=16
[2026-05-16 05:52:54] [WARN] ImageMagick falhou para sprites/characters/caio/jab.png: Não é possível encontrar o arquivo especificado.. Tentando fallback .NET...
[2026-05-16 05:52:54] [INFO] Inspecao via fallback .NET para sprites/characters/caio/jab.png: 384x112 bitDepth=4 palette=16
[2026-05-16 05:52:55] [WARN] ImageMagick falhou para sprites/characters/caio/medium.png: Não é possível encontrar o arquivo especificado.. Tentando fallback .NET...
[2026-05-16 05:52:55] [INFO] Inspecao via fallback .NET para sprites/characters/caio/medium.png: 480x112 bitDepth=4 palette=16
[2026-05-16 05:52:56] [WARN] ImageMagick falhou para sprites/characters/caio/grip.png: Não é possível encontrar o arquivo especificado.. Tentando fallback .NET...
[2026-05-16 05:52:56] [INFO] Inspecao via fallback .NET para sprites/characters/caio/grip.png: 480x112 bitDepth=4 palette=16
[2026-05-16 05:52:56] [WARN] ImageMagick falhou para sprites/characters/caio/hip_throw.png: Não é possível encontrar o arquivo especificado.. Tentando fallback .NET...
[2026-05-16 05:52:57] [INFO] Inspecao via fallback .NET para sprites/characters/caio/hip_throw.png: 768x112 bitDepth=4 palette=16
[2026-05-16 05:52:58] [WARN] ImageMagick falhou para sprites/characters/caio/hurt.png: Não é possível encontrar o arquivo especificado.. Tentando fallback .NET...
[2026-05-16 05:52:58] [INFO] Inspecao via fallback .NET para sprites/characters/caio/hurt.png: 384x112 bitDepth=4 palette=16
[2026-05-16 05:52:58] [WARN] ImageMagick falhou para sprites/characters/caio/knockdown.png: Não é possível encontrar o arquivo especificado.. Tentando fallback .NET...
[2026-05-16 05:52:58] [INFO] Inspecao via fallback .NET para sprites/characters/caio/knockdown.png: 576x112 bitDepth=4 palette=16
[2026-05-16 05:52:59] [WARN] ImageMagick falhou para sprites/characters/caio/getup.png: Não é possível encontrar o arquivo especificado.. Tentando fallback .NET...
[2026-05-16 05:53:00] [INFO] Inspecao via fallback .NET para sprites/characters/caio/getup.png: 576x112 bitDepth=4 palette=16
[2026-05-16 05:53:00] [WARN] ImageMagick falhou para sprites/characters/davi/idle.png: Não é possível encontrar o arquivo especificado.. Tentando fallback .NET...
[2026-05-16 05:53:01] [INFO] Inspecao via fallback .NET para sprites/characters/davi/idle.png: 576x112 bitDepth=4 palette=16
[2026-05-16 05:53:01] [WARN] ImageMagick falhou para sprites/characters/davi/walk_forward.png: Não é possível encontrar o arquivo especificado.. Tentando fallback .NET...
[2026-05-16 05:53:02] [INFO] Inspecao via fallback .NET para sprites/characters/davi/walk_forward.png: 576x112 bitDepth=4 palette=16
[2026-05-16 05:53:02] [WARN] ImageMagick falhou para sprites/characters/davi/walk_back.png: Não é possível encontrar o arquivo especificado.. Tentando fallback .NET...
[2026-05-16 05:53:03] [INFO] Inspecao via fallback .NET para sprites/characters/davi/walk_back.png: 576x112 bitDepth=4 palette=16
[2026-05-16 05:53:03] [WARN] ImageMagick falhou para sprites/characters/davi/dash.png: Não é possível encontrar o arquivo especificado.. Tentando fallback .NET...
[2026-05-16 05:53:04] [INFO] Inspecao via fallback .NET para sprites/characters/davi/dash.png: 384x112 bitDepth=4 palette=16
[2026-05-16 05:53:04] [WARN] ImageMagick falhou para sprites/characters/davi/crouch.png: Não é possível encontrar o arquivo especificado.. Tentando fallback .NET...
[2026-05-16 05:53:04] [INFO] Inspecao via fallback .NET para sprites/characters/davi/crouch.png: 192x112 bitDepth=4 palette=16
[2026-05-16 05:53:05] [WARN] ImageMagick falhou para sprites/characters/davi/jump.png: Não é possível encontrar o arquivo especificado.. Tentando fallback .NET...
[2026-05-16 05:53:05] [INFO] Inspecao via fallback .NET para sprites/characters/davi/jump.png: 576x112 bitDepth=4 palette=16
[2026-05-16 05:53:06] [WARN] ImageMagick falhou para sprites/characters/davi/guard.png: Não é possível encontrar o arquivo especificado.. Tentando fallback .NET...
[2026-05-16 05:53:06] [INFO] Inspecao via fallback .NET para sprites/characters/davi/guard.png: 288x112 bitDepth=4 palette=16
[2026-05-16 05:53:06] [WARN] ImageMagick falhou para sprites/characters/davi/jab.png: Não é possível encontrar o arquivo especificado.. Tentando fallback .NET...
[2026-05-16 05:53:07] [INFO] Inspecao via fallback .NET para sprites/characters/davi/jab.png: 384x112 bitDepth=4 palette=16
[2026-05-16 05:53:07] [WARN] ImageMagick falhou para sprites/characters/davi/medium.png: Não é possível encontrar o arquivo especificado.. Tentando fallback .NET...
[2026-05-16 05:53:07] [INFO] Inspecao via fallback .NET para sprites/characters/davi/medium.png: 480x112 bitDepth=4 palette=16
[2026-05-16 05:53:08] [WARN] ImageMagick falhou para sprites/characters/davi/grip.png: Não é possível encontrar o arquivo especificado.. Tentando fallback .NET...
[2026-05-16 05:53:08] [INFO] Inspecao via fallback .NET para sprites/characters/davi/grip.png: 480x112 bitDepth=4 palette=16
[2026-05-16 05:53:09] [WARN] ImageMagick falhou para sprites/characters/davi/hip_throw.png: Não é possível encontrar o arquivo especificado.. Tentando fallback .NET...
[2026-05-16 05:53:09] [INFO] Inspecao via fallback .NET para sprites/characters/davi/hip_throw.png: 768x112 bitDepth=4 palette=16
[2026-05-16 05:53:10] [WARN] ImageMagick falhou para sprites/characters/davi/hurt.png: Não é possível encontrar o arquivo especificado.. Tentando fallback .NET...
[2026-05-16 05:53:10] [INFO] Inspecao via fallback .NET para sprites/characters/davi/hurt.png: 384x112 bitDepth=4 palette=16
[2026-05-16 05:53:11] [WARN] ImageMagick falhou para sprites/characters/davi/knockdown.png: Não é possível encontrar o arquivo especificado.. Tentando fallback .NET...
[2026-05-16 05:53:11] [INFO] Inspecao via fallback .NET para sprites/characters/davi/knockdown.png: 576x112 bitDepth=4 palette=16
[2026-05-16 05:53:12] [WARN] ImageMagick falhou para sprites/characters/davi/getup.png: Não é possível encontrar o arquivo especificado.. Tentando fallback .NET...
[2026-05-16 05:53:12] [INFO] Inspecao via fallback .NET para sprites/characters/davi/getup.png: 576x112 bitDepth=4 palette=16
[2026-05-16 05:53:15] [ERROR] Bootstrap local da .agent em modo degradado: agents_bridge_tracked_content.
[2026-05-16 05:53:15] [WARN] Juiz estetico sinalizou assets que pedem revisao antes de serem tratados como Elite.
[2026-05-16 05:53:16] [INFO] Validation finished. Errors: 0, Warnings: 3, Checked: 31, Recovered: 0
[2026-05-16 05:53:29] [INFO] --- Starting Resource Validation Suite ---
[2026-05-16 05:53:33] [INFO] Encontrados 1 arquivo(s) .res para validar.
[2026-05-16 05:53:33] [INFO] Validando F:\Projects\MegaDrive_DEV\SGDK_projects\NOVO ARARA GI FIGHTER V2 [VER.001] [SGDK 211] [GEN] [PROTOTIPO] [LUTA]\res\resources.res...
[2026-05-16 05:53:33] [WARN] ImageMagick falhou para bgs/lapa_bg_b.png: Não é possível encontrar o arquivo especificado.. Tentando fallback .NET...
[2026-05-16 05:53:33] [INFO] Inspecao via fallback .NET para bgs/lapa_bg_b.png: 320x160 bitDepth=4 palette=16
[2026-05-16 05:53:34] [WARN] ImageMagick falhou para bgs/lapa_bg_a.png: Não é possível encontrar o arquivo especificado.. Tentando fallback .NET...
[2026-05-16 05:53:34] [INFO] Inspecao via fallback .NET para bgs/lapa_bg_a.png: 320x64 bitDepth=4 palette=16
[2026-05-16 05:53:34] [WARN] Imagem lapa_bg_a: Slot indexado 0 esta visivel e cobre massa significativa; risco alto de perder forma util quando a transparencia estrutural for aplicada.
[2026-05-16 05:53:35] [WARN] ImageMagick falhou para sprites/effects/hit_spark.png: Não é possível encontrar o arquivo especificado.. Tentando fallback .NET...
[2026-05-16 05:53:35] [INFO] Inspecao via fallback .NET para sprites/effects/hit_spark.png: 96x32 bitDepth=4 palette=16
[2026-05-16 05:53:35] [WARN] ImageMagick falhou para sprites/characters/caio/idle.png: Não é possível encontrar o arquivo especificado.. Tentando fallback .NET...
[2026-05-16 05:53:35] [INFO] Inspecao via fallback .NET para sprites/characters/caio/idle.png: 576x112 bitDepth=4 palette=16
[2026-05-16 05:53:36] [WARN] ImageMagick falhou para sprites/characters/caio/walk_forward.png: Não é possível encontrar o arquivo especificado.. Tentando fallback .NET...
[2026-05-16 05:53:36] [INFO] Inspecao via fallback .NET para sprites/characters/caio/walk_forward.png: 576x112 bitDepth=4 palette=16
[2026-05-16 05:53:37] [WARN] ImageMagick falhou para sprites/characters/caio/walk_back.png: Não é possível encontrar o arquivo especificado.. Tentando fallback .NET...
[2026-05-16 05:53:38] [INFO] Inspecao via fallback .NET para sprites/characters/caio/walk_back.png: 576x112 bitDepth=4 palette=16
[2026-05-16 05:53:38] [WARN] ImageMagick falhou para sprites/characters/caio/dash.png: Não é possível encontrar o arquivo especificado.. Tentando fallback .NET...
[2026-05-16 05:53:39] [INFO] Inspecao via fallback .NET para sprites/characters/caio/dash.png: 384x112 bitDepth=4 palette=16
[2026-05-16 05:53:39] [WARN] ImageMagick falhou para sprites/characters/caio/crouch.png: Não é possível encontrar o arquivo especificado.. Tentando fallback .NET...
[2026-05-16 05:53:39] [INFO] Inspecao via fallback .NET para sprites/characters/caio/crouch.png: 192x112 bitDepth=4 palette=16
[2026-05-16 05:53:40] [WARN] ImageMagick falhou para sprites/characters/caio/jump.png: Não é possível encontrar o arquivo especificado.. Tentando fallback .NET...
[2026-05-16 05:53:40] [INFO] Inspecao via fallback .NET para sprites/characters/caio/jump.png: 576x112 bitDepth=4 palette=16
[2026-05-16 05:53:41] [WARN] ImageMagick falhou para sprites/characters/caio/guard.png: Não é possível encontrar o arquivo especificado.. Tentando fallback .NET...
[2026-05-16 05:53:41] [INFO] Inspecao via fallback .NET para sprites/characters/caio/guard.png: 288x112 bitDepth=4 palette=16
[2026-05-16 05:53:41] [WARN] ImageMagick falhou para sprites/characters/caio/jab.png: Não é possível encontrar o arquivo especificado.. Tentando fallback .NET...
[2026-05-16 05:53:42] [INFO] Inspecao via fallback .NET para sprites/characters/caio/jab.png: 384x112 bitDepth=4 palette=16
[2026-05-16 05:53:42] [WARN] ImageMagick falhou para sprites/characters/caio/medium.png: Não é possível encontrar o arquivo especificado.. Tentando fallback .NET...
[2026-05-16 05:53:42] [INFO] Inspecao via fallback .NET para sprites/characters/caio/medium.png: 480x112 bitDepth=4 palette=16
[2026-05-16 05:53:43] [WARN] ImageMagick falhou para sprites/characters/caio/grip.png: Não é possível encontrar o arquivo especificado.. Tentando fallback .NET...
[2026-05-16 05:53:43] [INFO] Inspecao via fallback .NET para sprites/characters/caio/grip.png: 480x112 bitDepth=4 palette=16
[2026-05-16 05:53:44] [WARN] ImageMagick falhou para sprites/characters/caio/hip_throw.png: Não é possível encontrar o arquivo especificado.. Tentando fallback .NET...
[2026-05-16 05:53:44] [INFO] Inspecao via fallback .NET para sprites/characters/caio/hip_throw.png: 768x112 bitDepth=4 palette=16
[2026-05-16 05:53:45] [WARN] ImageMagick falhou para sprites/characters/caio/hurt.png: Não é possível encontrar o arquivo especificado.. Tentando fallback .NET...
[2026-05-16 05:53:46] [INFO] Inspecao via fallback .NET para sprites/characters/caio/hurt.png: 384x112 bitDepth=4 palette=16
[2026-05-16 05:53:46] [WARN] ImageMagick falhou para sprites/characters/caio/knockdown.png: Não é possível encontrar o arquivo especificado.. Tentando fallback .NET...
[2026-05-16 05:53:46] [INFO] Inspecao via fallback .NET para sprites/characters/caio/knockdown.png: 576x112 bitDepth=4 palette=16
[2026-05-16 05:53:47] [WARN] ImageMagick falhou para sprites/characters/caio/getup.png: Não é possível encontrar o arquivo especificado.. Tentando fallback .NET...
[2026-05-16 05:53:48] [INFO] Inspecao via fallback .NET para sprites/characters/caio/getup.png: 576x112 bitDepth=4 palette=16
[2026-05-16 05:53:48] [WARN] ImageMagick falhou para sprites/characters/davi/idle.png: Não é possível encontrar o arquivo especificado.. Tentando fallback .NET...
[2026-05-16 05:53:49] [INFO] Inspecao via fallback .NET para sprites/characters/davi/idle.png: 576x112 bitDepth=4 palette=16
[2026-05-16 05:53:49] [WARN] ImageMagick falhou para sprites/characters/davi/walk_forward.png: Não é possível encontrar o arquivo especificado.. Tentando fallback .NET...
[2026-05-16 05:53:50] [INFO] Inspecao via fallback .NET para sprites/characters/davi/walk_forward.png: 576x112 bitDepth=4 palette=16
[2026-05-16 05:53:50] [WARN] ImageMagick falhou para sprites/characters/davi/walk_back.png: Não é possível encontrar o arquivo especificado.. Tentando fallback .NET...
[2026-05-16 05:53:51] [INFO] Inspecao via fallback .NET para sprites/characters/davi/walk_back.png: 576x112 bitDepth=4 palette=16
[2026-05-16 05:53:51] [WARN] ImageMagick falhou para sprites/characters/davi/dash.png: Não é possível encontrar o arquivo especificado.. Tentando fallback .NET...
[2026-05-16 05:53:52] [INFO] Inspecao via fallback .NET para sprites/characters/davi/dash.png: 384x112 bitDepth=4 palette=16
[2026-05-16 05:53:52] [WARN] ImageMagick falhou para sprites/characters/davi/crouch.png: Não é possível encontrar o arquivo especificado.. Tentando fallback .NET...
[2026-05-16 05:53:52] [INFO] Inspecao via fallback .NET para sprites/characters/davi/crouch.png: 192x112 bitDepth=4 palette=16
[2026-05-16 05:53:53] [WARN] ImageMagick falhou para sprites/characters/davi/jump.png: Não é possível encontrar o arquivo especificado.. Tentando fallback .NET...
[2026-05-16 05:53:53] [INFO] Inspecao via fallback .NET para sprites/characters/davi/jump.png: 576x112 bitDepth=4 palette=16
[2026-05-16 05:53:54] [WARN] ImageMagick falhou para sprites/characters/davi/guard.png: Não é possível encontrar o arquivo especificado.. Tentando fallback .NET...
[2026-05-16 05:53:54] [INFO] Inspecao via fallback .NET para sprites/characters/davi/guard.png: 288x112 bitDepth=4 palette=16
[2026-05-16 05:53:55] [WARN] ImageMagick falhou para sprites/characters/davi/jab.png: Não é possível encontrar o arquivo especificado.. Tentando fallback .NET...
[2026-05-16 05:53:55] [INFO] Inspecao via fallback .NET para sprites/characters/davi/jab.png: 384x112 bitDepth=4 palette=16
[2026-05-16 05:53:55] [WARN] ImageMagick falhou para sprites/characters/davi/medium.png: Não é possível encontrar o arquivo especificado.. Tentando fallback .NET...
[2026-05-16 05:53:55] [INFO] Inspecao via fallback .NET para sprites/characters/davi/medium.png: 480x112 bitDepth=4 palette=16
[2026-05-16 05:53:56] [WARN] ImageMagick falhou para sprites/characters/davi/grip.png: Não é possível encontrar o arquivo especificado.. Tentando fallback .NET...
[2026-05-16 05:53:56] [INFO] Inspecao via fallback .NET para sprites/characters/davi/grip.png: 480x112 bitDepth=4 palette=16
[2026-05-16 05:53:57] [WARN] ImageMagick falhou para sprites/characters/davi/hip_throw.png: Não é possível encontrar o arquivo especificado.. Tentando fallback .NET...
[2026-05-16 05:53:57] [INFO] Inspecao via fallback .NET para sprites/characters/davi/hip_throw.png: 768x112 bitDepth=4 palette=16
[2026-05-16 05:53:59] [WARN] ImageMagick falhou para sprites/characters/davi/hurt.png: Não é possível encontrar o arquivo especificado.. Tentando fallback .NET...
[2026-05-16 05:53:59] [INFO] Inspecao via fallback .NET para sprites/characters/davi/hurt.png: 384x112 bitDepth=4 palette=16
[2026-05-16 05:53:59] [WARN] ImageMagick falhou para sprites/characters/davi/knockdown.png: Não é possível encontrar o arquivo especificado.. Tentando fallback .NET...
[2026-05-16 05:53:59] [INFO] Inspecao via fallback .NET para sprites/characters/davi/knockdown.png: 576x112 bitDepth=4 palette=16
[2026-05-16 05:54:00] [WARN] ImageMagick falhou para sprites/characters/davi/getup.png: Não é possível encontrar o arquivo especificado.. Tentando fallback .NET...
[2026-05-16 05:54:00] [INFO] Inspecao via fallback .NET para sprites/characters/davi/getup.png: 576x112 bitDepth=4 palette=16
[2026-05-16 05:54:03] [ERROR] Bootstrap local da .agent em modo degradado: agents_bridge_tracked_content.
[2026-05-16 05:54:03] [WARN] Juiz estetico sinalizou assets que pedem revisao antes de serem tratados como Elite.
[2026-05-16 05:54:04] [WARN] Evidencia de emulador obsoleta ou insuficiente: runtime_metrics_stale.
[2026-05-16 05:54:04] [INFO] Validation finished. Errors: 0, Warnings: 4, Checked: 31, Recovered: 0
[2026-05-16 05:56:55] [INFO] --- Starting Resource Validation Suite ---
[2026-05-16 05:56:57] [INFO] Encontrados 1 arquivo(s) .res para validar.
[2026-05-16 05:56:57] [INFO] Validando F:\Projects\MegaDrive_DEV\SGDK_projects\NOVO ARARA GI FIGHTER V2 [VER.001] [SGDK 211] [GEN] [PROTOTIPO] [LUTA]\res\resources.res...
[2026-05-16 05:56:58] [WARN] ImageMagick falhou para bgs/lapa_bg_b.png: Não é possível encontrar o arquivo especificado.. Tentando fallback .NET...
[2026-05-16 05:56:58] [INFO] Inspecao via fallback .NET para bgs/lapa_bg_b.png: 320x160 bitDepth=4 palette=16
[2026-05-16 05:56:59] [WARN] ImageMagick falhou para bgs/lapa_bg_a.png: Não é possível encontrar o arquivo especificado.. Tentando fallback .NET...
[2026-05-16 05:56:59] [INFO] Inspecao via fallback .NET para bgs/lapa_bg_a.png: 320x64 bitDepth=4 palette=16
[2026-05-16 05:56:59] [WARN] Imagem lapa_bg_a: Slot indexado 0 esta visivel e cobre massa significativa; risco alto de perder forma util quando a transparencia estrutural for aplicada.
[2026-05-16 05:56:59] [WARN] ImageMagick falhou para sprites/effects/hit_spark.png: Não é possível encontrar o arquivo especificado.. Tentando fallback .NET...
[2026-05-16 05:56:59] [INFO] Inspecao via fallback .NET para sprites/effects/hit_spark.png: 96x32 bitDepth=4 palette=16
[2026-05-16 05:57:00] [WARN] ImageMagick falhou para sprites/characters/caio/idle.png: Não é possível encontrar o arquivo especificado.. Tentando fallback .NET...
[2026-05-16 05:57:00] [INFO] Inspecao via fallback .NET para sprites/characters/caio/idle.png: 576x112 bitDepth=4 palette=16
[2026-05-16 05:57:01] [WARN] ImageMagick falhou para sprites/characters/caio/walk_forward.png: Não é possível encontrar o arquivo especificado.. Tentando fallback .NET...
[2026-05-16 05:57:01] [INFO] Inspecao via fallback .NET para sprites/characters/caio/walk_forward.png: 576x112 bitDepth=4 palette=16
[2026-05-16 05:57:02] [WARN] ImageMagick falhou para sprites/characters/caio/walk_back.png: Não é possível encontrar o arquivo especificado.. Tentando fallback .NET...
[2026-05-16 05:57:02] [INFO] Inspecao via fallback .NET para sprites/characters/caio/walk_back.png: 576x112 bitDepth=4 palette=16
[2026-05-16 05:57:03] [WARN] ImageMagick falhou para sprites/characters/caio/dash.png: Não é possível encontrar o arquivo especificado.. Tentando fallback .NET...
[2026-05-16 05:57:03] [INFO] Inspecao via fallback .NET para sprites/characters/caio/dash.png: 384x112 bitDepth=4 palette=16
[2026-05-16 05:57:04] [WARN] ImageMagick falhou para sprites/characters/caio/crouch.png: Não é possível encontrar o arquivo especificado.. Tentando fallback .NET...
[2026-05-16 05:57:04] [INFO] Inspecao via fallback .NET para sprites/characters/caio/crouch.png: 192x112 bitDepth=4 palette=16
[2026-05-16 05:57:04] [WARN] ImageMagick falhou para sprites/characters/caio/jump.png: Não é possível encontrar o arquivo especificado.. Tentando fallback .NET...
[2026-05-16 05:57:04] [INFO] Inspecao via fallback .NET para sprites/characters/caio/jump.png: 576x112 bitDepth=4 palette=16
[2026-05-16 05:57:05] [WARN] ImageMagick falhou para sprites/characters/caio/guard.png: Não é possível encontrar o arquivo especificado.. Tentando fallback .NET...
[2026-05-16 05:57:05] [INFO] Inspecao via fallback .NET para sprites/characters/caio/guard.png: 288x112 bitDepth=4 palette=16
[2026-05-16 05:57:06] [WARN] ImageMagick falhou para sprites/characters/caio/jab.png: Não é possível encontrar o arquivo especificado.. Tentando fallback .NET...
[2026-05-16 05:57:06] [INFO] Inspecao via fallback .NET para sprites/characters/caio/jab.png: 384x112 bitDepth=4 palette=16
[2026-05-16 05:57:07] [WARN] ImageMagick falhou para sprites/characters/caio/medium.png: Não é possível encontrar o arquivo especificado.. Tentando fallback .NET...
[2026-05-16 05:57:07] [INFO] Inspecao via fallback .NET para sprites/characters/caio/medium.png: 480x112 bitDepth=4 palette=16
[2026-05-16 05:57:07] [WARN] ImageMagick falhou para sprites/characters/caio/grip.png: Não é possível encontrar o arquivo especificado.. Tentando fallback .NET...
[2026-05-16 05:57:07] [INFO] Inspecao via fallback .NET para sprites/characters/caio/grip.png: 480x112 bitDepth=4 palette=16
[2026-05-16 05:57:08] [WARN] ImageMagick falhou para sprites/characters/caio/hip_throw.png: Não é possível encontrar o arquivo especificado.. Tentando fallback .NET...
[2026-05-16 05:57:08] [INFO] Inspecao via fallback .NET para sprites/characters/caio/hip_throw.png: 768x112 bitDepth=4 palette=16
[2026-05-16 05:57:09] [WARN] ImageMagick falhou para sprites/characters/caio/hurt.png: Não é possível encontrar o arquivo especificado.. Tentando fallback .NET...
[2026-05-16 05:57:10] [INFO] Inspecao via fallback .NET para sprites/characters/caio/hurt.png: 384x112 bitDepth=4 palette=16
[2026-05-16 05:57:10] [WARN] ImageMagick falhou para sprites/characters/caio/knockdown.png: Não é possível encontrar o arquivo especificado.. Tentando fallback .NET...
[2026-05-16 05:57:10] [INFO] Inspecao via fallback .NET para sprites/characters/caio/knockdown.png: 576x112 bitDepth=4 palette=16
[2026-05-16 05:57:11] [WARN] ImageMagick falhou para sprites/characters/caio/getup.png: Não é possível encontrar o arquivo especificado.. Tentando fallback .NET...
[2026-05-16 05:57:11] [INFO] Inspecao via fallback .NET para sprites/characters/caio/getup.png: 576x112 bitDepth=4 palette=16
[2026-05-16 05:57:12] [WARN] ImageMagick falhou para sprites/characters/davi/idle.png: Não é possível encontrar o arquivo especificado.. Tentando fallback .NET...
[2026-05-16 05:57:12] [INFO] Inspecao via fallback .NET para sprites/characters/davi/idle.png: 576x112 bitDepth=4 palette=16
[2026-05-16 05:57:13] [WARN] ImageMagick falhou para sprites/characters/davi/walk_forward.png: Não é possível encontrar o arquivo especificado.. Tentando fallback .NET...
[2026-05-16 05:57:13] [INFO] Inspecao via fallback .NET para sprites/characters/davi/walk_forward.png: 576x112 bitDepth=4 palette=16
[2026-05-16 05:57:14] [WARN] ImageMagick falhou para sprites/characters/davi/walk_back.png: Não é possível encontrar o arquivo especificado.. Tentando fallback .NET...
[2026-05-16 05:57:14] [INFO] Inspecao via fallback .NET para sprites/characters/davi/walk_back.png: 576x112 bitDepth=4 palette=16
[2026-05-16 05:57:15] [WARN] ImageMagick falhou para sprites/characters/davi/dash.png: Não é possível encontrar o arquivo especificado.. Tentando fallback .NET...
[2026-05-16 05:57:15] [INFO] Inspecao via fallback .NET para sprites/characters/davi/dash.png: 384x112 bitDepth=4 palette=16
[2026-05-16 05:57:16] [WARN] ImageMagick falhou para sprites/characters/davi/crouch.png: Não é possível encontrar o arquivo especificado.. Tentando fallback .NET...
[2026-05-16 05:57:16] [INFO] Inspecao via fallback .NET para sprites/characters/davi/crouch.png: 192x112 bitDepth=4 palette=16
[2026-05-16 05:57:17] [WARN] ImageMagick falhou para sprites/characters/davi/jump.png: Não é possível encontrar o arquivo especificado.. Tentando fallback .NET...
[2026-05-16 05:57:17] [INFO] Inspecao via fallback .NET para sprites/characters/davi/jump.png: 576x112 bitDepth=4 palette=16
[2026-05-16 05:57:18] [WARN] ImageMagick falhou para sprites/characters/davi/guard.png: Não é possível encontrar o arquivo especificado.. Tentando fallback .NET...
[2026-05-16 05:57:18] [INFO] Inspecao via fallback .NET para sprites/characters/davi/guard.png: 288x112 bitDepth=4 palette=16
[2026-05-16 05:57:18] [WARN] ImageMagick falhou para sprites/characters/davi/jab.png: Não é possível encontrar o arquivo especificado.. Tentando fallback .NET...
[2026-05-16 05:57:18] [INFO] Inspecao via fallback .NET para sprites/characters/davi/jab.png: 384x112 bitDepth=4 palette=16
[2026-05-16 05:57:19] [WARN] ImageMagick falhou para sprites/characters/davi/medium.png: Não é possível encontrar o arquivo especificado.. Tentando fallback .NET...
[2026-05-16 05:57:19] [INFO] Inspecao via fallback .NET para sprites/characters/davi/medium.png: 480x112 bitDepth=4 palette=16
[2026-05-16 05:57:20] [WARN] ImageMagick falhou para sprites/characters/davi/grip.png: Não é possível encontrar o arquivo especificado.. Tentando fallback .NET...
[2026-05-16 05:57:20] [INFO] Inspecao via fallback .NET para sprites/characters/davi/grip.png: 480x112 bitDepth=4 palette=16
[2026-05-16 05:57:21] [WARN] ImageMagick falhou para sprites/characters/davi/hip_throw.png: Não é possível encontrar o arquivo especificado.. Tentando fallback .NET...
[2026-05-16 05:57:21] [INFO] Inspecao via fallback .NET para sprites/characters/davi/hip_throw.png: 768x112 bitDepth=4 palette=16
[2026-05-16 05:57:22] [WARN] ImageMagick falhou para sprites/characters/davi/hurt.png: Não é possível encontrar o arquivo especificado.. Tentando fallback .NET...
[2026-05-16 05:57:22] [INFO] Inspecao via fallback .NET para sprites/characters/davi/hurt.png: 384x112 bitDepth=4 palette=16
[2026-05-16 05:57:23] [WARN] ImageMagick falhou para sprites/characters/davi/knockdown.png: Não é possível encontrar o arquivo especificado.. Tentando fallback .NET...
[2026-05-16 05:57:23] [INFO] Inspecao via fallback .NET para sprites/characters/davi/knockdown.png: 576x112 bitDepth=4 palette=16
[2026-05-16 05:57:24] [WARN] ImageMagick falhou para sprites/characters/davi/getup.png: Não é possível encontrar o arquivo especificado.. Tentando fallback .NET...
[2026-05-16 05:57:24] [INFO] Inspecao via fallback .NET para sprites/characters/davi/getup.png: 576x112 bitDepth=4 palette=16
[2026-05-16 05:57:26] [ERROR] Bootstrap local da .agent em modo degradado: agents_bridge_tracked_content.
[2026-05-16 05:57:26] [WARN] Juiz estetico sinalizou assets que pedem revisao antes de serem tratados como Elite.
[2026-05-16 05:57:27] [INFO] Validation finished. Errors: 0, Warnings: 3, Checked: 31, Recovered: 0
[2026-05-16 05:59:53] [INFO] --- Starting Resource Validation Suite ---
[2026-05-16 05:59:55] [INFO] Encontrados 1 arquivo(s) .res para validar.
[2026-05-16 05:59:55] [INFO] Validando F:\Projects\MegaDrive_DEV\SGDK_projects\NOVO ARARA GI FIGHTER V2 [VER.001] [SGDK 211] [GEN] [PROTOTIPO] [LUTA]\res\resources.res...
[2026-05-16 05:59:55] [WARN] ImageMagick falhou para bgs/lapa_bg_b.png: Não é possível encontrar o arquivo especificado.. Tentando fallback .NET...
[2026-05-16 05:59:55] [INFO] Inspecao via fallback .NET para bgs/lapa_bg_b.png: 320x160 bitDepth=4 palette=16
[2026-05-16 05:59:56] [WARN] ImageMagick falhou para bgs/lapa_bg_a.png: Não é possível encontrar o arquivo especificado.. Tentando fallback .NET...
[2026-05-16 05:59:56] [INFO] Inspecao via fallback .NET para bgs/lapa_bg_a.png: 320x64 bitDepth=4 palette=16
[2026-05-16 05:59:56] [WARN] Imagem lapa_bg_a: Slot indexado 0 esta visivel e cobre massa significativa; risco alto de perder forma util quando a transparencia estrutural for aplicada.
[2026-05-16 05:59:57] [WARN] ImageMagick falhou para sprites/effects/hit_spark.png: Não é possível encontrar o arquivo especificado.. Tentando fallback .NET...
[2026-05-16 05:59:57] [INFO] Inspecao via fallback .NET para sprites/effects/hit_spark.png: 96x32 bitDepth=4 palette=16
[2026-05-16 05:59:57] [WARN] ImageMagick falhou para sprites/characters/caio/idle.png: Não é possível encontrar o arquivo especificado.. Tentando fallback .NET...
[2026-05-16 05:59:57] [INFO] Inspecao via fallback .NET para sprites/characters/caio/idle.png: 576x112 bitDepth=4 palette=16
[2026-05-16 05:59:58] [WARN] ImageMagick falhou para sprites/characters/caio/walk_forward.png: Não é possível encontrar o arquivo especificado.. Tentando fallback .NET...
[2026-05-16 05:59:58] [INFO] Inspecao via fallback .NET para sprites/characters/caio/walk_forward.png: 576x112 bitDepth=4 palette=16
[2026-05-16 05:59:59] [WARN] ImageMagick falhou para sprites/characters/caio/walk_back.png: Não é possível encontrar o arquivo especificado.. Tentando fallback .NET...
[2026-05-16 05:59:59] [INFO] Inspecao via fallback .NET para sprites/characters/caio/walk_back.png: 576x112 bitDepth=4 palette=16
[2026-05-16 06:00:00] [WARN] ImageMagick falhou para sprites/characters/caio/dash.png: Não é possível encontrar o arquivo especificado.. Tentando fallback .NET...
[2026-05-16 06:00:00] [INFO] Inspecao via fallback .NET para sprites/characters/caio/dash.png: 384x112 bitDepth=4 palette=16
[2026-05-16 06:00:01] [WARN] ImageMagick falhou para sprites/characters/caio/crouch.png: Não é possível encontrar o arquivo especificado.. Tentando fallback .NET...
[2026-05-16 06:00:01] [INFO] Inspecao via fallback .NET para sprites/characters/caio/crouch.png: 192x112 bitDepth=4 palette=16
[2026-05-16 06:00:01] [WARN] ImageMagick falhou para sprites/characters/caio/jump.png: Não é possível encontrar o arquivo especificado.. Tentando fallback .NET...
[2026-05-16 06:00:02] [INFO] Inspecao via fallback .NET para sprites/characters/caio/jump.png: 576x112 bitDepth=4 palette=16
[2026-05-16 06:00:02] [WARN] ImageMagick falhou para sprites/characters/caio/guard.png: Não é possível encontrar o arquivo especificado.. Tentando fallback .NET...
[2026-05-16 06:00:02] [INFO] Inspecao via fallback .NET para sprites/characters/caio/guard.png: 288x112 bitDepth=4 palette=16
[2026-05-16 06:00:03] [WARN] ImageMagick falhou para sprites/characters/caio/jab.png: Não é possível encontrar o arquivo especificado.. Tentando fallback .NET...
[2026-05-16 06:00:03] [INFO] Inspecao via fallback .NET para sprites/characters/caio/jab.png: 384x112 bitDepth=4 palette=16
[2026-05-16 06:00:04] [WARN] ImageMagick falhou para sprites/characters/caio/medium.png: Não é possível encontrar o arquivo especificado.. Tentando fallback .NET...
[2026-05-16 06:00:04] [INFO] Inspecao via fallback .NET para sprites/characters/caio/medium.png: 480x112 bitDepth=4 palette=16
[2026-05-16 06:00:05] [WARN] ImageMagick falhou para sprites/characters/caio/grip.png: Não é possível encontrar o arquivo especificado.. Tentando fallback .NET...
[2026-05-16 06:00:05] [INFO] Inspecao via fallback .NET para sprites/characters/caio/grip.png: 480x112 bitDepth=4 palette=16
[2026-05-16 06:00:05] [WARN] ImageMagick falhou para sprites/characters/caio/hip_throw.png: Não é possível encontrar o arquivo especificado.. Tentando fallback .NET...
[2026-05-16 06:00:06] [INFO] Inspecao via fallback .NET para sprites/characters/caio/hip_throw.png: 768x112 bitDepth=4 palette=16
[2026-05-16 06:00:07] [WARN] ImageMagick falhou para sprites/characters/caio/hurt.png: Não é possível encontrar o arquivo especificado.. Tentando fallback .NET...
[2026-05-16 06:00:07] [INFO] Inspecao via fallback .NET para sprites/characters/caio/hurt.png: 384x112 bitDepth=4 palette=16
[2026-05-16 06:00:07] [WARN] ImageMagick falhou para sprites/characters/caio/knockdown.png: Não é possível encontrar o arquivo especificado.. Tentando fallback .NET...
[2026-05-16 06:00:08] [INFO] Inspecao via fallback .NET para sprites/characters/caio/knockdown.png: 576x112 bitDepth=4 palette=16
[2026-05-16 06:00:08] [WARN] ImageMagick falhou para sprites/characters/caio/getup.png: Não é possível encontrar o arquivo especificado.. Tentando fallback .NET...
[2026-05-16 06:00:09] [INFO] Inspecao via fallback .NET para sprites/characters/caio/getup.png: 576x112 bitDepth=4 palette=16
[2026-05-16 06:00:09] [WARN] ImageMagick falhou para sprites/characters/davi/idle.png: Não é possível encontrar o arquivo especificado.. Tentando fallback .NET...
[2026-05-16 06:00:10] [INFO] Inspecao via fallback .NET para sprites/characters/davi/idle.png: 576x112 bitDepth=4 palette=16
[2026-05-16 06:00:10] [WARN] ImageMagick falhou para sprites/characters/davi/walk_forward.png: Não é possível encontrar o arquivo especificado.. Tentando fallback .NET...
[2026-05-16 06:00:11] [INFO] Inspecao via fallback .NET para sprites/characters/davi/walk_forward.png: 576x112 bitDepth=4 palette=16
[2026-05-16 06:00:11] [WARN] ImageMagick falhou para sprites/characters/davi/walk_back.png: Não é possível encontrar o arquivo especificado.. Tentando fallback .NET...
[2026-05-16 06:00:12] [INFO] Inspecao via fallback .NET para sprites/characters/davi/walk_back.png: 576x112 bitDepth=4 palette=16
[2026-05-16 06:00:12] [WARN] ImageMagick falhou para sprites/characters/davi/dash.png: Não é possível encontrar o arquivo especificado.. Tentando fallback .NET...
[2026-05-16 06:00:13] [INFO] Inspecao via fallback .NET para sprites/characters/davi/dash.png: 384x112 bitDepth=4 palette=16
[2026-05-16 06:00:13] [WARN] ImageMagick falhou para sprites/characters/davi/crouch.png: Não é possível encontrar o arquivo especificado.. Tentando fallback .NET...
[2026-05-16 06:00:13] [INFO] Inspecao via fallback .NET para sprites/characters/davi/crouch.png: 192x112 bitDepth=4 palette=16
[2026-05-16 06:00:14] [WARN] ImageMagick falhou para sprites/characters/davi/jump.png: Não é possível encontrar o arquivo especificado.. Tentando fallback .NET...
[2026-05-16 06:00:14] [INFO] Inspecao via fallback .NET para sprites/characters/davi/jump.png: 576x112 bitDepth=4 palette=16
[2026-05-16 06:00:15] [WARN] ImageMagick falhou para sprites/characters/davi/guard.png: Não é possível encontrar o arquivo especificado.. Tentando fallback .NET...
[2026-05-16 06:00:15] [INFO] Inspecao via fallback .NET para sprites/characters/davi/guard.png: 288x112 bitDepth=4 palette=16
[2026-05-16 06:00:15] [WARN] ImageMagick falhou para sprites/characters/davi/jab.png: Não é possível encontrar o arquivo especificado.. Tentando fallback .NET...
[2026-05-16 06:00:15] [INFO] Inspecao via fallback .NET para sprites/characters/davi/jab.png: 384x112 bitDepth=4 palette=16
[2026-05-16 06:00:16] [WARN] ImageMagick falhou para sprites/characters/davi/medium.png: Não é possível encontrar o arquivo especificado.. Tentando fallback .NET...
[2026-05-16 06:00:16] [INFO] Inspecao via fallback .NET para sprites/characters/davi/medium.png: 480x112 bitDepth=4 palette=16
[2026-05-16 06:00:17] [WARN] ImageMagick falhou para sprites/characters/davi/grip.png: Não é possível encontrar o arquivo especificado.. Tentando fallback .NET...
[2026-05-16 06:00:17] [INFO] Inspecao via fallback .NET para sprites/characters/davi/grip.png: 480x112 bitDepth=4 palette=16
[2026-05-16 06:00:18] [WARN] ImageMagick falhou para sprites/characters/davi/hip_throw.png: Não é possível encontrar o arquivo especificado.. Tentando fallback .NET...
[2026-05-16 06:00:18] [INFO] Inspecao via fallback .NET para sprites/characters/davi/hip_throw.png: 768x112 bitDepth=4 palette=16
[2026-05-16 06:00:19] [WARN] ImageMagick falhou para sprites/characters/davi/hurt.png: Não é possível encontrar o arquivo especificado.. Tentando fallback .NET...
[2026-05-16 06:00:19] [INFO] Inspecao via fallback .NET para sprites/characters/davi/hurt.png: 384x112 bitDepth=4 palette=16
[2026-05-16 06:00:20] [WARN] ImageMagick falhou para sprites/characters/davi/knockdown.png: Não é possível encontrar o arquivo especificado.. Tentando fallback .NET...
[2026-05-16 06:00:20] [INFO] Inspecao via fallback .NET para sprites/characters/davi/knockdown.png: 576x112 bitDepth=4 palette=16
[2026-05-16 06:00:21] [WARN] ImageMagick falhou para sprites/characters/davi/getup.png: Não é possível encontrar o arquivo especificado.. Tentando fallback .NET...
[2026-05-16 06:00:21] [INFO] Inspecao via fallback .NET para sprites/characters/davi/getup.png: 576x112 bitDepth=4 palette=16
[2026-05-16 06:00:24] [WARN] Juiz estetico sinalizou assets que pedem revisao antes de serem tratados como Elite.
[2026-05-16 06:00:25] [INFO] Validation finished. Errors: 0, Warnings: 2, Checked: 31, Recovered: 0
[2026-05-16 06:02:52] [INFO] --- Starting Resource Validation Suite ---
[2026-05-16 06:02:54] [INFO] Encontrados 1 arquivo(s) .res para validar.
[2026-05-16 06:02:54] [INFO] Validando F:\Projects\MegaDrive_DEV\SGDK_projects\NOVO ARARA GI FIGHTER V2 [VER.001] [SGDK 211] [GEN] [PROTOTIPO] [LUTA]\res\resources.res...
[2026-05-16 06:02:54] [WARN] ImageMagick falhou para bgs/lapa_bg_b.png: Não é possível encontrar o arquivo especificado.. Tentando fallback .NET...
[2026-05-16 06:02:55] [INFO] Inspecao via fallback .NET para bgs/lapa_bg_b.png: 320x160 bitDepth=4 palette=16
[2026-05-16 06:02:55] [WARN] ImageMagick falhou para bgs/lapa_bg_a.png: Não é possível encontrar o arquivo especificado.. Tentando fallback .NET...
[2026-05-16 06:02:55] [INFO] Inspecao via fallback .NET para bgs/lapa_bg_a.png: 320x64 bitDepth=4 palette=16
[2026-05-16 06:02:56] [WARN] Imagem lapa_bg_a: Slot indexado 0 esta visivel e cobre massa significativa; risco alto de perder forma util quando a transparencia estrutural for aplicada.
[2026-05-16 06:02:56] [WARN] ImageMagick falhou para sprites/effects/hit_spark.png: Não é possível encontrar o arquivo especificado.. Tentando fallback .NET...
[2026-05-16 06:02:56] [INFO] Inspecao via fallback .NET para sprites/effects/hit_spark.png: 96x32 bitDepth=4 palette=16
[2026-05-16 06:02:56] [WARN] ImageMagick falhou para sprites/characters/caio/idle.png: Não é possível encontrar o arquivo especificado.. Tentando fallback .NET...
[2026-05-16 06:02:57] [INFO] Inspecao via fallback .NET para sprites/characters/caio/idle.png: 576x112 bitDepth=4 palette=16
[2026-05-16 06:02:57] [WARN] ImageMagick falhou para sprites/characters/caio/walk_forward.png: Não é possível encontrar o arquivo especificado.. Tentando fallback .NET...
[2026-05-16 06:02:57] [INFO] Inspecao via fallback .NET para sprites/characters/caio/walk_forward.png: 576x112 bitDepth=4 palette=16
[2026-05-16 06:02:58] [WARN] ImageMagick falhou para sprites/characters/caio/walk_back.png: Não é possível encontrar o arquivo especificado.. Tentando fallback .NET...
[2026-05-16 06:02:58] [INFO] Inspecao via fallback .NET para sprites/characters/caio/walk_back.png: 576x112 bitDepth=4 palette=16
[2026-05-16 06:02:59] [WARN] ImageMagick falhou para sprites/characters/caio/dash.png: Não é possível encontrar o arquivo especificado.. Tentando fallback .NET...
[2026-05-16 06:02:59] [INFO] Inspecao via fallback .NET para sprites/characters/caio/dash.png: 384x112 bitDepth=4 palette=16
[2026-05-16 06:03:00] [WARN] ImageMagick falhou para sprites/characters/caio/crouch.png: Não é possível encontrar o arquivo especificado.. Tentando fallback .NET...
[2026-05-16 06:03:00] [INFO] Inspecao via fallback .NET para sprites/characters/caio/crouch.png: 192x112 bitDepth=4 palette=16
[2026-05-16 06:03:01] [WARN] ImageMagick falhou para sprites/characters/caio/jump.png: Não é possível encontrar o arquivo especificado.. Tentando fallback .NET...
[2026-05-16 06:03:01] [INFO] Inspecao via fallback .NET para sprites/characters/caio/jump.png: 576x112 bitDepth=4 palette=16
[2026-05-16 06:03:02] [WARN] ImageMagick falhou para sprites/characters/caio/guard.png: Não é possível encontrar o arquivo especificado.. Tentando fallback .NET...
[2026-05-16 06:03:02] [INFO] Inspecao via fallback .NET para sprites/characters/caio/guard.png: 288x112 bitDepth=4 palette=16
[2026-05-16 06:03:02] [WARN] ImageMagick falhou para sprites/characters/caio/jab.png: Não é possível encontrar o arquivo especificado.. Tentando fallback .NET...
[2026-05-16 06:03:02] [INFO] Inspecao via fallback .NET para sprites/characters/caio/jab.png: 384x112 bitDepth=4 palette=16
[2026-05-16 06:03:03] [WARN] ImageMagick falhou para sprites/characters/caio/medium.png: Não é possível encontrar o arquivo especificado.. Tentando fallback .NET...
[2026-05-16 06:03:03] [INFO] Inspecao via fallback .NET para sprites/characters/caio/medium.png: 480x112 bitDepth=4 palette=16
[2026-05-16 06:03:04] [WARN] ImageMagick falhou para sprites/characters/caio/grip.png: Não é possível encontrar o arquivo especificado.. Tentando fallback .NET...
[2026-05-16 06:03:04] [INFO] Inspecao via fallback .NET para sprites/characters/caio/grip.png: 480x112 bitDepth=4 palette=16
[2026-05-16 06:03:05] [WARN] ImageMagick falhou para sprites/characters/caio/hip_throw.png: Não é possível encontrar o arquivo especificado.. Tentando fallback .NET...
[2026-05-16 06:03:05] [INFO] Inspecao via fallback .NET para sprites/characters/caio/hip_throw.png: 768x112 bitDepth=4 palette=16
[2026-05-16 06:03:06] [WARN] ImageMagick falhou para sprites/characters/caio/hurt.png: Não é possível encontrar o arquivo especificado.. Tentando fallback .NET...
[2026-05-16 06:03:06] [INFO] Inspecao via fallback .NET para sprites/characters/caio/hurt.png: 384x112 bitDepth=4 palette=16
[2026-05-16 06:03:07] [WARN] ImageMagick falhou para sprites/characters/caio/knockdown.png: Não é possível encontrar o arquivo especificado.. Tentando fallback .NET...
[2026-05-16 06:03:07] [INFO] Inspecao via fallback .NET para sprites/characters/caio/knockdown.png: 576x112 bitDepth=4 palette=16
[2026-05-16 06:03:08] [WARN] ImageMagick falhou para sprites/characters/caio/getup.png: Não é possível encontrar o arquivo especificado.. Tentando fallback .NET...
[2026-05-16 06:03:08] [INFO] Inspecao via fallback .NET para sprites/characters/caio/getup.png: 576x112 bitDepth=4 palette=16
[2026-05-16 06:03:09] [WARN] ImageMagick falhou para sprites/characters/davi/idle.png: Não é possível encontrar o arquivo especificado.. Tentando fallback .NET...
[2026-05-16 06:03:09] [INFO] Inspecao via fallback .NET para sprites/characters/davi/idle.png: 576x112 bitDepth=4 palette=16
[2026-05-16 06:03:10] [WARN] ImageMagick falhou para sprites/characters/davi/walk_forward.png: Não é possível encontrar o arquivo especificado.. Tentando fallback .NET...
[2026-05-16 06:03:10] [INFO] Inspecao via fallback .NET para sprites/characters/davi/walk_forward.png: 576x112 bitDepth=4 palette=16
[2026-05-16 06:03:11] [WARN] ImageMagick falhou para sprites/characters/davi/walk_back.png: Não é possível encontrar o arquivo especificado.. Tentando fallback .NET...
[2026-05-16 06:03:11] [INFO] Inspecao via fallback .NET para sprites/characters/davi/walk_back.png: 576x112 bitDepth=4 palette=16
[2026-05-16 06:03:11] [WARN] ImageMagick falhou para sprites/characters/davi/dash.png: Não é possível encontrar o arquivo especificado.. Tentando fallback .NET...
[2026-05-16 06:03:12] [INFO] Inspecao via fallback .NET para sprites/characters/davi/dash.png: 384x112 bitDepth=4 palette=16
[2026-05-16 06:03:12] [WARN] ImageMagick falhou para sprites/characters/davi/crouch.png: Não é possível encontrar o arquivo especificado.. Tentando fallback .NET...
[2026-05-16 06:03:12] [INFO] Inspecao via fallback .NET para sprites/characters/davi/crouch.png: 192x112 bitDepth=4 palette=16
[2026-05-16 06:03:13] [WARN] ImageMagick falhou para sprites/characters/davi/jump.png: Não é possível encontrar o arquivo especificado.. Tentando fallback .NET...
[2026-05-16 06:03:13] [INFO] Inspecao via fallback .NET para sprites/characters/davi/jump.png: 576x112 bitDepth=4 palette=16
[2026-05-16 06:03:14] [WARN] ImageMagick falhou para sprites/characters/davi/guard.png: Não é possível encontrar o arquivo especificado.. Tentando fallback .NET...
[2026-05-16 06:03:14] [INFO] Inspecao via fallback .NET para sprites/characters/davi/guard.png: 288x112 bitDepth=4 palette=16
[2026-05-16 06:03:14] [WARN] ImageMagick falhou para sprites/characters/davi/jab.png: Não é possível encontrar o arquivo especificado.. Tentando fallback .NET...
[2026-05-16 06:03:15] [INFO] Inspecao via fallback .NET para sprites/characters/davi/jab.png: 384x112 bitDepth=4 palette=16
[2026-05-16 06:03:15] [WARN] ImageMagick falhou para sprites/characters/davi/medium.png: Não é possível encontrar o arquivo especificado.. Tentando fallback .NET...
[2026-05-16 06:03:15] [INFO] Inspecao via fallback .NET para sprites/characters/davi/medium.png: 480x112 bitDepth=4 palette=16
[2026-05-16 06:03:16] [WARN] ImageMagick falhou para sprites/characters/davi/grip.png: Não é possível encontrar o arquivo especificado.. Tentando fallback .NET...
[2026-05-16 06:03:16] [INFO] Inspecao via fallback .NET para sprites/characters/davi/grip.png: 480x112 bitDepth=4 palette=16
[2026-05-16 06:03:17] [WARN] ImageMagick falhou para sprites/characters/davi/hip_throw.png: Não é possível encontrar o arquivo especificado.. Tentando fallback .NET...
[2026-05-16 06:03:17] [INFO] Inspecao via fallback .NET para sprites/characters/davi/hip_throw.png: 768x112 bitDepth=4 palette=16
[2026-05-16 06:03:18] [WARN] ImageMagick falhou para sprites/characters/davi/hurt.png: Não é possível encontrar o arquivo especificado.. Tentando fallback .NET...
[2026-05-16 06:03:18] [INFO] Inspecao via fallback .NET para sprites/characters/davi/hurt.png: 384x112 bitDepth=4 palette=16
[2026-05-16 06:03:19] [WARN] ImageMagick falhou para sprites/characters/davi/knockdown.png: Não é possível encontrar o arquivo especificado.. Tentando fallback .NET...
[2026-05-16 06:03:19] [INFO] Inspecao via fallback .NET para sprites/characters/davi/knockdown.png: 576x112 bitDepth=4 palette=16
[2026-05-16 06:03:20] [WARN] ImageMagick falhou para sprites/characters/davi/getup.png: Não é possível encontrar o arquivo especificado.. Tentando fallback .NET...
[2026-05-16 06:03:20] [INFO] Inspecao via fallback .NET para sprites/characters/davi/getup.png: 576x112 bitDepth=4 palette=16
[2026-05-16 06:03:22] [WARN] Juiz estetico sinalizou assets que pedem revisao antes de serem tratados como Elite.
[2026-05-16 06:03:23] [INFO] Validation finished. Errors: 0, Warnings: 2, Checked: 31, Recovered: 0
[2026-05-16 06:11:30] [INFO] --- Starting Resource Validation Suite ---
[2026-05-16 06:11:32] [INFO] Encontrados 1 arquivo(s) .res para validar.
[2026-05-16 06:11:32] [INFO] Validando F:\Projects\MegaDrive_DEV\SGDK_projects\NOVO ARARA GI FIGHTER V2 [VER.001] [SGDK 211] [GEN] [PROTOTIPO] [LUTA]\res\resources.res...
[2026-05-16 06:11:32] [WARN] ImageMagick falhou para bgs/lapa_bg_b.png: Não é possível encontrar o arquivo especificado.. Tentando fallback .NET...
[2026-05-16 06:11:33] [INFO] Inspecao via fallback .NET para bgs/lapa_bg_b.png: 320x160 bitDepth=4 palette=16
[2026-05-16 06:11:33] [WARN] ImageMagick falhou para bgs/lapa_bg_a.png: Não é possível encontrar o arquivo especificado.. Tentando fallback .NET...
[2026-05-16 06:11:33] [INFO] Inspecao via fallback .NET para bgs/lapa_bg_a.png: 320x64 bitDepth=4 palette=16
[2026-05-16 06:11:34] [WARN] Imagem lapa_bg_a: Slot indexado 0 esta visivel e cobre massa significativa; risco alto de perder forma util quando a transparencia estrutural for aplicada.
[2026-05-16 06:11:34] [WARN] ImageMagick falhou para sprites/effects/hit_spark.png: Não é possível encontrar o arquivo especificado.. Tentando fallback .NET...
[2026-05-16 06:11:34] [INFO] Inspecao via fallback .NET para sprites/effects/hit_spark.png: 96x32 bitDepth=4 palette=16
[2026-05-16 06:11:34] [WARN] ImageMagick falhou para sprites/characters/caio/idle.png: Não é possível encontrar o arquivo especificado.. Tentando fallback .NET...
[2026-05-16 06:11:34] [INFO] Inspecao via fallback .NET para sprites/characters/caio/idle.png: 576x112 bitDepth=4 palette=16
[2026-05-16 06:11:35] [WARN] ImageMagick falhou para sprites/characters/caio/walk_forward.png: Não é possível encontrar o arquivo especificado.. Tentando fallback .NET...
[2026-05-16 06:11:35] [INFO] Inspecao via fallback .NET para sprites/characters/caio/walk_forward.png: 576x112 bitDepth=4 palette=16
[2026-05-16 06:11:36] [WARN] ImageMagick falhou para sprites/characters/caio/walk_back.png: Não é possível encontrar o arquivo especificado.. Tentando fallback .NET...
[2026-05-16 06:11:36] [INFO] Inspecao via fallback .NET para sprites/characters/caio/walk_back.png: 576x112 bitDepth=4 palette=16
[2026-05-16 06:11:37] [WARN] ImageMagick falhou para sprites/characters/caio/dash.png: Não é possível encontrar o arquivo especificado.. Tentando fallback .NET...
[2026-05-16 06:11:37] [INFO] Inspecao via fallback .NET para sprites/characters/caio/dash.png: 384x112 bitDepth=4 palette=16
[2026-05-16 06:11:38] [WARN] ImageMagick falhou para sprites/characters/caio/crouch.png: Não é possível encontrar o arquivo especificado.. Tentando fallback .NET...
[2026-05-16 06:11:38] [INFO] Inspecao via fallback .NET para sprites/characters/caio/crouch.png: 192x112 bitDepth=4 palette=16
[2026-05-16 06:11:38] [WARN] ImageMagick falhou para sprites/characters/caio/jump.png: Não é possível encontrar o arquivo especificado.. Tentando fallback .NET...
[2026-05-16 06:11:39] [INFO] Inspecao via fallback .NET para sprites/characters/caio/jump.png: 576x112 bitDepth=4 palette=16
[2026-05-16 06:11:39] [WARN] ImageMagick falhou para sprites/characters/caio/guard.png: Não é possível encontrar o arquivo especificado.. Tentando fallback .NET...
[2026-05-16 06:11:39] [INFO] Inspecao via fallback .NET para sprites/characters/caio/guard.png: 288x112 bitDepth=4 palette=16
[2026-05-16 06:11:40] [WARN] ImageMagick falhou para sprites/characters/caio/jab.png: Não é possível encontrar o arquivo especificado.. Tentando fallback .NET...
[2026-05-16 06:11:40] [INFO] Inspecao via fallback .NET para sprites/characters/caio/jab.png: 384x112 bitDepth=4 palette=16
[2026-05-16 06:11:41] [WARN] ImageMagick falhou para sprites/characters/caio/medium.png: Não é possível encontrar o arquivo especificado.. Tentando fallback .NET...
[2026-05-16 06:11:41] [INFO] Inspecao via fallback .NET para sprites/characters/caio/medium.png: 480x112 bitDepth=4 palette=16
[2026-05-16 06:11:42] [WARN] ImageMagick falhou para sprites/characters/caio/grip.png: Não é possível encontrar o arquivo especificado.. Tentando fallback .NET...
[2026-05-16 06:11:42] [INFO] Inspecao via fallback .NET para sprites/characters/caio/grip.png: 480x112 bitDepth=4 palette=16
[2026-05-16 06:11:42] [WARN] ImageMagick falhou para sprites/characters/caio/hip_throw.png: Não é possível encontrar o arquivo especificado.. Tentando fallback .NET...
[2026-05-16 06:11:43] [INFO] Inspecao via fallback .NET para sprites/characters/caio/hip_throw.png: 768x112 bitDepth=4 palette=16
[2026-05-16 06:11:44] [WARN] ImageMagick falhou para sprites/characters/caio/hurt.png: Não é possível encontrar o arquivo especificado.. Tentando fallback .NET...
[2026-05-16 06:11:44] [INFO] Inspecao via fallback .NET para sprites/characters/caio/hurt.png: 384x112 bitDepth=4 palette=16
[2026-05-16 06:11:44] [WARN] ImageMagick falhou para sprites/characters/caio/knockdown.png: Não é possível encontrar o arquivo especificado.. Tentando fallback .NET...
[2026-05-16 06:11:45] [INFO] Inspecao via fallback .NET para sprites/characters/caio/knockdown.png: 576x112 bitDepth=4 palette=16
[2026-05-16 06:11:45] [WARN] ImageMagick falhou para sprites/characters/caio/getup.png: Não é possível encontrar o arquivo especificado.. Tentando fallback .NET...
[2026-05-16 06:11:46] [INFO] Inspecao via fallback .NET para sprites/characters/caio/getup.png: 576x112 bitDepth=4 palette=16
[2026-05-16 06:11:46] [WARN] ImageMagick falhou para sprites/characters/davi/idle.png: Não é possível encontrar o arquivo especificado.. Tentando fallback .NET...
[2026-05-16 06:11:46] [INFO] Inspecao via fallback .NET para sprites/characters/davi/idle.png: 576x112 bitDepth=4 palette=16
[2026-05-16 06:11:47] [WARN] ImageMagick falhou para sprites/characters/davi/walk_forward.png: Não é possível encontrar o arquivo especificado.. Tentando fallback .NET...
[2026-05-16 06:11:47] [INFO] Inspecao via fallback .NET para sprites/characters/davi/walk_forward.png: 576x112 bitDepth=4 palette=16
[2026-05-16 06:11:48] [WARN] ImageMagick falhou para sprites/characters/davi/walk_back.png: Não é possível encontrar o arquivo especificado.. Tentando fallback .NET...
[2026-05-16 06:11:48] [INFO] Inspecao via fallback .NET para sprites/characters/davi/walk_back.png: 576x112 bitDepth=4 palette=16
[2026-05-16 06:11:49] [WARN] ImageMagick falhou para sprites/characters/davi/dash.png: Não é possível encontrar o arquivo especificado.. Tentando fallback .NET...
[2026-05-16 06:11:49] [INFO] Inspecao via fallback .NET para sprites/characters/davi/dash.png: 384x112 bitDepth=4 palette=16
[2026-05-16 06:11:50] [WARN] ImageMagick falhou para sprites/characters/davi/crouch.png: Não é possível encontrar o arquivo especificado.. Tentando fallback .NET...
[2026-05-16 06:11:50] [INFO] Inspecao via fallback .NET para sprites/characters/davi/crouch.png: 192x112 bitDepth=4 palette=16
[2026-05-16 06:11:50] [WARN] ImageMagick falhou para sprites/characters/davi/jump.png: Não é possível encontrar o arquivo especificado.. Tentando fallback .NET...
[2026-05-16 06:11:50] [INFO] Inspecao via fallback .NET para sprites/characters/davi/jump.png: 576x112 bitDepth=4 palette=16
[2026-05-16 06:11:51] [WARN] ImageMagick falhou para sprites/characters/davi/guard.png: Não é possível encontrar o arquivo especificado.. Tentando fallback .NET...
[2026-05-16 06:11:51] [INFO] Inspecao via fallback .NET para sprites/characters/davi/guard.png: 288x112 bitDepth=4 palette=16
[2026-05-16 06:11:52] [WARN] ImageMagick falhou para sprites/characters/davi/jab.png: Não é possível encontrar o arquivo especificado.. Tentando fallback .NET...
[2026-05-16 06:11:52] [INFO] Inspecao via fallback .NET para sprites/characters/davi/jab.png: 384x112 bitDepth=4 palette=16
[2026-05-16 06:11:53] [WARN] ImageMagick falhou para sprites/characters/davi/medium.png: Não é possível encontrar o arquivo especificado.. Tentando fallback .NET...
[2026-05-16 06:11:53] [INFO] Inspecao via fallback .NET para sprites/characters/davi/medium.png: 480x112 bitDepth=4 palette=16
[2026-05-16 06:11:54] [WARN] ImageMagick falhou para sprites/characters/davi/grip.png: Não é possível encontrar o arquivo especificado.. Tentando fallback .NET...
[2026-05-16 06:11:54] [INFO] Inspecao via fallback .NET para sprites/characters/davi/grip.png: 480x112 bitDepth=4 palette=16
[2026-05-16 06:11:54] [WARN] ImageMagick falhou para sprites/characters/davi/hip_throw.png: Não é possível encontrar o arquivo especificado.. Tentando fallback .NET...
[2026-05-16 06:11:55] [INFO] Inspecao via fallback .NET para sprites/characters/davi/hip_throw.png: 768x112 bitDepth=4 palette=16
[2026-05-16 06:11:56] [WARN] ImageMagick falhou para sprites/characters/davi/hurt.png: Não é possível encontrar o arquivo especificado.. Tentando fallback .NET...
[2026-05-16 06:11:56] [INFO] Inspecao via fallback .NET para sprites/characters/davi/hurt.png: 384x112 bitDepth=4 palette=16
[2026-05-16 06:11:56] [WARN] ImageMagick falhou para sprites/characters/davi/knockdown.png: Não é possível encontrar o arquivo especificado.. Tentando fallback .NET...
[2026-05-16 06:11:56] [INFO] Inspecao via fallback .NET para sprites/characters/davi/knockdown.png: 576x112 bitDepth=4 palette=16
[2026-05-16 06:11:57] [WARN] ImageMagick falhou para sprites/characters/davi/getup.png: Não é possível encontrar o arquivo especificado.. Tentando fallback .NET...
[2026-05-16 06:11:57] [INFO] Inspecao via fallback .NET para sprites/characters/davi/getup.png: 576x112 bitDepth=4 palette=16
[2026-05-16 06:12:00] [WARN] Juiz estetico sinalizou assets que pedem revisao antes de serem tratados como Elite.
[2026-05-16 06:12:00] [INFO] Validation finished. Errors: 0, Warnings: 2, Checked: 31, Recovered: 0
[2026-05-16 23:21:12] [INFO] --- Starting Resource Validation Suite ---
[2026-05-16 23:21:16] [INFO] Encontrados 1 arquivo(s) .res para validar.
[2026-05-16 23:21:16] [INFO] Validando F:\Projects\MegaDrive_DEV\SGDK_projects\NOVO ARARA GI FIGHTER V2 [VER.001] [SGDK 211] [GEN] [PROTOTIPO] [LUTA]\res\resources.res...
[2026-05-16 23:21:16] [WARN] ImageMagick falhou para bgs/lapa_bg_b.png: Não é possível encontrar o arquivo especificado.. Tentando fallback .NET...
[2026-05-16 23:21:16] [INFO] Inspecao via fallback .NET para bgs/lapa_bg_b.png: 320x160 bitDepth=4 palette=16
[2026-05-16 23:21:17] [WARN] ImageMagick falhou para bgs/lapa_bg_a.png: Não é possível encontrar o arquivo especificado.. Tentando fallback .NET...
[2026-05-16 23:21:17] [INFO] Inspecao via fallback .NET para bgs/lapa_bg_a.png: 320x64 bitDepth=4 palette=16
[2026-05-16 23:21:17] [WARN] Imagem lapa_bg_a: Slot indexado 0 esta visivel e cobre massa significativa; risco alto de perder forma util quando a transparencia estrutural for aplicada.
[2026-05-16 23:21:18] [WARN] ImageMagick falhou para sprites/effects/hit_spark.png: Não é possível encontrar o arquivo especificado.. Tentando fallback .NET...
[2026-05-16 23:21:18] [INFO] Inspecao via fallback .NET para sprites/effects/hit_spark.png: 96x32 bitDepth=4 palette=16
[2026-05-16 23:21:18] [WARN] ImageMagick falhou para sprites/characters/caio/idle.png: Não é possível encontrar o arquivo especificado.. Tentando fallback .NET...
[2026-05-16 23:21:19] [INFO] Inspecao via fallback .NET para sprites/characters/caio/idle.png: 576x112 bitDepth=4 palette=16
[2026-05-16 23:21:20] [WARN] ImageMagick falhou para sprites/characters/caio/walk_forward.png: Não é possível encontrar o arquivo especificado.. Tentando fallback .NET...
[2026-05-16 23:21:20] [INFO] Inspecao via fallback .NET para sprites/characters/caio/walk_forward.png: 576x112 bitDepth=4 palette=16
[2026-05-16 23:21:21] [WARN] ImageMagick falhou para sprites/characters/caio/walk_back.png: Não é possível encontrar o arquivo especificado.. Tentando fallback .NET...
[2026-05-16 23:21:21] [INFO] Inspecao via fallback .NET para sprites/characters/caio/walk_back.png: 576x112 bitDepth=4 palette=16
[2026-05-16 23:21:22] [WARN] ImageMagick falhou para sprites/characters/caio/dash.png: Não é possível encontrar o arquivo especificado.. Tentando fallback .NET...
[2026-05-16 23:21:22] [INFO] Inspecao via fallback .NET para sprites/characters/caio/dash.png: 384x112 bitDepth=4 palette=16
[2026-05-16 23:21:23] [WARN] ImageMagick falhou para sprites/characters/caio/crouch.png: Não é possível encontrar o arquivo especificado.. Tentando fallback .NET...
[2026-05-16 23:21:23] [INFO] Inspecao via fallback .NET para sprites/characters/caio/crouch.png: 192x112 bitDepth=4 palette=16
[2026-05-16 23:21:24] [WARN] ImageMagick falhou para sprites/characters/caio/jump.png: Não é possível encontrar o arquivo especificado.. Tentando fallback .NET...
[2026-05-16 23:21:24] [INFO] Inspecao via fallback .NET para sprites/characters/caio/jump.png: 576x112 bitDepth=4 palette=16
[2026-05-16 23:21:25] [WARN] ImageMagick falhou para sprites/characters/caio/guard.png: Não é possível encontrar o arquivo especificado.. Tentando fallback .NET...
[2026-05-16 23:21:25] [INFO] Inspecao via fallback .NET para sprites/characters/caio/guard.png: 288x112 bitDepth=4 palette=16
[2026-05-16 23:21:26] [WARN] ImageMagick falhou para sprites/characters/caio/jab.png: Não é possível encontrar o arquivo especificado.. Tentando fallback .NET...
[2026-05-16 23:21:26] [INFO] Inspecao via fallback .NET para sprites/characters/caio/jab.png: 384x112 bitDepth=4 palette=16
[2026-05-16 23:21:27] [WARN] ImageMagick falhou para sprites/characters/caio/medium.png: Não é possível encontrar o arquivo especificado.. Tentando fallback .NET...
[2026-05-16 23:21:27] [INFO] Inspecao via fallback .NET para sprites/characters/caio/medium.png: 480x112 bitDepth=4 palette=16
[2026-05-16 23:21:28] [WARN] ImageMagick falhou para sprites/characters/caio/grip.png: Não é possível encontrar o arquivo especificado.. Tentando fallback .NET...
[2026-05-16 23:21:28] [INFO] Inspecao via fallback .NET para sprites/characters/caio/grip.png: 480x112 bitDepth=4 palette=16
[2026-05-16 23:21:29] [WARN] ImageMagick falhou para sprites/characters/caio/hip_throw.png: Não é possível encontrar o arquivo especificado.. Tentando fallback .NET...
[2026-05-16 23:21:29] [INFO] Inspecao via fallback .NET para sprites/characters/caio/hip_throw.png: 768x112 bitDepth=4 palette=16
[2026-05-16 23:21:30] [WARN] ImageMagick falhou para sprites/characters/caio/hurt.png: Não é possível encontrar o arquivo especificado.. Tentando fallback .NET...
[2026-05-16 23:21:31] [INFO] Inspecao via fallback .NET para sprites/characters/caio/hurt.png: 384x112 bitDepth=4 palette=16
[2026-05-16 23:21:31] [WARN] ImageMagick falhou para sprites/characters/caio/knockdown.png: Não é possível encontrar o arquivo especificado.. Tentando fallback .NET...
[2026-05-16 23:21:32] [INFO] Inspecao via fallback .NET para sprites/characters/caio/knockdown.png: 576x112 bitDepth=4 palette=16
[2026-05-16 23:21:33] [WARN] ImageMagick falhou para sprites/characters/caio/getup.png: Não é possível encontrar o arquivo especificado.. Tentando fallback .NET...
[2026-05-16 23:21:33] [INFO] Inspecao via fallback .NET para sprites/characters/caio/getup.png: 576x112 bitDepth=4 palette=16
[2026-05-16 23:21:34] [WARN] ImageMagick falhou para sprites/characters/davi/idle.png: Não é possível encontrar o arquivo especificado.. Tentando fallback .NET...
[2026-05-16 23:21:34] [INFO] Inspecao via fallback .NET para sprites/characters/davi/idle.png: 576x112 bitDepth=4 palette=16
[2026-05-16 23:21:36] [WARN] ImageMagick falhou para sprites/characters/davi/walk_forward.png: Não é possível encontrar o arquivo especificado.. Tentando fallback .NET...
[2026-05-16 23:21:36] [INFO] Inspecao via fallback .NET para sprites/characters/davi/walk_forward.png: 576x112 bitDepth=4 palette=16
[2026-05-16 23:21:37] [WARN] ImageMagick falhou para sprites/characters/davi/walk_back.png: Não é possível encontrar o arquivo especificado.. Tentando fallback .NET...
[2026-05-16 23:21:37] [INFO] Inspecao via fallback .NET para sprites/characters/davi/walk_back.png: 576x112 bitDepth=4 palette=16
[2026-05-16 23:21:38] [WARN] ImageMagick falhou para sprites/characters/davi/dash.png: Não é possível encontrar o arquivo especificado.. Tentando fallback .NET...
[2026-05-16 23:21:38] [INFO] Inspecao via fallback .NET para sprites/characters/davi/dash.png: 384x112 bitDepth=4 palette=16
[2026-05-16 23:21:39] [WARN] ImageMagick falhou para sprites/characters/davi/crouch.png: Não é possível encontrar o arquivo especificado.. Tentando fallback .NET...
[2026-05-16 23:21:39] [INFO] Inspecao via fallback .NET para sprites/characters/davi/crouch.png: 192x112 bitDepth=4 palette=16
[2026-05-16 23:21:40] [WARN] ImageMagick falhou para sprites/characters/davi/jump.png: Não é possível encontrar o arquivo especificado.. Tentando fallback .NET...
[2026-05-16 23:21:40] [INFO] Inspecao via fallback .NET para sprites/characters/davi/jump.png: 576x112 bitDepth=4 palette=16
[2026-05-16 23:21:41] [WARN] ImageMagick falhou para sprites/characters/davi/guard.png: Não é possível encontrar o arquivo especificado.. Tentando fallback .NET...
[2026-05-16 23:21:41] [INFO] Inspecao via fallback .NET para sprites/characters/davi/guard.png: 288x112 bitDepth=4 palette=16
[2026-05-16 23:21:42] [WARN] ImageMagick falhou para sprites/characters/davi/jab.png: Não é possível encontrar o arquivo especificado.. Tentando fallback .NET...
[2026-05-16 23:21:42] [INFO] Inspecao via fallback .NET para sprites/characters/davi/jab.png: 384x112 bitDepth=4 palette=16
[2026-05-16 23:21:43] [WARN] ImageMagick falhou para sprites/characters/davi/medium.png: Não é possível encontrar o arquivo especificado.. Tentando fallback .NET...
[2026-05-16 23:21:43] [INFO] Inspecao via fallback .NET para sprites/characters/davi/medium.png: 480x112 bitDepth=4 palette=16
[2026-05-16 23:21:44] [WARN] ImageMagick falhou para sprites/characters/davi/grip.png: Não é possível encontrar o arquivo especificado.. Tentando fallback .NET...
[2026-05-16 23:21:44] [INFO] Inspecao via fallback .NET para sprites/characters/davi/grip.png: 480x112 bitDepth=4 palette=16
[2026-05-16 23:21:45] [WARN] ImageMagick falhou para sprites/characters/davi/hip_throw.png: Não é possível encontrar o arquivo especificado.. Tentando fallback .NET...
[2026-05-16 23:21:45] [INFO] Inspecao via fallback .NET para sprites/characters/davi/hip_throw.png: 768x112 bitDepth=4 palette=16
[2026-05-16 23:21:46] [WARN] ImageMagick falhou para sprites/characters/davi/hurt.png: Não é possível encontrar o arquivo especificado.. Tentando fallback .NET...
[2026-05-16 23:21:47] [INFO] Inspecao via fallback .NET para sprites/characters/davi/hurt.png: 384x112 bitDepth=4 palette=16
[2026-05-16 23:21:47] [WARN] ImageMagick falhou para sprites/characters/davi/knockdown.png: Não é possível encontrar o arquivo especificado.. Tentando fallback .NET...
[2026-05-16 23:21:48] [INFO] Inspecao via fallback .NET para sprites/characters/davi/knockdown.png: 576x112 bitDepth=4 palette=16
[2026-05-16 23:21:49] [WARN] ImageMagick falhou para sprites/characters/davi/getup.png: Não é possível encontrar o arquivo especificado.. Tentando fallback .NET...
[2026-05-16 23:21:49] [INFO] Inspecao via fallback .NET para sprites/characters/davi/getup.png: 576x112 bitDepth=4 palette=16
[2026-05-16 23:21:55] [WARN] Gate visual bloqueado: qualquer asset em needs_review impede Elite/AAA ate curadoria canonica.
[2026-05-16 23:21:56] [WARN] visual_delivery_gate_report bloqueou a promocao visual AAA.
[2026-05-16 23:21:58] [WARN] Changelog canonico desatualizado: assets_desatualizados=28.
[2026-05-16 23:21:58] [INFO] Validation finished. Errors: 0, Warnings: 4, Checked: 31, Recovered: 0
[2026-05-16 23:22:29] [INFO] --- Starting Resource Validation Suite ---
[2026-05-16 23:22:32] [INFO] Encontrados 1 arquivo(s) .res para validar.
[2026-05-16 23:22:32] [INFO] Validando F:\Projects\MegaDrive_DEV\SGDK_projects\NOVO ARARA GI FIGHTER V2 [VER.001] [SGDK 211] [GEN] [PROTOTIPO] [LUTA]\res\resources.res...
[2026-05-16 23:22:32] [WARN] ImageMagick falhou para bgs/lapa_bg_b.png: Não é possível encontrar o arquivo especificado.. Tentando fallback .NET...
[2026-05-16 23:22:32] [INFO] Inspecao via fallback .NET para bgs/lapa_bg_b.png: 320x160 bitDepth=4 palette=16
[2026-05-16 23:22:33] [WARN] ImageMagick falhou para bgs/lapa_bg_a.png: Não é possível encontrar o arquivo especificado.. Tentando fallback .NET...
[2026-05-16 23:22:33] [INFO] Inspecao via fallback .NET para bgs/lapa_bg_a.png: 320x64 bitDepth=4 palette=16
[2026-05-16 23:22:33] [WARN] Imagem lapa_bg_a: Slot indexado 0 esta visivel e cobre massa significativa; risco alto de perder forma util quando a transparencia estrutural for aplicada.
[2026-05-16 23:22:34] [WARN] ImageMagick falhou para sprites/effects/hit_spark.png: Não é possível encontrar o arquivo especificado.. Tentando fallback .NET...
[2026-05-16 23:22:34] [INFO] Inspecao via fallback .NET para sprites/effects/hit_spark.png: 96x32 bitDepth=4 palette=16
[2026-05-16 23:22:35] [WARN] ImageMagick falhou para sprites/characters/caio/idle.png: Não é possível encontrar o arquivo especificado.. Tentando fallback .NET...
[2026-05-16 23:22:35] [INFO] Inspecao via fallback .NET para sprites/characters/caio/idle.png: 576x112 bitDepth=4 palette=16
[2026-05-16 23:22:36] [WARN] ImageMagick falhou para sprites/characters/caio/walk_forward.png: Não é possível encontrar o arquivo especificado.. Tentando fallback .NET...
[2026-05-16 23:22:36] [INFO] Inspecao via fallback .NET para sprites/characters/caio/walk_forward.png: 576x112 bitDepth=4 palette=16
[2026-05-16 23:22:37] [WARN] ImageMagick falhou para sprites/characters/caio/walk_back.png: Não é possível encontrar o arquivo especificado.. Tentando fallback .NET...
[2026-05-16 23:22:37] [INFO] Inspecao via fallback .NET para sprites/characters/caio/walk_back.png: 576x112 bitDepth=4 palette=16
[2026-05-16 23:22:39] [WARN] ImageMagick falhou para sprites/characters/caio/dash.png: Não é possível encontrar o arquivo especificado.. Tentando fallback .NET...
[2026-05-16 23:22:39] [INFO] Inspecao via fallback .NET para sprites/characters/caio/dash.png: 384x112 bitDepth=4 palette=16
[2026-05-16 23:22:40] [WARN] ImageMagick falhou para sprites/characters/caio/crouch.png: Não é possível encontrar o arquivo especificado.. Tentando fallback .NET...
[2026-05-16 23:22:40] [INFO] Inspecao via fallback .NET para sprites/characters/caio/crouch.png: 192x112 bitDepth=4 palette=16
[2026-05-16 23:22:41] [WARN] ImageMagick falhou para sprites/characters/caio/jump.png: Não é possível encontrar o arquivo especificado.. Tentando fallback .NET...
[2026-05-16 23:22:41] [INFO] Inspecao via fallback .NET para sprites/characters/caio/jump.png: 576x112 bitDepth=4 palette=16
[2026-05-16 23:22:42] [WARN] ImageMagick falhou para sprites/characters/caio/guard.png: Não é possível encontrar o arquivo especificado.. Tentando fallback .NET...
[2026-05-16 23:22:42] [INFO] Inspecao via fallback .NET para sprites/characters/caio/guard.png: 288x112 bitDepth=4 palette=16
[2026-05-16 23:22:43] [WARN] ImageMagick falhou para sprites/characters/caio/jab.png: Não é possível encontrar o arquivo especificado.. Tentando fallback .NET...
[2026-05-16 23:22:43] [INFO] Inspecao via fallback .NET para sprites/characters/caio/jab.png: 384x112 bitDepth=4 palette=16
[2026-05-16 23:22:44] [WARN] ImageMagick falhou para sprites/characters/caio/medium.png: Não é possível encontrar o arquivo especificado.. Tentando fallback .NET...
[2026-05-16 23:22:44] [INFO] Inspecao via fallback .NET para sprites/characters/caio/medium.png: 480x112 bitDepth=4 palette=16
[2026-05-16 23:22:45] [WARN] ImageMagick falhou para sprites/characters/caio/grip.png: Não é possível encontrar o arquivo especificado.. Tentando fallback .NET...
[2026-05-16 23:22:45] [INFO] Inspecao via fallback .NET para sprites/characters/caio/grip.png: 480x112 bitDepth=4 palette=16
[2026-05-16 23:22:46] [WARN] ImageMagick falhou para sprites/characters/caio/hip_throw.png: Não é possível encontrar o arquivo especificado.. Tentando fallback .NET...
[2026-05-16 23:22:47] [INFO] Inspecao via fallback .NET para sprites/characters/caio/hip_throw.png: 768x112 bitDepth=4 palette=16
[2026-05-16 23:22:48] [WARN] ImageMagick falhou para sprites/characters/caio/hurt.png: Não é possível encontrar o arquivo especificado.. Tentando fallback .NET...
[2026-05-16 23:22:48] [INFO] Inspecao via fallback .NET para sprites/characters/caio/hurt.png: 384x112 bitDepth=4 palette=16
[2026-05-16 23:22:49] [WARN] ImageMagick falhou para sprites/characters/caio/knockdown.png: Não é possível encontrar o arquivo especificado.. Tentando fallback .NET...
[2026-05-16 23:22:50] [INFO] Inspecao via fallback .NET para sprites/characters/caio/knockdown.png: 576x112 bitDepth=4 palette=16
[2026-05-16 23:22:51] [WARN] ImageMagick falhou para sprites/characters/caio/getup.png: Não é possível encontrar o arquivo especificado.. Tentando fallback .NET...
[2026-05-16 23:22:51] [INFO] Inspecao via fallback .NET para sprites/characters/caio/getup.png: 576x112 bitDepth=4 palette=16
[2026-05-16 23:22:52] [WARN] ImageMagick falhou para sprites/characters/davi/idle.png: Não é possível encontrar o arquivo especificado.. Tentando fallback .NET...
[2026-05-16 23:22:53] [INFO] Inspecao via fallback .NET para sprites/characters/davi/idle.png: 576x112 bitDepth=4 palette=16
[2026-05-16 23:22:54] [WARN] ImageMagick falhou para sprites/characters/davi/walk_forward.png: Não é possível encontrar o arquivo especificado.. Tentando fallback .NET...
[2026-05-16 23:22:54] [INFO] Inspecao via fallback .NET para sprites/characters/davi/walk_forward.png: 576x112 bitDepth=4 palette=16
[2026-05-16 23:22:55] [WARN] ImageMagick falhou para sprites/characters/davi/walk_back.png: Não é possível encontrar o arquivo especificado.. Tentando fallback .NET...
[2026-05-16 23:22:55] [INFO] Inspecao via fallback .NET para sprites/characters/davi/walk_back.png: 576x112 bitDepth=4 palette=16
[2026-05-16 23:22:56] [WARN] ImageMagick falhou para sprites/characters/davi/dash.png: Não é possível encontrar o arquivo especificado.. Tentando fallback .NET...
[2026-05-16 23:22:56] [INFO] Inspecao via fallback .NET para sprites/characters/davi/dash.png: 384x112 bitDepth=4 palette=16
[2026-05-16 23:22:57] [WARN] ImageMagick falhou para sprites/characters/davi/crouch.png: Não é possível encontrar o arquivo especificado.. Tentando fallback .NET...
[2026-05-16 23:22:57] [INFO] Inspecao via fallback .NET para sprites/characters/davi/crouch.png: 192x112 bitDepth=4 palette=16
[2026-05-16 23:22:58] [WARN] ImageMagick falhou para sprites/characters/davi/jump.png: Não é possível encontrar o arquivo especificado.. Tentando fallback .NET...
[2026-05-16 23:22:59] [INFO] Inspecao via fallback .NET para sprites/characters/davi/jump.png: 576x112 bitDepth=4 palette=16
[2026-05-16 23:23:00] [WARN] ImageMagick falhou para sprites/characters/davi/guard.png: Não é possível encontrar o arquivo especificado.. Tentando fallback .NET...
[2026-05-16 23:23:00] [INFO] Inspecao via fallback .NET para sprites/characters/davi/guard.png: 288x112 bitDepth=4 palette=16
[2026-05-16 23:23:00] [WARN] ImageMagick falhou para sprites/characters/davi/jab.png: Não é possível encontrar o arquivo especificado.. Tentando fallback .NET...
[2026-05-16 23:23:01] [INFO] Inspecao via fallback .NET para sprites/characters/davi/jab.png: 384x112 bitDepth=4 palette=16
[2026-05-16 23:23:01] [WARN] ImageMagick falhou para sprites/characters/davi/medium.png: Não é possível encontrar o arquivo especificado.. Tentando fallback .NET...
[2026-05-16 23:23:02] [INFO] Inspecao via fallback .NET para sprites/characters/davi/medium.png: 480x112 bitDepth=4 palette=16
[2026-05-16 23:23:03] [WARN] ImageMagick falhou para sprites/characters/davi/grip.png: Não é possível encontrar o arquivo especificado.. Tentando fallback .NET...
[2026-05-16 23:23:03] [INFO] Inspecao via fallback .NET para sprites/characters/davi/grip.png: 480x112 bitDepth=4 palette=16
[2026-05-16 23:23:04] [WARN] ImageMagick falhou para sprites/characters/davi/hip_throw.png: Não é possível encontrar o arquivo especificado.. Tentando fallback .NET...
[2026-05-16 23:23:04] [INFO] Inspecao via fallback .NET para sprites/characters/davi/hip_throw.png: 768x112 bitDepth=4 palette=16
[2026-05-16 23:23:05] [WARN] ImageMagick falhou para sprites/characters/davi/hurt.png: Não é possível encontrar o arquivo especificado.. Tentando fallback .NET...
[2026-05-16 23:23:05] [INFO] Inspecao via fallback .NET para sprites/characters/davi/hurt.png: 384x112 bitDepth=4 palette=16
[2026-05-16 23:23:06] [WARN] ImageMagick falhou para sprites/characters/davi/knockdown.png: Não é possível encontrar o arquivo especificado.. Tentando fallback .NET...
[2026-05-16 23:23:06] [INFO] Inspecao via fallback .NET para sprites/characters/davi/knockdown.png: 576x112 bitDepth=4 palette=16
[2026-05-16 23:23:08] [WARN] ImageMagick falhou para sprites/characters/davi/getup.png: Não é possível encontrar o arquivo especificado.. Tentando fallback .NET...
[2026-05-16 23:23:08] [INFO] Inspecao via fallback .NET para sprites/characters/davi/getup.png: 576x112 bitDepth=4 palette=16
[2026-05-16 23:23:11] [WARN] Gate visual bloqueado: qualquer asset em needs_review impede Elite/AAA ate curadoria canonica.
[2026-05-16 23:23:12] [WARN] visual_delivery_gate_report bloqueou a promocao visual AAA.
[2026-05-16 23:23:12] [WARN] Evidencia de emulador obsoleta ou insuficiente: runtime_metrics_stale.
[2026-05-16 23:23:13] [INFO] Validation finished. Errors: 0, Warnings: 4, Checked: 31, Recovered: 0
[2026-05-16 23:23:29] [INFO] --- Starting Resource Validation Suite ---
[2026-05-16 23:23:32] [INFO] Encontrados 1 arquivo(s) .res para validar.
[2026-05-16 23:23:33] [INFO] Validando F:\Projects\MegaDrive_DEV\SGDK_projects\NOVO ARARA GI FIGHTER V2 [VER.001] [SGDK 211] [GEN] [PROTOTIPO] [LUTA]\res\resources.res...
[2026-05-16 23:23:33] [WARN] ImageMagick falhou para bgs/lapa_bg_b.png: Não é possível encontrar o arquivo especificado.. Tentando fallback .NET...
[2026-05-16 23:23:33] [INFO] Inspecao via fallback .NET para bgs/lapa_bg_b.png: 320x160 bitDepth=4 palette=16
[2026-05-16 23:23:34] [WARN] ImageMagick falhou para bgs/lapa_bg_a.png: Não é possível encontrar o arquivo especificado.. Tentando fallback .NET...
[2026-05-16 23:23:34] [INFO] Inspecao via fallback .NET para bgs/lapa_bg_a.png: 320x64 bitDepth=4 palette=16
[2026-05-16 23:23:34] [WARN] Imagem lapa_bg_a: Slot indexado 0 esta visivel e cobre massa significativa; risco alto de perder forma util quando a transparencia estrutural for aplicada.
[2026-05-16 23:23:35] [WARN] ImageMagick falhou para sprites/effects/hit_spark.png: Não é possível encontrar o arquivo especificado.. Tentando fallback .NET...
[2026-05-16 23:23:35] [INFO] Inspecao via fallback .NET para sprites/effects/hit_spark.png: 96x32 bitDepth=4 palette=16
[2026-05-16 23:23:36] [WARN] ImageMagick falhou para sprites/characters/caio/idle.png: Não é possível encontrar o arquivo especificado.. Tentando fallback .NET...
[2026-05-16 23:23:36] [INFO] Inspecao via fallback .NET para sprites/characters/caio/idle.png: 576x112 bitDepth=4 palette=16
[2026-05-16 23:23:37] [WARN] ImageMagick falhou para sprites/characters/caio/walk_forward.png: Não é possível encontrar o arquivo especificado.. Tentando fallback .NET...
[2026-05-16 23:23:37] [INFO] Inspecao via fallback .NET para sprites/characters/caio/walk_forward.png: 576x112 bitDepth=4 palette=16
[2026-05-16 23:23:39] [WARN] ImageMagick falhou para sprites/characters/caio/walk_back.png: Não é possível encontrar o arquivo especificado.. Tentando fallback .NET...
[2026-05-16 23:23:39] [INFO] Inspecao via fallback .NET para sprites/characters/caio/walk_back.png: 576x112 bitDepth=4 palette=16
[2026-05-16 23:23:40] [WARN] ImageMagick falhou para sprites/characters/caio/dash.png: Não é possível encontrar o arquivo especificado.. Tentando fallback .NET...
[2026-05-16 23:23:40] [INFO] Inspecao via fallback .NET para sprites/characters/caio/dash.png: 384x112 bitDepth=4 palette=16
[2026-05-16 23:23:41] [WARN] ImageMagick falhou para sprites/characters/caio/crouch.png: Não é possível encontrar o arquivo especificado.. Tentando fallback .NET...
[2026-05-16 23:23:41] [INFO] Inspecao via fallback .NET para sprites/characters/caio/crouch.png: 192x112 bitDepth=4 palette=16
[2026-05-16 23:23:42] [WARN] ImageMagick falhou para sprites/characters/caio/jump.png: Não é possível encontrar o arquivo especificado.. Tentando fallback .NET...
[2026-05-16 23:23:42] [INFO] Inspecao via fallback .NET para sprites/characters/caio/jump.png: 576x112 bitDepth=4 palette=16
[2026-05-16 23:23:43] [WARN] ImageMagick falhou para sprites/characters/caio/guard.png: Não é possível encontrar o arquivo especificado.. Tentando fallback .NET...
[2026-05-16 23:23:43] [INFO] Inspecao via fallback .NET para sprites/characters/caio/guard.png: 288x112 bitDepth=4 palette=16
[2026-05-16 23:23:44] [WARN] ImageMagick falhou para sprites/characters/caio/jab.png: Não é possível encontrar o arquivo especificado.. Tentando fallback .NET...
[2026-05-16 23:23:44] [INFO] Inspecao via fallback .NET para sprites/characters/caio/jab.png: 384x112 bitDepth=4 palette=16
[2026-05-16 23:23:45] [WARN] ImageMagick falhou para sprites/characters/caio/medium.png: Não é possível encontrar o arquivo especificado.. Tentando fallback .NET...
[2026-05-16 23:23:45] [INFO] Inspecao via fallback .NET para sprites/characters/caio/medium.png: 480x112 bitDepth=4 palette=16
[2026-05-16 23:23:46] [WARN] ImageMagick falhou para sprites/characters/caio/grip.png: Não é possível encontrar o arquivo especificado.. Tentando fallback .NET...
[2026-05-16 23:23:46] [INFO] Inspecao via fallback .NET para sprites/characters/caio/grip.png: 480x112 bitDepth=4 palette=16
[2026-05-16 23:23:47] [WARN] ImageMagick falhou para sprites/characters/caio/hip_throw.png: Não é possível encontrar o arquivo especificado.. Tentando fallback .NET...
[2026-05-16 23:23:48] [INFO] Inspecao via fallback .NET para sprites/characters/caio/hip_throw.png: 768x112 bitDepth=4 palette=16
[2026-05-16 23:23:49] [WARN] ImageMagick falhou para sprites/characters/caio/hurt.png: Não é possível encontrar o arquivo especificado.. Tentando fallback .NET...
[2026-05-16 23:23:49] [INFO] Inspecao via fallback .NET para sprites/characters/caio/hurt.png: 384x112 bitDepth=4 palette=16
[2026-05-16 23:23:50] [WARN] ImageMagick falhou para sprites/characters/caio/knockdown.png: Não é possível encontrar o arquivo especificado.. Tentando fallback .NET...
[2026-05-16 23:23:51] [INFO] Inspecao via fallback .NET para sprites/characters/caio/knockdown.png: 576x112 bitDepth=4 palette=16
[2026-05-16 23:23:52] [WARN] ImageMagick falhou para sprites/characters/caio/getup.png: Não é possível encontrar o arquivo especificado.. Tentando fallback .NET...
[2026-05-16 23:23:52] [INFO] Inspecao via fallback .NET para sprites/characters/caio/getup.png: 576x112 bitDepth=4 palette=16
[2026-05-16 23:23:53] [WARN] ImageMagick falhou para sprites/characters/davi/idle.png: Não é possível encontrar o arquivo especificado.. Tentando fallback .NET...
[2026-05-16 23:23:53] [INFO] Inspecao via fallback .NET para sprites/characters/davi/idle.png: 576x112 bitDepth=4 palette=16
[2026-05-16 23:23:55] [WARN] ImageMagick falhou para sprites/characters/davi/walk_forward.png: Não é possível encontrar o arquivo especificado.. Tentando fallback .NET...
[2026-05-16 23:23:55] [INFO] Inspecao via fallback .NET para sprites/characters/davi/walk_forward.png: 576x112 bitDepth=4 palette=16
[2026-05-16 23:23:56] [WARN] ImageMagick falhou para sprites/characters/davi/walk_back.png: Não é possível encontrar o arquivo especificado.. Tentando fallback .NET...
[2026-05-16 23:23:56] [INFO] Inspecao via fallback .NET para sprites/characters/davi/walk_back.png: 576x112 bitDepth=4 palette=16
[2026-05-16 23:23:58] [WARN] ImageMagick falhou para sprites/characters/davi/dash.png: Não é possível encontrar o arquivo especificado.. Tentando fallback .NET...
[2026-05-16 23:23:58] [INFO] Inspecao via fallback .NET para sprites/characters/davi/dash.png: 384x112 bitDepth=4 palette=16
[2026-05-16 23:23:59] [WARN] ImageMagick falhou para sprites/characters/davi/crouch.png: Não é possível encontrar o arquivo especificado.. Tentando fallback .NET...
[2026-05-16 23:23:59] [INFO] Inspecao via fallback .NET para sprites/characters/davi/crouch.png: 192x112 bitDepth=4 palette=16
[2026-05-16 23:23:59] [WARN] ImageMagick falhou para sprites/characters/davi/jump.png: Não é possível encontrar o arquivo especificado.. Tentando fallback .NET...
[2026-05-16 23:23:59] [INFO] Inspecao via fallback .NET para sprites/characters/davi/jump.png: 576x112 bitDepth=4 palette=16
[2026-05-16 23:24:01] [WARN] ImageMagick falhou para sprites/characters/davi/guard.png: Não é possível encontrar o arquivo especificado.. Tentando fallback .NET...
[2026-05-16 23:24:01] [INFO] Inspecao via fallback .NET para sprites/characters/davi/guard.png: 288x112 bitDepth=4 palette=16
[2026-05-16 23:24:02] [WARN] ImageMagick falhou para sprites/characters/davi/jab.png: Não é possível encontrar o arquivo especificado.. Tentando fallback .NET...
[2026-05-16 23:24:02] [INFO] Inspecao via fallback .NET para sprites/characters/davi/jab.png: 384x112 bitDepth=4 palette=16
[2026-05-16 23:24:03] [WARN] ImageMagick falhou para sprites/characters/davi/medium.png: Não é possível encontrar o arquivo especificado.. Tentando fallback .NET...
[2026-05-16 23:24:03] [INFO] Inspecao via fallback .NET para sprites/characters/davi/medium.png: 480x112 bitDepth=4 palette=16
[2026-05-16 23:24:04] [WARN] ImageMagick falhou para sprites/characters/davi/grip.png: Não é possível encontrar o arquivo especificado.. Tentando fallback .NET...
[2026-05-16 23:24:04] [INFO] Inspecao via fallback .NET para sprites/characters/davi/grip.png: 480x112 bitDepth=4 palette=16
[2026-05-16 23:24:05] [WARN] ImageMagick falhou para sprites/characters/davi/hip_throw.png: Não é possível encontrar o arquivo especificado.. Tentando fallback .NET...
[2026-05-16 23:24:05] [INFO] Inspecao via fallback .NET para sprites/characters/davi/hip_throw.png: 768x112 bitDepth=4 palette=16
[2026-05-16 23:24:07] [WARN] ImageMagick falhou para sprites/characters/davi/hurt.png: Não é possível encontrar o arquivo especificado.. Tentando fallback .NET...
[2026-05-16 23:24:07] [INFO] Inspecao via fallback .NET para sprites/characters/davi/hurt.png: 384x112 bitDepth=4 palette=16
[2026-05-16 23:24:08] [WARN] ImageMagick falhou para sprites/characters/davi/knockdown.png: Não é possível encontrar o arquivo especificado.. Tentando fallback .NET...
[2026-05-16 23:24:08] [INFO] Inspecao via fallback .NET para sprites/characters/davi/knockdown.png: 576x112 bitDepth=4 palette=16
[2026-05-16 23:24:09] [WARN] ImageMagick falhou para sprites/characters/davi/getup.png: Não é possível encontrar o arquivo especificado.. Tentando fallback .NET...
[2026-05-16 23:24:09] [INFO] Inspecao via fallback .NET para sprites/characters/davi/getup.png: 576x112 bitDepth=4 palette=16
[2026-05-16 23:24:13] [WARN] Gate visual bloqueado: qualquer asset em needs_review impede Elite/AAA ate curadoria canonica.
[2026-05-16 23:24:13] [WARN] visual_delivery_gate_report bloqueou a promocao visual AAA.
[2026-05-16 23:24:14] [WARN] Evidencia de emulador obsoleta ou insuficiente: runtime_metrics_stale.
[2026-05-16 23:24:14] [INFO] Validation finished. Errors: 0, Warnings: 4, Checked: 31, Recovered: 0
[2026-05-16 23:27:00] [INFO] --- Starting Resource Validation Suite ---
[2026-05-16 23:27:03] [INFO] Encontrados 1 arquivo(s) .res para validar.
[2026-05-16 23:27:03] [INFO] Validando F:\Projects\MegaDrive_DEV\SGDK_projects\NOVO ARARA GI FIGHTER V2 [VER.001] [SGDK 211] [GEN] [PROTOTIPO] [LUTA]\res\resources.res...
[2026-05-16 23:27:03] [WARN] ImageMagick falhou para bgs/lapa_bg_b.png: Não é possível encontrar o arquivo especificado.. Tentando fallback .NET...
[2026-05-16 23:27:03] [INFO] Inspecao via fallback .NET para bgs/lapa_bg_b.png: 320x160 bitDepth=4 palette=16
[2026-05-16 23:27:04] [WARN] ImageMagick falhou para bgs/lapa_bg_a.png: Não é possível encontrar o arquivo especificado.. Tentando fallback .NET...
[2026-05-16 23:27:05] [INFO] Inspecao via fallback .NET para bgs/lapa_bg_a.png: 320x64 bitDepth=4 palette=16
[2026-05-16 23:27:05] [WARN] Imagem lapa_bg_a: Slot indexado 0 esta visivel e cobre massa significativa; risco alto de perder forma util quando a transparencia estrutural for aplicada.
[2026-05-16 23:27:05] [WARN] ImageMagick falhou para sprites/effects/hit_spark.png: Não é possível encontrar o arquivo especificado.. Tentando fallback .NET...
[2026-05-16 23:27:05] [INFO] Inspecao via fallback .NET para sprites/effects/hit_spark.png: 96x32 bitDepth=4 palette=16
[2026-05-16 23:27:06] [WARN] ImageMagick falhou para sprites/characters/caio/idle.png: Não é possível encontrar o arquivo especificado.. Tentando fallback .NET...
[2026-05-16 23:27:06] [INFO] Inspecao via fallback .NET para sprites/characters/caio/idle.png: 576x112 bitDepth=4 palette=16
[2026-05-16 23:27:07] [WARN] ImageMagick falhou para sprites/characters/caio/walk_forward.png: Não é possível encontrar o arquivo especificado.. Tentando fallback .NET...
[2026-05-16 23:27:07] [INFO] Inspecao via fallback .NET para sprites/characters/caio/walk_forward.png: 576x112 bitDepth=4 palette=16
[2026-05-16 23:27:09] [WARN] ImageMagick falhou para sprites/characters/caio/walk_back.png: Não é possível encontrar o arquivo especificado.. Tentando fallback .NET...
[2026-05-16 23:27:09] [INFO] Inspecao via fallback .NET para sprites/characters/caio/walk_back.png: 576x112 bitDepth=4 palette=16
[2026-05-16 23:27:10] [WARN] ImageMagick falhou para sprites/characters/caio/dash.png: Não é possível encontrar o arquivo especificado.. Tentando fallback .NET...
[2026-05-16 23:27:10] [INFO] Inspecao via fallback .NET para sprites/characters/caio/dash.png: 384x112 bitDepth=4 palette=16
[2026-05-16 23:27:11] [WARN] ImageMagick falhou para sprites/characters/caio/crouch.png: Não é possível encontrar o arquivo especificado.. Tentando fallback .NET...
[2026-05-16 23:27:11] [INFO] Inspecao via fallback .NET para sprites/characters/caio/crouch.png: 192x112 bitDepth=4 palette=16
[2026-05-16 23:27:12] [WARN] ImageMagick falhou para sprites/characters/caio/jump.png: Não é possível encontrar o arquivo especificado.. Tentando fallback .NET...
[2026-05-16 23:27:12] [INFO] Inspecao via fallback .NET para sprites/characters/caio/jump.png: 576x112 bitDepth=4 palette=16
[2026-05-16 23:27:13] [WARN] ImageMagick falhou para sprites/characters/caio/guard.png: Não é possível encontrar o arquivo especificado.. Tentando fallback .NET...
[2026-05-16 23:27:13] [INFO] Inspecao via fallback .NET para sprites/characters/caio/guard.png: 288x112 bitDepth=4 palette=16
[2026-05-16 23:27:14] [WARN] ImageMagick falhou para sprites/characters/caio/jab.png: Não é possível encontrar o arquivo especificado.. Tentando fallback .NET...
[2026-05-16 23:27:14] [INFO] Inspecao via fallback .NET para sprites/characters/caio/jab.png: 384x112 bitDepth=4 palette=16
[2026-05-16 23:27:15] [WARN] ImageMagick falhou para sprites/characters/caio/medium.png: Não é possível encontrar o arquivo especificado.. Tentando fallback .NET...
[2026-05-16 23:27:15] [INFO] Inspecao via fallback .NET para sprites/characters/caio/medium.png: 480x112 bitDepth=4 palette=16
[2026-05-16 23:27:16] [WARN] ImageMagick falhou para sprites/characters/caio/grip.png: Não é possível encontrar o arquivo especificado.. Tentando fallback .NET...
[2026-05-16 23:27:17] [INFO] Inspecao via fallback .NET para sprites/characters/caio/grip.png: 480x112 bitDepth=4 palette=16
[2026-05-16 23:27:18] [WARN] ImageMagick falhou para sprites/characters/caio/hip_throw.png: Não é possível encontrar o arquivo especificado.. Tentando fallback .NET...
[2026-05-16 23:27:18] [INFO] Inspecao via fallback .NET para sprites/characters/caio/hip_throw.png: 768x112 bitDepth=4 palette=16
[2026-05-16 23:27:20] [WARN] ImageMagick falhou para sprites/characters/caio/hurt.png: Não é possível encontrar o arquivo especificado.. Tentando fallback .NET...
[2026-05-16 23:27:20] [INFO] Inspecao via fallback .NET para sprites/characters/caio/hurt.png: 384x112 bitDepth=4 palette=16
[2026-05-16 23:27:21] [WARN] ImageMagick falhou para sprites/characters/caio/knockdown.png: Não é possível encontrar o arquivo especificado.. Tentando fallback .NET...
[2026-05-16 23:27:21] [INFO] Inspecao via fallback .NET para sprites/characters/caio/knockdown.png: 576x112 bitDepth=4 palette=16
[2026-05-16 23:27:23] [WARN] ImageMagick falhou para sprites/characters/caio/getup.png: Não é possível encontrar o arquivo especificado.. Tentando fallback .NET...
[2026-05-16 23:27:23] [INFO] Inspecao via fallback .NET para sprites/characters/caio/getup.png: 576x112 bitDepth=4 palette=16
[2026-05-16 23:27:25] [WARN] ImageMagick falhou para sprites/characters/davi/idle.png: Não é possível encontrar o arquivo especificado.. Tentando fallback .NET...
[2026-05-16 23:27:25] [INFO] Inspecao via fallback .NET para sprites/characters/davi/idle.png: 576x112 bitDepth=4 palette=16
[2026-05-16 23:27:26] [WARN] ImageMagick falhou para sprites/characters/davi/walk_forward.png: Não é possível encontrar o arquivo especificado.. Tentando fallback .NET...
[2026-05-16 23:27:26] [INFO] Inspecao via fallback .NET para sprites/characters/davi/walk_forward.png: 576x112 bitDepth=4 palette=16
[2026-05-16 23:27:28] [WARN] ImageMagick falhou para sprites/characters/davi/walk_back.png: Não é possível encontrar o arquivo especificado.. Tentando fallback .NET...
[2026-05-16 23:27:28] [INFO] Inspecao via fallback .NET para sprites/characters/davi/walk_back.png: 576x112 bitDepth=4 palette=16
[2026-05-16 23:27:29] [WARN] ImageMagick falhou para sprites/characters/davi/dash.png: Não é possível encontrar o arquivo especificado.. Tentando fallback .NET...
[2026-05-16 23:27:29] [INFO] Inspecao via fallback .NET para sprites/characters/davi/dash.png: 384x112 bitDepth=4 palette=16
[2026-05-16 23:27:30] [WARN] ImageMagick falhou para sprites/characters/davi/crouch.png: Não é possível encontrar o arquivo especificado.. Tentando fallback .NET...
[2026-05-16 23:27:30] [INFO] Inspecao via fallback .NET para sprites/characters/davi/crouch.png: 192x112 bitDepth=4 palette=16
[2026-05-16 23:27:31] [WARN] ImageMagick falhou para sprites/characters/davi/jump.png: Não é possível encontrar o arquivo especificado.. Tentando fallback .NET...
[2026-05-16 23:27:31] [INFO] Inspecao via fallback .NET para sprites/characters/davi/jump.png: 576x112 bitDepth=4 palette=16
[2026-05-16 23:27:32] [WARN] ImageMagick falhou para sprites/characters/davi/guard.png: Não é possível encontrar o arquivo especificado.. Tentando fallback .NET...
[2026-05-16 23:27:32] [INFO] Inspecao via fallback .NET para sprites/characters/davi/guard.png: 288x112 bitDepth=4 palette=16
[2026-05-16 23:27:33] [WARN] ImageMagick falhou para sprites/characters/davi/jab.png: Não é possível encontrar o arquivo especificado.. Tentando fallback .NET...
[2026-05-16 23:27:33] [INFO] Inspecao via fallback .NET para sprites/characters/davi/jab.png: 384x112 bitDepth=4 palette=16
[2026-05-16 23:27:34] [WARN] ImageMagick falhou para sprites/characters/davi/medium.png: Não é possível encontrar o arquivo especificado.. Tentando fallback .NET...
[2026-05-16 23:27:34] [INFO] Inspecao via fallback .NET para sprites/characters/davi/medium.png: 480x112 bitDepth=4 palette=16
[2026-05-16 23:27:36] [WARN] ImageMagick falhou para sprites/characters/davi/grip.png: Não é possível encontrar o arquivo especificado.. Tentando fallback .NET...
[2026-05-16 23:27:36] [INFO] Inspecao via fallback .NET para sprites/characters/davi/grip.png: 480x112 bitDepth=4 palette=16
[2026-05-16 23:27:37] [WARN] ImageMagick falhou para sprites/characters/davi/hip_throw.png: Não é possível encontrar o arquivo especificado.. Tentando fallback .NET...
[2026-05-16 23:27:37] [INFO] Inspecao via fallback .NET para sprites/characters/davi/hip_throw.png: 768x112 bitDepth=4 palette=16
[2026-05-16 23:27:38] [WARN] ImageMagick falhou para sprites/characters/davi/hurt.png: Não é possível encontrar o arquivo especificado.. Tentando fallback .NET...
[2026-05-16 23:27:38] [INFO] Inspecao via fallback .NET para sprites/characters/davi/hurt.png: 384x112 bitDepth=4 palette=16
[2026-05-16 23:27:39] [WARN] ImageMagick falhou para sprites/characters/davi/knockdown.png: Não é possível encontrar o arquivo especificado.. Tentando fallback .NET...
[2026-05-16 23:27:40] [INFO] Inspecao via fallback .NET para sprites/characters/davi/knockdown.png: 576x112 bitDepth=4 palette=16
[2026-05-16 23:27:41] [WARN] ImageMagick falhou para sprites/characters/davi/getup.png: Não é possível encontrar o arquivo especificado.. Tentando fallback .NET...
[2026-05-16 23:27:41] [INFO] Inspecao via fallback .NET para sprites/characters/davi/getup.png: 576x112 bitDepth=4 palette=16
[2026-05-16 23:27:44] [WARN] Gate visual bloqueado: qualquer asset em needs_review impede Elite/AAA ate curadoria canonica.
[2026-05-16 23:27:44] [WARN] visual_delivery_gate_report bloqueou a promocao visual AAA.
[2026-05-16 23:27:45] [WARN] Evidencia de emulador obsoleta ou insuficiente: rom_identity_mismatch.
[2026-05-16 23:27:45] [INFO] Validation finished. Errors: 0, Warnings: 4, Checked: 31, Recovered: 0
[2026-05-16 23:32:25] [INFO] --- Starting Resource Validation Suite ---
[2026-05-16 23:32:28] [INFO] Encontrados 1 arquivo(s) .res para validar.
[2026-05-16 23:32:28] [INFO] Validando F:\Projects\MegaDrive_DEV\SGDK_projects\NOVO ARARA GI FIGHTER V2 [VER.001] [SGDK 211] [GEN] [PROTOTIPO] [LUTA]\res\resources.res...
[2026-05-16 23:32:28] [WARN] ImageMagick falhou para bgs/lapa_bg_b.png: Não é possível encontrar o arquivo especificado.. Tentando fallback .NET...
[2026-05-16 23:32:28] [INFO] Inspecao via fallback .NET para bgs/lapa_bg_b.png: 320x160 bitDepth=4 palette=16
[2026-05-16 23:32:29] [WARN] ImageMagick falhou para bgs/lapa_bg_a.png: Não é possível encontrar o arquivo especificado.. Tentando fallback .NET...
[2026-05-16 23:32:29] [INFO] Inspecao via fallback .NET para bgs/lapa_bg_a.png: 320x64 bitDepth=4 palette=16
[2026-05-16 23:32:29] [WARN] Imagem lapa_bg_a: Slot indexado 0 esta visivel e cobre massa significativa; risco alto de perder forma util quando a transparencia estrutural for aplicada.
[2026-05-16 23:32:30] [WARN] ImageMagick falhou para sprites/effects/hit_spark.png: Não é possível encontrar o arquivo especificado.. Tentando fallback .NET...
[2026-05-16 23:32:30] [INFO] Inspecao via fallback .NET para sprites/effects/hit_spark.png: 96x32 bitDepth=4 palette=16
[2026-05-16 23:32:31] [WARN] ImageMagick falhou para sprites/characters/caio/idle.png: Não é possível encontrar o arquivo especificado.. Tentando fallback .NET...
[2026-05-16 23:32:31] [INFO] Inspecao via fallback .NET para sprites/characters/caio/idle.png: 576x112 bitDepth=4 palette=16
[2026-05-16 23:32:32] [WARN] ImageMagick falhou para sprites/characters/caio/walk_forward.png: Não é possível encontrar o arquivo especificado.. Tentando fallback .NET...
[2026-05-16 23:32:32] [INFO] Inspecao via fallback .NET para sprites/characters/caio/walk_forward.png: 576x112 bitDepth=4 palette=16
[2026-05-16 23:32:33] [WARN] ImageMagick falhou para sprites/characters/caio/walk_back.png: Não é possível encontrar o arquivo especificado.. Tentando fallback .NET...
[2026-05-16 23:32:34] [INFO] Inspecao via fallback .NET para sprites/characters/caio/walk_back.png: 576x112 bitDepth=4 palette=16
[2026-05-16 23:32:35] [WARN] ImageMagick falhou para sprites/characters/caio/dash.png: Não é possível encontrar o arquivo especificado.. Tentando fallback .NET...
[2026-05-16 23:32:35] [INFO] Inspecao via fallback .NET para sprites/characters/caio/dash.png: 384x112 bitDepth=4 palette=16
[2026-05-16 23:32:36] [WARN] ImageMagick falhou para sprites/characters/caio/crouch.png: Não é possível encontrar o arquivo especificado.. Tentando fallback .NET...
[2026-05-16 23:32:36] [INFO] Inspecao via fallback .NET para sprites/characters/caio/crouch.png: 192x112 bitDepth=4 palette=16
[2026-05-16 23:32:37] [WARN] ImageMagick falhou para sprites/characters/caio/jump.png: Não é possível encontrar o arquivo especificado.. Tentando fallback .NET...
[2026-05-16 23:32:37] [INFO] Inspecao via fallback .NET para sprites/characters/caio/jump.png: 576x112 bitDepth=4 palette=16
[2026-05-16 23:32:38] [WARN] ImageMagick falhou para sprites/characters/caio/guard.png: Não é possível encontrar o arquivo especificado.. Tentando fallback .NET...
[2026-05-16 23:32:38] [INFO] Inspecao via fallback .NET para sprites/characters/caio/guard.png: 288x112 bitDepth=4 palette=16
[2026-05-16 23:32:39] [WARN] ImageMagick falhou para sprites/characters/caio/jab.png: Não é possível encontrar o arquivo especificado.. Tentando fallback .NET...
[2026-05-16 23:32:39] [INFO] Inspecao via fallback .NET para sprites/characters/caio/jab.png: 384x112 bitDepth=4 palette=16
[2026-05-16 23:32:40] [WARN] ImageMagick falhou para sprites/characters/caio/medium.png: Não é possível encontrar o arquivo especificado.. Tentando fallback .NET...
[2026-05-16 23:32:40] [INFO] Inspecao via fallback .NET para sprites/characters/caio/medium.png: 480x112 bitDepth=4 palette=16
[2026-05-16 23:32:41] [WARN] ImageMagick falhou para sprites/characters/caio/grip.png: Não é possível encontrar o arquivo especificado.. Tentando fallback .NET...
[2026-05-16 23:32:41] [INFO] Inspecao via fallback .NET para sprites/characters/caio/grip.png: 480x112 bitDepth=4 palette=16
[2026-05-16 23:32:43] [WARN] ImageMagick falhou para sprites/characters/caio/hip_throw.png: Não é possível encontrar o arquivo especificado.. Tentando fallback .NET...
[2026-05-16 23:32:43] [INFO] Inspecao via fallback .NET para sprites/characters/caio/hip_throw.png: 768x112 bitDepth=4 palette=16
[2026-05-16 23:32:45] [WARN] ImageMagick falhou para sprites/characters/caio/hurt.png: Não é possível encontrar o arquivo especificado.. Tentando fallback .NET...
[2026-05-16 23:32:45] [INFO] Inspecao via fallback .NET para sprites/characters/caio/hurt.png: 384x112 bitDepth=4 palette=16
[2026-05-16 23:32:46] [WARN] ImageMagick falhou para sprites/characters/caio/knockdown.png: Não é possível encontrar o arquivo especificado.. Tentando fallback .NET...
[2026-05-16 23:32:46] [INFO] Inspecao via fallback .NET para sprites/characters/caio/knockdown.png: 576x112 bitDepth=4 palette=16
[2026-05-16 23:32:47] [WARN] ImageMagick falhou para sprites/characters/caio/getup.png: Não é possível encontrar o arquivo especificado.. Tentando fallback .NET...
[2026-05-16 23:32:48] [INFO] Inspecao via fallback .NET para sprites/characters/caio/getup.png: 576x112 bitDepth=4 palette=16
[2026-05-16 23:32:49] [WARN] ImageMagick falhou para sprites/characters/davi/idle.png: Não é possível encontrar o arquivo especificado.. Tentando fallback .NET...
[2026-05-16 23:32:49] [INFO] Inspecao via fallback .NET para sprites/characters/davi/idle.png: 576x112 bitDepth=4 palette=16
[2026-05-16 23:32:50] [WARN] ImageMagick falhou para sprites/characters/davi/walk_forward.png: Não é possível encontrar o arquivo especificado.. Tentando fallback .NET...
[2026-05-16 23:32:51] [INFO] Inspecao via fallback .NET para sprites/characters/davi/walk_forward.png: 576x112 bitDepth=4 palette=16
[2026-05-16 23:32:52] [WARN] ImageMagick falhou para sprites/characters/davi/walk_back.png: Não é possível encontrar o arquivo especificado.. Tentando fallback .NET...
[2026-05-16 23:32:52] [INFO] Inspecao via fallback .NET para sprites/characters/davi/walk_back.png: 576x112 bitDepth=4 palette=16
[2026-05-16 23:32:53] [WARN] ImageMagick falhou para sprites/characters/davi/dash.png: Não é possível encontrar o arquivo especificado.. Tentando fallback .NET...
[2026-05-16 23:32:54] [INFO] Inspecao via fallback .NET para sprites/characters/davi/dash.png: 384x112 bitDepth=4 palette=16
[2026-05-16 23:32:54] [WARN] ImageMagick falhou para sprites/characters/davi/crouch.png: Não é possível encontrar o arquivo especificado.. Tentando fallback .NET...
[2026-05-16 23:32:55] [INFO] Inspecao via fallback .NET para sprites/characters/davi/crouch.png: 192x112 bitDepth=4 palette=16
[2026-05-16 23:32:55] [WARN] ImageMagick falhou para sprites/characters/davi/jump.png: Não é possível encontrar o arquivo especificado.. Tentando fallback .NET...
[2026-05-16 23:32:55] [INFO] Inspecao via fallback .NET para sprites/characters/davi/jump.png: 576x112 bitDepth=4 palette=16
[2026-05-16 23:32:57] [WARN] ImageMagick falhou para sprites/characters/davi/guard.png: Não é possível encontrar o arquivo especificado.. Tentando fallback .NET...
[2026-05-16 23:32:57] [INFO] Inspecao via fallback .NET para sprites/characters/davi/guard.png: 288x112 bitDepth=4 palette=16
[2026-05-16 23:32:58] [WARN] ImageMagick falhou para sprites/characters/davi/jab.png: Não é possível encontrar o arquivo especificado.. Tentando fallback .NET...
[2026-05-16 23:32:58] [INFO] Inspecao via fallback .NET para sprites/characters/davi/jab.png: 384x112 bitDepth=4 palette=16
[2026-05-16 23:32:59] [WARN] ImageMagick falhou para sprites/characters/davi/medium.png: Não é possível encontrar o arquivo especificado.. Tentando fallback .NET...
[2026-05-16 23:32:59] [INFO] Inspecao via fallback .NET para sprites/characters/davi/medium.png: 480x112 bitDepth=4 palette=16
[2026-05-16 23:33:00] [WARN] ImageMagick falhou para sprites/characters/davi/grip.png: Não é possível encontrar o arquivo especificado.. Tentando fallback .NET...
[2026-05-16 23:33:00] [INFO] Inspecao via fallback .NET para sprites/characters/davi/grip.png: 480x112 bitDepth=4 palette=16
[2026-05-16 23:33:01] [WARN] ImageMagick falhou para sprites/characters/davi/hip_throw.png: Não é possível encontrar o arquivo especificado.. Tentando fallback .NET...
[2026-05-16 23:33:01] [INFO] Inspecao via fallback .NET para sprites/characters/davi/hip_throw.png: 768x112 bitDepth=4 palette=16
[2026-05-16 23:33:03] [WARN] ImageMagick falhou para sprites/characters/davi/hurt.png: Não é possível encontrar o arquivo especificado.. Tentando fallback .NET...
[2026-05-16 23:33:03] [INFO] Inspecao via fallback .NET para sprites/characters/davi/hurt.png: 384x112 bitDepth=4 palette=16
[2026-05-16 23:33:04] [WARN] ImageMagick falhou para sprites/characters/davi/knockdown.png: Não é possível encontrar o arquivo especificado.. Tentando fallback .NET...
[2026-05-16 23:33:04] [INFO] Inspecao via fallback .NET para sprites/characters/davi/knockdown.png: 576x112 bitDepth=4 palette=16
[2026-05-16 23:33:05] [WARN] ImageMagick falhou para sprites/characters/davi/getup.png: Não é possível encontrar o arquivo especificado.. Tentando fallback .NET...
[2026-05-16 23:33:05] [INFO] Inspecao via fallback .NET para sprites/characters/davi/getup.png: 576x112 bitDepth=4 palette=16
[2026-05-16 23:33:09] [WARN] Gate visual bloqueado: qualquer asset em needs_review impede Elite/AAA ate curadoria canonica.
[2026-05-16 23:33:09] [WARN] visual_delivery_gate_report bloqueou a promocao visual AAA.
[2026-05-16 23:33:10] [INFO] Validation finished. Errors: 0, Warnings: 3, Checked: 31, Recovered: 0
[2026-05-16 23:33:29] [INFO] --- Starting Resource Validation Suite ---
[2026-05-16 23:33:32] [INFO] Encontrados 1 arquivo(s) .res para validar.
[2026-05-16 23:33:32] [INFO] Validando F:\Projects\MegaDrive_DEV\SGDK_projects\NOVO ARARA GI FIGHTER V2 [VER.001] [SGDK 211] [GEN] [PROTOTIPO] [LUTA]\res\resources.res...
[2026-05-16 23:33:32] [WARN] ImageMagick falhou para bgs/lapa_bg_b.png: Não é possível encontrar o arquivo especificado.. Tentando fallback .NET...
[2026-05-16 23:33:33] [INFO] Inspecao via fallback .NET para bgs/lapa_bg_b.png: 320x160 bitDepth=4 palette=16
[2026-05-16 23:33:34] [WARN] ImageMagick falhou para bgs/lapa_bg_a.png: Não é possível encontrar o arquivo especificado.. Tentando fallback .NET...
[2026-05-16 23:33:34] [INFO] Inspecao via fallback .NET para bgs/lapa_bg_a.png: 320x64 bitDepth=4 palette=16
[2026-05-16 23:33:34] [WARN] Imagem lapa_bg_a: Slot indexado 0 esta visivel e cobre massa significativa; risco alto de perder forma util quando a transparencia estrutural for aplicada.
[2026-05-16 23:33:35] [WARN] ImageMagick falhou para sprites/effects/hit_spark.png: Não é possível encontrar o arquivo especificado.. Tentando fallback .NET...
[2026-05-16 23:33:35] [INFO] Inspecao via fallback .NET para sprites/effects/hit_spark.png: 96x32 bitDepth=4 palette=16
[2026-05-16 23:33:35] [WARN] ImageMagick falhou para sprites/characters/caio/idle.png: Não é possível encontrar o arquivo especificado.. Tentando fallback .NET...
[2026-05-16 23:33:35] [INFO] Inspecao via fallback .NET para sprites/characters/caio/idle.png: 576x112 bitDepth=4 palette=16
[2026-05-16 23:33:37] [WARN] ImageMagick falhou para sprites/characters/caio/walk_forward.png: Não é possível encontrar o arquivo especificado.. Tentando fallback .NET...
[2026-05-16 23:33:37] [INFO] Inspecao via fallback .NET para sprites/characters/caio/walk_forward.png: 576x112 bitDepth=4 palette=16
[2026-05-16 23:33:38] [WARN] ImageMagick falhou para sprites/characters/caio/walk_back.png: Não é possível encontrar o arquivo especificado.. Tentando fallback .NET...
[2026-05-16 23:33:38] [INFO] Inspecao via fallback .NET para sprites/characters/caio/walk_back.png: 576x112 bitDepth=4 palette=16
[2026-05-16 23:33:39] [WARN] ImageMagick falhou para sprites/characters/caio/dash.png: Não é possível encontrar o arquivo especificado.. Tentando fallback .NET...
[2026-05-16 23:33:40] [INFO] Inspecao via fallback .NET para sprites/characters/caio/dash.png: 384x112 bitDepth=4 palette=16
[2026-05-16 23:33:40] [WARN] ImageMagick falhou para sprites/characters/caio/crouch.png: Não é possível encontrar o arquivo especificado.. Tentando fallback .NET...
[2026-05-16 23:33:40] [INFO] Inspecao via fallback .NET para sprites/characters/caio/crouch.png: 192x112 bitDepth=4 palette=16
[2026-05-16 23:33:41] [WARN] ImageMagick falhou para sprites/characters/caio/jump.png: Não é possível encontrar o arquivo especificado.. Tentando fallback .NET...
[2026-05-16 23:33:41] [INFO] Inspecao via fallback .NET para sprites/characters/caio/jump.png: 576x112 bitDepth=4 palette=16
[2026-05-16 23:33:43] [WARN] ImageMagick falhou para sprites/characters/caio/guard.png: Não é possível encontrar o arquivo especificado.. Tentando fallback .NET...
[2026-05-16 23:33:43] [INFO] Inspecao via fallback .NET para sprites/characters/caio/guard.png: 288x112 bitDepth=4 palette=16
[2026-05-16 23:33:43] [WARN] ImageMagick falhou para sprites/characters/caio/jab.png: Não é possível encontrar o arquivo especificado.. Tentando fallback .NET...
[2026-05-16 23:33:43] [INFO] Inspecao via fallback .NET para sprites/characters/caio/jab.png: 384x112 bitDepth=4 palette=16
[2026-05-16 23:33:44] [WARN] ImageMagick falhou para sprites/characters/caio/medium.png: Não é possível encontrar o arquivo especificado.. Tentando fallback .NET...
[2026-05-16 23:33:45] [INFO] Inspecao via fallback .NET para sprites/characters/caio/medium.png: 480x112 bitDepth=4 palette=16
[2026-05-16 23:33:46] [WARN] ImageMagick falhou para sprites/characters/caio/grip.png: Não é possível encontrar o arquivo especificado.. Tentando fallback .NET...
[2026-05-16 23:33:46] [INFO] Inspecao via fallback .NET para sprites/characters/caio/grip.png: 480x112 bitDepth=4 palette=16
[2026-05-16 23:33:47] [WARN] ImageMagick falhou para sprites/characters/caio/hip_throw.png: Não é possível encontrar o arquivo especificado.. Tentando fallback .NET...
[2026-05-16 23:33:47] [INFO] Inspecao via fallback .NET para sprites/characters/caio/hip_throw.png: 768x112 bitDepth=4 palette=16
[2026-05-16 23:33:48] [WARN] ImageMagick falhou para sprites/characters/caio/hurt.png: Não é possível encontrar o arquivo especificado.. Tentando fallback .NET...
[2026-05-16 23:33:48] [INFO] Inspecao via fallback .NET para sprites/characters/caio/hurt.png: 384x112 bitDepth=4 palette=16
[2026-05-16 23:33:49] [WARN] ImageMagick falhou para sprites/characters/caio/knockdown.png: Não é possível encontrar o arquivo especificado.. Tentando fallback .NET...
[2026-05-16 23:33:49] [INFO] Inspecao via fallback .NET para sprites/characters/caio/knockdown.png: 576x112 bitDepth=4 palette=16
[2026-05-16 23:33:51] [WARN] ImageMagick falhou para sprites/characters/caio/getup.png: Não é possível encontrar o arquivo especificado.. Tentando fallback .NET...
[2026-05-16 23:33:51] [INFO] Inspecao via fallback .NET para sprites/characters/caio/getup.png: 576x112 bitDepth=4 palette=16
[2026-05-16 23:33:52] [WARN] ImageMagick falhou para sprites/characters/davi/idle.png: Não é possível encontrar o arquivo especificado.. Tentando fallback .NET...
[2026-05-16 23:33:52] [INFO] Inspecao via fallback .NET para sprites/characters/davi/idle.png: 576x112 bitDepth=4 palette=16
[2026-05-16 23:33:53] [WARN] ImageMagick falhou para sprites/characters/davi/walk_forward.png: Não é possível encontrar o arquivo especificado.. Tentando fallback .NET...
[2026-05-16 23:33:53] [INFO] Inspecao via fallback .NET para sprites/characters/davi/walk_forward.png: 576x112 bitDepth=4 palette=16
[2026-05-16 23:33:54] [WARN] ImageMagick falhou para sprites/characters/davi/walk_back.png: Não é possível encontrar o arquivo especificado.. Tentando fallback .NET...
[2026-05-16 23:33:55] [INFO] Inspecao via fallback .NET para sprites/characters/davi/walk_back.png: 576x112 bitDepth=4 palette=16
[2026-05-16 23:33:56] [WARN] ImageMagick falhou para sprites/characters/davi/dash.png: Não é possível encontrar o arquivo especificado.. Tentando fallback .NET...
[2026-05-16 23:33:56] [INFO] Inspecao via fallback .NET para sprites/characters/davi/dash.png: 384x112 bitDepth=4 palette=16
[2026-05-16 23:33:57] [WARN] ImageMagick falhou para sprites/characters/davi/crouch.png: Não é possível encontrar o arquivo especificado.. Tentando fallback .NET...
[2026-05-16 23:33:57] [INFO] Inspecao via fallback .NET para sprites/characters/davi/crouch.png: 192x112 bitDepth=4 palette=16
[2026-05-16 23:33:57] [WARN] ImageMagick falhou para sprites/characters/davi/jump.png: Não é possível encontrar o arquivo especificado.. Tentando fallback .NET...
[2026-05-16 23:33:58] [INFO] Inspecao via fallback .NET para sprites/characters/davi/jump.png: 576x112 bitDepth=4 palette=16
[2026-05-16 23:33:59] [WARN] ImageMagick falhou para sprites/characters/davi/guard.png: Não é possível encontrar o arquivo especificado.. Tentando fallback .NET...
[2026-05-16 23:33:59] [INFO] Inspecao via fallback .NET para sprites/characters/davi/guard.png: 288x112 bitDepth=4 palette=16
[2026-05-16 23:33:59] [WARN] ImageMagick falhou para sprites/characters/davi/jab.png: Não é possível encontrar o arquivo especificado.. Tentando fallback .NET...
[2026-05-16 23:34:00] [INFO] Inspecao via fallback .NET para sprites/characters/davi/jab.png: 384x112 bitDepth=4 palette=16
[2026-05-16 23:34:01] [WARN] ImageMagick falhou para sprites/characters/davi/medium.png: Não é possível encontrar o arquivo especificado.. Tentando fallback .NET...
[2026-05-16 23:34:01] [INFO] Inspecao via fallback .NET para sprites/characters/davi/medium.png: 480x112 bitDepth=4 palette=16
[2026-05-16 23:34:02] [WARN] ImageMagick falhou para sprites/characters/davi/grip.png: Não é possível encontrar o arquivo especificado.. Tentando fallback .NET...
[2026-05-16 23:34:02] [INFO] Inspecao via fallback .NET para sprites/characters/davi/grip.png: 480x112 bitDepth=4 palette=16
[2026-05-16 23:34:03] [WARN] ImageMagick falhou para sprites/characters/davi/hip_throw.png: Não é possível encontrar o arquivo especificado.. Tentando fallback .NET...
[2026-05-16 23:34:03] [INFO] Inspecao via fallback .NET para sprites/characters/davi/hip_throw.png: 768x112 bitDepth=4 palette=16
[2026-05-16 23:34:05] [WARN] ImageMagick falhou para sprites/characters/davi/hurt.png: Não é possível encontrar o arquivo especificado.. Tentando fallback .NET...
[2026-05-16 23:34:05] [INFO] Inspecao via fallback .NET para sprites/characters/davi/hurt.png: 384x112 bitDepth=4 palette=16
[2026-05-16 23:34:06] [WARN] ImageMagick falhou para sprites/characters/davi/knockdown.png: Não é possível encontrar o arquivo especificado.. Tentando fallback .NET...
[2026-05-16 23:34:06] [INFO] Inspecao via fallback .NET para sprites/characters/davi/knockdown.png: 576x112 bitDepth=4 palette=16
[2026-05-16 23:34:07] [WARN] ImageMagick falhou para sprites/characters/davi/getup.png: Não é possível encontrar o arquivo especificado.. Tentando fallback .NET...
[2026-05-16 23:34:07] [INFO] Inspecao via fallback .NET para sprites/characters/davi/getup.png: 576x112 bitDepth=4 palette=16
[2026-05-16 23:34:10] [WARN] Gate visual bloqueado: qualquer asset em needs_review impede Elite/AAA ate curadoria canonica.
[2026-05-16 23:34:11] [WARN] visual_delivery_gate_report bloqueou a promocao visual AAA.
[2026-05-16 23:34:12] [INFO] Validation finished. Errors: 0, Warnings: 3, Checked: 31, Recovered: 0
[2026-05-16 23:34:23] [INFO] --- Starting Resource Validation Suite ---
[2026-05-16 23:34:27] [INFO] Encontrados 1 arquivo(s) .res para validar.
[2026-05-16 23:34:27] [INFO] Validando F:\Projects\MegaDrive_DEV\SGDK_projects\NOVO ARARA GI FIGHTER V2 [VER.001] [SGDK 211] [GEN] [PROTOTIPO] [LUTA]\res\resources.res...
[2026-05-16 23:34:27] [WARN] ImageMagick falhou para bgs/lapa_bg_b.png: Não é possível encontrar o arquivo especificado.. Tentando fallback .NET...
[2026-05-16 23:34:28] [INFO] Inspecao via fallback .NET para bgs/lapa_bg_b.png: 320x160 bitDepth=4 palette=16
[2026-05-16 23:34:29] [WARN] ImageMagick falhou para bgs/lapa_bg_a.png: Não é possível encontrar o arquivo especificado.. Tentando fallback .NET...
[2026-05-16 23:34:29] [INFO] Inspecao via fallback .NET para bgs/lapa_bg_a.png: 320x64 bitDepth=4 palette=16
[2026-05-16 23:34:29] [WARN] Imagem lapa_bg_a: Slot indexado 0 esta visivel e cobre massa significativa; risco alto de perder forma util quando a transparencia estrutural for aplicada.
[2026-05-16 23:34:30] [WARN] ImageMagick falhou para sprites/effects/hit_spark.png: Não é possível encontrar o arquivo especificado.. Tentando fallback .NET...
[2026-05-16 23:34:30] [INFO] Inspecao via fallback .NET para sprites/effects/hit_spark.png: 96x32 bitDepth=4 palette=16
[2026-05-16 23:34:30] [WARN] ImageMagick falhou para sprites/characters/caio/idle.png: Não é possível encontrar o arquivo especificado.. Tentando fallback .NET...
[2026-05-16 23:34:30] [INFO] Inspecao via fallback .NET para sprites/characters/caio/idle.png: 576x112 bitDepth=4 palette=16
[2026-05-16 23:34:31] [WARN] ImageMagick falhou para sprites/characters/caio/walk_forward.png: Não é possível encontrar o arquivo especificado.. Tentando fallback .NET...
[2026-05-16 23:34:32] [INFO] Inspecao via fallback .NET para sprites/characters/caio/walk_forward.png: 576x112 bitDepth=4 palette=16
[2026-05-16 23:34:33] [WARN] ImageMagick falhou para sprites/characters/caio/walk_back.png: Não é possível encontrar o arquivo especificado.. Tentando fallback .NET...
[2026-05-16 23:34:33] [INFO] Inspecao via fallback .NET para sprites/characters/caio/walk_back.png: 576x112 bitDepth=4 palette=16
[2026-05-16 23:34:34] [WARN] ImageMagick falhou para sprites/characters/caio/dash.png: Não é possível encontrar o arquivo especificado.. Tentando fallback .NET...
[2026-05-16 23:34:34] [INFO] Inspecao via fallback .NET para sprites/characters/caio/dash.png: 384x112 bitDepth=4 palette=16
[2026-05-16 23:34:35] [WARN] ImageMagick falhou para sprites/characters/caio/crouch.png: Não é possível encontrar o arquivo especificado.. Tentando fallback .NET...
[2026-05-16 23:34:35] [INFO] Inspecao via fallback .NET para sprites/characters/caio/crouch.png: 192x112 bitDepth=4 palette=16
[2026-05-16 23:34:36] [WARN] ImageMagick falhou para sprites/characters/caio/jump.png: Não é possível encontrar o arquivo especificado.. Tentando fallback .NET...
[2026-05-16 23:34:36] [INFO] Inspecao via fallback .NET para sprites/characters/caio/jump.png: 576x112 bitDepth=4 palette=16
[2026-05-16 23:34:37] [WARN] ImageMagick falhou para sprites/characters/caio/guard.png: Não é possível encontrar o arquivo especificado.. Tentando fallback .NET...
[2026-05-16 23:34:37] [INFO] Inspecao via fallback .NET para sprites/characters/caio/guard.png: 288x112 bitDepth=4 palette=16
[2026-05-16 23:34:38] [WARN] ImageMagick falhou para sprites/characters/caio/jab.png: Não é possível encontrar o arquivo especificado.. Tentando fallback .NET...
[2026-05-16 23:34:38] [INFO] Inspecao via fallback .NET para sprites/characters/caio/jab.png: 384x112 bitDepth=4 palette=16
[2026-05-16 23:34:39] [WARN] ImageMagick falhou para sprites/characters/caio/medium.png: Não é possível encontrar o arquivo especificado.. Tentando fallback .NET...
[2026-05-16 23:34:39] [INFO] Inspecao via fallback .NET para sprites/characters/caio/medium.png: 480x112 bitDepth=4 palette=16
[2026-05-16 23:34:41] [WARN] ImageMagick falhou para sprites/characters/caio/grip.png: Não é possível encontrar o arquivo especificado.. Tentando fallback .NET...
[2026-05-16 23:34:41] [INFO] Inspecao via fallback .NET para sprites/characters/caio/grip.png: 480x112 bitDepth=4 palette=16
[2026-05-16 23:34:42] [WARN] ImageMagick falhou para sprites/characters/caio/hip_throw.png: Não é possível encontrar o arquivo especificado.. Tentando fallback .NET...
[2026-05-16 23:34:42] [INFO] Inspecao via fallback .NET para sprites/characters/caio/hip_throw.png: 768x112 bitDepth=4 palette=16
[2026-05-16 23:34:44] [WARN] ImageMagick falhou para sprites/characters/caio/hurt.png: Não é possível encontrar o arquivo especificado.. Tentando fallback .NET...
[2026-05-16 23:34:44] [INFO] Inspecao via fallback .NET para sprites/characters/caio/hurt.png: 384x112 bitDepth=4 palette=16
[2026-05-16 23:34:44] [WARN] ImageMagick falhou para sprites/characters/caio/knockdown.png: Não é possível encontrar o arquivo especificado.. Tentando fallback .NET...
[2026-05-16 23:34:45] [INFO] Inspecao via fallback .NET para sprites/characters/caio/knockdown.png: 576x112 bitDepth=4 palette=16
[2026-05-16 23:34:46] [WARN] ImageMagick falhou para sprites/characters/caio/getup.png: Não é possível encontrar o arquivo especificado.. Tentando fallback .NET...
[2026-05-16 23:34:46] [INFO] Inspecao via fallback .NET para sprites/characters/caio/getup.png: 576x112 bitDepth=4 palette=16
[2026-05-16 23:34:47] [WARN] ImageMagick falhou para sprites/characters/davi/idle.png: Não é possível encontrar o arquivo especificado.. Tentando fallback .NET...
[2026-05-16 23:34:47] [INFO] Inspecao via fallback .NET para sprites/characters/davi/idle.png: 576x112 bitDepth=4 palette=16
[2026-05-16 23:34:48] [WARN] ImageMagick falhou para sprites/characters/davi/walk_forward.png: Não é possível encontrar o arquivo especificado.. Tentando fallback .NET...
[2026-05-16 23:34:48] [INFO] Inspecao via fallback .NET para sprites/characters/davi/walk_forward.png: 576x112 bitDepth=4 palette=16
[2026-05-16 23:34:49] [WARN] ImageMagick falhou para sprites/characters/davi/walk_back.png: Não é possível encontrar o arquivo especificado.. Tentando fallback .NET...
[2026-05-16 23:34:50] [INFO] Inspecao via fallback .NET para sprites/characters/davi/walk_back.png: 576x112 bitDepth=4 palette=16
[2026-05-16 23:34:51] [WARN] ImageMagick falhou para sprites/characters/davi/dash.png: Não é possível encontrar o arquivo especificado.. Tentando fallback .NET...
[2026-05-16 23:34:51] [INFO] Inspecao via fallback .NET para sprites/characters/davi/dash.png: 384x112 bitDepth=4 palette=16
[2026-05-16 23:34:52] [WARN] ImageMagick falhou para sprites/characters/davi/crouch.png: Não é possível encontrar o arquivo especificado.. Tentando fallback .NET...
[2026-05-16 23:34:52] [INFO] Inspecao via fallback .NET para sprites/characters/davi/crouch.png: 192x112 bitDepth=4 palette=16
[2026-05-16 23:34:53] [WARN] ImageMagick falhou para sprites/characters/davi/jump.png: Não é possível encontrar o arquivo especificado.. Tentando fallback .NET...
[2026-05-16 23:34:53] [INFO] Inspecao via fallback .NET para sprites/characters/davi/jump.png: 576x112 bitDepth=4 palette=16
[2026-05-16 23:34:54] [WARN] ImageMagick falhou para sprites/characters/davi/guard.png: Não é possível encontrar o arquivo especificado.. Tentando fallback .NET...
[2026-05-16 23:34:54] [INFO] Inspecao via fallback .NET para sprites/characters/davi/guard.png: 288x112 bitDepth=4 palette=16
[2026-05-16 23:34:55] [WARN] ImageMagick falhou para sprites/characters/davi/jab.png: Não é possível encontrar o arquivo especificado.. Tentando fallback .NET...
[2026-05-16 23:34:55] [INFO] Inspecao via fallback .NET para sprites/characters/davi/jab.png: 384x112 bitDepth=4 palette=16
[2026-05-16 23:34:56] [WARN] ImageMagick falhou para sprites/characters/davi/medium.png: Não é possível encontrar o arquivo especificado.. Tentando fallback .NET...
[2026-05-16 23:34:56] [INFO] Inspecao via fallback .NET para sprites/characters/davi/medium.png: 480x112 bitDepth=4 palette=16
[2026-05-16 23:34:57] [WARN] ImageMagick falhou para sprites/characters/davi/grip.png: Não é possível encontrar o arquivo especificado.. Tentando fallback .NET...
[2026-05-16 23:34:57] [INFO] Inspecao via fallback .NET para sprites/characters/davi/grip.png: 480x112 bitDepth=4 palette=16
[2026-05-16 23:34:58] [WARN] ImageMagick falhou para sprites/characters/davi/hip_throw.png: Não é possível encontrar o arquivo especificado.. Tentando fallback .NET...
[2026-05-16 23:34:59] [INFO] Inspecao via fallback .NET para sprites/characters/davi/hip_throw.png: 768x112 bitDepth=4 palette=16
[2026-05-16 23:35:00] [WARN] ImageMagick falhou para sprites/characters/davi/hurt.png: Não é possível encontrar o arquivo especificado.. Tentando fallback .NET...
[2026-05-16 23:35:00] [INFO] Inspecao via fallback .NET para sprites/characters/davi/hurt.png: 384x112 bitDepth=4 palette=16
[2026-05-16 23:35:01] [WARN] ImageMagick falhou para sprites/characters/davi/knockdown.png: Não é possível encontrar o arquivo especificado.. Tentando fallback .NET...
[2026-05-16 23:35:01] [INFO] Inspecao via fallback .NET para sprites/characters/davi/knockdown.png: 576x112 bitDepth=4 palette=16
[2026-05-16 23:35:02] [WARN] ImageMagick falhou para sprites/characters/davi/getup.png: Não é possível encontrar o arquivo especificado.. Tentando fallback .NET...
[2026-05-16 23:35:02] [INFO] Inspecao via fallback .NET para sprites/characters/davi/getup.png: 576x112 bitDepth=4 palette=16
[2026-05-16 23:35:05] [WARN] Gate visual bloqueado: qualquer asset em needs_review impede Elite/AAA ate curadoria canonica.
[2026-05-16 23:35:06] [WARN] visual_delivery_gate_report bloqueou a promocao visual AAA.
[2026-05-16 23:35:07] [WARN] Evidencia de emulador obsoleta ou insuficiente: runtime_metrics_stale.
[2026-05-16 23:35:07] [INFO] Validation finished. Errors: 0, Warnings: 4, Checked: 31, Recovered: 0
[2026-05-16 23:35:18] [INFO] --- Starting Resource Validation Suite ---
[2026-05-16 23:35:21] [INFO] Encontrados 1 arquivo(s) .res para validar.
[2026-05-16 23:35:21] [INFO] Validando F:\Projects\MegaDrive_DEV\SGDK_projects\NOVO ARARA GI FIGHTER V2 [VER.001] [SGDK 211] [GEN] [PROTOTIPO] [LUTA]\res\resources.res...
[2026-05-16 23:35:21] [WARN] ImageMagick falhou para bgs/lapa_bg_b.png: Não é possível encontrar o arquivo especificado.. Tentando fallback .NET...
[2026-05-16 23:35:21] [INFO] Inspecao via fallback .NET para bgs/lapa_bg_b.png: 320x160 bitDepth=4 palette=16
[2026-05-16 23:35:22] [WARN] ImageMagick falhou para bgs/lapa_bg_a.png: Não é possível encontrar o arquivo especificado.. Tentando fallback .NET...
[2026-05-16 23:35:22] [INFO] Inspecao via fallback .NET para bgs/lapa_bg_a.png: 320x64 bitDepth=4 palette=16
[2026-05-16 23:35:23] [WARN] Imagem lapa_bg_a: Slot indexado 0 esta visivel e cobre massa significativa; risco alto de perder forma util quando a transparencia estrutural for aplicada.
[2026-05-16 23:35:23] [WARN] ImageMagick falhou para sprites/effects/hit_spark.png: Não é possível encontrar o arquivo especificado.. Tentando fallback .NET...
[2026-05-16 23:35:23] [INFO] Inspecao via fallback .NET para sprites/effects/hit_spark.png: 96x32 bitDepth=4 palette=16
[2026-05-16 23:35:24] [WARN] ImageMagick falhou para sprites/characters/caio/idle.png: Não é possível encontrar o arquivo especificado.. Tentando fallback .NET...
[2026-05-16 23:35:24] [INFO] Inspecao via fallback .NET para sprites/characters/caio/idle.png: 576x112 bitDepth=4 palette=16
[2026-05-16 23:35:25] [WARN] ImageMagick falhou para sprites/characters/caio/walk_forward.png: Não é possível encontrar o arquivo especificado.. Tentando fallback .NET...
[2026-05-16 23:35:25] [INFO] Inspecao via fallback .NET para sprites/characters/caio/walk_forward.png: 576x112 bitDepth=4 palette=16
[2026-05-16 23:35:27] [WARN] ImageMagick falhou para sprites/characters/caio/walk_back.png: Não é possível encontrar o arquivo especificado.. Tentando fallback .NET...
[2026-05-16 23:35:27] [INFO] Inspecao via fallback .NET para sprites/characters/caio/walk_back.png: 576x112 bitDepth=4 palette=16
[2026-05-16 23:35:28] [WARN] ImageMagick falhou para sprites/characters/caio/dash.png: Não é possível encontrar o arquivo especificado.. Tentando fallback .NET...
[2026-05-16 23:35:28] [INFO] Inspecao via fallback .NET para sprites/characters/caio/dash.png: 384x112 bitDepth=4 palette=16
[2026-05-16 23:35:29] [WARN] ImageMagick falhou para sprites/characters/caio/crouch.png: Não é possível encontrar o arquivo especificado.. Tentando fallback .NET...
[2026-05-16 23:35:29] [INFO] Inspecao via fallback .NET para sprites/characters/caio/crouch.png: 192x112 bitDepth=4 palette=16
[2026-05-16 23:35:30] [WARN] ImageMagick falhou para sprites/characters/caio/jump.png: Não é possível encontrar o arquivo especificado.. Tentando fallback .NET...
[2026-05-16 23:35:30] [INFO] Inspecao via fallback .NET para sprites/characters/caio/jump.png: 576x112 bitDepth=4 palette=16
[2026-05-16 23:35:31] [WARN] ImageMagick falhou para sprites/characters/caio/guard.png: Não é possível encontrar o arquivo especificado.. Tentando fallback .NET...
[2026-05-16 23:35:31] [INFO] Inspecao via fallback .NET para sprites/characters/caio/guard.png: 288x112 bitDepth=4 palette=16
[2026-05-16 23:35:32] [WARN] ImageMagick falhou para sprites/characters/caio/jab.png: Não é possível encontrar o arquivo especificado.. Tentando fallback .NET...
[2026-05-16 23:35:32] [INFO] Inspecao via fallback .NET para sprites/characters/caio/jab.png: 384x112 bitDepth=4 palette=16
[2026-05-16 23:35:33] [WARN] ImageMagick falhou para sprites/characters/caio/medium.png: Não é possível encontrar o arquivo especificado.. Tentando fallback .NET...
[2026-05-16 23:35:33] [INFO] Inspecao via fallback .NET para sprites/characters/caio/medium.png: 480x112 bitDepth=4 palette=16
[2026-05-16 23:35:34] [WARN] ImageMagick falhou para sprites/characters/caio/grip.png: Não é possível encontrar o arquivo especificado.. Tentando fallback .NET...
[2026-05-16 23:35:34] [INFO] Inspecao via fallback .NET para sprites/characters/caio/grip.png: 480x112 bitDepth=4 palette=16
[2026-05-16 23:35:35] [WARN] ImageMagick falhou para sprites/characters/caio/hip_throw.png: Não é possível encontrar o arquivo especificado.. Tentando fallback .NET...
[2026-05-16 23:35:35] [INFO] Inspecao via fallback .NET para sprites/characters/caio/hip_throw.png: 768x112 bitDepth=4 palette=16
[2026-05-16 23:35:37] [WARN] ImageMagick falhou para sprites/characters/caio/hurt.png: Não é possível encontrar o arquivo especificado.. Tentando fallback .NET...
[2026-05-16 23:35:37] [INFO] Inspecao via fallback .NET para sprites/characters/caio/hurt.png: 384x112 bitDepth=4 palette=16
[2026-05-16 23:35:38] [WARN] ImageMagick falhou para sprites/characters/caio/knockdown.png: Não é possível encontrar o arquivo especificado.. Tentando fallback .NET...
[2026-05-16 23:35:38] [INFO] Inspecao via fallback .NET para sprites/characters/caio/knockdown.png: 576x112 bitDepth=4 palette=16
[2026-05-16 23:35:39] [WARN] ImageMagick falhou para sprites/characters/caio/getup.png: Não é possível encontrar o arquivo especificado.. Tentando fallback .NET...
[2026-05-16 23:35:39] [INFO] Inspecao via fallback .NET para sprites/characters/caio/getup.png: 576x112 bitDepth=4 palette=16
[2026-05-16 23:35:41] [WARN] ImageMagick falhou para sprites/characters/davi/idle.png: Não é possível encontrar o arquivo especificado.. Tentando fallback .NET...
[2026-05-16 23:35:41] [INFO] Inspecao via fallback .NET para sprites/characters/davi/idle.png: 576x112 bitDepth=4 palette=16
[2026-05-16 23:35:42] [WARN] ImageMagick falhou para sprites/characters/davi/walk_forward.png: Não é possível encontrar o arquivo especificado.. Tentando fallback .NET...
[2026-05-16 23:35:42] [INFO] Inspecao via fallback .NET para sprites/characters/davi/walk_forward.png: 576x112 bitDepth=4 palette=16
[2026-05-16 23:35:43] [WARN] ImageMagick falhou para sprites/characters/davi/walk_back.png: Não é possível encontrar o arquivo especificado.. Tentando fallback .NET...
[2026-05-16 23:35:43] [INFO] Inspecao via fallback .NET para sprites/characters/davi/walk_back.png: 576x112 bitDepth=4 palette=16
[2026-05-16 23:35:45] [WARN] ImageMagick falhou para sprites/characters/davi/dash.png: Não é possível encontrar o arquivo especificado.. Tentando fallback .NET...
[2026-05-16 23:35:45] [INFO] Inspecao via fallback .NET para sprites/characters/davi/dash.png: 384x112 bitDepth=4 palette=16
[2026-05-16 23:35:46] [WARN] ImageMagick falhou para sprites/characters/davi/crouch.png: Não é possível encontrar o arquivo especificado.. Tentando fallback .NET...
[2026-05-16 23:35:46] [INFO] Inspecao via fallback .NET para sprites/characters/davi/crouch.png: 192x112 bitDepth=4 palette=16
[2026-05-16 23:35:46] [WARN] ImageMagick falhou para sprites/characters/davi/jump.png: Não é possível encontrar o arquivo especificado.. Tentando fallback .NET...
[2026-05-16 23:35:46] [INFO] Inspecao via fallback .NET para sprites/characters/davi/jump.png: 576x112 bitDepth=4 palette=16
[2026-05-16 23:35:48] [WARN] ImageMagick falhou para sprites/characters/davi/guard.png: Não é possível encontrar o arquivo especificado.. Tentando fallback .NET...
[2026-05-16 23:35:48] [INFO] Inspecao via fallback .NET para sprites/characters/davi/guard.png: 288x112 bitDepth=4 palette=16
[2026-05-16 23:35:48] [WARN] ImageMagick falhou para sprites/characters/davi/jab.png: Não é possível encontrar o arquivo especificado.. Tentando fallback .NET...
[2026-05-16 23:35:49] [INFO] Inspecao via fallback .NET para sprites/characters/davi/jab.png: 384x112 bitDepth=4 palette=16
[2026-05-16 23:35:49] [WARN] ImageMagick falhou para sprites/characters/davi/medium.png: Não é possível encontrar o arquivo especificado.. Tentando fallback .NET...
[2026-05-16 23:35:50] [INFO] Inspecao via fallback .NET para sprites/characters/davi/medium.png: 480x112 bitDepth=4 palette=16
[2026-05-16 23:35:51] [WARN] ImageMagick falhou para sprites/characters/davi/grip.png: Não é possível encontrar o arquivo especificado.. Tentando fallback .NET...
[2026-05-16 23:35:51] [INFO] Inspecao via fallback .NET para sprites/characters/davi/grip.png: 480x112 bitDepth=4 palette=16
[2026-05-16 23:35:52] [WARN] ImageMagick falhou para sprites/characters/davi/hip_throw.png: Não é possível encontrar o arquivo especificado.. Tentando fallback .NET...
[2026-05-16 23:35:53] [INFO] Inspecao via fallback .NET para sprites/characters/davi/hip_throw.png: 768x112 bitDepth=4 palette=16
[2026-05-16 23:35:54] [WARN] ImageMagick falhou para sprites/characters/davi/hurt.png: Não é possível encontrar o arquivo especificado.. Tentando fallback .NET...
[2026-05-16 23:35:54] [INFO] Inspecao via fallback .NET para sprites/characters/davi/hurt.png: 384x112 bitDepth=4 palette=16
[2026-05-16 23:35:55] [WARN] ImageMagick falhou para sprites/characters/davi/knockdown.png: Não é possível encontrar o arquivo especificado.. Tentando fallback .NET...
[2026-05-16 23:35:55] [INFO] Inspecao via fallback .NET para sprites/characters/davi/knockdown.png: 576x112 bitDepth=4 palette=16
[2026-05-16 23:35:57] [WARN] ImageMagick falhou para sprites/characters/davi/getup.png: Não é possível encontrar o arquivo especificado.. Tentando fallback .NET...
[2026-05-16 23:35:57] [INFO] Inspecao via fallback .NET para sprites/characters/davi/getup.png: 576x112 bitDepth=4 palette=16
[2026-05-16 23:36:03] [WARN] Gate visual bloqueado: qualquer asset em needs_review impede Elite/AAA ate curadoria canonica.
[2026-05-16 23:36:04] [WARN] visual_delivery_gate_report bloqueou a promocao visual AAA.
[2026-05-16 23:36:04] [WARN] Evidencia de emulador obsoleta ou insuficiente: runtime_metrics_stale.
[2026-05-16 23:36:05] [INFO] Validation finished. Errors: 0, Warnings: 4, Checked: 31, Recovered: 0
[2026-05-16 23:39:01] [INFO] --- Starting Resource Validation Suite ---
[2026-05-16 23:39:04] [INFO] Encontrados 1 arquivo(s) .res para validar.
[2026-05-16 23:39:04] [INFO] Validando F:\Projects\MegaDrive_DEV\SGDK_projects\NOVO ARARA GI FIGHTER V2 [VER.001] [SGDK 211] [GEN] [PROTOTIPO] [LUTA]\res\resources.res...
[2026-05-16 23:39:05] [WARN] ImageMagick falhou para bgs/lapa_bg_b.png: Não é possível encontrar o arquivo especificado.. Tentando fallback .NET...
[2026-05-16 23:39:05] [INFO] Inspecao via fallback .NET para bgs/lapa_bg_b.png: 320x160 bitDepth=4 palette=16
[2026-05-16 23:39:06] [WARN] ImageMagick falhou para bgs/lapa_bg_a.png: Não é possível encontrar o arquivo especificado.. Tentando fallback .NET...
[2026-05-16 23:39:06] [INFO] Inspecao via fallback .NET para bgs/lapa_bg_a.png: 320x64 bitDepth=4 palette=16
[2026-05-16 23:39:06] [WARN] Imagem lapa_bg_a: Slot indexado 0 esta visivel e cobre massa significativa; risco alto de perder forma util quando a transparencia estrutural for aplicada.
[2026-05-16 23:39:07] [WARN] ImageMagick falhou para sprites/effects/hit_spark.png: Não é possível encontrar o arquivo especificado.. Tentando fallback .NET...
[2026-05-16 23:39:07] [INFO] Inspecao via fallback .NET para sprites/effects/hit_spark.png: 96x32 bitDepth=4 palette=16
[2026-05-16 23:39:07] [WARN] ImageMagick falhou para sprites/characters/caio/idle.png: Não é possível encontrar o arquivo especificado.. Tentando fallback .NET...
[2026-05-16 23:39:07] [INFO] Inspecao via fallback .NET para sprites/characters/caio/idle.png: 576x112 bitDepth=4 palette=16
[2026-05-16 23:39:09] [WARN] ImageMagick falhou para sprites/characters/caio/walk_forward.png: Não é possível encontrar o arquivo especificado.. Tentando fallback .NET...
[2026-05-16 23:39:09] [INFO] Inspecao via fallback .NET para sprites/characters/caio/walk_forward.png: 576x112 bitDepth=4 palette=16
[2026-05-16 23:39:10] [WARN] ImageMagick falhou para sprites/characters/caio/walk_back.png: Não é possível encontrar o arquivo especificado.. Tentando fallback .NET...
[2026-05-16 23:39:10] [INFO] Inspecao via fallback .NET para sprites/characters/caio/walk_back.png: 576x112 bitDepth=4 palette=16
[2026-05-16 23:39:11] [WARN] ImageMagick falhou para sprites/characters/caio/dash.png: Não é possível encontrar o arquivo especificado.. Tentando fallback .NET...
[2026-05-16 23:39:12] [INFO] Inspecao via fallback .NET para sprites/characters/caio/dash.png: 384x112 bitDepth=4 palette=16
[2026-05-16 23:39:12] [WARN] ImageMagick falhou para sprites/characters/caio/crouch.png: Não é possível encontrar o arquivo especificado.. Tentando fallback .NET...
[2026-05-16 23:39:12] [INFO] Inspecao via fallback .NET para sprites/characters/caio/crouch.png: 192x112 bitDepth=4 palette=16
[2026-05-16 23:39:13] [WARN] ImageMagick falhou para sprites/characters/caio/jump.png: Não é possível encontrar o arquivo especificado.. Tentando fallback .NET...
[2026-05-16 23:39:13] [INFO] Inspecao via fallback .NET para sprites/characters/caio/jump.png: 576x112 bitDepth=4 palette=16
[2026-05-16 23:39:15] [WARN] ImageMagick falhou para sprites/characters/caio/guard.png: Não é possível encontrar o arquivo especificado.. Tentando fallback .NET...
[2026-05-16 23:39:15] [INFO] Inspecao via fallback .NET para sprites/characters/caio/guard.png: 288x112 bitDepth=4 palette=16
[2026-05-16 23:39:15] [WARN] ImageMagick falhou para sprites/characters/caio/jab.png: Não é possível encontrar o arquivo especificado.. Tentando fallback .NET...
[2026-05-16 23:39:15] [INFO] Inspecao via fallback .NET para sprites/characters/caio/jab.png: 384x112 bitDepth=4 palette=16
[2026-05-16 23:39:16] [WARN] ImageMagick falhou para sprites/characters/caio/medium.png: Não é possível encontrar o arquivo especificado.. Tentando fallback .NET...
[2026-05-16 23:39:17] [INFO] Inspecao via fallback .NET para sprites/characters/caio/medium.png: 480x112 bitDepth=4 palette=16
[2026-05-16 23:39:18] [WARN] ImageMagick falhou para sprites/characters/caio/grip.png: Não é possível encontrar o arquivo especificado.. Tentando fallback .NET...
[2026-05-16 23:39:18] [INFO] Inspecao via fallback .NET para sprites/characters/caio/grip.png: 480x112 bitDepth=4 palette=16
[2026-05-16 23:39:19] [WARN] ImageMagick falhou para sprites/characters/caio/hip_throw.png: Não é possível encontrar o arquivo especificado.. Tentando fallback .NET...
[2026-05-16 23:39:19] [INFO] Inspecao via fallback .NET para sprites/characters/caio/hip_throw.png: 768x112 bitDepth=4 palette=16
[2026-05-16 23:39:21] [WARN] ImageMagick falhou para sprites/characters/caio/hurt.png: Não é possível encontrar o arquivo especificado.. Tentando fallback .NET...
[2026-05-16 23:39:21] [INFO] Inspecao via fallback .NET para sprites/characters/caio/hurt.png: 384x112 bitDepth=4 palette=16
[2026-05-16 23:39:21] [WARN] ImageMagick falhou para sprites/characters/caio/knockdown.png: Não é possível encontrar o arquivo especificado.. Tentando fallback .NET...
[2026-05-16 23:39:22] [INFO] Inspecao via fallback .NET para sprites/characters/caio/knockdown.png: 576x112 bitDepth=4 palette=16
[2026-05-16 23:39:23] [WARN] ImageMagick falhou para sprites/characters/caio/getup.png: Não é possível encontrar o arquivo especificado.. Tentando fallback .NET...
[2026-05-16 23:39:23] [INFO] Inspecao via fallback .NET para sprites/characters/caio/getup.png: 576x112 bitDepth=4 palette=16
[2026-05-16 23:39:24] [WARN] ImageMagick falhou para sprites/characters/davi/idle.png: Não é possível encontrar o arquivo especificado.. Tentando fallback .NET...
[2026-05-16 23:39:24] [INFO] Inspecao via fallback .NET para sprites/characters/davi/idle.png: 576x112 bitDepth=4 palette=16
[2026-05-16 23:39:25] [WARN] ImageMagick falhou para sprites/characters/davi/walk_forward.png: Não é possível encontrar o arquivo especificado.. Tentando fallback .NET...
[2026-05-16 23:39:26] [INFO] Inspecao via fallback .NET para sprites/characters/davi/walk_forward.png: 576x112 bitDepth=4 palette=16
[2026-05-16 23:39:27] [WARN] ImageMagick falhou para sprites/characters/davi/walk_back.png: Não é possível encontrar o arquivo especificado.. Tentando fallback .NET...
[2026-05-16 23:39:27] [INFO] Inspecao via fallback .NET para sprites/characters/davi/walk_back.png: 576x112 bitDepth=4 palette=16
[2026-05-16 23:39:28] [WARN] ImageMagick falhou para sprites/characters/davi/dash.png: Não é possível encontrar o arquivo especificado.. Tentando fallback .NET...
[2026-05-16 23:39:28] [INFO] Inspecao via fallback .NET para sprites/characters/davi/dash.png: 384x112 bitDepth=4 palette=16
[2026-05-16 23:39:29] [WARN] ImageMagick falhou para sprites/characters/davi/crouch.png: Não é possível encontrar o arquivo especificado.. Tentando fallback .NET...
[2026-05-16 23:39:29] [INFO] Inspecao via fallback .NET para sprites/characters/davi/crouch.png: 192x112 bitDepth=4 palette=16
[2026-05-16 23:39:29] [WARN] ImageMagick falhou para sprites/characters/davi/jump.png: Não é possível encontrar o arquivo especificado.. Tentando fallback .NET...
[2026-05-16 23:39:30] [INFO] Inspecao via fallback .NET para sprites/characters/davi/jump.png: 576x112 bitDepth=4 palette=16
[2026-05-16 23:39:31] [WARN] ImageMagick falhou para sprites/characters/davi/guard.png: Não é possível encontrar o arquivo especificado.. Tentando fallback .NET...
[2026-05-16 23:39:31] [INFO] Inspecao via fallback .NET para sprites/characters/davi/guard.png: 288x112 bitDepth=4 palette=16
[2026-05-16 23:39:32] [WARN] ImageMagick falhou para sprites/characters/davi/jab.png: Não é possível encontrar o arquivo especificado.. Tentando fallback .NET...
[2026-05-16 23:39:32] [INFO] Inspecao via fallback .NET para sprites/characters/davi/jab.png: 384x112 bitDepth=4 palette=16
[2026-05-16 23:39:33] [WARN] ImageMagick falhou para sprites/characters/davi/medium.png: Não é possível encontrar o arquivo especificado.. Tentando fallback .NET...
[2026-05-16 23:39:33] [INFO] Inspecao via fallback .NET para sprites/characters/davi/medium.png: 480x112 bitDepth=4 palette=16
[2026-05-16 23:39:35] [WARN] ImageMagick falhou para sprites/characters/davi/grip.png: Não é possível encontrar o arquivo especificado.. Tentando fallback .NET...
[2026-05-16 23:39:35] [INFO] Inspecao via fallback .NET para sprites/characters/davi/grip.png: 480x112 bitDepth=4 palette=16
[2026-05-16 23:39:36] [WARN] ImageMagick falhou para sprites/characters/davi/hip_throw.png: Não é possível encontrar o arquivo especificado.. Tentando fallback .NET...
[2026-05-16 23:39:36] [INFO] Inspecao via fallback .NET para sprites/characters/davi/hip_throw.png: 768x112 bitDepth=4 palette=16
[2026-05-16 23:39:38] [WARN] ImageMagick falhou para sprites/characters/davi/hurt.png: Não é possível encontrar o arquivo especificado.. Tentando fallback .NET...
[2026-05-16 23:39:38] [INFO] Inspecao via fallback .NET para sprites/characters/davi/hurt.png: 384x112 bitDepth=4 palette=16
[2026-05-16 23:39:39] [WARN] ImageMagick falhou para sprites/characters/davi/knockdown.png: Não é possível encontrar o arquivo especificado.. Tentando fallback .NET...
[2026-05-16 23:39:39] [INFO] Inspecao via fallback .NET para sprites/characters/davi/knockdown.png: 576x112 bitDepth=4 palette=16
[2026-05-16 23:39:41] [WARN] ImageMagick falhou para sprites/characters/davi/getup.png: Não é possível encontrar o arquivo especificado.. Tentando fallback .NET...
[2026-05-16 23:39:41] [INFO] Inspecao via fallback .NET para sprites/characters/davi/getup.png: 576x112 bitDepth=4 palette=16
[2026-05-16 23:39:47] [WARN] Gate visual bloqueado: qualquer asset em needs_review impede Elite/AAA ate curadoria canonica.
[2026-05-16 23:39:47] [WARN] visual_delivery_gate_report bloqueou a promocao visual AAA.
[2026-05-16 23:39:49] [INFO] Validation finished. Errors: 0, Warnings: 3, Checked: 31, Recovered: 0
[2026-05-16 23:40:01] [INFO] --- Starting Resource Validation Suite ---
[2026-05-16 23:40:04] [INFO] Encontrados 1 arquivo(s) .res para validar.
[2026-05-16 23:40:04] [INFO] Validando F:\Projects\MegaDrive_DEV\SGDK_projects\NOVO ARARA GI FIGHTER V2 [VER.001] [SGDK 211] [GEN] [PROTOTIPO] [LUTA]\res\resources.res...
[2026-05-16 23:40:04] [WARN] ImageMagick falhou para bgs/lapa_bg_b.png: Não é possível encontrar o arquivo especificado.. Tentando fallback .NET...
[2026-05-16 23:40:05] [INFO] Inspecao via fallback .NET para bgs/lapa_bg_b.png: 320x160 bitDepth=4 palette=16
[2026-05-16 23:40:06] [WARN] ImageMagick falhou para bgs/lapa_bg_a.png: Não é possível encontrar o arquivo especificado.. Tentando fallback .NET...
[2026-05-16 23:40:06] [INFO] Inspecao via fallback .NET para bgs/lapa_bg_a.png: 320x64 bitDepth=4 palette=16
[2026-05-16 23:40:07] [WARN] Imagem lapa_bg_a: Slot indexado 0 esta visivel e cobre massa significativa; risco alto de perder forma util quando a transparencia estrutural for aplicada.
[2026-05-16 23:40:08] [WARN] ImageMagick falhou para sprites/effects/hit_spark.png: Não é possível encontrar o arquivo especificado.. Tentando fallback .NET...
[2026-05-16 23:40:08] [INFO] Inspecao via fallback .NET para sprites/effects/hit_spark.png: 96x32 bitDepth=4 palette=16
[2026-05-16 23:40:08] [WARN] ImageMagick falhou para sprites/characters/caio/idle.png: Não é possível encontrar o arquivo especificado.. Tentando fallback .NET...
[2026-05-16 23:40:08] [INFO] Inspecao via fallback .NET para sprites/characters/caio/idle.png: 576x112 bitDepth=4 palette=16
[2026-05-16 23:40:09] [WARN] ImageMagick falhou para sprites/characters/caio/walk_forward.png: Não é possível encontrar o arquivo especificado.. Tentando fallback .NET...
[2026-05-16 23:40:10] [INFO] Inspecao via fallback .NET para sprites/characters/caio/walk_forward.png: 576x112 bitDepth=4 palette=16
[2026-05-16 23:40:11] [WARN] ImageMagick falhou para sprites/characters/caio/walk_back.png: Não é possível encontrar o arquivo especificado.. Tentando fallback .NET...
[2026-05-16 23:40:11] [INFO] Inspecao via fallback .NET para sprites/characters/caio/walk_back.png: 576x112 bitDepth=4 palette=16
[2026-05-16 23:40:13] [WARN] ImageMagick falhou para sprites/characters/caio/dash.png: Não é possível encontrar o arquivo especificado.. Tentando fallback .NET...
[2026-05-16 23:40:13] [INFO] Inspecao via fallback .NET para sprites/characters/caio/dash.png: 384x112 bitDepth=4 palette=16
[2026-05-16 23:40:13] [WARN] ImageMagick falhou para sprites/characters/caio/crouch.png: Não é possível encontrar o arquivo especificado.. Tentando fallback .NET...
[2026-05-16 23:40:14] [INFO] Inspecao via fallback .NET para sprites/characters/caio/crouch.png: 192x112 bitDepth=4 palette=16
[2026-05-16 23:40:14] [WARN] ImageMagick falhou para sprites/characters/caio/jump.png: Não é possível encontrar o arquivo especificado.. Tentando fallback .NET...
[2026-05-16 23:40:14] [INFO] Inspecao via fallback .NET para sprites/characters/caio/jump.png: 576x112 bitDepth=4 palette=16
[2026-05-16 23:40:16] [WARN] ImageMagick falhou para sprites/characters/caio/guard.png: Não é possível encontrar o arquivo especificado.. Tentando fallback .NET...
[2026-05-16 23:40:16] [INFO] Inspecao via fallback .NET para sprites/characters/caio/guard.png: 288x112 bitDepth=4 palette=16
[2026-05-16 23:40:16] [WARN] ImageMagick falhou para sprites/characters/caio/jab.png: Não é possível encontrar o arquivo especificado.. Tentando fallback .NET...
[2026-05-16 23:40:17] [INFO] Inspecao via fallback .NET para sprites/characters/caio/jab.png: 384x112 bitDepth=4 palette=16
[2026-05-16 23:40:17] [WARN] ImageMagick falhou para sprites/characters/caio/medium.png: Não é possível encontrar o arquivo especificado.. Tentando fallback .NET...
[2026-05-16 23:40:18] [INFO] Inspecao via fallback .NET para sprites/characters/caio/medium.png: 480x112 bitDepth=4 palette=16
[2026-05-16 23:40:19] [WARN] ImageMagick falhou para sprites/characters/caio/grip.png: Não é possível encontrar o arquivo especificado.. Tentando fallback .NET...
[2026-05-16 23:40:19] [INFO] Inspecao via fallback .NET para sprites/characters/caio/grip.png: 480x112 bitDepth=4 palette=16
[2026-05-16 23:40:20] [WARN] ImageMagick falhou para sprites/characters/caio/hip_throw.png: Não é possível encontrar o arquivo especificado.. Tentando fallback .NET...
[2026-05-16 23:40:20] [INFO] Inspecao via fallback .NET para sprites/characters/caio/hip_throw.png: 768x112 bitDepth=4 palette=16
[2026-05-16 23:40:22] [WARN] ImageMagick falhou para sprites/characters/caio/hurt.png: Não é possível encontrar o arquivo especificado.. Tentando fallback .NET...
[2026-05-16 23:40:22] [INFO] Inspecao via fallback .NET para sprites/characters/caio/hurt.png: 384x112 bitDepth=4 palette=16
[2026-05-16 23:40:23] [WARN] ImageMagick falhou para sprites/characters/caio/knockdown.png: Não é possível encontrar o arquivo especificado.. Tentando fallback .NET...
[2026-05-16 23:40:23] [INFO] Inspecao via fallback .NET para sprites/characters/caio/knockdown.png: 576x112 bitDepth=4 palette=16
[2026-05-16 23:40:24] [WARN] ImageMagick falhou para sprites/characters/caio/getup.png: Não é possível encontrar o arquivo especificado.. Tentando fallback .NET...
[2026-05-16 23:40:24] [INFO] Inspecao via fallback .NET para sprites/characters/caio/getup.png: 576x112 bitDepth=4 palette=16
[2026-05-16 23:40:26] [WARN] ImageMagick falhou para sprites/characters/davi/idle.png: Não é possível encontrar o arquivo especificado.. Tentando fallback .NET...
[2026-05-16 23:40:26] [INFO] Inspecao via fallback .NET para sprites/characters/davi/idle.png: 576x112 bitDepth=4 palette=16
[2026-05-16 23:40:27] [WARN] ImageMagick falhou para sprites/characters/davi/walk_forward.png: Não é possível encontrar o arquivo especificado.. Tentando fallback .NET...
[2026-05-16 23:40:27] [INFO] Inspecao via fallback .NET para sprites/characters/davi/walk_forward.png: 576x112 bitDepth=4 palette=16
[2026-05-16 23:40:28] [WARN] ImageMagick falhou para sprites/characters/davi/walk_back.png: Não é possível encontrar o arquivo especificado.. Tentando fallback .NET...
[2026-05-16 23:40:28] [INFO] Inspecao via fallback .NET para sprites/characters/davi/walk_back.png: 576x112 bitDepth=4 palette=16
[2026-05-16 23:40:29] [WARN] ImageMagick falhou para sprites/characters/davi/dash.png: Não é possível encontrar o arquivo especificado.. Tentando fallback .NET...
[2026-05-16 23:40:30] [INFO] Inspecao via fallback .NET para sprites/characters/davi/dash.png: 384x112 bitDepth=4 palette=16
[2026-05-16 23:40:30] [WARN] ImageMagick falhou para sprites/characters/davi/crouch.png: Não é possível encontrar o arquivo especificado.. Tentando fallback .NET...
[2026-05-16 23:40:30] [INFO] Inspecao via fallback .NET para sprites/characters/davi/crouch.png: 192x112 bitDepth=4 palette=16
[2026-05-16 23:40:31] [WARN] ImageMagick falhou para sprites/characters/davi/jump.png: Não é possível encontrar o arquivo especificado.. Tentando fallback .NET...
[2026-05-16 23:40:31] [INFO] Inspecao via fallback .NET para sprites/characters/davi/jump.png: 576x112 bitDepth=4 palette=16
[2026-05-16 23:40:33] [WARN] ImageMagick falhou para sprites/characters/davi/guard.png: Não é possível encontrar o arquivo especificado.. Tentando fallback .NET...
[2026-05-16 23:40:33] [INFO] Inspecao via fallback .NET para sprites/characters/davi/guard.png: 288x112 bitDepth=4 palette=16
[2026-05-16 23:40:33] [WARN] ImageMagick falhou para sprites/characters/davi/jab.png: Não é possível encontrar o arquivo especificado.. Tentando fallback .NET...
[2026-05-16 23:40:33] [INFO] Inspecao via fallback .NET para sprites/characters/davi/jab.png: 384x112 bitDepth=4 palette=16
[2026-05-16 23:40:34] [WARN] ImageMagick falhou para sprites/characters/davi/medium.png: Não é possível encontrar o arquivo especificado.. Tentando fallback .NET...
[2026-05-16 23:40:35] [INFO] Inspecao via fallback .NET para sprites/characters/davi/medium.png: 480x112 bitDepth=4 palette=16
[2026-05-16 23:40:36] [WARN] ImageMagick falhou para sprites/characters/davi/grip.png: Não é possível encontrar o arquivo especificado.. Tentando fallback .NET...
[2026-05-16 23:40:36] [INFO] Inspecao via fallback .NET para sprites/characters/davi/grip.png: 480x112 bitDepth=4 palette=16
[2026-05-16 23:40:37] [WARN] ImageMagick falhou para sprites/characters/davi/hip_throw.png: Não é possível encontrar o arquivo especificado.. Tentando fallback .NET...
[2026-05-16 23:40:37] [INFO] Inspecao via fallback .NET para sprites/characters/davi/hip_throw.png: 768x112 bitDepth=4 palette=16
[2026-05-16 23:40:39] [WARN] ImageMagick falhou para sprites/characters/davi/hurt.png: Não é possível encontrar o arquivo especificado.. Tentando fallback .NET...
[2026-05-16 23:40:39] [INFO] Inspecao via fallback .NET para sprites/characters/davi/hurt.png: 384x112 bitDepth=4 palette=16
[2026-05-16 23:40:40] [WARN] ImageMagick falhou para sprites/characters/davi/knockdown.png: Não é possível encontrar o arquivo especificado.. Tentando fallback .NET...
[2026-05-16 23:40:40] [INFO] Inspecao via fallback .NET para sprites/characters/davi/knockdown.png: 576x112 bitDepth=4 palette=16
[2026-05-16 23:40:42] [WARN] ImageMagick falhou para sprites/characters/davi/getup.png: Não é possível encontrar o arquivo especificado.. Tentando fallback .NET...
[2026-05-16 23:40:42] [INFO] Inspecao via fallback .NET para sprites/characters/davi/getup.png: 576x112 bitDepth=4 palette=16
[2026-05-16 23:40:45] [WARN] Gate visual bloqueado: qualquer asset em needs_review impede Elite/AAA ate curadoria canonica.
[2026-05-16 23:40:46] [WARN] visual_delivery_gate_report bloqueou a promocao visual AAA.
[2026-05-16 23:40:46] [WARN] Evidencia de emulador obsoleta ou insuficiente: runtime_metrics_stale.
[2026-05-16 23:40:47] [INFO] Validation finished. Errors: 0, Warnings: 4, Checked: 31, Recovered: 0
[2026-05-16 23:40:58] [INFO] --- Starting Resource Validation Suite ---
[2026-05-16 23:41:01] [INFO] Encontrados 1 arquivo(s) .res para validar.
[2026-05-16 23:41:01] [INFO] Validando F:\Projects\MegaDrive_DEV\SGDK_projects\NOVO ARARA GI FIGHTER V2 [VER.001] [SGDK 211] [GEN] [PROTOTIPO] [LUTA]\res\resources.res...
[2026-05-16 23:41:01] [WARN] ImageMagick falhou para bgs/lapa_bg_b.png: Não é possível encontrar o arquivo especificado.. Tentando fallback .NET...
[2026-05-16 23:41:02] [INFO] Inspecao via fallback .NET para bgs/lapa_bg_b.png: 320x160 bitDepth=4 palette=16
[2026-05-16 23:41:03] [WARN] ImageMagick falhou para bgs/lapa_bg_a.png: Não é possível encontrar o arquivo especificado.. Tentando fallback .NET...
[2026-05-16 23:41:03] [INFO] Inspecao via fallback .NET para bgs/lapa_bg_a.png: 320x64 bitDepth=4 palette=16
[2026-05-16 23:41:03] [WARN] Imagem lapa_bg_a: Slot indexado 0 esta visivel e cobre massa significativa; risco alto de perder forma util quando a transparencia estrutural for aplicada.
[2026-05-16 23:41:04] [WARN] ImageMagick falhou para sprites/effects/hit_spark.png: Não é possível encontrar o arquivo especificado.. Tentando fallback .NET...
[2026-05-16 23:41:04] [INFO] Inspecao via fallback .NET para sprites/effects/hit_spark.png: 96x32 bitDepth=4 palette=16
[2026-05-16 23:41:04] [WARN] ImageMagick falhou para sprites/characters/caio/idle.png: Não é possível encontrar o arquivo especificado.. Tentando fallback .NET...
[2026-05-16 23:41:05] [INFO] Inspecao via fallback .NET para sprites/characters/caio/idle.png: 576x112 bitDepth=4 palette=16
[2026-05-16 23:41:06] [WARN] ImageMagick falhou para sprites/characters/caio/walk_forward.png: Não é possível encontrar o arquivo especificado.. Tentando fallback .NET...
[2026-05-16 23:41:06] [INFO] Inspecao via fallback .NET para sprites/characters/caio/walk_forward.png: 576x112 bitDepth=4 palette=16
[2026-05-16 23:41:07] [WARN] ImageMagick falhou para sprites/characters/caio/walk_back.png: Não é possível encontrar o arquivo especificado.. Tentando fallback .NET...
[2026-05-16 23:41:07] [INFO] Inspecao via fallback .NET para sprites/characters/caio/walk_back.png: 576x112 bitDepth=4 palette=16
[2026-05-16 23:41:09] [WARN] ImageMagick falhou para sprites/characters/caio/dash.png: Não é possível encontrar o arquivo especificado.. Tentando fallback .NET...
[2026-05-16 23:41:09] [INFO] Inspecao via fallback .NET para sprites/characters/caio/dash.png: 384x112 bitDepth=4 palette=16
[2026-05-16 23:41:10] [WARN] ImageMagick falhou para sprites/characters/caio/crouch.png: Não é possível encontrar o arquivo especificado.. Tentando fallback .NET...
[2026-05-16 23:41:10] [INFO] Inspecao via fallback .NET para sprites/characters/caio/crouch.png: 192x112 bitDepth=4 palette=16
[2026-05-16 23:41:10] [WARN] ImageMagick falhou para sprites/characters/caio/jump.png: Não é possível encontrar o arquivo especificado.. Tentando fallback .NET...
[2026-05-16 23:41:11] [INFO] Inspecao via fallback .NET para sprites/characters/caio/jump.png: 576x112 bitDepth=4 palette=16
[2026-05-16 23:41:12] [WARN] ImageMagick falhou para sprites/characters/caio/guard.png: Não é possível encontrar o arquivo especificado.. Tentando fallback .NET...
[2026-05-16 23:41:12] [INFO] Inspecao via fallback .NET para sprites/characters/caio/guard.png: 288x112 bitDepth=4 palette=16
[2026-05-16 23:41:13] [WARN] ImageMagick falhou para sprites/characters/caio/jab.png: Não é possível encontrar o arquivo especificado.. Tentando fallback .NET...
[2026-05-16 23:41:13] [INFO] Inspecao via fallback .NET para sprites/characters/caio/jab.png: 384x112 bitDepth=4 palette=16
[2026-05-16 23:41:14] [WARN] ImageMagick falhou para sprites/characters/caio/medium.png: Não é possível encontrar o arquivo especificado.. Tentando fallback .NET...
[2026-05-16 23:41:14] [INFO] Inspecao via fallback .NET para sprites/characters/caio/medium.png: 480x112 bitDepth=4 palette=16
[2026-05-16 23:41:15] [WARN] ImageMagick falhou para sprites/characters/caio/grip.png: Não é possível encontrar o arquivo especificado.. Tentando fallback .NET...
[2026-05-16 23:41:15] [INFO] Inspecao via fallback .NET para sprites/characters/caio/grip.png: 480x112 bitDepth=4 palette=16
[2026-05-16 23:41:16] [WARN] ImageMagick falhou para sprites/characters/caio/hip_throw.png: Não é possível encontrar o arquivo especificado.. Tentando fallback .NET...
[2026-05-16 23:41:16] [INFO] Inspecao via fallback .NET para sprites/characters/caio/hip_throw.png: 768x112 bitDepth=4 palette=16
[2026-05-16 23:41:18] [WARN] ImageMagick falhou para sprites/characters/caio/hurt.png: Não é possível encontrar o arquivo especificado.. Tentando fallback .NET...
[2026-05-16 23:41:18] [INFO] Inspecao via fallback .NET para sprites/characters/caio/hurt.png: 384x112 bitDepth=4 palette=16
[2026-05-16 23:41:19] [WARN] ImageMagick falhou para sprites/characters/caio/knockdown.png: Não é possível encontrar o arquivo especificado.. Tentando fallback .NET...
[2026-05-16 23:41:19] [INFO] Inspecao via fallback .NET para sprites/characters/caio/knockdown.png: 576x112 bitDepth=4 palette=16
[2026-05-16 23:41:20] [WARN] ImageMagick falhou para sprites/characters/caio/getup.png: Não é possível encontrar o arquivo especificado.. Tentando fallback .NET...
[2026-05-16 23:41:20] [INFO] Inspecao via fallback .NET para sprites/characters/caio/getup.png: 576x112 bitDepth=4 palette=16
[2026-05-16 23:41:22] [WARN] ImageMagick falhou para sprites/characters/davi/idle.png: Não é possível encontrar o arquivo especificado.. Tentando fallback .NET...
[2026-05-16 23:41:22] [INFO] Inspecao via fallback .NET para sprites/characters/davi/idle.png: 576x112 bitDepth=4 palette=16
[2026-05-16 23:41:23] [WARN] ImageMagick falhou para sprites/characters/davi/walk_forward.png: Não é possível encontrar o arquivo especificado.. Tentando fallback .NET...
[2026-05-16 23:41:23] [INFO] Inspecao via fallback .NET para sprites/characters/davi/walk_forward.png: 576x112 bitDepth=4 palette=16
[2026-05-16 23:41:24] [WARN] ImageMagick falhou para sprites/characters/davi/walk_back.png: Não é possível encontrar o arquivo especificado.. Tentando fallback .NET...
[2026-05-16 23:41:25] [INFO] Inspecao via fallback .NET para sprites/characters/davi/walk_back.png: 576x112 bitDepth=4 palette=16
[2026-05-16 23:41:26] [WARN] ImageMagick falhou para sprites/characters/davi/dash.png: Não é possível encontrar o arquivo especificado.. Tentando fallback .NET...
[2026-05-16 23:41:26] [INFO] Inspecao via fallback .NET para sprites/characters/davi/dash.png: 384x112 bitDepth=4 palette=16
[2026-05-16 23:41:27] [WARN] ImageMagick falhou para sprites/characters/davi/crouch.png: Não é possível encontrar o arquivo especificado.. Tentando fallback .NET...
[2026-05-16 23:41:27] [INFO] Inspecao via fallback .NET para sprites/characters/davi/crouch.png: 192x112 bitDepth=4 palette=16
[2026-05-16 23:41:27] [WARN] ImageMagick falhou para sprites/characters/davi/jump.png: Não é possível encontrar o arquivo especificado.. Tentando fallback .NET...
[2026-05-16 23:41:28] [INFO] Inspecao via fallback .NET para sprites/characters/davi/jump.png: 576x112 bitDepth=4 palette=16
[2026-05-16 23:41:29] [WARN] ImageMagick falhou para sprites/characters/davi/guard.png: Não é possível encontrar o arquivo especificado.. Tentando fallback .NET...
[2026-05-16 23:41:29] [INFO] Inspecao via fallback .NET para sprites/characters/davi/guard.png: 288x112 bitDepth=4 palette=16
[2026-05-16 23:41:30] [WARN] ImageMagick falhou para sprites/characters/davi/jab.png: Não é possível encontrar o arquivo especificado.. Tentando fallback .NET...
[2026-05-16 23:41:30] [INFO] Inspecao via fallback .NET para sprites/characters/davi/jab.png: 384x112 bitDepth=4 palette=16
[2026-05-16 23:41:31] [WARN] ImageMagick falhou para sprites/characters/davi/medium.png: Não é possível encontrar o arquivo especificado.. Tentando fallback .NET...
[2026-05-16 23:41:31] [INFO] Inspecao via fallback .NET para sprites/characters/davi/medium.png: 480x112 bitDepth=4 palette=16
[2026-05-16 23:41:33] [WARN] ImageMagick falhou para sprites/characters/davi/grip.png: Não é possível encontrar o arquivo especificado.. Tentando fallback .NET...
[2026-05-16 23:41:33] [INFO] Inspecao via fallback .NET para sprites/characters/davi/grip.png: 480x112 bitDepth=4 palette=16
[2026-05-16 23:41:34] [WARN] ImageMagick falhou para sprites/characters/davi/hip_throw.png: Não é possível encontrar o arquivo especificado.. Tentando fallback .NET...
[2026-05-16 23:41:34] [INFO] Inspecao via fallback .NET para sprites/characters/davi/hip_throw.png: 768x112 bitDepth=4 palette=16
[2026-05-16 23:41:36] [WARN] ImageMagick falhou para sprites/characters/davi/hurt.png: Não é possível encontrar o arquivo especificado.. Tentando fallback .NET...
[2026-05-16 23:41:36] [INFO] Inspecao via fallback .NET para sprites/characters/davi/hurt.png: 384x112 bitDepth=4 palette=16
[2026-05-16 23:41:37] [WARN] ImageMagick falhou para sprites/characters/davi/knockdown.png: Não é possível encontrar o arquivo especificado.. Tentando fallback .NET...
[2026-05-16 23:41:37] [INFO] Inspecao via fallback .NET para sprites/characters/davi/knockdown.png: 576x112 bitDepth=4 palette=16
[2026-05-16 23:41:38] [WARN] ImageMagick falhou para sprites/characters/davi/getup.png: Não é possível encontrar o arquivo especificado.. Tentando fallback .NET...
[2026-05-16 23:41:39] [INFO] Inspecao via fallback .NET para sprites/characters/davi/getup.png: 576x112 bitDepth=4 palette=16
[2026-05-16 23:41:42] [WARN] Gate visual bloqueado: qualquer asset em needs_review impede Elite/AAA ate curadoria canonica.
[2026-05-16 23:41:43] [WARN] visual_delivery_gate_report bloqueou a promocao visual AAA.
[2026-05-16 23:41:43] [WARN] Evidencia de emulador obsoleta ou insuficiente: runtime_metrics_stale.
[2026-05-16 23:41:44] [INFO] Validation finished. Errors: 0, Warnings: 4, Checked: 31, Recovered: 0
[2026-05-16 23:44:00] [INFO] --- Starting Resource Validation Suite ---
[2026-05-16 23:44:02] [INFO] Encontrados 1 arquivo(s) .res para validar.
[2026-05-16 23:44:02] [INFO] Validando F:\Projects\MegaDrive_DEV\SGDK_projects\NOVO ARARA GI FIGHTER V2 [VER.001] [SGDK 211] [GEN] [PROTOTIPO] [LUTA]\res\resources.res...
[2026-05-16 23:44:02] [WARN] ImageMagick falhou para bgs/lapa_bg_b.png: Não é possível encontrar o arquivo especificado.. Tentando fallback .NET...
[2026-05-16 23:44:02] [INFO] Inspecao via fallback .NET para bgs/lapa_bg_b.png: 320x160 bitDepth=4 palette=16
[2026-05-16 23:44:03] [WARN] ImageMagick falhou para bgs/lapa_bg_a.png: Não é possível encontrar o arquivo especificado.. Tentando fallback .NET...
[2026-05-16 23:44:03] [INFO] Inspecao via fallback .NET para bgs/lapa_bg_a.png: 320x64 bitDepth=4 palette=16
[2026-05-16 23:44:04] [WARN] Imagem lapa_bg_a: Slot indexado 0 esta visivel e cobre massa significativa; risco alto de perder forma util quando a transparencia estrutural for aplicada.
[2026-05-16 23:44:04] [WARN] ImageMagick falhou para sprites/effects/hit_spark.png: Não é possível encontrar o arquivo especificado.. Tentando fallback .NET...
[2026-05-16 23:44:04] [INFO] Inspecao via fallback .NET para sprites/effects/hit_spark.png: 96x32 bitDepth=4 palette=16
[2026-05-16 23:44:05] [WARN] ImageMagick falhou para sprites/characters/caio/idle.png: Não é possível encontrar o arquivo especificado.. Tentando fallback .NET...
[2026-05-16 23:44:05] [INFO] Inspecao via fallback .NET para sprites/characters/caio/idle.png: 576x112 bitDepth=4 palette=16
[2026-05-16 23:44:06] [WARN] ImageMagick falhou para sprites/characters/caio/walk_forward.png: Não é possível encontrar o arquivo especificado.. Tentando fallback .NET...
[2026-05-16 23:44:06] [INFO] Inspecao via fallback .NET para sprites/characters/caio/walk_forward.png: 576x112 bitDepth=4 palette=16
[2026-05-16 23:44:07] [WARN] ImageMagick falhou para sprites/characters/caio/walk_back.png: Não é possível encontrar o arquivo especificado.. Tentando fallback .NET...
[2026-05-16 23:44:07] [INFO] Inspecao via fallback .NET para sprites/characters/caio/walk_back.png: 576x112 bitDepth=4 palette=16
[2026-05-16 23:44:08] [WARN] ImageMagick falhou para sprites/characters/caio/dash.png: Não é possível encontrar o arquivo especificado.. Tentando fallback .NET...
[2026-05-16 23:44:09] [INFO] Inspecao via fallback .NET para sprites/characters/caio/dash.png: 384x112 bitDepth=4 palette=16
[2026-05-16 23:44:09] [WARN] ImageMagick falhou para sprites/characters/caio/crouch.png: Não é possível encontrar o arquivo especificado.. Tentando fallback .NET...
[2026-05-16 23:44:09] [INFO] Inspecao via fallback .NET para sprites/characters/caio/crouch.png: 192x112 bitDepth=4 palette=16
[2026-05-16 23:44:10] [WARN] ImageMagick falhou para sprites/characters/caio/jump.png: Não é possível encontrar o arquivo especificado.. Tentando fallback .NET...
[2026-05-16 23:44:10] [INFO] Inspecao via fallback .NET para sprites/characters/caio/jump.png: 576x112 bitDepth=4 palette=16
[2026-05-16 23:44:12] [WARN] ImageMagick falhou para sprites/characters/caio/guard.png: Não é possível encontrar o arquivo especificado.. Tentando fallback .NET...
[2026-05-16 23:44:12] [INFO] Inspecao via fallback .NET para sprites/characters/caio/guard.png: 288x112 bitDepth=4 palette=16
[2026-05-16 23:44:12] [WARN] ImageMagick falhou para sprites/characters/caio/jab.png: Não é possível encontrar o arquivo especificado.. Tentando fallback .NET...
[2026-05-16 23:44:13] [INFO] Inspecao via fallback .NET para sprites/characters/caio/jab.png: 384x112 bitDepth=4 palette=16
[2026-05-16 23:44:13] [WARN] ImageMagick falhou para sprites/characters/caio/medium.png: Não é possível encontrar o arquivo especificado.. Tentando fallback .NET...
[2026-05-16 23:44:14] [INFO] Inspecao via fallback .NET para sprites/characters/caio/medium.png: 480x112 bitDepth=4 palette=16
[2026-05-16 23:44:14] [WARN] ImageMagick falhou para sprites/characters/caio/grip.png: Não é possível encontrar o arquivo especificado.. Tentando fallback .NET...
[2026-05-16 23:44:15] [INFO] Inspecao via fallback .NET para sprites/characters/caio/grip.png: 480x112 bitDepth=4 palette=16
[2026-05-16 23:44:15] [WARN] ImageMagick falhou para sprites/characters/caio/hip_throw.png: Não é possível encontrar o arquivo especificado.. Tentando fallback .NET...
[2026-05-16 23:44:16] [INFO] Inspecao via fallback .NET para sprites/characters/caio/hip_throw.png: 768x112 bitDepth=4 palette=16
[2026-05-16 23:44:17] [WARN] ImageMagick falhou para sprites/characters/caio/hurt.png: Não é possível encontrar o arquivo especificado.. Tentando fallback .NET...
[2026-05-16 23:44:17] [INFO] Inspecao via fallback .NET para sprites/characters/caio/hurt.png: 384x112 bitDepth=4 palette=16
[2026-05-16 23:44:18] [WARN] ImageMagick falhou para sprites/characters/caio/knockdown.png: Não é possível encontrar o arquivo especificado.. Tentando fallback .NET...
[2026-05-16 23:44:18] [INFO] Inspecao via fallback .NET para sprites/characters/caio/knockdown.png: 576x112 bitDepth=4 palette=16
[2026-05-16 23:44:19] [WARN] ImageMagick falhou para sprites/characters/caio/getup.png: Não é possível encontrar o arquivo especificado.. Tentando fallback .NET...
[2026-05-16 23:44:19] [INFO] Inspecao via fallback .NET para sprites/characters/caio/getup.png: 576x112 bitDepth=4 palette=16
[2026-05-16 23:44:21] [WARN] ImageMagick falhou para sprites/characters/davi/idle.png: Não é possível encontrar o arquivo especificado.. Tentando fallback .NET...
[2026-05-16 23:44:21] [INFO] Inspecao via fallback .NET para sprites/characters/davi/idle.png: 576x112 bitDepth=4 palette=16
[2026-05-16 23:44:22] [WARN] ImageMagick falhou para sprites/characters/davi/walk_forward.png: Não é possível encontrar o arquivo especificado.. Tentando fallback .NET...
[2026-05-16 23:44:22] [INFO] Inspecao via fallback .NET para sprites/characters/davi/walk_forward.png: 576x112 bitDepth=4 palette=16
[2026-05-16 23:44:23] [WARN] ImageMagick falhou para sprites/characters/davi/walk_back.png: Não é possível encontrar o arquivo especificado.. Tentando fallback .NET...
[2026-05-16 23:44:23] [INFO] Inspecao via fallback .NET para sprites/characters/davi/walk_back.png: 576x112 bitDepth=4 palette=16
[2026-05-16 23:44:24] [WARN] ImageMagick falhou para sprites/characters/davi/dash.png: Não é possível encontrar o arquivo especificado.. Tentando fallback .NET...
[2026-05-16 23:44:24] [INFO] Inspecao via fallback .NET para sprites/characters/davi/dash.png: 384x112 bitDepth=4 palette=16
[2026-05-16 23:44:25] [WARN] ImageMagick falhou para sprites/characters/davi/crouch.png: Não é possível encontrar o arquivo especificado.. Tentando fallback .NET...
[2026-05-16 23:44:25] [INFO] Inspecao via fallback .NET para sprites/characters/davi/crouch.png: 192x112 bitDepth=4 palette=16
[2026-05-16 23:44:26] [WARN] ImageMagick falhou para sprites/characters/davi/jump.png: Não é possível encontrar o arquivo especificado.. Tentando fallback .NET...
[2026-05-16 23:44:26] [INFO] Inspecao via fallback .NET para sprites/characters/davi/jump.png: 576x112 bitDepth=4 palette=16
[2026-05-16 23:44:27] [WARN] ImageMagick falhou para sprites/characters/davi/guard.png: Não é possível encontrar o arquivo especificado.. Tentando fallback .NET...
[2026-05-16 23:44:27] [INFO] Inspecao via fallback .NET para sprites/characters/davi/guard.png: 288x112 bitDepth=4 palette=16
[2026-05-16 23:44:28] [WARN] ImageMagick falhou para sprites/characters/davi/jab.png: Não é possível encontrar o arquivo especificado.. Tentando fallback .NET...
[2026-05-16 23:44:28] [INFO] Inspecao via fallback .NET para sprites/characters/davi/jab.png: 384x112 bitDepth=4 palette=16
[2026-05-16 23:44:29] [WARN] ImageMagick falhou para sprites/characters/davi/medium.png: Não é possível encontrar o arquivo especificado.. Tentando fallback .NET...
[2026-05-16 23:44:29] [INFO] Inspecao via fallback .NET para sprites/characters/davi/medium.png: 480x112 bitDepth=4 palette=16
[2026-05-16 23:44:30] [WARN] ImageMagick falhou para sprites/characters/davi/grip.png: Não é possível encontrar o arquivo especificado.. Tentando fallback .NET...
[2026-05-16 23:44:30] [INFO] Inspecao via fallback .NET para sprites/characters/davi/grip.png: 480x112 bitDepth=4 palette=16
[2026-05-16 23:44:31] [WARN] ImageMagick falhou para sprites/characters/davi/hip_throw.png: Não é possível encontrar o arquivo especificado.. Tentando fallback .NET...
[2026-05-16 23:44:31] [INFO] Inspecao via fallback .NET para sprites/characters/davi/hip_throw.png: 768x112 bitDepth=4 palette=16
[2026-05-16 23:44:33] [WARN] ImageMagick falhou para sprites/characters/davi/hurt.png: Não é possível encontrar o arquivo especificado.. Tentando fallback .NET...
[2026-05-16 23:44:33] [INFO] Inspecao via fallback .NET para sprites/characters/davi/hurt.png: 384x112 bitDepth=4 palette=16
[2026-05-16 23:44:34] [WARN] ImageMagick falhou para sprites/characters/davi/knockdown.png: Não é possível encontrar o arquivo especificado.. Tentando fallback .NET...
[2026-05-16 23:44:34] [INFO] Inspecao via fallback .NET para sprites/characters/davi/knockdown.png: 576x112 bitDepth=4 palette=16
[2026-05-16 23:44:35] [WARN] ImageMagick falhou para sprites/characters/davi/getup.png: Não é possível encontrar o arquivo especificado.. Tentando fallback .NET...
[2026-05-16 23:44:35] [INFO] Inspecao via fallback .NET para sprites/characters/davi/getup.png: 576x112 bitDepth=4 palette=16
[2026-05-16 23:44:38] [WARN] Gate visual bloqueado: qualquer asset em needs_review impede Elite/AAA ate curadoria canonica.
[2026-05-16 23:44:38] [WARN] visual_delivery_gate_report bloqueou a promocao visual AAA.
[2026-05-16 23:44:40] [INFO] Validation finished. Errors: 0, Warnings: 3, Checked: 31, Recovered: 0
[2026-05-16 23:44:49] [INFO] --- Starting Resource Validation Suite ---
[2026-05-16 23:44:52] [INFO] Encontrados 1 arquivo(s) .res para validar.
[2026-05-16 23:44:52] [INFO] Validando F:\Projects\MegaDrive_DEV\SGDK_projects\NOVO ARARA GI FIGHTER V2 [VER.001] [SGDK 211] [GEN] [PROTOTIPO] [LUTA]\res\resources.res...
[2026-05-16 23:44:52] [WARN] ImageMagick falhou para bgs/lapa_bg_b.png: Não é possível encontrar o arquivo especificado.. Tentando fallback .NET...
[2026-05-16 23:44:53] [INFO] Inspecao via fallback .NET para bgs/lapa_bg_b.png: 320x160 bitDepth=4 palette=16
[2026-05-16 23:44:53] [WARN] ImageMagick falhou para bgs/lapa_bg_a.png: Não é possível encontrar o arquivo especificado.. Tentando fallback .NET...
[2026-05-16 23:44:53] [INFO] Inspecao via fallback .NET para bgs/lapa_bg_a.png: 320x64 bitDepth=4 palette=16
[2026-05-16 23:44:54] [WARN] Imagem lapa_bg_a: Slot indexado 0 esta visivel e cobre massa significativa; risco alto de perder forma util quando a transparencia estrutural for aplicada.
[2026-05-16 23:44:54] [WARN] ImageMagick falhou para sprites/effects/hit_spark.png: Não é possível encontrar o arquivo especificado.. Tentando fallback .NET...
[2026-05-16 23:44:54] [INFO] Inspecao via fallback .NET para sprites/effects/hit_spark.png: 96x32 bitDepth=4 palette=16
[2026-05-16 23:44:55] [WARN] ImageMagick falhou para sprites/characters/caio/idle.png: Não é possível encontrar o arquivo especificado.. Tentando fallback .NET...
[2026-05-16 23:44:55] [INFO] Inspecao via fallback .NET para sprites/characters/caio/idle.png: 576x112 bitDepth=4 palette=16
[2026-05-16 23:44:56] [WARN] ImageMagick falhou para sprites/characters/caio/walk_forward.png: Não é possível encontrar o arquivo especificado.. Tentando fallback .NET...
[2026-05-16 23:44:56] [INFO] Inspecao via fallback .NET para sprites/characters/caio/walk_forward.png: 576x112 bitDepth=4 palette=16
[2026-05-16 23:44:57] [WARN] ImageMagick falhou para sprites/characters/caio/walk_back.png: Não é possível encontrar o arquivo especificado.. Tentando fallback .NET...
[2026-05-16 23:44:57] [INFO] Inspecao via fallback .NET para sprites/characters/caio/walk_back.png: 576x112 bitDepth=4 palette=16
[2026-05-16 23:44:58] [WARN] ImageMagick falhou para sprites/characters/caio/dash.png: Não é possível encontrar o arquivo especificado.. Tentando fallback .NET...
[2026-05-16 23:44:58] [INFO] Inspecao via fallback .NET para sprites/characters/caio/dash.png: 384x112 bitDepth=4 palette=16
[2026-05-16 23:44:59] [WARN] ImageMagick falhou para sprites/characters/caio/crouch.png: Não é possível encontrar o arquivo especificado.. Tentando fallback .NET...
[2026-05-16 23:44:59] [INFO] Inspecao via fallback .NET para sprites/characters/caio/crouch.png: 192x112 bitDepth=4 palette=16
[2026-05-16 23:45:00] [WARN] ImageMagick falhou para sprites/characters/caio/jump.png: Não é possível encontrar o arquivo especificado.. Tentando fallback .NET...
[2026-05-16 23:45:00] [INFO] Inspecao via fallback .NET para sprites/characters/caio/jump.png: 576x112 bitDepth=4 palette=16
[2026-05-16 23:45:01] [WARN] ImageMagick falhou para sprites/characters/caio/guard.png: Não é possível encontrar o arquivo especificado.. Tentando fallback .NET...
[2026-05-16 23:45:01] [INFO] Inspecao via fallback .NET para sprites/characters/caio/guard.png: 288x112 bitDepth=4 palette=16
[2026-05-16 23:45:02] [WARN] ImageMagick falhou para sprites/characters/caio/jab.png: Não é possível encontrar o arquivo especificado.. Tentando fallback .NET...
[2026-05-16 23:45:02] [INFO] Inspecao via fallback .NET para sprites/characters/caio/jab.png: 384x112 bitDepth=4 palette=16
[2026-05-16 23:45:03] [WARN] ImageMagick falhou para sprites/characters/caio/medium.png: Não é possível encontrar o arquivo especificado.. Tentando fallback .NET...
[2026-05-16 23:45:03] [INFO] Inspecao via fallback .NET para sprites/characters/caio/medium.png: 480x112 bitDepth=4 palette=16
[2026-05-16 23:45:04] [WARN] ImageMagick falhou para sprites/characters/caio/grip.png: Não é possível encontrar o arquivo especificado.. Tentando fallback .NET...
[2026-05-16 23:45:04] [INFO] Inspecao via fallback .NET para sprites/characters/caio/grip.png: 480x112 bitDepth=4 palette=16
[2026-05-16 23:45:05] [WARN] ImageMagick falhou para sprites/characters/caio/hip_throw.png: Não é possível encontrar o arquivo especificado.. Tentando fallback .NET...
[2026-05-16 23:45:05] [INFO] Inspecao via fallback .NET para sprites/characters/caio/hip_throw.png: 768x112 bitDepth=4 palette=16
[2026-05-16 23:45:07] [WARN] ImageMagick falhou para sprites/characters/caio/hurt.png: Não é possível encontrar o arquivo especificado.. Tentando fallback .NET...
[2026-05-16 23:45:07] [INFO] Inspecao via fallback .NET para sprites/characters/caio/hurt.png: 384x112 bitDepth=4 palette=16
[2026-05-16 23:45:08] [WARN] ImageMagick falhou para sprites/characters/caio/knockdown.png: Não é possível encontrar o arquivo especificado.. Tentando fallback .NET...
[2026-05-16 23:45:08] [INFO] Inspecao via fallback .NET para sprites/characters/caio/knockdown.png: 576x112 bitDepth=4 palette=16
[2026-05-16 23:45:09] [WARN] ImageMagick falhou para sprites/characters/caio/getup.png: Não é possível encontrar o arquivo especificado.. Tentando fallback .NET...
[2026-05-16 23:45:09] [INFO] Inspecao via fallback .NET para sprites/characters/caio/getup.png: 576x112 bitDepth=4 palette=16
[2026-05-16 23:45:10] [WARN] ImageMagick falhou para sprites/characters/davi/idle.png: Não é possível encontrar o arquivo especificado.. Tentando fallback .NET...
[2026-05-16 23:45:10] [INFO] Inspecao via fallback .NET para sprites/characters/davi/idle.png: 576x112 bitDepth=4 palette=16
[2026-05-16 23:45:12] [WARN] ImageMagick falhou para sprites/characters/davi/walk_forward.png: Não é possível encontrar o arquivo especificado.. Tentando fallback .NET...
[2026-05-16 23:45:12] [INFO] Inspecao via fallback .NET para sprites/characters/davi/walk_forward.png: 576x112 bitDepth=4 palette=16
[2026-05-16 23:45:13] [WARN] ImageMagick falhou para sprites/characters/davi/walk_back.png: Não é possível encontrar o arquivo especificado.. Tentando fallback .NET...
[2026-05-16 23:45:13] [INFO] Inspecao via fallback .NET para sprites/characters/davi/walk_back.png: 576x112 bitDepth=4 palette=16
[2026-05-16 23:45:14] [WARN] ImageMagick falhou para sprites/characters/davi/dash.png: Não é possível encontrar o arquivo especificado.. Tentando fallback .NET...
[2026-05-16 23:45:14] [INFO] Inspecao via fallback .NET para sprites/characters/davi/dash.png: 384x112 bitDepth=4 palette=16
[2026-05-16 23:45:15] [WARN] ImageMagick falhou para sprites/characters/davi/crouch.png: Não é possível encontrar o arquivo especificado.. Tentando fallback .NET...
[2026-05-16 23:45:15] [INFO] Inspecao via fallback .NET para sprites/characters/davi/crouch.png: 192x112 bitDepth=4 palette=16
[2026-05-16 23:45:16] [WARN] ImageMagick falhou para sprites/characters/davi/jump.png: Não é possível encontrar o arquivo especificado.. Tentando fallback .NET...
[2026-05-16 23:45:16] [INFO] Inspecao via fallback .NET para sprites/characters/davi/jump.png: 576x112 bitDepth=4 palette=16
[2026-05-16 23:45:17] [WARN] ImageMagick falhou para sprites/characters/davi/guard.png: Não é possível encontrar o arquivo especificado.. Tentando fallback .NET...
[2026-05-16 23:45:17] [INFO] Inspecao via fallback .NET para sprites/characters/davi/guard.png: 288x112 bitDepth=4 palette=16
[2026-05-16 23:45:18] [WARN] ImageMagick falhou para sprites/characters/davi/jab.png: Não é possível encontrar o arquivo especificado.. Tentando fallback .NET...
[2026-05-16 23:45:18] [INFO] Inspecao via fallback .NET para sprites/characters/davi/jab.png: 384x112 bitDepth=4 palette=16
[2026-05-16 23:45:19] [WARN] ImageMagick falhou para sprites/characters/davi/medium.png: Não é possível encontrar o arquivo especificado.. Tentando fallback .NET...
[2026-05-16 23:45:19] [INFO] Inspecao via fallback .NET para sprites/characters/davi/medium.png: 480x112 bitDepth=4 palette=16
[2026-05-16 23:45:20] [WARN] ImageMagick falhou para sprites/characters/davi/grip.png: Não é possível encontrar o arquivo especificado.. Tentando fallback .NET...
[2026-05-16 23:45:20] [INFO] Inspecao via fallback .NET para sprites/characters/davi/grip.png: 480x112 bitDepth=4 palette=16
[2026-05-16 23:45:21] [WARN] ImageMagick falhou para sprites/characters/davi/hip_throw.png: Não é possível encontrar o arquivo especificado.. Tentando fallback .NET...
[2026-05-16 23:45:21] [INFO] Inspecao via fallback .NET para sprites/characters/davi/hip_throw.png: 768x112 bitDepth=4 palette=16
[2026-05-16 23:45:22] [WARN] ImageMagick falhou para sprites/characters/davi/hurt.png: Não é possível encontrar o arquivo especificado.. Tentando fallback .NET...
[2026-05-16 23:45:22] [INFO] Inspecao via fallback .NET para sprites/characters/davi/hurt.png: 384x112 bitDepth=4 palette=16
[2026-05-16 23:45:23] [WARN] ImageMagick falhou para sprites/characters/davi/knockdown.png: Não é possível encontrar o arquivo especificado.. Tentando fallback .NET...
[2026-05-16 23:45:23] [INFO] Inspecao via fallback .NET para sprites/characters/davi/knockdown.png: 576x112 bitDepth=4 palette=16
[2026-05-16 23:45:25] [WARN] ImageMagick falhou para sprites/characters/davi/getup.png: Não é possível encontrar o arquivo especificado.. Tentando fallback .NET...
[2026-05-16 23:45:25] [INFO] Inspecao via fallback .NET para sprites/characters/davi/getup.png: 576x112 bitDepth=4 palette=16
[2026-05-16 23:45:28] [WARN] Gate visual bloqueado: qualquer asset em needs_review impede Elite/AAA ate curadoria canonica.
[2026-05-16 23:45:28] [WARN] visual_delivery_gate_report bloqueou a promocao visual AAA.
[2026-05-16 23:45:29] [WARN] Evidencia de emulador obsoleta ou insuficiente: runtime_metrics_stale.
[2026-05-16 23:45:29] [INFO] Validation finished. Errors: 0, Warnings: 4, Checked: 31, Recovered: 0
[2026-05-16 23:45:39] [INFO] --- Starting Resource Validation Suite ---
[2026-05-16 23:45:42] [INFO] Encontrados 1 arquivo(s) .res para validar.
[2026-05-16 23:45:42] [INFO] Validando F:\Projects\MegaDrive_DEV\SGDK_projects\NOVO ARARA GI FIGHTER V2 [VER.001] [SGDK 211] [GEN] [PROTOTIPO] [LUTA]\res\resources.res...
[2026-05-16 23:45:42] [WARN] ImageMagick falhou para bgs/lapa_bg_b.png: Não é possível encontrar o arquivo especificado.. Tentando fallback .NET...
[2026-05-16 23:45:43] [INFO] Inspecao via fallback .NET para bgs/lapa_bg_b.png: 320x160 bitDepth=4 palette=16
[2026-05-16 23:45:43] [WARN] ImageMagick falhou para bgs/lapa_bg_a.png: Não é possível encontrar o arquivo especificado.. Tentando fallback .NET...
[2026-05-16 23:45:43] [INFO] Inspecao via fallback .NET para bgs/lapa_bg_a.png: 320x64 bitDepth=4 palette=16
[2026-05-16 23:45:44] [WARN] Imagem lapa_bg_a: Slot indexado 0 esta visivel e cobre massa significativa; risco alto de perder forma util quando a transparencia estrutural for aplicada.
[2026-05-16 23:45:44] [WARN] ImageMagick falhou para sprites/effects/hit_spark.png: Não é possível encontrar o arquivo especificado.. Tentando fallback .NET...
[2026-05-16 23:45:44] [INFO] Inspecao via fallback .NET para sprites/effects/hit_spark.png: 96x32 bitDepth=4 palette=16
[2026-05-16 23:45:45] [WARN] ImageMagick falhou para sprites/characters/caio/idle.png: Não é possível encontrar o arquivo especificado.. Tentando fallback .NET...
[2026-05-16 23:45:45] [INFO] Inspecao via fallback .NET para sprites/characters/caio/idle.png: 576x112 bitDepth=4 palette=16
[2026-05-16 23:45:46] [WARN] ImageMagick falhou para sprites/characters/caio/walk_forward.png: Não é possível encontrar o arquivo especificado.. Tentando fallback .NET...
[2026-05-16 23:45:46] [INFO] Inspecao via fallback .NET para sprites/characters/caio/walk_forward.png: 576x112 bitDepth=4 palette=16
[2026-05-16 23:45:47] [WARN] ImageMagick falhou para sprites/characters/caio/walk_back.png: Não é possível encontrar o arquivo especificado.. Tentando fallback .NET...
[2026-05-16 23:45:47] [INFO] Inspecao via fallback .NET para sprites/characters/caio/walk_back.png: 576x112 bitDepth=4 palette=16
[2026-05-16 23:45:48] [WARN] ImageMagick falhou para sprites/characters/caio/dash.png: Não é possível encontrar o arquivo especificado.. Tentando fallback .NET...
[2026-05-16 23:45:49] [INFO] Inspecao via fallback .NET para sprites/characters/caio/dash.png: 384x112 bitDepth=4 palette=16
[2026-05-16 23:45:50] [WARN] ImageMagick falhou para sprites/characters/caio/crouch.png: Não é possível encontrar o arquivo especificado.. Tentando fallback .NET...
[2026-05-16 23:45:50] [INFO] Inspecao via fallback .NET para sprites/characters/caio/crouch.png: 192x112 bitDepth=4 palette=16
[2026-05-16 23:45:50] [WARN] ImageMagick falhou para sprites/characters/caio/jump.png: Não é possível encontrar o arquivo especificado.. Tentando fallback .NET...
[2026-05-16 23:45:50] [INFO] Inspecao via fallback .NET para sprites/characters/caio/jump.png: 576x112 bitDepth=4 palette=16
[2026-05-16 23:45:52] [WARN] ImageMagick falhou para sprites/characters/caio/guard.png: Não é possível encontrar o arquivo especificado.. Tentando fallback .NET...
[2026-05-16 23:45:52] [INFO] Inspecao via fallback .NET para sprites/characters/caio/guard.png: 288x112 bitDepth=4 palette=16
[2026-05-16 23:45:52] [WARN] ImageMagick falhou para sprites/characters/caio/jab.png: Não é possível encontrar o arquivo especificado.. Tentando fallback .NET...
[2026-05-16 23:45:53] [INFO] Inspecao via fallback .NET para sprites/characters/caio/jab.png: 384x112 bitDepth=4 palette=16
[2026-05-16 23:45:53] [WARN] ImageMagick falhou para sprites/characters/caio/medium.png: Não é possível encontrar o arquivo especificado.. Tentando fallback .NET...
[2026-05-16 23:45:53] [INFO] Inspecao via fallback .NET para sprites/characters/caio/medium.png: 480x112 bitDepth=4 palette=16
[2026-05-16 23:45:54] [WARN] ImageMagick falhou para sprites/characters/caio/grip.png: Não é possível encontrar o arquivo especificado.. Tentando fallback .NET...
[2026-05-16 23:45:55] [INFO] Inspecao via fallback .NET para sprites/characters/caio/grip.png: 480x112 bitDepth=4 palette=16
[2026-05-16 23:45:55] [WARN] ImageMagick falhou para sprites/characters/caio/hip_throw.png: Não é possível encontrar o arquivo especificado.. Tentando fallback .NET...
[2026-05-16 23:45:56] [INFO] Inspecao via fallback .NET para sprites/characters/caio/hip_throw.png: 768x112 bitDepth=4 palette=16
[2026-05-16 23:45:57] [WARN] ImageMagick falhou para sprites/characters/caio/hurt.png: Não é possível encontrar o arquivo especificado.. Tentando fallback .NET...
[2026-05-16 23:45:57] [INFO] Inspecao via fallback .NET para sprites/characters/caio/hurt.png: 384x112 bitDepth=4 palette=16
[2026-05-16 23:45:58] [WARN] ImageMagick falhou para sprites/characters/caio/knockdown.png: Não é possível encontrar o arquivo especificado.. Tentando fallback .NET...
[2026-05-16 23:45:58] [INFO] Inspecao via fallback .NET para sprites/characters/caio/knockdown.png: 576x112 bitDepth=4 palette=16
[2026-05-16 23:45:59] [WARN] ImageMagick falhou para sprites/characters/caio/getup.png: Não é possível encontrar o arquivo especificado.. Tentando fallback .NET...
[2026-05-16 23:45:59] [INFO] Inspecao via fallback .NET para sprites/characters/caio/getup.png: 576x112 bitDepth=4 palette=16
[2026-05-16 23:46:00] [WARN] ImageMagick falhou para sprites/characters/davi/idle.png: Não é possível encontrar o arquivo especificado.. Tentando fallback .NET...
[2026-05-16 23:46:01] [INFO] Inspecao via fallback .NET para sprites/characters/davi/idle.png: 576x112 bitDepth=4 palette=16
[2026-05-16 23:46:02] [WARN] ImageMagick falhou para sprites/characters/davi/walk_forward.png: Não é possível encontrar o arquivo especificado.. Tentando fallback .NET...
[2026-05-16 23:46:02] [INFO] Inspecao via fallback .NET para sprites/characters/davi/walk_forward.png: 576x112 bitDepth=4 palette=16
[2026-05-16 23:46:03] [WARN] ImageMagick falhou para sprites/characters/davi/walk_back.png: Não é possível encontrar o arquivo especificado.. Tentando fallback .NET...
[2026-05-16 23:46:03] [INFO] Inspecao via fallback .NET para sprites/characters/davi/walk_back.png: 576x112 bitDepth=4 palette=16
[2026-05-16 23:46:04] [WARN] ImageMagick falhou para sprites/characters/davi/dash.png: Não é possível encontrar o arquivo especificado.. Tentando fallback .NET...
[2026-05-16 23:46:05] [INFO] Inspecao via fallback .NET para sprites/characters/davi/dash.png: 384x112 bitDepth=4 palette=16
[2026-05-16 23:46:05] [WARN] ImageMagick falhou para sprites/characters/davi/crouch.png: Não é possível encontrar o arquivo especificado.. Tentando fallback .NET...
[2026-05-16 23:46:05] [INFO] Inspecao via fallback .NET para sprites/characters/davi/crouch.png: 192x112 bitDepth=4 palette=16
[2026-05-16 23:46:06] [WARN] ImageMagick falhou para sprites/characters/davi/jump.png: Não é possível encontrar o arquivo especificado.. Tentando fallback .NET...
[2026-05-16 23:46:06] [INFO] Inspecao via fallback .NET para sprites/characters/davi/jump.png: 576x112 bitDepth=4 palette=16
[2026-05-16 23:46:07] [WARN] ImageMagick falhou para sprites/characters/davi/guard.png: Não é possível encontrar o arquivo especificado.. Tentando fallback .NET...
[2026-05-16 23:46:07] [INFO] Inspecao via fallback .NET para sprites/characters/davi/guard.png: 288x112 bitDepth=4 palette=16
[2026-05-16 23:46:08] [WARN] ImageMagick falhou para sprites/characters/davi/jab.png: Não é possível encontrar o arquivo especificado.. Tentando fallback .NET...
[2026-05-16 23:46:08] [INFO] Inspecao via fallback .NET para sprites/characters/davi/jab.png: 384x112 bitDepth=4 palette=16
[2026-05-16 23:46:09] [WARN] ImageMagick falhou para sprites/characters/davi/medium.png: Não é possível encontrar o arquivo especificado.. Tentando fallback .NET...
[2026-05-16 23:46:09] [INFO] Inspecao via fallback .NET para sprites/characters/davi/medium.png: 480x112 bitDepth=4 palette=16
[2026-05-16 23:46:10] [WARN] ImageMagick falhou para sprites/characters/davi/grip.png: Não é possível encontrar o arquivo especificado.. Tentando fallback .NET...
[2026-05-16 23:46:10] [INFO] Inspecao via fallback .NET para sprites/characters/davi/grip.png: 480x112 bitDepth=4 palette=16
[2026-05-16 23:46:11] [WARN] ImageMagick falhou para sprites/characters/davi/hip_throw.png: Não é possível encontrar o arquivo especificado.. Tentando fallback .NET...
[2026-05-16 23:46:11] [INFO] Inspecao via fallback .NET para sprites/characters/davi/hip_throw.png: 768x112 bitDepth=4 palette=16
[2026-05-16 23:46:13] [WARN] ImageMagick falhou para sprites/characters/davi/hurt.png: Não é possível encontrar o arquivo especificado.. Tentando fallback .NET...
[2026-05-16 23:46:13] [INFO] Inspecao via fallback .NET para sprites/characters/davi/hurt.png: 384x112 bitDepth=4 palette=16
[2026-05-16 23:46:14] [WARN] ImageMagick falhou para sprites/characters/davi/knockdown.png: Não é possível encontrar o arquivo especificado.. Tentando fallback .NET...
[2026-05-16 23:46:14] [INFO] Inspecao via fallback .NET para sprites/characters/davi/knockdown.png: 576x112 bitDepth=4 palette=16
[2026-05-16 23:46:15] [WARN] ImageMagick falhou para sprites/characters/davi/getup.png: Não é possível encontrar o arquivo especificado.. Tentando fallback .NET...
[2026-05-16 23:46:15] [INFO] Inspecao via fallback .NET para sprites/characters/davi/getup.png: 576x112 bitDepth=4 palette=16
[2026-05-16 23:46:18] [WARN] Gate visual bloqueado: qualquer asset em needs_review impede Elite/AAA ate curadoria canonica.
[2026-05-16 23:46:19] [WARN] visual_delivery_gate_report bloqueou a promocao visual AAA.
[2026-05-16 23:46:19] [WARN] Evidencia de emulador obsoleta ou insuficiente: runtime_metrics_stale.
[2026-05-16 23:46:20] [INFO] Validation finished. Errors: 0, Warnings: 4, Checked: 31, Recovered: 0
[2026-05-16 23:47:24] [INFO] --- Starting Resource Validation Suite ---
[2026-05-16 23:47:27] [INFO] Encontrados 1 arquivo(s) .res para validar.
[2026-05-16 23:47:27] [INFO] Validando F:\Projects\MegaDrive_DEV\SGDK_projects\NOVO ARARA GI FIGHTER V2 [VER.001] [SGDK 211] [GEN] [PROTOTIPO] [LUTA]\res\resources.res...
[2026-05-16 23:47:27] [WARN] ImageMagick falhou para bgs/lapa_bg_b.png: Não é possível encontrar o arquivo especificado.. Tentando fallback .NET...
[2026-05-16 23:47:28] [INFO] Inspecao via fallback .NET para bgs/lapa_bg_b.png: 320x160 bitDepth=4 palette=16
[2026-05-16 23:47:28] [WARN] ImageMagick falhou para bgs/lapa_bg_a.png: Não é possível encontrar o arquivo especificado.. Tentando fallback .NET...
[2026-05-16 23:47:29] [INFO] Inspecao via fallback .NET para bgs/lapa_bg_a.png: 320x64 bitDepth=4 palette=16
[2026-05-16 23:47:29] [WARN] Imagem lapa_bg_a: Slot indexado 0 esta visivel e cobre massa significativa; risco alto de perder forma util quando a transparencia estrutural for aplicada.
[2026-05-16 23:47:29] [WARN] ImageMagick falhou para sprites/effects/hit_spark.png: Não é possível encontrar o arquivo especificado.. Tentando fallback .NET...
[2026-05-16 23:47:29] [INFO] Inspecao via fallback .NET para sprites/effects/hit_spark.png: 96x32 bitDepth=4 palette=16
[2026-05-16 23:47:30] [WARN] ImageMagick falhou para sprites/characters/caio/idle.png: Não é possível encontrar o arquivo especificado.. Tentando fallback .NET...
[2026-05-16 23:47:30] [INFO] Inspecao via fallback .NET para sprites/characters/caio/idle.png: 576x112 bitDepth=4 palette=16
[2026-05-16 23:47:31] [WARN] ImageMagick falhou para sprites/characters/caio/walk_forward.png: Não é possível encontrar o arquivo especificado.. Tentando fallback .NET...
[2026-05-16 23:47:31] [INFO] Inspecao via fallback .NET para sprites/characters/caio/walk_forward.png: 576x112 bitDepth=4 palette=16
[2026-05-16 23:47:32] [WARN] ImageMagick falhou para sprites/characters/caio/walk_back.png: Não é possível encontrar o arquivo especificado.. Tentando fallback .NET...
[2026-05-16 23:47:32] [INFO] Inspecao via fallback .NET para sprites/characters/caio/walk_back.png: 576x112 bitDepth=4 palette=16
[2026-05-16 23:47:33] [WARN] ImageMagick falhou para sprites/characters/caio/dash.png: Não é possível encontrar o arquivo especificado.. Tentando fallback .NET...
[2026-05-16 23:47:33] [INFO] Inspecao via fallback .NET para sprites/characters/caio/dash.png: 384x112 bitDepth=4 palette=16
[2026-05-16 23:47:34] [WARN] ImageMagick falhou para sprites/characters/caio/crouch.png: Não é possível encontrar o arquivo especificado.. Tentando fallback .NET...
[2026-05-16 23:47:34] [INFO] Inspecao via fallback .NET para sprites/characters/caio/crouch.png: 192x112 bitDepth=4 palette=16
[2026-05-16 23:47:35] [WARN] ImageMagick falhou para sprites/characters/caio/jump.png: Não é possível encontrar o arquivo especificado.. Tentando fallback .NET...
[2026-05-16 23:47:35] [INFO] Inspecao via fallback .NET para sprites/characters/caio/jump.png: 576x112 bitDepth=4 palette=16
[2026-05-16 23:47:36] [WARN] ImageMagick falhou para sprites/characters/caio/guard.png: Não é possível encontrar o arquivo especificado.. Tentando fallback .NET...
[2026-05-16 23:47:36] [INFO] Inspecao via fallback .NET para sprites/characters/caio/guard.png: 288x112 bitDepth=4 palette=16
[2026-05-16 23:47:37] [WARN] ImageMagick falhou para sprites/characters/caio/jab.png: Não é possível encontrar o arquivo especificado.. Tentando fallback .NET...
[2026-05-16 23:47:37] [INFO] Inspecao via fallback .NET para sprites/characters/caio/jab.png: 384x112 bitDepth=4 palette=16
[2026-05-16 23:47:38] [WARN] ImageMagick falhou para sprites/characters/caio/medium.png: Não é possível encontrar o arquivo especificado.. Tentando fallback .NET...
[2026-05-16 23:47:38] [INFO] Inspecao via fallback .NET para sprites/characters/caio/medium.png: 480x112 bitDepth=4 palette=16
[2026-05-16 23:47:39] [WARN] ImageMagick falhou para sprites/characters/caio/grip.png: Não é possível encontrar o arquivo especificado.. Tentando fallback .NET...
[2026-05-16 23:47:39] [INFO] Inspecao via fallback .NET para sprites/characters/caio/grip.png: 480x112 bitDepth=4 palette=16
[2026-05-16 23:47:40] [WARN] ImageMagick falhou para sprites/characters/caio/hip_throw.png: Não é possível encontrar o arquivo especificado.. Tentando fallback .NET...
[2026-05-16 23:47:40] [INFO] Inspecao via fallback .NET para sprites/characters/caio/hip_throw.png: 768x112 bitDepth=4 palette=16
[2026-05-16 23:47:42] [WARN] ImageMagick falhou para sprites/characters/caio/hurt.png: Não é possível encontrar o arquivo especificado.. Tentando fallback .NET...
[2026-05-16 23:47:42] [INFO] Inspecao via fallback .NET para sprites/characters/caio/hurt.png: 384x112 bitDepth=4 palette=16
[2026-05-16 23:47:43] [WARN] ImageMagick falhou para sprites/characters/caio/knockdown.png: Não é possível encontrar o arquivo especificado.. Tentando fallback .NET...
[2026-05-16 23:47:43] [INFO] Inspecao via fallback .NET para sprites/characters/caio/knockdown.png: 576x112 bitDepth=4 palette=16
[2026-05-16 23:47:44] [WARN] ImageMagick falhou para sprites/characters/caio/getup.png: Não é possível encontrar o arquivo especificado.. Tentando fallback .NET...
[2026-05-16 23:47:44] [INFO] Inspecao via fallback .NET para sprites/characters/caio/getup.png: 576x112 bitDepth=4 palette=16
[2026-05-16 23:47:45] [WARN] ImageMagick falhou para sprites/characters/davi/idle.png: Não é possível encontrar o arquivo especificado.. Tentando fallback .NET...
[2026-05-16 23:47:45] [INFO] Inspecao via fallback .NET para sprites/characters/davi/idle.png: 576x112 bitDepth=4 palette=16
[2026-05-16 23:47:46] [WARN] ImageMagick falhou para sprites/characters/davi/walk_forward.png: Não é possível encontrar o arquivo especificado.. Tentando fallback .NET...
[2026-05-16 23:47:47] [INFO] Inspecao via fallback .NET para sprites/characters/davi/walk_forward.png: 576x112 bitDepth=4 palette=16
[2026-05-16 23:47:48] [WARN] ImageMagick falhou para sprites/characters/davi/walk_back.png: Não é possível encontrar o arquivo especificado.. Tentando fallback .NET...
[2026-05-16 23:47:48] [INFO] Inspecao via fallback .NET para sprites/characters/davi/walk_back.png: 576x112 bitDepth=4 palette=16
[2026-05-16 23:47:49] [WARN] ImageMagick falhou para sprites/characters/davi/dash.png: Não é possível encontrar o arquivo especificado.. Tentando fallback .NET...
[2026-05-16 23:47:49] [INFO] Inspecao via fallback .NET para sprites/characters/davi/dash.png: 384x112 bitDepth=4 palette=16
[2026-05-16 23:47:50] [WARN] ImageMagick falhou para sprites/characters/davi/crouch.png: Não é possível encontrar o arquivo especificado.. Tentando fallback .NET...
[2026-05-16 23:47:50] [INFO] Inspecao via fallback .NET para sprites/characters/davi/crouch.png: 192x112 bitDepth=4 palette=16
[2026-05-16 23:47:51] [WARN] ImageMagick falhou para sprites/characters/davi/jump.png: Não é possível encontrar o arquivo especificado.. Tentando fallback .NET...
[2026-05-16 23:47:51] [INFO] Inspecao via fallback .NET para sprites/characters/davi/jump.png: 576x112 bitDepth=4 palette=16
[2026-05-16 23:47:52] [WARN] ImageMagick falhou para sprites/characters/davi/guard.png: Não é possível encontrar o arquivo especificado.. Tentando fallback .NET...
[2026-05-16 23:47:52] [INFO] Inspecao via fallback .NET para sprites/characters/davi/guard.png: 288x112 bitDepth=4 palette=16
[2026-05-16 23:47:53] [WARN] ImageMagick falhou para sprites/characters/davi/jab.png: Não é possível encontrar o arquivo especificado.. Tentando fallback .NET...
[2026-05-16 23:47:53] [INFO] Inspecao via fallback .NET para sprites/characters/davi/jab.png: 384x112 bitDepth=4 palette=16
[2026-05-16 23:47:54] [WARN] ImageMagick falhou para sprites/characters/davi/medium.png: Não é possível encontrar o arquivo especificado.. Tentando fallback .NET...
[2026-05-16 23:47:54] [INFO] Inspecao via fallback .NET para sprites/characters/davi/medium.png: 480x112 bitDepth=4 palette=16
[2026-05-16 23:47:55] [WARN] ImageMagick falhou para sprites/characters/davi/grip.png: Não é possível encontrar o arquivo especificado.. Tentando fallback .NET...
[2026-05-16 23:47:55] [INFO] Inspecao via fallback .NET para sprites/characters/davi/grip.png: 480x112 bitDepth=4 palette=16
[2026-05-16 23:47:56] [WARN] ImageMagick falhou para sprites/characters/davi/hip_throw.png: Não é possível encontrar o arquivo especificado.. Tentando fallback .NET...
[2026-05-16 23:47:56] [INFO] Inspecao via fallback .NET para sprites/characters/davi/hip_throw.png: 768x112 bitDepth=4 palette=16
[2026-05-16 23:47:58] [WARN] ImageMagick falhou para sprites/characters/davi/hurt.png: Não é possível encontrar o arquivo especificado.. Tentando fallback .NET...
[2026-05-16 23:47:58] [INFO] Inspecao via fallback .NET para sprites/characters/davi/hurt.png: 384x112 bitDepth=4 palette=16
[2026-05-16 23:47:59] [WARN] ImageMagick falhou para sprites/characters/davi/knockdown.png: Não é possível encontrar o arquivo especificado.. Tentando fallback .NET...
[2026-05-16 23:47:59] [INFO] Inspecao via fallback .NET para sprites/characters/davi/knockdown.png: 576x112 bitDepth=4 palette=16
[2026-05-16 23:48:00] [WARN] ImageMagick falhou para sprites/characters/davi/getup.png: Não é possível encontrar o arquivo especificado.. Tentando fallback .NET...
[2026-05-16 23:48:00] [INFO] Inspecao via fallback .NET para sprites/characters/davi/getup.png: 576x112 bitDepth=4 palette=16
[2026-05-16 23:48:03] [WARN] Gate visual bloqueado: qualquer asset em needs_review impede Elite/AAA ate curadoria canonica.
[2026-05-16 23:48:04] [WARN] visual_delivery_gate_report bloqueou a promocao visual AAA.
[2026-05-16 23:48:05] [INFO] Validation finished. Errors: 0, Warnings: 3, Checked: 31, Recovered: 0
[2026-05-16 23:51:50] [INFO] --- Starting Resource Validation Suite ---
[2026-05-16 23:51:53] [INFO] Encontrados 1 arquivo(s) .res para validar.
[2026-05-16 23:51:53] [INFO] Validando F:\Projects\MegaDrive_DEV\SGDK_projects\NOVO ARARA GI FIGHTER V2 [VER.001] [SGDK 211] [GEN] [PROTOTIPO] [LUTA]\res\resources.res...
[2026-05-16 23:51:53] [WARN] ImageMagick falhou para bgs/lapa_bg_b.png: Não é possível encontrar o arquivo especificado.. Tentando fallback .NET...
[2026-05-16 23:51:53] [INFO] Inspecao via fallback .NET para bgs/lapa_bg_b.png: 320x160 bitDepth=4 palette=16
[2026-05-16 23:51:54] [WARN] ImageMagick falhou para bgs/lapa_bg_a.png: Não é possível encontrar o arquivo especificado.. Tentando fallback .NET...
[2026-05-16 23:51:54] [INFO] Inspecao via fallback .NET para bgs/lapa_bg_a.png: 320x64 bitDepth=4 palette=16
[2026-05-16 23:51:55] [WARN] Imagem lapa_bg_a: Slot indexado 0 esta visivel e cobre massa significativa; risco alto de perder forma util quando a transparencia estrutural for aplicada.
[2026-05-16 23:51:55] [WARN] ImageMagick falhou para sprites/effects/hit_spark.png: Não é possível encontrar o arquivo especificado.. Tentando fallback .NET...
[2026-05-16 23:51:55] [INFO] Inspecao via fallback .NET para sprites/effects/hit_spark.png: 96x32 bitDepth=4 palette=16
[2026-05-16 23:51:56] [WARN] ImageMagick falhou para sprites/characters/caio/idle.png: Não é possível encontrar o arquivo especificado.. Tentando fallback .NET...
[2026-05-16 23:51:56] [INFO] Inspecao via fallback .NET para sprites/characters/caio/idle.png: 576x112 bitDepth=4 palette=16
[2026-05-16 23:51:57] [WARN] ImageMagick falhou para sprites/characters/caio/walk_forward.png: Não é possível encontrar o arquivo especificado.. Tentando fallback .NET...
[2026-05-16 23:51:57] [INFO] Inspecao via fallback .NET para sprites/characters/caio/walk_forward.png: 576x112 bitDepth=4 palette=16
[2026-05-16 23:51:58] [WARN] ImageMagick falhou para sprites/characters/caio/walk_back.png: Não é possível encontrar o arquivo especificado.. Tentando fallback .NET...
[2026-05-16 23:51:59] [INFO] Inspecao via fallback .NET para sprites/characters/caio/walk_back.png: 576x112 bitDepth=4 palette=16
[2026-05-16 23:52:00] [WARN] ImageMagick falhou para sprites/characters/caio/dash.png: Não é possível encontrar o arquivo especificado.. Tentando fallback .NET...
[2026-05-16 23:52:00] [INFO] Inspecao via fallback .NET para sprites/characters/caio/dash.png: 384x112 bitDepth=4 palette=16
[2026-05-16 23:52:01] [WARN] ImageMagick falhou para sprites/characters/caio/crouch.png: Não é possível encontrar o arquivo especificado.. Tentando fallback .NET...
[2026-05-16 23:52:01] [INFO] Inspecao via fallback .NET para sprites/characters/caio/crouch.png: 192x112 bitDepth=4 palette=16
[2026-05-16 23:52:01] [WARN] ImageMagick falhou para sprites/characters/caio/jump.png: Não é possível encontrar o arquivo especificado.. Tentando fallback .NET...
[2026-05-16 23:52:02] [INFO] Inspecao via fallback .NET para sprites/characters/caio/jump.png: 576x112 bitDepth=4 palette=16
[2026-05-16 23:52:03] [WARN] ImageMagick falhou para sprites/characters/caio/guard.png: Não é possível encontrar o arquivo especificado.. Tentando fallback .NET...
[2026-05-16 23:52:03] [INFO] Inspecao via fallback .NET para sprites/characters/caio/guard.png: 288x112 bitDepth=4 palette=16
[2026-05-16 23:52:04] [WARN] ImageMagick falhou para sprites/characters/caio/jab.png: Não é possível encontrar o arquivo especificado.. Tentando fallback .NET...
[2026-05-16 23:52:04] [INFO] Inspecao via fallback .NET para sprites/characters/caio/jab.png: 384x112 bitDepth=4 palette=16
[2026-05-16 23:52:05] [WARN] ImageMagick falhou para sprites/characters/caio/medium.png: Não é possível encontrar o arquivo especificado.. Tentando fallback .NET...
[2026-05-16 23:52:05] [INFO] Inspecao via fallback .NET para sprites/characters/caio/medium.png: 480x112 bitDepth=4 palette=16
[2026-05-16 23:52:06] [WARN] ImageMagick falhou para sprites/characters/caio/grip.png: Não é possível encontrar o arquivo especificado.. Tentando fallback .NET...
[2026-05-16 23:52:06] [INFO] Inspecao via fallback .NET para sprites/characters/caio/grip.png: 480x112 bitDepth=4 palette=16
[2026-05-16 23:52:07] [WARN] ImageMagick falhou para sprites/characters/caio/hip_throw.png: Não é possível encontrar o arquivo especificado.. Tentando fallback .NET...
[2026-05-16 23:52:07] [INFO] Inspecao via fallback .NET para sprites/characters/caio/hip_throw.png: 768x112 bitDepth=4 palette=16
[2026-05-16 23:52:08] [WARN] ImageMagick falhou para sprites/characters/caio/hurt.png: Não é possível encontrar o arquivo especificado.. Tentando fallback .NET...
[2026-05-16 23:52:08] [INFO] Inspecao via fallback .NET para sprites/characters/caio/hurt.png: 384x112 bitDepth=4 palette=16
[2026-05-16 23:52:09] [WARN] ImageMagick falhou para sprites/characters/caio/knockdown.png: Não é possível encontrar o arquivo especificado.. Tentando fallback .NET...
[2026-05-16 23:52:09] [INFO] Inspecao via fallback .NET para sprites/characters/caio/knockdown.png: 576x112 bitDepth=4 palette=16
[2026-05-16 23:52:11] [WARN] ImageMagick falhou para sprites/characters/caio/getup.png: Não é possível encontrar o arquivo especificado.. Tentando fallback .NET...
[2026-05-16 23:52:11] [INFO] Inspecao via fallback .NET para sprites/characters/caio/getup.png: 576x112 bitDepth=4 palette=16
[2026-05-16 23:52:12] [WARN] ImageMagick falhou para sprites/characters/davi/idle.png: Não é possível encontrar o arquivo especificado.. Tentando fallback .NET...
[2026-05-16 23:52:12] [INFO] Inspecao via fallback .NET para sprites/characters/davi/idle.png: 576x112 bitDepth=4 palette=16
[2026-05-16 23:52:13] [WARN] ImageMagick falhou para sprites/characters/davi/walk_forward.png: Não é possível encontrar o arquivo especificado.. Tentando fallback .NET...
[2026-05-16 23:52:13] [INFO] Inspecao via fallback .NET para sprites/characters/davi/walk_forward.png: 576x112 bitDepth=4 palette=16
[2026-05-16 23:52:14] [WARN] ImageMagick falhou para sprites/characters/davi/walk_back.png: Não é possível encontrar o arquivo especificado.. Tentando fallback .NET...
[2026-05-16 23:52:14] [INFO] Inspecao via fallback .NET para sprites/characters/davi/walk_back.png: 576x112 bitDepth=4 palette=16
[2026-05-16 23:52:15] [WARN] ImageMagick falhou para sprites/characters/davi/dash.png: Não é possível encontrar o arquivo especificado.. Tentando fallback .NET...
[2026-05-16 23:52:16] [INFO] Inspecao via fallback .NET para sprites/characters/davi/dash.png: 384x112 bitDepth=4 palette=16
[2026-05-16 23:52:16] [WARN] ImageMagick falhou para sprites/characters/davi/crouch.png: Não é possível encontrar o arquivo especificado.. Tentando fallback .NET...
[2026-05-16 23:52:16] [INFO] Inspecao via fallback .NET para sprites/characters/davi/crouch.png: 192x112 bitDepth=4 palette=16
[2026-05-16 23:52:17] [WARN] ImageMagick falhou para sprites/characters/davi/jump.png: Não é possível encontrar o arquivo especificado.. Tentando fallback .NET...
[2026-05-16 23:52:17] [INFO] Inspecao via fallback .NET para sprites/characters/davi/jump.png: 576x112 bitDepth=4 palette=16
[2026-05-16 23:52:19] [WARN] ImageMagick falhou para sprites/characters/davi/guard.png: Não é possível encontrar o arquivo especificado.. Tentando fallback .NET...
[2026-05-16 23:52:19] [INFO] Inspecao via fallback .NET para sprites/characters/davi/guard.png: 288x112 bitDepth=4 palette=16
[2026-05-16 23:52:19] [WARN] ImageMagick falhou para sprites/characters/davi/jab.png: Não é possível encontrar o arquivo especificado.. Tentando fallback .NET...
[2026-05-16 23:52:19] [INFO] Inspecao via fallback .NET para sprites/characters/davi/jab.png: 384x112 bitDepth=4 palette=16
[2026-05-16 23:52:20] [WARN] ImageMagick falhou para sprites/characters/davi/medium.png: Não é possível encontrar o arquivo especificado.. Tentando fallback .NET...
[2026-05-16 23:52:20] [INFO] Inspecao via fallback .NET para sprites/characters/davi/medium.png: 480x112 bitDepth=4 palette=16
[2026-05-16 23:52:21] [WARN] ImageMagick falhou para sprites/characters/davi/grip.png: Não é possível encontrar o arquivo especificado.. Tentando fallback .NET...
[2026-05-16 23:52:22] [INFO] Inspecao via fallback .NET para sprites/characters/davi/grip.png: 480x112 bitDepth=4 palette=16
[2026-05-16 23:52:23] [WARN] ImageMagick falhou para sprites/characters/davi/hip_throw.png: Não é possível encontrar o arquivo especificado.. Tentando fallback .NET...
[2026-05-16 23:52:23] [INFO] Inspecao via fallback .NET para sprites/characters/davi/hip_throw.png: 768x112 bitDepth=4 palette=16
[2026-05-16 23:52:24] [WARN] ImageMagick falhou para sprites/characters/davi/hurt.png: Não é possível encontrar o arquivo especificado.. Tentando fallback .NET...
[2026-05-16 23:52:24] [INFO] Inspecao via fallback .NET para sprites/characters/davi/hurt.png: 384x112 bitDepth=4 palette=16
[2026-05-16 23:52:25] [WARN] ImageMagick falhou para sprites/characters/davi/knockdown.png: Não é possível encontrar o arquivo especificado.. Tentando fallback .NET...
[2026-05-16 23:52:25] [INFO] Inspecao via fallback .NET para sprites/characters/davi/knockdown.png: 576x112 bitDepth=4 palette=16
[2026-05-16 23:52:27] [WARN] ImageMagick falhou para sprites/characters/davi/getup.png: Não é possível encontrar o arquivo especificado.. Tentando fallback .NET...
[2026-05-16 23:52:27] [INFO] Inspecao via fallback .NET para sprites/characters/davi/getup.png: 576x112 bitDepth=4 palette=16
[2026-05-16 23:52:30] [WARN] Gate visual bloqueado: qualquer asset em needs_review impede Elite/AAA ate curadoria canonica.
[2026-05-16 23:52:31] [WARN] visual_delivery_gate_report bloqueou a promocao visual AAA.
[2026-05-16 23:52:32] [INFO] Validation finished. Errors: 0, Warnings: 3, Checked: 31, Recovered: 0
[2026-05-16 23:52:43] [INFO] --- Starting Resource Validation Suite ---
[2026-05-16 23:52:46] [INFO] Encontrados 1 arquivo(s) .res para validar.
[2026-05-16 23:52:46] [INFO] Validando F:\Projects\MegaDrive_DEV\SGDK_projects\NOVO ARARA GI FIGHTER V2 [VER.001] [SGDK 211] [GEN] [PROTOTIPO] [LUTA]\res\resources.res...
[2026-05-16 23:52:46] [WARN] ImageMagick falhou para bgs/lapa_bg_b.png: Não é possível encontrar o arquivo especificado.. Tentando fallback .NET...
[2026-05-16 23:52:46] [INFO] Inspecao via fallback .NET para bgs/lapa_bg_b.png: 320x160 bitDepth=4 palette=16
[2026-05-16 23:52:48] [WARN] ImageMagick falhou para bgs/lapa_bg_a.png: Não é possível encontrar o arquivo especificado.. Tentando fallback .NET...
[2026-05-16 23:52:48] [INFO] Inspecao via fallback .NET para bgs/lapa_bg_a.png: 320x64 bitDepth=4 palette=16
[2026-05-16 23:52:48] [WARN] Imagem lapa_bg_a: Slot indexado 0 esta visivel e cobre massa significativa; risco alto de perder forma util quando a transparencia estrutural for aplicada.
[2026-05-16 23:52:49] [WARN] ImageMagick falhou para sprites/effects/hit_spark.png: Não é possível encontrar o arquivo especificado.. Tentando fallback .NET...
[2026-05-16 23:52:49] [INFO] Inspecao via fallback .NET para sprites/effects/hit_spark.png: 96x32 bitDepth=4 palette=16
[2026-05-16 23:52:49] [WARN] ImageMagick falhou para sprites/characters/caio/idle.png: Não é possível encontrar o arquivo especificado.. Tentando fallback .NET...
[2026-05-16 23:52:49] [INFO] Inspecao via fallback .NET para sprites/characters/caio/idle.png: 576x112 bitDepth=4 palette=16
[2026-05-16 23:52:51] [WARN] ImageMagick falhou para sprites/characters/caio/walk_forward.png: Não é possível encontrar o arquivo especificado.. Tentando fallback .NET...
[2026-05-16 23:52:51] [INFO] Inspecao via fallback .NET para sprites/characters/caio/walk_forward.png: 576x112 bitDepth=4 palette=16
[2026-05-16 23:52:52] [WARN] ImageMagick falhou para sprites/characters/caio/walk_back.png: Não é possível encontrar o arquivo especificado.. Tentando fallback .NET...
[2026-05-16 23:52:52] [INFO] Inspecao via fallback .NET para sprites/characters/caio/walk_back.png: 576x112 bitDepth=4 palette=16
[2026-05-16 23:52:53] [WARN] ImageMagick falhou para sprites/characters/caio/dash.png: Não é possível encontrar o arquivo especificado.. Tentando fallback .NET...
[2026-05-16 23:52:53] [INFO] Inspecao via fallback .NET para sprites/characters/caio/dash.png: 384x112 bitDepth=4 palette=16
[2026-05-16 23:52:54] [WARN] ImageMagick falhou para sprites/characters/caio/crouch.png: Não é possível encontrar o arquivo especificado.. Tentando fallback .NET...
[2026-05-16 23:52:54] [INFO] Inspecao via fallback .NET para sprites/characters/caio/crouch.png: 192x112 bitDepth=4 palette=16
[2026-05-16 23:52:55] [WARN] ImageMagick falhou para sprites/characters/caio/jump.png: Não é possível encontrar o arquivo especificado.. Tentando fallback .NET...
[2026-05-16 23:52:55] [INFO] Inspecao via fallback .NET para sprites/characters/caio/jump.png: 576x112 bitDepth=4 palette=16
[2026-05-16 23:52:57] [WARN] ImageMagick falhou para sprites/characters/caio/guard.png: Não é possível encontrar o arquivo especificado.. Tentando fallback .NET...
[2026-05-16 23:52:57] [INFO] Inspecao via fallback .NET para sprites/characters/caio/guard.png: 288x112 bitDepth=4 palette=16
[2026-05-16 23:52:57] [WARN] ImageMagick falhou para sprites/characters/caio/jab.png: Não é possível encontrar o arquivo especificado.. Tentando fallback .NET...
[2026-05-16 23:52:58] [INFO] Inspecao via fallback .NET para sprites/characters/caio/jab.png: 384x112 bitDepth=4 palette=16
[2026-05-16 23:52:58] [WARN] ImageMagick falhou para sprites/characters/caio/medium.png: Não é possível encontrar o arquivo especificado.. Tentando fallback .NET...
[2026-05-16 23:52:59] [INFO] Inspecao via fallback .NET para sprites/characters/caio/medium.png: 480x112 bitDepth=4 palette=16
[2026-05-16 23:53:00] [WARN] ImageMagick falhou para sprites/characters/caio/grip.png: Não é possível encontrar o arquivo especificado.. Tentando fallback .NET...
[2026-05-16 23:53:00] [INFO] Inspecao via fallback .NET para sprites/characters/caio/grip.png: 480x112 bitDepth=4 palette=16
[2026-05-16 23:53:01] [WARN] ImageMagick falhou para sprites/characters/caio/hip_throw.png: Não é possível encontrar o arquivo especificado.. Tentando fallback .NET...
[2026-05-16 23:53:01] [INFO] Inspecao via fallback .NET para sprites/characters/caio/hip_throw.png: 768x112 bitDepth=4 palette=16
[2026-05-16 23:53:02] [WARN] ImageMagick falhou para sprites/characters/caio/hurt.png: Não é possível encontrar o arquivo especificado.. Tentando fallback .NET...
[2026-05-16 23:53:02] [INFO] Inspecao via fallback .NET para sprites/characters/caio/hurt.png: 384x112 bitDepth=4 palette=16
[2026-05-16 23:53:03] [WARN] ImageMagick falhou para sprites/characters/caio/knockdown.png: Não é possível encontrar o arquivo especificado.. Tentando fallback .NET...
[2026-05-16 23:53:03] [INFO] Inspecao via fallback .NET para sprites/characters/caio/knockdown.png: 576x112 bitDepth=4 palette=16
[2026-05-16 23:53:04] [WARN] ImageMagick falhou para sprites/characters/caio/getup.png: Não é possível encontrar o arquivo especificado.. Tentando fallback .NET...
[2026-05-16 23:53:05] [INFO] Inspecao via fallback .NET para sprites/characters/caio/getup.png: 576x112 bitDepth=4 palette=16
[2026-05-16 23:53:06] [WARN] ImageMagick falhou para sprites/characters/davi/idle.png: Não é possível encontrar o arquivo especificado.. Tentando fallback .NET...
[2026-05-16 23:53:06] [INFO] Inspecao via fallback .NET para sprites/characters/davi/idle.png: 576x112 bitDepth=4 palette=16
[2026-05-16 23:53:07] [WARN] ImageMagick falhou para sprites/characters/davi/walk_forward.png: Não é possível encontrar o arquivo especificado.. Tentando fallback .NET...
[2026-05-16 23:53:07] [INFO] Inspecao via fallback .NET para sprites/characters/davi/walk_forward.png: 576x112 bitDepth=4 palette=16
[2026-05-16 23:53:08] [WARN] ImageMagick falhou para sprites/characters/davi/walk_back.png: Não é possível encontrar o arquivo especificado.. Tentando fallback .NET...
[2026-05-16 23:53:08] [INFO] Inspecao via fallback .NET para sprites/characters/davi/walk_back.png: 576x112 bitDepth=4 palette=16
[2026-05-16 23:53:09] [WARN] ImageMagick falhou para sprites/characters/davi/dash.png: Não é possível encontrar o arquivo especificado.. Tentando fallback .NET...
[2026-05-16 23:53:09] [INFO] Inspecao via fallback .NET para sprites/characters/davi/dash.png: 384x112 bitDepth=4 palette=16
[2026-05-16 23:53:10] [WARN] ImageMagick falhou para sprites/characters/davi/crouch.png: Não é possível encontrar o arquivo especificado.. Tentando fallback .NET...
[2026-05-16 23:53:10] [INFO] Inspecao via fallback .NET para sprites/characters/davi/crouch.png: 192x112 bitDepth=4 palette=16
[2026-05-16 23:53:11] [WARN] ImageMagick falhou para sprites/characters/davi/jump.png: Não é possível encontrar o arquivo especificado.. Tentando fallback .NET...
[2026-05-16 23:53:11] [INFO] Inspecao via fallback .NET para sprites/characters/davi/jump.png: 576x112 bitDepth=4 palette=16
[2026-05-16 23:53:12] [WARN] ImageMagick falhou para sprites/characters/davi/guard.png: Não é possível encontrar o arquivo especificado.. Tentando fallback .NET...
[2026-05-16 23:53:13] [INFO] Inspecao via fallback .NET para sprites/characters/davi/guard.png: 288x112 bitDepth=4 palette=16
[2026-05-16 23:53:13] [WARN] ImageMagick falhou para sprites/characters/davi/jab.png: Não é possível encontrar o arquivo especificado.. Tentando fallback .NET...
[2026-05-16 23:53:13] [INFO] Inspecao via fallback .NET para sprites/characters/davi/jab.png: 384x112 bitDepth=4 palette=16
[2026-05-16 23:53:14] [WARN] ImageMagick falhou para sprites/characters/davi/medium.png: Não é possível encontrar o arquivo especificado.. Tentando fallback .NET...
[2026-05-16 23:53:14] [INFO] Inspecao via fallback .NET para sprites/characters/davi/medium.png: 480x112 bitDepth=4 palette=16
[2026-05-16 23:53:15] [WARN] ImageMagick falhou para sprites/characters/davi/grip.png: Não é possível encontrar o arquivo especificado.. Tentando fallback .NET...
[2026-05-16 23:53:16] [INFO] Inspecao via fallback .NET para sprites/characters/davi/grip.png: 480x112 bitDepth=4 palette=16
[2026-05-16 23:53:16] [WARN] ImageMagick falhou para sprites/characters/davi/hip_throw.png: Não é possível encontrar o arquivo especificado.. Tentando fallback .NET...
[2026-05-16 23:53:17] [INFO] Inspecao via fallback .NET para sprites/characters/davi/hip_throw.png: 768x112 bitDepth=4 palette=16
[2026-05-16 23:53:18] [WARN] ImageMagick falhou para sprites/characters/davi/hurt.png: Não é possível encontrar o arquivo especificado.. Tentando fallback .NET...
[2026-05-16 23:53:18] [INFO] Inspecao via fallback .NET para sprites/characters/davi/hurt.png: 384x112 bitDepth=4 palette=16
[2026-05-16 23:53:19] [WARN] ImageMagick falhou para sprites/characters/davi/knockdown.png: Não é possível encontrar o arquivo especificado.. Tentando fallback .NET...
[2026-05-16 23:53:19] [INFO] Inspecao via fallback .NET para sprites/characters/davi/knockdown.png: 576x112 bitDepth=4 palette=16
[2026-05-16 23:53:20] [WARN] ImageMagick falhou para sprites/characters/davi/getup.png: Não é possível encontrar o arquivo especificado.. Tentando fallback .NET...
[2026-05-16 23:53:21] [INFO] Inspecao via fallback .NET para sprites/characters/davi/getup.png: 576x112 bitDepth=4 palette=16
[2026-05-16 23:53:23] [WARN] Gate visual bloqueado: qualquer asset em needs_review impede Elite/AAA ate curadoria canonica.
[2026-05-16 23:53:24] [WARN] visual_delivery_gate_report bloqueou a promocao visual AAA.
[2026-05-16 23:53:25] [WARN] Evidencia de emulador obsoleta ou insuficiente: runtime_metrics_stale.
[2026-05-16 23:53:25] [INFO] Validation finished. Errors: 0, Warnings: 4, Checked: 31, Recovered: 0
[2026-05-16 23:53:37] [INFO] --- Starting Resource Validation Suite ---
[2026-05-16 23:53:40] [INFO] Encontrados 1 arquivo(s) .res para validar.
[2026-05-16 23:53:40] [INFO] Validando F:\Projects\MegaDrive_DEV\SGDK_projects\NOVO ARARA GI FIGHTER V2 [VER.001] [SGDK 211] [GEN] [PROTOTIPO] [LUTA]\res\resources.res...
[2026-05-16 23:53:40] [WARN] ImageMagick falhou para bgs/lapa_bg_b.png: Não é possível encontrar o arquivo especificado.. Tentando fallback .NET...
[2026-05-16 23:53:40] [INFO] Inspecao via fallback .NET para bgs/lapa_bg_b.png: 320x160 bitDepth=4 palette=16
[2026-05-16 23:53:41] [WARN] ImageMagick falhou para bgs/lapa_bg_a.png: Não é possível encontrar o arquivo especificado.. Tentando fallback .NET...
[2026-05-16 23:53:41] [INFO] Inspecao via fallback .NET para bgs/lapa_bg_a.png: 320x64 bitDepth=4 palette=16
[2026-05-16 23:53:41] [WARN] Imagem lapa_bg_a: Slot indexado 0 esta visivel e cobre massa significativa; risco alto de perder forma util quando a transparencia estrutural for aplicada.
[2026-05-16 23:53:42] [WARN] ImageMagick falhou para sprites/effects/hit_spark.png: Não é possível encontrar o arquivo especificado.. Tentando fallback .NET...
[2026-05-16 23:53:42] [INFO] Inspecao via fallback .NET para sprites/effects/hit_spark.png: 96x32 bitDepth=4 palette=16
[2026-05-16 23:53:42] [WARN] ImageMagick falhou para sprites/characters/caio/idle.png: Não é possível encontrar o arquivo especificado.. Tentando fallback .NET...
[2026-05-16 23:53:43] [INFO] Inspecao via fallback .NET para sprites/characters/caio/idle.png: 576x112 bitDepth=4 palette=16
[2026-05-16 23:53:44] [WARN] ImageMagick falhou para sprites/characters/caio/walk_forward.png: Não é possível encontrar o arquivo especificado.. Tentando fallback .NET...
[2026-05-16 23:53:44] [INFO] Inspecao via fallback .NET para sprites/characters/caio/walk_forward.png: 576x112 bitDepth=4 palette=16
[2026-05-16 23:53:45] [WARN] ImageMagick falhou para sprites/characters/caio/walk_back.png: Não é possível encontrar o arquivo especificado.. Tentando fallback .NET...
[2026-05-16 23:53:45] [INFO] Inspecao via fallback .NET para sprites/characters/caio/walk_back.png: 576x112 bitDepth=4 palette=16
[2026-05-16 23:53:47] [WARN] ImageMagick falhou para sprites/characters/caio/dash.png: Não é possível encontrar o arquivo especificado.. Tentando fallback .NET...
[2026-05-16 23:53:47] [INFO] Inspecao via fallback .NET para sprites/characters/caio/dash.png: 384x112 bitDepth=4 palette=16
[2026-05-16 23:53:47] [WARN] ImageMagick falhou para sprites/characters/caio/crouch.png: Não é possível encontrar o arquivo especificado.. Tentando fallback .NET...
[2026-05-16 23:53:48] [INFO] Inspecao via fallback .NET para sprites/characters/caio/crouch.png: 192x112 bitDepth=4 palette=16
[2026-05-16 23:53:48] [WARN] ImageMagick falhou para sprites/characters/caio/jump.png: Não é possível encontrar o arquivo especificado.. Tentando fallback .NET...
[2026-05-16 23:53:48] [INFO] Inspecao via fallback .NET para sprites/characters/caio/jump.png: 576x112 bitDepth=4 palette=16
[2026-05-16 23:53:50] [WARN] ImageMagick falhou para sprites/characters/caio/guard.png: Não é possível encontrar o arquivo especificado.. Tentando fallback .NET...
[2026-05-16 23:53:50] [INFO] Inspecao via fallback .NET para sprites/characters/caio/guard.png: 288x112 bitDepth=4 palette=16
[2026-05-16 23:53:50] [WARN] ImageMagick falhou para sprites/characters/caio/jab.png: Não é possível encontrar o arquivo especificado.. Tentando fallback .NET...
[2026-05-16 23:53:51] [INFO] Inspecao via fallback .NET para sprites/characters/caio/jab.png: 384x112 bitDepth=4 palette=16
[2026-05-16 23:53:51] [WARN] ImageMagick falhou para sprites/characters/caio/medium.png: Não é possível encontrar o arquivo especificado.. Tentando fallback .NET...
[2026-05-16 23:53:52] [INFO] Inspecao via fallback .NET para sprites/characters/caio/medium.png: 480x112 bitDepth=4 palette=16
[2026-05-16 23:53:53] [WARN] ImageMagick falhou para sprites/characters/caio/grip.png: Não é possível encontrar o arquivo especificado.. Tentando fallback .NET...
[2026-05-16 23:53:53] [INFO] Inspecao via fallback .NET para sprites/characters/caio/grip.png: 480x112 bitDepth=4 palette=16
[2026-05-16 23:53:54] [WARN] ImageMagick falhou para sprites/characters/caio/hip_throw.png: Não é possível encontrar o arquivo especificado.. Tentando fallback .NET...
[2026-05-16 23:53:54] [INFO] Inspecao via fallback .NET para sprites/characters/caio/hip_throw.png: 768x112 bitDepth=4 palette=16
[2026-05-16 23:53:55] [WARN] ImageMagick falhou para sprites/characters/caio/hurt.png: Não é possível encontrar o arquivo especificado.. Tentando fallback .NET...
[2026-05-16 23:53:55] [INFO] Inspecao via fallback .NET para sprites/characters/caio/hurt.png: 384x112 bitDepth=4 palette=16
[2026-05-16 23:53:56] [WARN] ImageMagick falhou para sprites/characters/caio/knockdown.png: Não é possível encontrar o arquivo especificado.. Tentando fallback .NET...
[2026-05-16 23:53:56] [INFO] Inspecao via fallback .NET para sprites/characters/caio/knockdown.png: 576x112 bitDepth=4 palette=16
[2026-05-16 23:53:57] [WARN] ImageMagick falhou para sprites/characters/caio/getup.png: Não é possível encontrar o arquivo especificado.. Tentando fallback .NET...
[2026-05-16 23:53:58] [INFO] Inspecao via fallback .NET para sprites/characters/caio/getup.png: 576x112 bitDepth=4 palette=16
[2026-05-16 23:53:59] [WARN] ImageMagick falhou para sprites/characters/davi/idle.png: Não é possível encontrar o arquivo especificado.. Tentando fallback .NET...
[2026-05-16 23:53:59] [INFO] Inspecao via fallback .NET para sprites/characters/davi/idle.png: 576x112 bitDepth=4 palette=16
[2026-05-16 23:54:00] [WARN] ImageMagick falhou para sprites/characters/davi/walk_forward.png: Não é possível encontrar o arquivo especificado.. Tentando fallback .NET...
[2026-05-16 23:54:00] [INFO] Inspecao via fallback .NET para sprites/characters/davi/walk_forward.png: 576x112 bitDepth=4 palette=16
[2026-05-16 23:54:01] [WARN] ImageMagick falhou para sprites/characters/davi/walk_back.png: Não é possível encontrar o arquivo especificado.. Tentando fallback .NET...
[2026-05-16 23:54:01] [INFO] Inspecao via fallback .NET para sprites/characters/davi/walk_back.png: 576x112 bitDepth=4 palette=16
[2026-05-16 23:54:02] [WARN] ImageMagick falhou para sprites/characters/davi/dash.png: Não é possível encontrar o arquivo especificado.. Tentando fallback .NET...
[2026-05-16 23:54:02] [INFO] Inspecao via fallback .NET para sprites/characters/davi/dash.png: 384x112 bitDepth=4 palette=16
[2026-05-16 23:54:03] [WARN] ImageMagick falhou para sprites/characters/davi/crouch.png: Não é possível encontrar o arquivo especificado.. Tentando fallback .NET...
[2026-05-16 23:54:03] [INFO] Inspecao via fallback .NET para sprites/characters/davi/crouch.png: 192x112 bitDepth=4 palette=16
[2026-05-16 23:54:04] [WARN] ImageMagick falhou para sprites/characters/davi/jump.png: Não é possível encontrar o arquivo especificado.. Tentando fallback .NET...
[2026-05-16 23:54:04] [INFO] Inspecao via fallback .NET para sprites/characters/davi/jump.png: 576x112 bitDepth=4 palette=16
[2026-05-16 23:54:05] [WARN] ImageMagick falhou para sprites/characters/davi/guard.png: Não é possível encontrar o arquivo especificado.. Tentando fallback .NET...
[2026-05-16 23:54:05] [INFO] Inspecao via fallback .NET para sprites/characters/davi/guard.png: 288x112 bitDepth=4 palette=16
[2026-05-16 23:54:06] [WARN] ImageMagick falhou para sprites/characters/davi/jab.png: Não é possível encontrar o arquivo especificado.. Tentando fallback .NET...
[2026-05-16 23:54:06] [INFO] Inspecao via fallback .NET para sprites/characters/davi/jab.png: 384x112 bitDepth=4 palette=16
[2026-05-16 23:54:07] [WARN] ImageMagick falhou para sprites/characters/davi/medium.png: Não é possível encontrar o arquivo especificado.. Tentando fallback .NET...
[2026-05-16 23:54:07] [INFO] Inspecao via fallback .NET para sprites/characters/davi/medium.png: 480x112 bitDepth=4 palette=16
[2026-05-16 23:54:08] [WARN] ImageMagick falhou para sprites/characters/davi/grip.png: Não é possível encontrar o arquivo especificado.. Tentando fallback .NET...
[2026-05-16 23:54:08] [INFO] Inspecao via fallback .NET para sprites/characters/davi/grip.png: 480x112 bitDepth=4 palette=16
[2026-05-16 23:54:10] [WARN] ImageMagick falhou para sprites/characters/davi/hip_throw.png: Não é possível encontrar o arquivo especificado.. Tentando fallback .NET...
[2026-05-16 23:54:10] [INFO] Inspecao via fallback .NET para sprites/characters/davi/hip_throw.png: 768x112 bitDepth=4 palette=16
[2026-05-16 23:54:11] [WARN] ImageMagick falhou para sprites/characters/davi/hurt.png: Não é possível encontrar o arquivo especificado.. Tentando fallback .NET...
[2026-05-16 23:54:12] [INFO] Inspecao via fallback .NET para sprites/characters/davi/hurt.png: 384x112 bitDepth=4 palette=16
[2026-05-16 23:54:13] [WARN] ImageMagick falhou para sprites/characters/davi/knockdown.png: Não é possível encontrar o arquivo especificado.. Tentando fallback .NET...
[2026-05-16 23:54:13] [INFO] Inspecao via fallback .NET para sprites/characters/davi/knockdown.png: 576x112 bitDepth=4 palette=16
[2026-05-16 23:54:14] [WARN] ImageMagick falhou para sprites/characters/davi/getup.png: Não é possível encontrar o arquivo especificado.. Tentando fallback .NET...
[2026-05-16 23:54:14] [INFO] Inspecao via fallback .NET para sprites/characters/davi/getup.png: 576x112 bitDepth=4 palette=16
[2026-05-16 23:54:18] [WARN] Gate visual bloqueado: qualquer asset em needs_review impede Elite/AAA ate curadoria canonica.
[2026-05-16 23:54:18] [WARN] visual_delivery_gate_report bloqueou a promocao visual AAA.
[2026-05-16 23:54:19] [WARN] Evidencia de emulador obsoleta ou insuficiente: runtime_metrics_stale.
[2026-05-16 23:54:19] [INFO] Validation finished. Errors: 0, Warnings: 4, Checked: 31, Recovered: 0
[2026-05-16 23:55:25] [INFO] --- Starting Resource Validation Suite ---
[2026-05-16 23:55:28] [INFO] Encontrados 1 arquivo(s) .res para validar.
[2026-05-16 23:55:28] [INFO] Validando F:\Projects\MegaDrive_DEV\SGDK_projects\NOVO ARARA GI FIGHTER V2 [VER.001] [SGDK 211] [GEN] [PROTOTIPO] [LUTA]\res\resources.res...
[2026-05-16 23:55:28] [WARN] ImageMagick falhou para bgs/lapa_bg_b.png: Não é possível encontrar o arquivo especificado.. Tentando fallback .NET...
[2026-05-16 23:55:28] [INFO] Inspecao via fallback .NET para bgs/lapa_bg_b.png: 320x160 bitDepth=4 palette=16
[2026-05-16 23:55:29] [WARN] ImageMagick falhou para bgs/lapa_bg_a.png: Não é possível encontrar o arquivo especificado.. Tentando fallback .NET...
[2026-05-16 23:55:29] [INFO] Inspecao via fallback .NET para bgs/lapa_bg_a.png: 320x64 bitDepth=4 palette=16
[2026-05-16 23:55:30] [WARN] Imagem lapa_bg_a: Slot indexado 0 esta visivel e cobre massa significativa; risco alto de perder forma util quando a transparencia estrutural for aplicada.
[2026-05-16 23:55:31] [WARN] ImageMagick falhou para sprites/effects/hit_spark.png: Não é possível encontrar o arquivo especificado.. Tentando fallback .NET...
[2026-05-16 23:55:31] [INFO] Inspecao via fallback .NET para sprites/effects/hit_spark.png: 96x32 bitDepth=4 palette=16
[2026-05-16 23:55:31] [WARN] ImageMagick falhou para sprites/characters/caio/idle.png: Não é possível encontrar o arquivo especificado.. Tentando fallback .NET...
[2026-05-16 23:55:31] [INFO] Inspecao via fallback .NET para sprites/characters/caio/idle.png: 576x112 bitDepth=4 palette=16
[2026-05-16 23:55:33] [WARN] ImageMagick falhou para sprites/characters/caio/walk_forward.png: Não é possível encontrar o arquivo especificado.. Tentando fallback .NET...
[2026-05-16 23:55:33] [INFO] Inspecao via fallback .NET para sprites/characters/caio/walk_forward.png: 576x112 bitDepth=4 palette=16
[2026-05-16 23:55:34] [WARN] ImageMagick falhou para sprites/characters/caio/walk_back.png: Não é possível encontrar o arquivo especificado.. Tentando fallback .NET...
[2026-05-16 23:55:34] [INFO] Inspecao via fallback .NET para sprites/characters/caio/walk_back.png: 576x112 bitDepth=4 palette=16
[2026-05-16 23:55:35] [WARN] ImageMagick falhou para sprites/characters/caio/dash.png: Não é possível encontrar o arquivo especificado.. Tentando fallback .NET...
[2026-05-16 23:55:35] [INFO] Inspecao via fallback .NET para sprites/characters/caio/dash.png: 384x112 bitDepth=4 palette=16
[2026-05-16 23:55:36] [WARN] ImageMagick falhou para sprites/characters/caio/crouch.png: Não é possível encontrar o arquivo especificado.. Tentando fallback .NET...
[2026-05-16 23:55:36] [INFO] Inspecao via fallback .NET para sprites/characters/caio/crouch.png: 192x112 bitDepth=4 palette=16
[2026-05-16 23:55:37] [WARN] ImageMagick falhou para sprites/characters/caio/jump.png: Não é possível encontrar o arquivo especificado.. Tentando fallback .NET...
[2026-05-16 23:55:37] [INFO] Inspecao via fallback .NET para sprites/characters/caio/jump.png: 576x112 bitDepth=4 palette=16
[2026-05-16 23:55:38] [WARN] ImageMagick falhou para sprites/characters/caio/guard.png: Não é possível encontrar o arquivo especificado.. Tentando fallback .NET...
[2026-05-16 23:55:38] [INFO] Inspecao via fallback .NET para sprites/characters/caio/guard.png: 288x112 bitDepth=4 palette=16
[2026-05-16 23:55:39] [WARN] ImageMagick falhou para sprites/characters/caio/jab.png: Não é possível encontrar o arquivo especificado.. Tentando fallback .NET...
[2026-05-16 23:55:39] [INFO] Inspecao via fallback .NET para sprites/characters/caio/jab.png: 384x112 bitDepth=4 palette=16
[2026-05-16 23:55:40] [WARN] ImageMagick falhou para sprites/characters/caio/medium.png: Não é possível encontrar o arquivo especificado.. Tentando fallback .NET...
[2026-05-16 23:55:40] [INFO] Inspecao via fallback .NET para sprites/characters/caio/medium.png: 480x112 bitDepth=4 palette=16
[2026-05-16 23:55:41] [WARN] ImageMagick falhou para sprites/characters/caio/grip.png: Não é possível encontrar o arquivo especificado.. Tentando fallback .NET...
[2026-05-16 23:55:42] [INFO] Inspecao via fallback .NET para sprites/characters/caio/grip.png: 480x112 bitDepth=4 palette=16
[2026-05-16 23:55:42] [WARN] ImageMagick falhou para sprites/characters/caio/hip_throw.png: Não é possível encontrar o arquivo especificado.. Tentando fallback .NET...
[2026-05-16 23:55:43] [INFO] Inspecao via fallback .NET para sprites/characters/caio/hip_throw.png: 768x112 bitDepth=4 palette=16
[2026-05-16 23:55:44] [WARN] ImageMagick falhou para sprites/characters/caio/hurt.png: Não é possível encontrar o arquivo especificado.. Tentando fallback .NET...
[2026-05-16 23:55:44] [INFO] Inspecao via fallback .NET para sprites/characters/caio/hurt.png: 384x112 bitDepth=4 palette=16
[2026-05-16 23:55:45] [WARN] ImageMagick falhou para sprites/characters/caio/knockdown.png: Não é possível encontrar o arquivo especificado.. Tentando fallback .NET...
[2026-05-16 23:55:45] [INFO] Inspecao via fallback .NET para sprites/characters/caio/knockdown.png: 576x112 bitDepth=4 palette=16
[2026-05-16 23:55:47] [WARN] ImageMagick falhou para sprites/characters/caio/getup.png: Não é possível encontrar o arquivo especificado.. Tentando fallback .NET...
[2026-05-16 23:55:47] [INFO] Inspecao via fallback .NET para sprites/characters/caio/getup.png: 576x112 bitDepth=4 palette=16
[2026-05-16 23:55:48] [WARN] ImageMagick falhou para sprites/characters/davi/idle.png: Não é possível encontrar o arquivo especificado.. Tentando fallback .NET...
[2026-05-16 23:55:48] [INFO] Inspecao via fallback .NET para sprites/characters/davi/idle.png: 576x112 bitDepth=4 palette=16
[2026-05-16 23:55:49] [WARN] ImageMagick falhou para sprites/characters/davi/walk_forward.png: Não é possível encontrar o arquivo especificado.. Tentando fallback .NET...
[2026-05-16 23:55:50] [INFO] Inspecao via fallback .NET para sprites/characters/davi/walk_forward.png: 576x112 bitDepth=4 palette=16
[2026-05-16 23:55:51] [WARN] ImageMagick falhou para sprites/characters/davi/walk_back.png: Não é possível encontrar o arquivo especificado.. Tentando fallback .NET...
[2026-05-16 23:55:51] [INFO] Inspecao via fallback .NET para sprites/characters/davi/walk_back.png: 576x112 bitDepth=4 palette=16
[2026-05-16 23:55:52] [WARN] ImageMagick falhou para sprites/characters/davi/dash.png: Não é possível encontrar o arquivo especificado.. Tentando fallback .NET...
[2026-05-16 23:55:52] [INFO] Inspecao via fallback .NET para sprites/characters/davi/dash.png: 384x112 bitDepth=4 palette=16
[2026-05-16 23:55:53] [WARN] ImageMagick falhou para sprites/characters/davi/crouch.png: Não é possível encontrar o arquivo especificado.. Tentando fallback .NET...
[2026-05-16 23:55:53] [INFO] Inspecao via fallback .NET para sprites/characters/davi/crouch.png: 192x112 bitDepth=4 palette=16
[2026-05-16 23:55:54] [WARN] ImageMagick falhou para sprites/characters/davi/jump.png: Não é possível encontrar o arquivo especificado.. Tentando fallback .NET...
[2026-05-16 23:55:54] [INFO] Inspecao via fallback .NET para sprites/characters/davi/jump.png: 576x112 bitDepth=4 palette=16
[2026-05-16 23:55:55] [WARN] ImageMagick falhou para sprites/characters/davi/guard.png: Não é possível encontrar o arquivo especificado.. Tentando fallback .NET...
[2026-05-16 23:55:55] [INFO] Inspecao via fallback .NET para sprites/characters/davi/guard.png: 288x112 bitDepth=4 palette=16
[2026-05-16 23:55:56] [WARN] ImageMagick falhou para sprites/characters/davi/jab.png: Não é possível encontrar o arquivo especificado.. Tentando fallback .NET...
[2026-05-16 23:55:56] [INFO] Inspecao via fallback .NET para sprites/characters/davi/jab.png: 384x112 bitDepth=4 palette=16
[2026-05-16 23:55:57] [WARN] ImageMagick falhou para sprites/characters/davi/medium.png: Não é possível encontrar o arquivo especificado.. Tentando fallback .NET...
[2026-05-16 23:55:57] [INFO] Inspecao via fallback .NET para sprites/characters/davi/medium.png: 480x112 bitDepth=4 palette=16
[2026-05-16 23:55:58] [WARN] ImageMagick falhou para sprites/characters/davi/grip.png: Não é possível encontrar o arquivo especificado.. Tentando fallback .NET...
[2026-05-16 23:55:58] [INFO] Inspecao via fallback .NET para sprites/characters/davi/grip.png: 480x112 bitDepth=4 palette=16
[2026-05-16 23:55:59] [WARN] ImageMagick falhou para sprites/characters/davi/hip_throw.png: Não é possível encontrar o arquivo especificado.. Tentando fallback .NET...
[2026-05-16 23:55:59] [INFO] Inspecao via fallback .NET para sprites/characters/davi/hip_throw.png: 768x112 bitDepth=4 palette=16
[2026-05-16 23:56:01] [WARN] ImageMagick falhou para sprites/characters/davi/hurt.png: Não é possível encontrar o arquivo especificado.. Tentando fallback .NET...
[2026-05-16 23:56:01] [INFO] Inspecao via fallback .NET para sprites/characters/davi/hurt.png: 384x112 bitDepth=4 palette=16
[2026-05-16 23:56:02] [WARN] ImageMagick falhou para sprites/characters/davi/knockdown.png: Não é possível encontrar o arquivo especificado.. Tentando fallback .NET...
[2026-05-16 23:56:02] [INFO] Inspecao via fallback .NET para sprites/characters/davi/knockdown.png: 576x112 bitDepth=4 palette=16
[2026-05-16 23:56:03] [WARN] ImageMagick falhou para sprites/characters/davi/getup.png: Não é possível encontrar o arquivo especificado.. Tentando fallback .NET...
[2026-05-16 23:56:03] [INFO] Inspecao via fallback .NET para sprites/characters/davi/getup.png: 576x112 bitDepth=4 palette=16
[2026-05-16 23:56:06] [WARN] Gate visual bloqueado: qualquer asset em needs_review impede Elite/AAA ate curadoria canonica.
[2026-05-16 23:56:07] [WARN] visual_delivery_gate_report bloqueou a promocao visual AAA.
[2026-05-16 23:56:08] [INFO] Validation finished. Errors: 0, Warnings: 3, Checked: 31, Recovered: 0
[2026-05-17 00:00:06] [INFO] --- Starting Resource Validation Suite ---
[2026-05-17 00:00:08] [INFO] Encontrados 1 arquivo(s) .res para validar.
[2026-05-17 00:00:08] [INFO] Validando F:\Projects\MegaDrive_DEV\SGDK_projects\NOVO ARARA GI FIGHTER V2 [VER.001] [SGDK 211] [GEN] [PROTOTIPO] [LUTA]\res\resources.res...
[2026-05-17 00:00:08] [WARN] ImageMagick falhou para bgs/lapa_bg_b.png: Não é possível encontrar o arquivo especificado.. Tentando fallback .NET...
[2026-05-17 00:00:09] [INFO] Inspecao via fallback .NET para bgs/lapa_bg_b.png: 320x160 bitDepth=4 palette=16
[2026-05-17 00:00:10] [WARN] ImageMagick falhou para bgs/lapa_bg_a.png: Não é possível encontrar o arquivo especificado.. Tentando fallback .NET...
[2026-05-17 00:00:10] [INFO] Inspecao via fallback .NET para bgs/lapa_bg_a.png: 320x64 bitDepth=4 palette=16
[2026-05-17 00:00:10] [WARN] Imagem lapa_bg_a: Slot indexado 0 esta visivel e cobre massa significativa; risco alto de perder forma util quando a transparencia estrutural for aplicada.
[2026-05-17 00:00:11] [WARN] ImageMagick falhou para sprites/effects/hit_spark.png: Não é possível encontrar o arquivo especificado.. Tentando fallback .NET...
[2026-05-17 00:00:11] [INFO] Inspecao via fallback .NET para sprites/effects/hit_spark.png: 96x32 bitDepth=4 palette=16
[2026-05-17 00:00:11] [WARN] ImageMagick falhou para sprites/characters/caio/idle.png: Não é possível encontrar o arquivo especificado.. Tentando fallback .NET...
[2026-05-17 00:00:11] [INFO] Inspecao via fallback .NET para sprites/characters/caio/idle.png: 576x112 bitDepth=4 palette=16
[2026-05-17 00:00:13] [WARN] ImageMagick falhou para sprites/characters/caio/walk_forward.png: Não é possível encontrar o arquivo especificado.. Tentando fallback .NET...
[2026-05-17 00:00:13] [INFO] Inspecao via fallback .NET para sprites/characters/caio/walk_forward.png: 576x112 bitDepth=4 palette=16
[2026-05-17 00:00:14] [WARN] ImageMagick falhou para sprites/characters/caio/walk_back.png: Não é possível encontrar o arquivo especificado.. Tentando fallback .NET...
[2026-05-17 00:00:14] [INFO] Inspecao via fallback .NET para sprites/characters/caio/walk_back.png: 576x112 bitDepth=4 palette=16
[2026-05-17 00:00:15] [WARN] ImageMagick falhou para sprites/characters/caio/dash.png: Não é possível encontrar o arquivo especificado.. Tentando fallback .NET...
[2026-05-17 00:00:15] [INFO] Inspecao via fallback .NET para sprites/characters/caio/dash.png: 384x112 bitDepth=4 palette=16
[2026-05-17 00:00:16] [WARN] ImageMagick falhou para sprites/characters/caio/crouch.png: Não é possível encontrar o arquivo especificado.. Tentando fallback .NET...
[2026-05-17 00:00:16] [INFO] Inspecao via fallback .NET para sprites/characters/caio/crouch.png: 192x112 bitDepth=4 palette=16
[2026-05-17 00:00:17] [WARN] ImageMagick falhou para sprites/characters/caio/jump.png: Não é possível encontrar o arquivo especificado.. Tentando fallback .NET...
[2026-05-17 00:00:17] [INFO] Inspecao via fallback .NET para sprites/characters/caio/jump.png: 576x112 bitDepth=4 palette=16
[2026-05-17 00:00:18] [WARN] ImageMagick falhou para sprites/characters/caio/guard.png: Não é possível encontrar o arquivo especificado.. Tentando fallback .NET...
[2026-05-17 00:00:18] [INFO] Inspecao via fallback .NET para sprites/characters/caio/guard.png: 288x112 bitDepth=4 palette=16
[2026-05-17 00:00:19] [WARN] ImageMagick falhou para sprites/characters/caio/jab.png: Não é possível encontrar o arquivo especificado.. Tentando fallback .NET...
[2026-05-17 00:00:19] [INFO] Inspecao via fallback .NET para sprites/characters/caio/jab.png: 384x112 bitDepth=4 palette=16
[2026-05-17 00:00:20] [WARN] ImageMagick falhou para sprites/characters/caio/medium.png: Não é possível encontrar o arquivo especificado.. Tentando fallback .NET...
[2026-05-17 00:00:20] [INFO] Inspecao via fallback .NET para sprites/characters/caio/medium.png: 480x112 bitDepth=4 palette=16
[2026-05-17 00:00:21] [WARN] ImageMagick falhou para sprites/characters/caio/grip.png: Não é possível encontrar o arquivo especificado.. Tentando fallback .NET...
[2026-05-17 00:00:21] [INFO] Inspecao via fallback .NET para sprites/characters/caio/grip.png: 480x112 bitDepth=4 palette=16
[2026-05-17 00:00:22] [WARN] ImageMagick falhou para sprites/characters/caio/hip_throw.png: Não é possível encontrar o arquivo especificado.. Tentando fallback .NET...
[2026-05-17 00:00:22] [INFO] Inspecao via fallback .NET para sprites/characters/caio/hip_throw.png: 768x112 bitDepth=4 palette=16
[2026-05-17 00:00:24] [WARN] ImageMagick falhou para sprites/characters/caio/hurt.png: Não é possível encontrar o arquivo especificado.. Tentando fallback .NET...
[2026-05-17 00:00:24] [INFO] Inspecao via fallback .NET para sprites/characters/caio/hurt.png: 384x112 bitDepth=4 palette=16
[2026-05-17 00:00:25] [WARN] ImageMagick falhou para sprites/characters/caio/knockdown.png: Não é possível encontrar o arquivo especificado.. Tentando fallback .NET...
[2026-05-17 00:00:25] [INFO] Inspecao via fallback .NET para sprites/characters/caio/knockdown.png: 576x112 bitDepth=4 palette=16
[2026-05-17 00:00:26] [WARN] ImageMagick falhou para sprites/characters/caio/getup.png: Não é possível encontrar o arquivo especificado.. Tentando fallback .NET...
[2026-05-17 00:00:26] [INFO] Inspecao via fallback .NET para sprites/characters/caio/getup.png: 576x112 bitDepth=4 palette=16
[2026-05-17 00:00:27] [WARN] ImageMagick falhou para sprites/characters/davi/idle.png: Não é possível encontrar o arquivo especificado.. Tentando fallback .NET...
[2026-05-17 00:00:27] [INFO] Inspecao via fallback .NET para sprites/characters/davi/idle.png: 576x112 bitDepth=4 palette=16
[2026-05-17 00:00:28] [WARN] ImageMagick falhou para sprites/characters/davi/walk_forward.png: Não é possível encontrar o arquivo especificado.. Tentando fallback .NET...
[2026-05-17 00:00:29] [INFO] Inspecao via fallback .NET para sprites/characters/davi/walk_forward.png: 576x112 bitDepth=4 palette=16
[2026-05-17 00:00:30] [WARN] ImageMagick falhou para sprites/characters/davi/walk_back.png: Não é possível encontrar o arquivo especificado.. Tentando fallback .NET...
[2026-05-17 00:00:30] [INFO] Inspecao via fallback .NET para sprites/characters/davi/walk_back.png: 576x112 bitDepth=4 palette=16
[2026-05-17 00:00:31] [WARN] ImageMagick falhou para sprites/characters/davi/dash.png: Não é possível encontrar o arquivo especificado.. Tentando fallback .NET...
[2026-05-17 00:00:31] [INFO] Inspecao via fallback .NET para sprites/characters/davi/dash.png: 384x112 bitDepth=4 palette=16
[2026-05-17 00:00:32] [WARN] ImageMagick falhou para sprites/characters/davi/crouch.png: Não é possível encontrar o arquivo especificado.. Tentando fallback .NET...
[2026-05-17 00:00:32] [INFO] Inspecao via fallback .NET para sprites/characters/davi/crouch.png: 192x112 bitDepth=4 palette=16
[2026-05-17 00:00:33] [WARN] ImageMagick falhou para sprites/characters/davi/jump.png: Não é possível encontrar o arquivo especificado.. Tentando fallback .NET...
[2026-05-17 00:00:33] [INFO] Inspecao via fallback .NET para sprites/characters/davi/jump.png: 576x112 bitDepth=4 palette=16
[2026-05-17 00:00:34] [WARN] ImageMagick falhou para sprites/characters/davi/guard.png: Não é possível encontrar o arquivo especificado.. Tentando fallback .NET...
[2026-05-17 00:00:34] [INFO] Inspecao via fallback .NET para sprites/characters/davi/guard.png: 288x112 bitDepth=4 palette=16
[2026-05-17 00:00:35] [WARN] ImageMagick falhou para sprites/characters/davi/jab.png: Não é possível encontrar o arquivo especificado.. Tentando fallback .NET...
[2026-05-17 00:00:35] [INFO] Inspecao via fallback .NET para sprites/characters/davi/jab.png: 384x112 bitDepth=4 palette=16
[2026-05-17 00:00:36] [WARN] ImageMagick falhou para sprites/characters/davi/medium.png: Não é possível encontrar o arquivo especificado.. Tentando fallback .NET...
[2026-05-17 00:00:36] [INFO] Inspecao via fallback .NET para sprites/characters/davi/medium.png: 480x112 bitDepth=4 palette=16
[2026-05-17 00:00:37] [WARN] ImageMagick falhou para sprites/characters/davi/grip.png: Não é possível encontrar o arquivo especificado.. Tentando fallback .NET...
[2026-05-17 00:00:37] [INFO] Inspecao via fallback .NET para sprites/characters/davi/grip.png: 480x112 bitDepth=4 palette=16
[2026-05-17 00:00:38] [WARN] ImageMagick falhou para sprites/characters/davi/hip_throw.png: Não é possível encontrar o arquivo especificado.. Tentando fallback .NET...
[2026-05-17 00:00:38] [INFO] Inspecao via fallback .NET para sprites/characters/davi/hip_throw.png: 768x112 bitDepth=4 palette=16
[2026-05-17 00:00:40] [WARN] ImageMagick falhou para sprites/characters/davi/hurt.png: Não é possível encontrar o arquivo especificado.. Tentando fallback .NET...
[2026-05-17 00:00:40] [INFO] Inspecao via fallback .NET para sprites/characters/davi/hurt.png: 384x112 bitDepth=4 palette=16
[2026-05-17 00:00:41] [WARN] ImageMagick falhou para sprites/characters/davi/knockdown.png: Não é possível encontrar o arquivo especificado.. Tentando fallback .NET...
[2026-05-17 00:00:41] [INFO] Inspecao via fallback .NET para sprites/characters/davi/knockdown.png: 576x112 bitDepth=4 palette=16
[2026-05-17 00:00:42] [WARN] ImageMagick falhou para sprites/characters/davi/getup.png: Não é possível encontrar o arquivo especificado.. Tentando fallback .NET...
[2026-05-17 00:00:42] [INFO] Inspecao via fallback .NET para sprites/characters/davi/getup.png: 576x112 bitDepth=4 palette=16
[2026-05-17 00:00:45] [WARN] Gate visual bloqueado: qualquer asset em needs_review impede Elite/AAA ate curadoria canonica.
[2026-05-17 00:00:46] [WARN] visual_delivery_gate_report bloqueou a promocao visual AAA.
[2026-05-17 00:00:47] [INFO] Validation finished. Errors: 0, Warnings: 3, Checked: 31, Recovered: 0
[2026-05-17 00:00:58] [INFO] --- Starting Resource Validation Suite ---
[2026-05-17 00:01:01] [INFO] Encontrados 1 arquivo(s) .res para validar.
[2026-05-17 00:01:01] [INFO] Validando F:\Projects\MegaDrive_DEV\SGDK_projects\NOVO ARARA GI FIGHTER V2 [VER.001] [SGDK 211] [GEN] [PROTOTIPO] [LUTA]\res\resources.res...
[2026-05-17 00:01:01] [WARN] ImageMagick falhou para bgs/lapa_bg_b.png: Não é possível encontrar o arquivo especificado.. Tentando fallback .NET...
[2026-05-17 00:01:01] [INFO] Inspecao via fallback .NET para bgs/lapa_bg_b.png: 320x160 bitDepth=4 palette=16
[2026-05-17 00:01:02] [WARN] ImageMagick falhou para bgs/lapa_bg_a.png: Não é possível encontrar o arquivo especificado.. Tentando fallback .NET...
[2026-05-17 00:01:02] [INFO] Inspecao via fallback .NET para bgs/lapa_bg_a.png: 320x64 bitDepth=4 palette=16
[2026-05-17 00:01:02] [WARN] Imagem lapa_bg_a: Slot indexado 0 esta visivel e cobre massa significativa; risco alto de perder forma util quando a transparencia estrutural for aplicada.
[2026-05-17 00:01:03] [WARN] ImageMagick falhou para sprites/effects/hit_spark.png: Não é possível encontrar o arquivo especificado.. Tentando fallback .NET...
[2026-05-17 00:01:03] [INFO] Inspecao via fallback .NET para sprites/effects/hit_spark.png: 96x32 bitDepth=4 palette=16
[2026-05-17 00:01:04] [WARN] ImageMagick falhou para sprites/characters/caio/idle.png: Não é possível encontrar o arquivo especificado.. Tentando fallback .NET...
[2026-05-17 00:01:04] [INFO] Inspecao via fallback .NET para sprites/characters/caio/idle.png: 576x112 bitDepth=4 palette=16
[2026-05-17 00:01:05] [WARN] ImageMagick falhou para sprites/characters/caio/walk_forward.png: Não é possível encontrar o arquivo especificado.. Tentando fallback .NET...
[2026-05-17 00:01:05] [INFO] Inspecao via fallback .NET para sprites/characters/caio/walk_forward.png: 576x112 bitDepth=4 palette=16
[2026-05-17 00:01:06] [WARN] ImageMagick falhou para sprites/characters/caio/walk_back.png: Não é possível encontrar o arquivo especificado.. Tentando fallback .NET...
[2026-05-17 00:01:07] [INFO] Inspecao via fallback .NET para sprites/characters/caio/walk_back.png: 576x112 bitDepth=4 palette=16
[2026-05-17 00:01:08] [WARN] ImageMagick falhou para sprites/characters/caio/dash.png: Não é possível encontrar o arquivo especificado.. Tentando fallback .NET...
[2026-05-17 00:01:08] [INFO] Inspecao via fallback .NET para sprites/characters/caio/dash.png: 384x112 bitDepth=4 palette=16
[2026-05-17 00:01:09] [WARN] ImageMagick falhou para sprites/characters/caio/crouch.png: Não é possível encontrar o arquivo especificado.. Tentando fallback .NET...
[2026-05-17 00:01:09] [INFO] Inspecao via fallback .NET para sprites/characters/caio/crouch.png: 192x112 bitDepth=4 palette=16
[2026-05-17 00:01:10] [WARN] ImageMagick falhou para sprites/characters/caio/jump.png: Não é possível encontrar o arquivo especificado.. Tentando fallback .NET...
[2026-05-17 00:01:10] [INFO] Inspecao via fallback .NET para sprites/characters/caio/jump.png: 576x112 bitDepth=4 palette=16
[2026-05-17 00:01:11] [WARN] ImageMagick falhou para sprites/characters/caio/guard.png: Não é possível encontrar o arquivo especificado.. Tentando fallback .NET...
[2026-05-17 00:01:11] [INFO] Inspecao via fallback .NET para sprites/characters/caio/guard.png: 288x112 bitDepth=4 palette=16
[2026-05-17 00:01:12] [WARN] ImageMagick falhou para sprites/characters/caio/jab.png: Não é possível encontrar o arquivo especificado.. Tentando fallback .NET...
[2026-05-17 00:01:12] [INFO] Inspecao via fallback .NET para sprites/characters/caio/jab.png: 384x112 bitDepth=4 palette=16
[2026-05-17 00:01:13] [WARN] ImageMagick falhou para sprites/characters/caio/medium.png: Não é possível encontrar o arquivo especificado.. Tentando fallback .NET...
[2026-05-17 00:01:13] [INFO] Inspecao via fallback .NET para sprites/characters/caio/medium.png: 480x112 bitDepth=4 palette=16
[2026-05-17 00:01:14] [WARN] ImageMagick falhou para sprites/characters/caio/grip.png: Não é possível encontrar o arquivo especificado.. Tentando fallback .NET...
[2026-05-17 00:01:14] [INFO] Inspecao via fallback .NET para sprites/characters/caio/grip.png: 480x112 bitDepth=4 palette=16
[2026-05-17 00:01:15] [WARN] ImageMagick falhou para sprites/characters/caio/hip_throw.png: Não é possível encontrar o arquivo especificado.. Tentando fallback .NET...
[2026-05-17 00:01:15] [INFO] Inspecao via fallback .NET para sprites/characters/caio/hip_throw.png: 768x112 bitDepth=4 palette=16
[2026-05-17 00:01:17] [WARN] ImageMagick falhou para sprites/characters/caio/hurt.png: Não é possível encontrar o arquivo especificado.. Tentando fallback .NET...
[2026-05-17 00:01:17] [INFO] Inspecao via fallback .NET para sprites/characters/caio/hurt.png: 384x112 bitDepth=4 palette=16
[2026-05-17 00:01:18] [WARN] ImageMagick falhou para sprites/characters/caio/knockdown.png: Não é possível encontrar o arquivo especificado.. Tentando fallback .NET...
[2026-05-17 00:01:18] [INFO] Inspecao via fallback .NET para sprites/characters/caio/knockdown.png: 576x112 bitDepth=4 palette=16
[2026-05-17 00:01:19] [WARN] ImageMagick falhou para sprites/characters/caio/getup.png: Não é possível encontrar o arquivo especificado.. Tentando fallback .NET...
[2026-05-17 00:01:19] [INFO] Inspecao via fallback .NET para sprites/characters/caio/getup.png: 576x112 bitDepth=4 palette=16
[2026-05-17 00:01:20] [WARN] ImageMagick falhou para sprites/characters/davi/idle.png: Não é possível encontrar o arquivo especificado.. Tentando fallback .NET...
[2026-05-17 00:01:20] [INFO] Inspecao via fallback .NET para sprites/characters/davi/idle.png: 576x112 bitDepth=4 palette=16
[2026-05-17 00:01:21] [WARN] ImageMagick falhou para sprites/characters/davi/walk_forward.png: Não é possível encontrar o arquivo especificado.. Tentando fallback .NET...
[2026-05-17 00:01:22] [INFO] Inspecao via fallback .NET para sprites/characters/davi/walk_forward.png: 576x112 bitDepth=4 palette=16
[2026-05-17 00:01:23] [WARN] ImageMagick falhou para sprites/characters/davi/walk_back.png: Não é possível encontrar o arquivo especificado.. Tentando fallback .NET...
[2026-05-17 00:01:23] [INFO] Inspecao via fallback .NET para sprites/characters/davi/walk_back.png: 576x112 bitDepth=4 palette=16
[2026-05-17 00:01:24] [WARN] ImageMagick falhou para sprites/characters/davi/dash.png: Não é possível encontrar o arquivo especificado.. Tentando fallback .NET...
[2026-05-17 00:01:24] [INFO] Inspecao via fallback .NET para sprites/characters/davi/dash.png: 384x112 bitDepth=4 palette=16
[2026-05-17 00:01:25] [WARN] ImageMagick falhou para sprites/characters/davi/crouch.png: Não é possível encontrar o arquivo especificado.. Tentando fallback .NET...
[2026-05-17 00:01:25] [INFO] Inspecao via fallback .NET para sprites/characters/davi/crouch.png: 192x112 bitDepth=4 palette=16
[2026-05-17 00:01:26] [WARN] ImageMagick falhou para sprites/characters/davi/jump.png: Não é possível encontrar o arquivo especificado.. Tentando fallback .NET...
[2026-05-17 00:01:26] [INFO] Inspecao via fallback .NET para sprites/characters/davi/jump.png: 576x112 bitDepth=4 palette=16
[2026-05-17 00:01:27] [WARN] ImageMagick falhou para sprites/characters/davi/guard.png: Não é possível encontrar o arquivo especificado.. Tentando fallback .NET...
[2026-05-17 00:01:27] [INFO] Inspecao via fallback .NET para sprites/characters/davi/guard.png: 288x112 bitDepth=4 palette=16
[2026-05-17 00:01:28] [WARN] ImageMagick falhou para sprites/characters/davi/jab.png: Não é possível encontrar o arquivo especificado.. Tentando fallback .NET...
[2026-05-17 00:01:28] [INFO] Inspecao via fallback .NET para sprites/characters/davi/jab.png: 384x112 bitDepth=4 palette=16
[2026-05-17 00:01:29] [WARN] ImageMagick falhou para sprites/characters/davi/medium.png: Não é possível encontrar o arquivo especificado.. Tentando fallback .NET...
[2026-05-17 00:01:29] [INFO] Inspecao via fallback .NET para sprites/characters/davi/medium.png: 480x112 bitDepth=4 palette=16
[2026-05-17 00:01:30] [WARN] ImageMagick falhou para sprites/characters/davi/grip.png: Não é possível encontrar o arquivo especificado.. Tentando fallback .NET...
[2026-05-17 00:01:30] [INFO] Inspecao via fallback .NET para sprites/characters/davi/grip.png: 480x112 bitDepth=4 palette=16
[2026-05-17 00:01:31] [WARN] ImageMagick falhou para sprites/characters/davi/hip_throw.png: Não é possível encontrar o arquivo especificado.. Tentando fallback .NET...
[2026-05-17 00:01:31] [INFO] Inspecao via fallback .NET para sprites/characters/davi/hip_throw.png: 768x112 bitDepth=4 palette=16
[2026-05-17 00:01:33] [WARN] ImageMagick falhou para sprites/characters/davi/hurt.png: Não é possível encontrar o arquivo especificado.. Tentando fallback .NET...
[2026-05-17 00:01:33] [INFO] Inspecao via fallback .NET para sprites/characters/davi/hurt.png: 384x112 bitDepth=4 palette=16
[2026-05-17 00:01:34] [WARN] ImageMagick falhou para sprites/characters/davi/knockdown.png: Não é possível encontrar o arquivo especificado.. Tentando fallback .NET...
[2026-05-17 00:01:34] [INFO] Inspecao via fallback .NET para sprites/characters/davi/knockdown.png: 576x112 bitDepth=4 palette=16
[2026-05-17 00:01:36] [WARN] ImageMagick falhou para sprites/characters/davi/getup.png: Não é possível encontrar o arquivo especificado.. Tentando fallback .NET...
[2026-05-17 00:01:36] [INFO] Inspecao via fallback .NET para sprites/characters/davi/getup.png: 576x112 bitDepth=4 palette=16
[2026-05-17 00:01:39] [WARN] Gate visual bloqueado: qualquer asset em needs_review impede Elite/AAA ate curadoria canonica.
[2026-05-17 00:01:39] [WARN] visual_delivery_gate_report bloqueou a promocao visual AAA.
[2026-05-17 00:01:40] [WARN] Evidencia de emulador obsoleta ou insuficiente: runtime_metrics_stale.
[2026-05-17 00:01:40] [INFO] Validation finished. Errors: 0, Warnings: 4, Checked: 31, Recovered: 0
[2026-05-17 00:01:52] [INFO] --- Starting Resource Validation Suite ---
[2026-05-17 00:01:55] [INFO] Encontrados 1 arquivo(s) .res para validar.
[2026-05-17 00:01:55] [INFO] Validando F:\Projects\MegaDrive_DEV\SGDK_projects\NOVO ARARA GI FIGHTER V2 [VER.001] [SGDK 211] [GEN] [PROTOTIPO] [LUTA]\res\resources.res...
[2026-05-17 00:01:56] [WARN] ImageMagick falhou para bgs/lapa_bg_b.png: Não é possível encontrar o arquivo especificado.. Tentando fallback .NET...
[2026-05-17 00:01:56] [INFO] Inspecao via fallback .NET para bgs/lapa_bg_b.png: 320x160 bitDepth=4 palette=16
[2026-05-17 00:01:57] [WARN] ImageMagick falhou para bgs/lapa_bg_a.png: Não é possível encontrar o arquivo especificado.. Tentando fallback .NET...
[2026-05-17 00:01:57] [INFO] Inspecao via fallback .NET para bgs/lapa_bg_a.png: 320x64 bitDepth=4 palette=16
[2026-05-17 00:01:57] [WARN] Imagem lapa_bg_a: Slot indexado 0 esta visivel e cobre massa significativa; risco alto de perder forma util quando a transparencia estrutural for aplicada.
[2026-05-17 00:01:58] [WARN] ImageMagick falhou para sprites/effects/hit_spark.png: Não é possível encontrar o arquivo especificado.. Tentando fallback .NET...
[2026-05-17 00:01:58] [INFO] Inspecao via fallback .NET para sprites/effects/hit_spark.png: 96x32 bitDepth=4 palette=16
[2026-05-17 00:01:58] [WARN] ImageMagick falhou para sprites/characters/caio/idle.png: Não é possível encontrar o arquivo especificado.. Tentando fallback .NET...
[2026-05-17 00:01:59] [INFO] Inspecao via fallback .NET para sprites/characters/caio/idle.png: 576x112 bitDepth=4 palette=16
[2026-05-17 00:02:00] [WARN] ImageMagick falhou para sprites/characters/caio/walk_forward.png: Não é possível encontrar o arquivo especificado.. Tentando fallback .NET...
[2026-05-17 00:02:00] [INFO] Inspecao via fallback .NET para sprites/characters/caio/walk_forward.png: 576x112 bitDepth=4 palette=16
[2026-05-17 00:02:01] [WARN] ImageMagick falhou para sprites/characters/caio/walk_back.png: Não é possível encontrar o arquivo especificado.. Tentando fallback .NET...
[2026-05-17 00:02:01] [INFO] Inspecao via fallback .NET para sprites/characters/caio/walk_back.png: 576x112 bitDepth=4 palette=16
[2026-05-17 00:02:03] [WARN] ImageMagick falhou para sprites/characters/caio/dash.png: Não é possível encontrar o arquivo especificado.. Tentando fallback .NET...
[2026-05-17 00:02:03] [INFO] Inspecao via fallback .NET para sprites/characters/caio/dash.png: 384x112 bitDepth=4 palette=16
[2026-05-17 00:02:04] [WARN] ImageMagick falhou para sprites/characters/caio/crouch.png: Não é possível encontrar o arquivo especificado.. Tentando fallback .NET...
[2026-05-17 00:02:04] [INFO] Inspecao via fallback .NET para sprites/characters/caio/crouch.png: 192x112 bitDepth=4 palette=16
[2026-05-17 00:02:05] [WARN] ImageMagick falhou para sprites/characters/caio/jump.png: Não é possível encontrar o arquivo especificado.. Tentando fallback .NET...
[2026-05-17 00:02:05] [INFO] Inspecao via fallback .NET para sprites/characters/caio/jump.png: 576x112 bitDepth=4 palette=16
[2026-05-17 00:02:06] [WARN] ImageMagick falhou para sprites/characters/caio/guard.png: Não é possível encontrar o arquivo especificado.. Tentando fallback .NET...
[2026-05-17 00:02:06] [INFO] Inspecao via fallback .NET para sprites/characters/caio/guard.png: 288x112 bitDepth=4 palette=16
[2026-05-17 00:02:07] [WARN] ImageMagick falhou para sprites/characters/caio/jab.png: Não é possível encontrar o arquivo especificado.. Tentando fallback .NET...
[2026-05-17 00:02:07] [INFO] Inspecao via fallback .NET para sprites/characters/caio/jab.png: 384x112 bitDepth=4 palette=16
[2026-05-17 00:02:08] [WARN] ImageMagick falhou para sprites/characters/caio/medium.png: Não é possível encontrar o arquivo especificado.. Tentando fallback .NET...
[2026-05-17 00:02:08] [INFO] Inspecao via fallback .NET para sprites/characters/caio/medium.png: 480x112 bitDepth=4 palette=16
[2026-05-17 00:02:09] [WARN] ImageMagick falhou para sprites/characters/caio/grip.png: Não é possível encontrar o arquivo especificado.. Tentando fallback .NET...
[2026-05-17 00:02:09] [INFO] Inspecao via fallback .NET para sprites/characters/caio/grip.png: 480x112 bitDepth=4 palette=16
[2026-05-17 00:02:10] [WARN] ImageMagick falhou para sprites/characters/caio/hip_throw.png: Não é possível encontrar o arquivo especificado.. Tentando fallback .NET...
[2026-05-17 00:02:10] [INFO] Inspecao via fallback .NET para sprites/characters/caio/hip_throw.png: 768x112 bitDepth=4 palette=16
[2026-05-17 00:02:12] [WARN] ImageMagick falhou para sprites/characters/caio/hurt.png: Não é possível encontrar o arquivo especificado.. Tentando fallback .NET...
[2026-05-17 00:02:12] [INFO] Inspecao via fallback .NET para sprites/characters/caio/hurt.png: 384x112 bitDepth=4 palette=16
[2026-05-17 00:02:13] [WARN] ImageMagick falhou para sprites/characters/caio/knockdown.png: Não é possível encontrar o arquivo especificado.. Tentando fallback .NET...
[2026-05-17 00:02:13] [INFO] Inspecao via fallback .NET para sprites/characters/caio/knockdown.png: 576x112 bitDepth=4 palette=16
[2026-05-17 00:02:15] [WARN] ImageMagick falhou para sprites/characters/caio/getup.png: Não é possível encontrar o arquivo especificado.. Tentando fallback .NET...
[2026-05-17 00:02:15] [INFO] Inspecao via fallback .NET para sprites/characters/caio/getup.png: 576x112 bitDepth=4 palette=16
[2026-05-17 00:02:16] [WARN] ImageMagick falhou para sprites/characters/davi/idle.png: Não é possível encontrar o arquivo especificado.. Tentando fallback .NET...
[2026-05-17 00:02:16] [INFO] Inspecao via fallback .NET para sprites/characters/davi/idle.png: 576x112 bitDepth=4 palette=16
[2026-05-17 00:02:17] [WARN] ImageMagick falhou para sprites/characters/davi/walk_forward.png: Não é possível encontrar o arquivo especificado.. Tentando fallback .NET...
[2026-05-17 00:02:18] [INFO] Inspecao via fallback .NET para sprites/characters/davi/walk_forward.png: 576x112 bitDepth=4 palette=16
[2026-05-17 00:02:19] [WARN] ImageMagick falhou para sprites/characters/davi/walk_back.png: Não é possível encontrar o arquivo especificado.. Tentando fallback .NET...
[2026-05-17 00:02:19] [INFO] Inspecao via fallback .NET para sprites/characters/davi/walk_back.png: 576x112 bitDepth=4 palette=16
[2026-05-17 00:02:20] [WARN] ImageMagick falhou para sprites/characters/davi/dash.png: Não é possível encontrar o arquivo especificado.. Tentando fallback .NET...
[2026-05-17 00:02:20] [INFO] Inspecao via fallback .NET para sprites/characters/davi/dash.png: 384x112 bitDepth=4 palette=16
[2026-05-17 00:02:21] [WARN] ImageMagick falhou para sprites/characters/davi/crouch.png: Não é possível encontrar o arquivo especificado.. Tentando fallback .NET...
[2026-05-17 00:02:21] [INFO] Inspecao via fallback .NET para sprites/characters/davi/crouch.png: 192x112 bitDepth=4 palette=16
[2026-05-17 00:02:22] [WARN] ImageMagick falhou para sprites/characters/davi/jump.png: Não é possível encontrar o arquivo especificado.. Tentando fallback .NET...
[2026-05-17 00:02:22] [INFO] Inspecao via fallback .NET para sprites/characters/davi/jump.png: 576x112 bitDepth=4 palette=16
[2026-05-17 00:02:23] [WARN] ImageMagick falhou para sprites/characters/davi/guard.png: Não é possível encontrar o arquivo especificado.. Tentando fallback .NET...
[2026-05-17 00:02:23] [INFO] Inspecao via fallback .NET para sprites/characters/davi/guard.png: 288x112 bitDepth=4 palette=16
[2026-05-17 00:02:24] [WARN] ImageMagick falhou para sprites/characters/davi/jab.png: Não é possível encontrar o arquivo especificado.. Tentando fallback .NET...
[2026-05-17 00:02:24] [INFO] Inspecao via fallback .NET para sprites/characters/davi/jab.png: 384x112 bitDepth=4 palette=16
[2026-05-17 00:02:25] [WARN] ImageMagick falhou para sprites/characters/davi/medium.png: Não é possível encontrar o arquivo especificado.. Tentando fallback .NET...
[2026-05-17 00:02:25] [INFO] Inspecao via fallback .NET para sprites/characters/davi/medium.png: 480x112 bitDepth=4 palette=16
[2026-05-17 00:02:26] [WARN] ImageMagick falhou para sprites/characters/davi/grip.png: Não é possível encontrar o arquivo especificado.. Tentando fallback .NET...
[2026-05-17 00:02:26] [INFO] Inspecao via fallback .NET para sprites/characters/davi/grip.png: 480x112 bitDepth=4 palette=16
[2026-05-17 00:02:27] [WARN] ImageMagick falhou para sprites/characters/davi/hip_throw.png: Não é possível encontrar o arquivo especificado.. Tentando fallback .NET...
[2026-05-17 00:02:27] [INFO] Inspecao via fallback .NET para sprites/characters/davi/hip_throw.png: 768x112 bitDepth=4 palette=16
[2026-05-17 00:02:29] [WARN] ImageMagick falhou para sprites/characters/davi/hurt.png: Não é possível encontrar o arquivo especificado.. Tentando fallback .NET...
[2026-05-17 00:02:29] [INFO] Inspecao via fallback .NET para sprites/characters/davi/hurt.png: 384x112 bitDepth=4 palette=16
[2026-05-17 00:02:30] [WARN] ImageMagick falhou para sprites/characters/davi/knockdown.png: Não é possível encontrar o arquivo especificado.. Tentando fallback .NET...
[2026-05-17 00:02:30] [INFO] Inspecao via fallback .NET para sprites/characters/davi/knockdown.png: 576x112 bitDepth=4 palette=16
[2026-05-17 00:02:31] [WARN] ImageMagick falhou para sprites/characters/davi/getup.png: Não é possível encontrar o arquivo especificado.. Tentando fallback .NET...
[2026-05-17 00:02:31] [INFO] Inspecao via fallback .NET para sprites/characters/davi/getup.png: 576x112 bitDepth=4 palette=16
[2026-05-17 00:02:34] [WARN] Gate visual bloqueado: qualquer asset em needs_review impede Elite/AAA ate curadoria canonica.
[2026-05-17 00:02:35] [WARN] visual_delivery_gate_report bloqueou a promocao visual AAA.
[2026-05-17 00:02:35] [WARN] Evidencia de emulador obsoleta ou insuficiente: runtime_metrics_stale.
[2026-05-17 00:02:36] [INFO] Validation finished. Errors: 0, Warnings: 4, Checked: 31, Recovered: 0
[2026-05-17 00:03:44] [INFO] --- Starting Resource Validation Suite ---
[2026-05-17 00:03:47] [INFO] Encontrados 1 arquivo(s) .res para validar.
[2026-05-17 00:03:48] [INFO] Validando F:\Projects\MegaDrive_DEV\SGDK_projects\NOVO ARARA GI FIGHTER V2 [VER.001] [SGDK 211] [GEN] [PROTOTIPO] [LUTA]\res\resources.res...
[2026-05-17 00:03:48] [WARN] ImageMagick falhou para bgs/lapa_bg_b.png: Não é possível encontrar o arquivo especificado.. Tentando fallback .NET...
[2026-05-17 00:03:48] [INFO] Inspecao via fallback .NET para bgs/lapa_bg_b.png: 320x160 bitDepth=4 palette=16
[2026-05-17 00:03:49] [WARN] ImageMagick falhou para bgs/lapa_bg_a.png: Não é possível encontrar o arquivo especificado.. Tentando fallback .NET...
[2026-05-17 00:03:49] [INFO] Inspecao via fallback .NET para bgs/lapa_bg_a.png: 320x64 bitDepth=4 palette=16
[2026-05-17 00:03:49] [WARN] Imagem lapa_bg_a: Slot indexado 0 esta visivel e cobre massa significativa; risco alto de perder forma util quando a transparencia estrutural for aplicada.
[2026-05-17 00:03:50] [WARN] ImageMagick falhou para sprites/effects/hit_spark.png: Não é possível encontrar o arquivo especificado.. Tentando fallback .NET...
[2026-05-17 00:03:50] [INFO] Inspecao via fallback .NET para sprites/effects/hit_spark.png: 96x32 bitDepth=4 palette=16
[2026-05-17 00:03:50] [WARN] ImageMagick falhou para sprites/characters/caio/idle.png: Não é possível encontrar o arquivo especificado.. Tentando fallback .NET...
[2026-05-17 00:03:50] [INFO] Inspecao via fallback .NET para sprites/characters/caio/idle.png: 576x112 bitDepth=4 palette=16
[2026-05-17 00:03:52] [WARN] ImageMagick falhou para sprites/characters/caio/walk_forward.png: Não é possível encontrar o arquivo especificado.. Tentando fallback .NET...
[2026-05-17 00:03:52] [INFO] Inspecao via fallback .NET para sprites/characters/caio/walk_forward.png: 576x112 bitDepth=4 palette=16
[2026-05-17 00:03:53] [WARN] ImageMagick falhou para sprites/characters/caio/walk_back.png: Não é possível encontrar o arquivo especificado.. Tentando fallback .NET...
[2026-05-17 00:03:53] [INFO] Inspecao via fallback .NET para sprites/characters/caio/walk_back.png: 576x112 bitDepth=4 palette=16
[2026-05-17 00:03:54] [WARN] ImageMagick falhou para sprites/characters/caio/dash.png: Não é possível encontrar o arquivo especificado.. Tentando fallback .NET...
[2026-05-17 00:03:54] [INFO] Inspecao via fallback .NET para sprites/characters/caio/dash.png: 384x112 bitDepth=4 palette=16
[2026-05-17 00:03:55] [WARN] ImageMagick falhou para sprites/characters/caio/crouch.png: Não é possível encontrar o arquivo especificado.. Tentando fallback .NET...
[2026-05-17 00:03:55] [INFO] Inspecao via fallback .NET para sprites/characters/caio/crouch.png: 192x112 bitDepth=4 palette=16
[2026-05-17 00:03:56] [WARN] ImageMagick falhou para sprites/characters/caio/jump.png: Não é possível encontrar o arquivo especificado.. Tentando fallback .NET...
[2026-05-17 00:03:56] [INFO] Inspecao via fallback .NET para sprites/characters/caio/jump.png: 576x112 bitDepth=4 palette=16
[2026-05-17 00:03:58] [WARN] ImageMagick falhou para sprites/characters/caio/guard.png: Não é possível encontrar o arquivo especificado.. Tentando fallback .NET...
[2026-05-17 00:03:58] [INFO] Inspecao via fallback .NET para sprites/characters/caio/guard.png: 288x112 bitDepth=4 palette=16
[2026-05-17 00:03:58] [WARN] ImageMagick falhou para sprites/characters/caio/jab.png: Não é possível encontrar o arquivo especificado.. Tentando fallback .NET...
[2026-05-17 00:03:58] [INFO] Inspecao via fallback .NET para sprites/characters/caio/jab.png: 384x112 bitDepth=4 palette=16
[2026-05-17 00:03:59] [WARN] ImageMagick falhou para sprites/characters/caio/medium.png: Não é possível encontrar o arquivo especificado.. Tentando fallback .NET...
[2026-05-17 00:03:59] [INFO] Inspecao via fallback .NET para sprites/characters/caio/medium.png: 480x112 bitDepth=4 palette=16
[2026-05-17 00:04:00] [WARN] ImageMagick falhou para sprites/characters/caio/grip.png: Não é possível encontrar o arquivo especificado.. Tentando fallback .NET...
[2026-05-17 00:04:01] [INFO] Inspecao via fallback .NET para sprites/characters/caio/grip.png: 480x112 bitDepth=4 palette=16
[2026-05-17 00:04:02] [WARN] ImageMagick falhou para sprites/characters/caio/hip_throw.png: Não é possível encontrar o arquivo especificado.. Tentando fallback .NET...
[2026-05-17 00:04:02] [INFO] Inspecao via fallback .NET para sprites/characters/caio/hip_throw.png: 768x112 bitDepth=4 palette=16
[2026-05-17 00:04:03] [WARN] ImageMagick falhou para sprites/characters/caio/hurt.png: Não é possível encontrar o arquivo especificado.. Tentando fallback .NET...
[2026-05-17 00:04:03] [INFO] Inspecao via fallback .NET para sprites/characters/caio/hurt.png: 384x112 bitDepth=4 palette=16
[2026-05-17 00:04:04] [WARN] ImageMagick falhou para sprites/characters/caio/knockdown.png: Não é possível encontrar o arquivo especificado.. Tentando fallback .NET...
[2026-05-17 00:04:04] [INFO] Inspecao via fallback .NET para sprites/characters/caio/knockdown.png: 576x112 bitDepth=4 palette=16
[2026-05-17 00:04:05] [WARN] ImageMagick falhou para sprites/characters/caio/getup.png: Não é possível encontrar o arquivo especificado.. Tentando fallback .NET...
[2026-05-17 00:04:06] [INFO] Inspecao via fallback .NET para sprites/characters/caio/getup.png: 576x112 bitDepth=4 palette=16
[2026-05-17 00:04:07] [WARN] ImageMagick falhou para sprites/characters/davi/idle.png: Não é possível encontrar o arquivo especificado.. Tentando fallback .NET...
[2026-05-17 00:04:07] [INFO] Inspecao via fallback .NET para sprites/characters/davi/idle.png: 576x112 bitDepth=4 palette=16
[2026-05-17 00:04:08] [WARN] ImageMagick falhou para sprites/characters/davi/walk_forward.png: Não é possível encontrar o arquivo especificado.. Tentando fallback .NET...
[2026-05-17 00:04:08] [INFO] Inspecao via fallback .NET para sprites/characters/davi/walk_forward.png: 576x112 bitDepth=4 palette=16
[2026-05-17 00:04:09] [WARN] ImageMagick falhou para sprites/characters/davi/walk_back.png: Não é possível encontrar o arquivo especificado.. Tentando fallback .NET...
[2026-05-17 00:04:09] [INFO] Inspecao via fallback .NET para sprites/characters/davi/walk_back.png: 576x112 bitDepth=4 palette=16
[2026-05-17 00:04:10] [WARN] ImageMagick falhou para sprites/characters/davi/dash.png: Não é possível encontrar o arquivo especificado.. Tentando fallback .NET...
[2026-05-17 00:04:11] [INFO] Inspecao via fallback .NET para sprites/characters/davi/dash.png: 384x112 bitDepth=4 palette=16
[2026-05-17 00:04:12] [WARN] ImageMagick falhou para sprites/characters/davi/crouch.png: Não é possível encontrar o arquivo especificado.. Tentando fallback .NET...
[2026-05-17 00:04:12] [INFO] Inspecao via fallback .NET para sprites/characters/davi/crouch.png: 192x112 bitDepth=4 palette=16
[2026-05-17 00:04:12] [WARN] ImageMagick falhou para sprites/characters/davi/jump.png: Não é possível encontrar o arquivo especificado.. Tentando fallback .NET...
[2026-05-17 00:04:12] [INFO] Inspecao via fallback .NET para sprites/characters/davi/jump.png: 576x112 bitDepth=4 palette=16
[2026-05-17 00:04:14] [WARN] ImageMagick falhou para sprites/characters/davi/guard.png: Não é possível encontrar o arquivo especificado.. Tentando fallback .NET...
[2026-05-17 00:04:14] [INFO] Inspecao via fallback .NET para sprites/characters/davi/guard.png: 288x112 bitDepth=4 palette=16
[2026-05-17 00:04:14] [WARN] ImageMagick falhou para sprites/characters/davi/jab.png: Não é possível encontrar o arquivo especificado.. Tentando fallback .NET...
[2026-05-17 00:04:15] [INFO] Inspecao via fallback .NET para sprites/characters/davi/jab.png: 384x112 bitDepth=4 palette=16
[2026-05-17 00:04:15] [WARN] ImageMagick falhou para sprites/characters/davi/medium.png: Não é possível encontrar o arquivo especificado.. Tentando fallback .NET...
[2026-05-17 00:04:16] [INFO] Inspecao via fallback .NET para sprites/characters/davi/medium.png: 480x112 bitDepth=4 palette=16
[2026-05-17 00:04:17] [WARN] ImageMagick falhou para sprites/characters/davi/grip.png: Não é possível encontrar o arquivo especificado.. Tentando fallback .NET...
[2026-05-17 00:04:17] [INFO] Inspecao via fallback .NET para sprites/characters/davi/grip.png: 480x112 bitDepth=4 palette=16
[2026-05-17 00:04:18] [WARN] ImageMagick falhou para sprites/characters/davi/hip_throw.png: Não é possível encontrar o arquivo especificado.. Tentando fallback .NET...
[2026-05-17 00:04:18] [INFO] Inspecao via fallback .NET para sprites/characters/davi/hip_throw.png: 768x112 bitDepth=4 palette=16
[2026-05-17 00:04:20] [WARN] ImageMagick falhou para sprites/characters/davi/hurt.png: Não é possível encontrar o arquivo especificado.. Tentando fallback .NET...
[2026-05-17 00:04:20] [INFO] Inspecao via fallback .NET para sprites/characters/davi/hurt.png: 384x112 bitDepth=4 palette=16
[2026-05-17 00:04:21] [WARN] ImageMagick falhou para sprites/characters/davi/knockdown.png: Não é possível encontrar o arquivo especificado.. Tentando fallback .NET...
[2026-05-17 00:04:21] [INFO] Inspecao via fallback .NET para sprites/characters/davi/knockdown.png: 576x112 bitDepth=4 palette=16
[2026-05-17 00:04:22] [WARN] ImageMagick falhou para sprites/characters/davi/getup.png: Não é possível encontrar o arquivo especificado.. Tentando fallback .NET...
[2026-05-17 00:04:22] [INFO] Inspecao via fallback .NET para sprites/characters/davi/getup.png: 576x112 bitDepth=4 palette=16
[2026-05-17 00:04:26] [WARN] Gate visual bloqueado: qualquer asset em needs_review impede Elite/AAA ate curadoria canonica.
[2026-05-17 00:04:26] [WARN] visual_delivery_gate_report bloqueou a promocao visual AAA.
[2026-05-17 00:04:27] [INFO] Validation finished. Errors: 0, Warnings: 3, Checked: 31, Recovered: 0
[2026-05-17 00:06:12] [INFO] --- Starting Resource Validation Suite ---
[2026-05-17 00:06:15] [INFO] Encontrados 1 arquivo(s) .res para validar.
[2026-05-17 00:06:15] [INFO] Validando F:\Projects\MegaDrive_DEV\SGDK_projects\NOVO ARARA GI FIGHTER V2 [VER.001] [SGDK 211] [GEN] [PROTOTIPO] [LUTA]\res\resources.res...
[2026-05-17 00:06:15] [WARN] ImageMagick falhou para bgs/lapa_bg_b.png: Não é possível encontrar o arquivo especificado.. Tentando fallback .NET...
[2026-05-17 00:06:16] [INFO] Inspecao via fallback .NET para bgs/lapa_bg_b.png: 320x160 bitDepth=4 palette=16
[2026-05-17 00:06:16] [WARN] ImageMagick falhou para bgs/lapa_bg_a.png: Não é possível encontrar o arquivo especificado.. Tentando fallback .NET...
[2026-05-17 00:06:17] [INFO] Inspecao via fallback .NET para bgs/lapa_bg_a.png: 320x64 bitDepth=4 palette=16
[2026-05-17 00:06:17] [WARN] Imagem lapa_bg_a: Slot indexado 0 esta visivel e cobre massa significativa; risco alto de perder forma util quando a transparencia estrutural for aplicada.
[2026-05-17 00:06:18] [WARN] ImageMagick falhou para sprites/effects/hit_spark.png: Não é possível encontrar o arquivo especificado.. Tentando fallback .NET...
[2026-05-17 00:06:18] [INFO] Inspecao via fallback .NET para sprites/effects/hit_spark.png: 96x32 bitDepth=4 palette=16
[2026-05-17 00:06:18] [WARN] ImageMagick falhou para sprites/characters/caio/idle.png: Não é possível encontrar o arquivo especificado.. Tentando fallback .NET...
[2026-05-17 00:06:18] [INFO] Inspecao via fallback .NET para sprites/characters/caio/idle.png: 576x112 bitDepth=4 palette=16
[2026-05-17 00:06:19] [WARN] ImageMagick falhou para sprites/characters/caio/walk_forward.png: Não é possível encontrar o arquivo especificado.. Tentando fallback .NET...
[2026-05-17 00:06:19] [INFO] Inspecao via fallback .NET para sprites/characters/caio/walk_forward.png: 576x112 bitDepth=4 palette=16
[2026-05-17 00:06:21] [WARN] ImageMagick falhou para sprites/characters/caio/walk_back.png: Não é possível encontrar o arquivo especificado.. Tentando fallback .NET...
[2026-05-17 00:06:21] [INFO] Inspecao via fallback .NET para sprites/characters/caio/walk_back.png: 576x112 bitDepth=4 palette=16
[2026-05-17 00:06:22] [WARN] ImageMagick falhou para sprites/characters/caio/dash.png: Não é possível encontrar o arquivo especificado.. Tentando fallback .NET...
[2026-05-17 00:06:22] [INFO] Inspecao via fallback .NET para sprites/characters/caio/dash.png: 384x112 bitDepth=4 palette=16
[2026-05-17 00:06:23] [WARN] ImageMagick falhou para sprites/characters/caio/crouch.png: Não é possível encontrar o arquivo especificado.. Tentando fallback .NET...
[2026-05-17 00:06:23] [INFO] Inspecao via fallback .NET para sprites/characters/caio/crouch.png: 192x112 bitDepth=4 palette=16
[2026-05-17 00:06:24] [WARN] ImageMagick falhou para sprites/characters/caio/jump.png: Não é possível encontrar o arquivo especificado.. Tentando fallback .NET...
[2026-05-17 00:06:24] [INFO] Inspecao via fallback .NET para sprites/characters/caio/jump.png: 576x112 bitDepth=4 palette=16
[2026-05-17 00:06:25] [WARN] ImageMagick falhou para sprites/characters/caio/guard.png: Não é possível encontrar o arquivo especificado.. Tentando fallback .NET...
[2026-05-17 00:06:25] [INFO] Inspecao via fallback .NET para sprites/characters/caio/guard.png: 288x112 bitDepth=4 palette=16
[2026-05-17 00:06:26] [WARN] ImageMagick falhou para sprites/characters/caio/jab.png: Não é possível encontrar o arquivo especificado.. Tentando fallback .NET...
[2026-05-17 00:06:26] [INFO] Inspecao via fallback .NET para sprites/characters/caio/jab.png: 384x112 bitDepth=4 palette=16
[2026-05-17 00:06:27] [WARN] ImageMagick falhou para sprites/characters/caio/medium.png: Não é possível encontrar o arquivo especificado.. Tentando fallback .NET...
[2026-05-17 00:06:27] [INFO] Inspecao via fallback .NET para sprites/characters/caio/medium.png: 480x112 bitDepth=4 palette=16
[2026-05-17 00:06:28] [WARN] ImageMagick falhou para sprites/characters/caio/grip.png: Não é possível encontrar o arquivo especificado.. Tentando fallback .NET...
[2026-05-17 00:06:28] [INFO] Inspecao via fallback .NET para sprites/characters/caio/grip.png: 480x112 bitDepth=4 palette=16
[2026-05-17 00:06:29] [WARN] ImageMagick falhou para sprites/characters/caio/hip_throw.png: Não é possível encontrar o arquivo especificado.. Tentando fallback .NET...
[2026-05-17 00:06:30] [INFO] Inspecao via fallback .NET para sprites/characters/caio/hip_throw.png: 768x112 bitDepth=4 palette=16
[2026-05-17 00:06:31] [WARN] ImageMagick falhou para sprites/characters/caio/hurt.png: Não é possível encontrar o arquivo especificado.. Tentando fallback .NET...
[2026-05-17 00:06:31] [INFO] Inspecao via fallback .NET para sprites/characters/caio/hurt.png: 384x112 bitDepth=4 palette=16
[2026-05-17 00:06:32] [WARN] ImageMagick falhou para sprites/characters/caio/knockdown.png: Não é possível encontrar o arquivo especificado.. Tentando fallback .NET...
[2026-05-17 00:06:32] [INFO] Inspecao via fallback .NET para sprites/characters/caio/knockdown.png: 576x112 bitDepth=4 palette=16
[2026-05-17 00:06:33] [WARN] ImageMagick falhou para sprites/characters/caio/getup.png: Não é possível encontrar o arquivo especificado.. Tentando fallback .NET...
[2026-05-17 00:06:33] [INFO] Inspecao via fallback .NET para sprites/characters/caio/getup.png: 576x112 bitDepth=4 palette=16
[2026-05-17 00:06:34] [WARN] ImageMagick falhou para sprites/characters/davi/idle.png: Não é possível encontrar o arquivo especificado.. Tentando fallback .NET...
[2026-05-17 00:06:35] [INFO] Inspecao via fallback .NET para sprites/characters/davi/idle.png: 576x112 bitDepth=4 palette=16
[2026-05-17 00:06:36] [WARN] ImageMagick falhou para sprites/characters/davi/walk_forward.png: Não é possível encontrar o arquivo especificado.. Tentando fallback .NET...
[2026-05-17 00:06:36] [INFO] Inspecao via fallback .NET para sprites/characters/davi/walk_forward.png: 576x112 bitDepth=4 palette=16
[2026-05-17 00:06:37] [WARN] ImageMagick falhou para sprites/characters/davi/walk_back.png: Não é possível encontrar o arquivo especificado.. Tentando fallback .NET...
[2026-05-17 00:06:37] [INFO] Inspecao via fallback .NET para sprites/characters/davi/walk_back.png: 576x112 bitDepth=4 palette=16
[2026-05-17 00:06:38] [WARN] ImageMagick falhou para sprites/characters/davi/dash.png: Não é possível encontrar o arquivo especificado.. Tentando fallback .NET...
[2026-05-17 00:06:38] [INFO] Inspecao via fallback .NET para sprites/characters/davi/dash.png: 384x112 bitDepth=4 palette=16
[2026-05-17 00:06:39] [WARN] ImageMagick falhou para sprites/characters/davi/crouch.png: Não é possível encontrar o arquivo especificado.. Tentando fallback .NET...
[2026-05-17 00:06:39] [INFO] Inspecao via fallback .NET para sprites/characters/davi/crouch.png: 192x112 bitDepth=4 palette=16
[2026-05-17 00:06:40] [WARN] ImageMagick falhou para sprites/characters/davi/jump.png: Não é possível encontrar o arquivo especificado.. Tentando fallback .NET...
[2026-05-17 00:06:40] [INFO] Inspecao via fallback .NET para sprites/characters/davi/jump.png: 576x112 bitDepth=4 palette=16
[2026-05-17 00:06:41] [WARN] ImageMagick falhou para sprites/characters/davi/guard.png: Não é possível encontrar o arquivo especificado.. Tentando fallback .NET...
[2026-05-17 00:06:41] [INFO] Inspecao via fallback .NET para sprites/characters/davi/guard.png: 288x112 bitDepth=4 palette=16
[2026-05-17 00:06:42] [WARN] ImageMagick falhou para sprites/characters/davi/jab.png: Não é possível encontrar o arquivo especificado.. Tentando fallback .NET...
[2026-05-17 00:06:42] [INFO] Inspecao via fallback .NET para sprites/characters/davi/jab.png: 384x112 bitDepth=4 palette=16
[2026-05-17 00:06:43] [WARN] ImageMagick falhou para sprites/characters/davi/medium.png: Não é possível encontrar o arquivo especificado.. Tentando fallback .NET...
[2026-05-17 00:06:43] [INFO] Inspecao via fallback .NET para sprites/characters/davi/medium.png: 480x112 bitDepth=4 palette=16
[2026-05-17 00:06:44] [WARN] ImageMagick falhou para sprites/characters/davi/grip.png: Não é possível encontrar o arquivo especificado.. Tentando fallback .NET...
[2026-05-17 00:06:45] [INFO] Inspecao via fallback .NET para sprites/characters/davi/grip.png: 480x112 bitDepth=4 palette=16
[2026-05-17 00:06:45] [WARN] ImageMagick falhou para sprites/characters/davi/hip_throw.png: Não é possível encontrar o arquivo especificado.. Tentando fallback .NET...
[2026-05-17 00:06:46] [INFO] Inspecao via fallback .NET para sprites/characters/davi/hip_throw.png: 768x112 bitDepth=4 palette=16
[2026-05-17 00:06:47] [WARN] ImageMagick falhou para sprites/characters/davi/hurt.png: Não é possível encontrar o arquivo especificado.. Tentando fallback .NET...
[2026-05-17 00:06:47] [INFO] Inspecao via fallback .NET para sprites/characters/davi/hurt.png: 384x112 bitDepth=4 palette=16
[2026-05-17 00:06:48] [WARN] ImageMagick falhou para sprites/characters/davi/knockdown.png: Não é possível encontrar o arquivo especificado.. Tentando fallback .NET...
[2026-05-17 00:06:48] [INFO] Inspecao via fallback .NET para sprites/characters/davi/knockdown.png: 576x112 bitDepth=4 palette=16
[2026-05-17 00:06:49] [WARN] ImageMagick falhou para sprites/characters/davi/getup.png: Não é possível encontrar o arquivo especificado.. Tentando fallback .NET...
[2026-05-17 00:06:50] [INFO] Inspecao via fallback .NET para sprites/characters/davi/getup.png: 576x112 bitDepth=4 palette=16
[2026-05-17 00:06:53] [WARN] Gate visual bloqueado: qualquer asset em needs_review impede Elite/AAA ate curadoria canonica.
[2026-05-17 00:06:53] [WARN] visual_delivery_gate_report bloqueou a promocao visual AAA.
[2026-05-17 00:06:54] [INFO] Validation finished. Errors: 0, Warnings: 3, Checked: 31, Recovered: 0
[2026-05-17 00:07:05] [INFO] --- Starting Resource Validation Suite ---
[2026-05-17 00:07:08] [INFO] Encontrados 1 arquivo(s) .res para validar.
[2026-05-17 00:07:08] [INFO] Validando F:\Projects\MegaDrive_DEV\SGDK_projects\NOVO ARARA GI FIGHTER V2 [VER.001] [SGDK 211] [GEN] [PROTOTIPO] [LUTA]\res\resources.res...
[2026-05-17 00:07:08] [WARN] ImageMagick falhou para bgs/lapa_bg_b.png: Não é possível encontrar o arquivo especificado.. Tentando fallback .NET...
[2026-05-17 00:07:08] [INFO] Inspecao via fallback .NET para bgs/lapa_bg_b.png: 320x160 bitDepth=4 palette=16
[2026-05-17 00:07:09] [WARN] ImageMagick falhou para bgs/lapa_bg_a.png: Não é possível encontrar o arquivo especificado.. Tentando fallback .NET...
[2026-05-17 00:07:09] [INFO] Inspecao via fallback .NET para bgs/lapa_bg_a.png: 320x64 bitDepth=4 palette=16
[2026-05-17 00:07:10] [WARN] Imagem lapa_bg_a: Slot indexado 0 esta visivel e cobre massa significativa; risco alto de perder forma util quando a transparencia estrutural for aplicada.
[2026-05-17 00:07:10] [WARN] ImageMagick falhou para sprites/effects/hit_spark.png: Não é possível encontrar o arquivo especificado.. Tentando fallback .NET...
[2026-05-17 00:07:10] [INFO] Inspecao via fallback .NET para sprites/effects/hit_spark.png: 96x32 bitDepth=4 palette=16
[2026-05-17 00:07:11] [WARN] ImageMagick falhou para sprites/characters/caio/idle.png: Não é possível encontrar o arquivo especificado.. Tentando fallback .NET...
[2026-05-17 00:07:11] [INFO] Inspecao via fallback .NET para sprites/characters/caio/idle.png: 576x112 bitDepth=4 palette=16
[2026-05-17 00:07:13] [WARN] ImageMagick falhou para sprites/characters/caio/walk_forward.png: Não é possível encontrar o arquivo especificado.. Tentando fallback .NET...
[2026-05-17 00:07:13] [INFO] Inspecao via fallback .NET para sprites/characters/caio/walk_forward.png: 576x112 bitDepth=4 palette=16
[2026-05-17 00:07:14] [WARN] ImageMagick falhou para sprites/characters/caio/walk_back.png: Não é possível encontrar o arquivo especificado.. Tentando fallback .NET...
[2026-05-17 00:07:14] [INFO] Inspecao via fallback .NET para sprites/characters/caio/walk_back.png: 576x112 bitDepth=4 palette=16
[2026-05-17 00:07:15] [WARN] ImageMagick falhou para sprites/characters/caio/dash.png: Não é possível encontrar o arquivo especificado.. Tentando fallback .NET...
[2026-05-17 00:07:15] [INFO] Inspecao via fallback .NET para sprites/characters/caio/dash.png: 384x112 bitDepth=4 palette=16
[2026-05-17 00:07:16] [WARN] ImageMagick falhou para sprites/characters/caio/crouch.png: Não é possível encontrar o arquivo especificado.. Tentando fallback .NET...
[2026-05-17 00:07:16] [INFO] Inspecao via fallback .NET para sprites/characters/caio/crouch.png: 192x112 bitDepth=4 palette=16
[2026-05-17 00:07:17] [WARN] ImageMagick falhou para sprites/characters/caio/jump.png: Não é possível encontrar o arquivo especificado.. Tentando fallback .NET...
[2026-05-17 00:07:17] [INFO] Inspecao via fallback .NET para sprites/characters/caio/jump.png: 576x112 bitDepth=4 palette=16
[2026-05-17 00:07:18] [WARN] ImageMagick falhou para sprites/characters/caio/guard.png: Não é possível encontrar o arquivo especificado.. Tentando fallback .NET...
[2026-05-17 00:07:19] [INFO] Inspecao via fallback .NET para sprites/characters/caio/guard.png: 288x112 bitDepth=4 palette=16
[2026-05-17 00:07:19] [WARN] ImageMagick falhou para sprites/characters/caio/jab.png: Não é possível encontrar o arquivo especificado.. Tentando fallback .NET...
[2026-05-17 00:07:19] [INFO] Inspecao via fallback .NET para sprites/characters/caio/jab.png: 384x112 bitDepth=4 palette=16
[2026-05-17 00:07:20] [WARN] ImageMagick falhou para sprites/characters/caio/medium.png: Não é possível encontrar o arquivo especificado.. Tentando fallback .NET...
[2026-05-17 00:07:20] [INFO] Inspecao via fallback .NET para sprites/characters/caio/medium.png: 480x112 bitDepth=4 palette=16
[2026-05-17 00:07:21] [WARN] ImageMagick falhou para sprites/characters/caio/grip.png: Não é possível encontrar o arquivo especificado.. Tentando fallback .NET...
[2026-05-17 00:07:22] [INFO] Inspecao via fallback .NET para sprites/characters/caio/grip.png: 480x112 bitDepth=4 palette=16
[2026-05-17 00:07:22] [WARN] ImageMagick falhou para sprites/characters/caio/hip_throw.png: Não é possível encontrar o arquivo especificado.. Tentando fallback .NET...
[2026-05-17 00:07:23] [INFO] Inspecao via fallback .NET para sprites/characters/caio/hip_throw.png: 768x112 bitDepth=4 palette=16
[2026-05-17 00:07:24] [WARN] ImageMagick falhou para sprites/characters/caio/hurt.png: Não é possível encontrar o arquivo especificado.. Tentando fallback .NET...
[2026-05-17 00:07:24] [INFO] Inspecao via fallback .NET para sprites/characters/caio/hurt.png: 384x112 bitDepth=4 palette=16
[2026-05-17 00:07:25] [WARN] ImageMagick falhou para sprites/characters/caio/knockdown.png: Não é possível encontrar o arquivo especificado.. Tentando fallback .NET...
[2026-05-17 00:07:25] [INFO] Inspecao via fallback .NET para sprites/characters/caio/knockdown.png: 576x112 bitDepth=4 palette=16
[2026-05-17 00:07:26] [WARN] ImageMagick falhou para sprites/characters/caio/getup.png: Não é possível encontrar o arquivo especificado.. Tentando fallback .NET...
[2026-05-17 00:07:27] [INFO] Inspecao via fallback .NET para sprites/characters/caio/getup.png: 576x112 bitDepth=4 palette=16
[2026-05-17 00:07:28] [WARN] ImageMagick falhou para sprites/characters/davi/idle.png: Não é possível encontrar o arquivo especificado.. Tentando fallback .NET...
[2026-05-17 00:07:28] [INFO] Inspecao via fallback .NET para sprites/characters/davi/idle.png: 576x112 bitDepth=4 palette=16
[2026-05-17 00:07:29] [WARN] ImageMagick falhou para sprites/characters/davi/walk_forward.png: Não é possível encontrar o arquivo especificado.. Tentando fallback .NET...
[2026-05-17 00:07:29] [INFO] Inspecao via fallback .NET para sprites/characters/davi/walk_forward.png: 576x112 bitDepth=4 palette=16
[2026-05-17 00:07:30] [WARN] ImageMagick falhou para sprites/characters/davi/walk_back.png: Não é possível encontrar o arquivo especificado.. Tentando fallback .NET...
[2026-05-17 00:07:30] [INFO] Inspecao via fallback .NET para sprites/characters/davi/walk_back.png: 576x112 bitDepth=4 palette=16
[2026-05-17 00:07:31] [WARN] ImageMagick falhou para sprites/characters/davi/dash.png: Não é possível encontrar o arquivo especificado.. Tentando fallback .NET...
[2026-05-17 00:07:32] [INFO] Inspecao via fallback .NET para sprites/characters/davi/dash.png: 384x112 bitDepth=4 palette=16
[2026-05-17 00:07:32] [WARN] ImageMagick falhou para sprites/characters/davi/crouch.png: Não é possível encontrar o arquivo especificado.. Tentando fallback .NET...
[2026-05-17 00:07:32] [INFO] Inspecao via fallback .NET para sprites/characters/davi/crouch.png: 192x112 bitDepth=4 palette=16
[2026-05-17 00:07:33] [WARN] ImageMagick falhou para sprites/characters/davi/jump.png: Não é possível encontrar o arquivo especificado.. Tentando fallback .NET...
[2026-05-17 00:07:33] [INFO] Inspecao via fallback .NET para sprites/characters/davi/jump.png: 576x112 bitDepth=4 palette=16
[2026-05-17 00:07:34] [WARN] ImageMagick falhou para sprites/characters/davi/guard.png: Não é possível encontrar o arquivo especificado.. Tentando fallback .NET...
[2026-05-17 00:07:34] [INFO] Inspecao via fallback .NET para sprites/characters/davi/guard.png: 288x112 bitDepth=4 palette=16
[2026-05-17 00:07:35] [WARN] ImageMagick falhou para sprites/characters/davi/jab.png: Não é possível encontrar o arquivo especificado.. Tentando fallback .NET...
[2026-05-17 00:07:35] [INFO] Inspecao via fallback .NET para sprites/characters/davi/jab.png: 384x112 bitDepth=4 palette=16
[2026-05-17 00:07:36] [WARN] ImageMagick falhou para sprites/characters/davi/medium.png: Não é possível encontrar o arquivo especificado.. Tentando fallback .NET...
[2026-05-17 00:07:36] [INFO] Inspecao via fallback .NET para sprites/characters/davi/medium.png: 480x112 bitDepth=4 palette=16
[2026-05-17 00:07:37] [WARN] ImageMagick falhou para sprites/characters/davi/grip.png: Não é possível encontrar o arquivo especificado.. Tentando fallback .NET...
[2026-05-17 00:07:37] [INFO] Inspecao via fallback .NET para sprites/characters/davi/grip.png: 480x112 bitDepth=4 palette=16
[2026-05-17 00:07:39] [WARN] ImageMagick falhou para sprites/characters/davi/hip_throw.png: Não é possível encontrar o arquivo especificado.. Tentando fallback .NET...
[2026-05-17 00:07:39] [INFO] Inspecao via fallback .NET para sprites/characters/davi/hip_throw.png: 768x112 bitDepth=4 palette=16
[2026-05-17 00:07:40] [WARN] ImageMagick falhou para sprites/characters/davi/hurt.png: Não é possível encontrar o arquivo especificado.. Tentando fallback .NET...
[2026-05-17 00:07:41] [INFO] Inspecao via fallback .NET para sprites/characters/davi/hurt.png: 384x112 bitDepth=4 palette=16
[2026-05-17 00:07:42] [WARN] ImageMagick falhou para sprites/characters/davi/knockdown.png: Não é possível encontrar o arquivo especificado.. Tentando fallback .NET...
[2026-05-17 00:07:42] [INFO] Inspecao via fallback .NET para sprites/characters/davi/knockdown.png: 576x112 bitDepth=4 palette=16
[2026-05-17 00:07:43] [WARN] ImageMagick falhou para sprites/characters/davi/getup.png: Não é possível encontrar o arquivo especificado.. Tentando fallback .NET...
[2026-05-17 00:07:43] [INFO] Inspecao via fallback .NET para sprites/characters/davi/getup.png: 576x112 bitDepth=4 palette=16
[2026-05-17 00:07:47] [WARN] Gate visual bloqueado: qualquer asset em needs_review impede Elite/AAA ate curadoria canonica.
[2026-05-17 00:07:47] [WARN] visual_delivery_gate_report bloqueou a promocao visual AAA.
[2026-05-17 00:07:48] [WARN] Evidencia de emulador obsoleta ou insuficiente: runtime_metrics_stale.
[2026-05-17 00:07:48] [INFO] Validation finished. Errors: 0, Warnings: 4, Checked: 31, Recovered: 0
[2026-05-17 00:07:59] [INFO] --- Starting Resource Validation Suite ---
[2026-05-17 00:08:02] [INFO] Encontrados 1 arquivo(s) .res para validar.
[2026-05-17 00:08:02] [INFO] Validando F:\Projects\MegaDrive_DEV\SGDK_projects\NOVO ARARA GI FIGHTER V2 [VER.001] [SGDK 211] [GEN] [PROTOTIPO] [LUTA]\res\resources.res...
[2026-05-17 00:08:03] [WARN] ImageMagick falhou para bgs/lapa_bg_b.png: Não é possível encontrar o arquivo especificado.. Tentando fallback .NET...
[2026-05-17 00:08:03] [INFO] Inspecao via fallback .NET para bgs/lapa_bg_b.png: 320x160 bitDepth=4 palette=16
[2026-05-17 00:08:04] [WARN] ImageMagick falhou para bgs/lapa_bg_a.png: Não é possível encontrar o arquivo especificado.. Tentando fallback .NET...
[2026-05-17 00:08:04] [INFO] Inspecao via fallback .NET para bgs/lapa_bg_a.png: 320x64 bitDepth=4 palette=16
[2026-05-17 00:08:04] [WARN] Imagem lapa_bg_a: Slot indexado 0 esta visivel e cobre massa significativa; risco alto de perder forma util quando a transparencia estrutural for aplicada.
[2026-05-17 00:08:05] [WARN] ImageMagick falhou para sprites/effects/hit_spark.png: Não é possível encontrar o arquivo especificado.. Tentando fallback .NET...
[2026-05-17 00:08:05] [INFO] Inspecao via fallback .NET para sprites/effects/hit_spark.png: 96x32 bitDepth=4 palette=16
[2026-05-17 00:08:05] [WARN] ImageMagick falhou para sprites/characters/caio/idle.png: Não é possível encontrar o arquivo especificado.. Tentando fallback .NET...
[2026-05-17 00:08:05] [INFO] Inspecao via fallback .NET para sprites/characters/caio/idle.png: 576x112 bitDepth=4 palette=16
[2026-05-17 00:08:07] [WARN] ImageMagick falhou para sprites/characters/caio/walk_forward.png: Não é possível encontrar o arquivo especificado.. Tentando fallback .NET...
[2026-05-17 00:08:07] [INFO] Inspecao via fallback .NET para sprites/characters/caio/walk_forward.png: 576x112 bitDepth=4 palette=16
[2026-05-17 00:08:08] [WARN] ImageMagick falhou para sprites/characters/caio/walk_back.png: Não é possível encontrar o arquivo especificado.. Tentando fallback .NET...
[2026-05-17 00:08:08] [INFO] Inspecao via fallback .NET para sprites/characters/caio/walk_back.png: 576x112 bitDepth=4 palette=16
[2026-05-17 00:08:09] [WARN] ImageMagick falhou para sprites/characters/caio/dash.png: Não é possível encontrar o arquivo especificado.. Tentando fallback .NET...
[2026-05-17 00:08:10] [INFO] Inspecao via fallback .NET para sprites/characters/caio/dash.png: 384x112 bitDepth=4 palette=16
[2026-05-17 00:08:10] [WARN] ImageMagick falhou para sprites/characters/caio/crouch.png: Não é possível encontrar o arquivo especificado.. Tentando fallback .NET...
[2026-05-17 00:08:11] [INFO] Inspecao via fallback .NET para sprites/characters/caio/crouch.png: 192x112 bitDepth=4 palette=16
[2026-05-17 00:08:11] [WARN] ImageMagick falhou para sprites/characters/caio/jump.png: Não é possível encontrar o arquivo especificado.. Tentando fallback .NET...
[2026-05-17 00:08:12] [INFO] Inspecao via fallback .NET para sprites/characters/caio/jump.png: 576x112 bitDepth=4 palette=16
[2026-05-17 00:08:13] [WARN] ImageMagick falhou para sprites/characters/caio/guard.png: Não é possível encontrar o arquivo especificado.. Tentando fallback .NET...
[2026-05-17 00:08:13] [INFO] Inspecao via fallback .NET para sprites/characters/caio/guard.png: 288x112 bitDepth=4 palette=16
[2026-05-17 00:08:14] [WARN] ImageMagick falhou para sprites/characters/caio/jab.png: Não é possível encontrar o arquivo especificado.. Tentando fallback .NET...
[2026-05-17 00:08:14] [INFO] Inspecao via fallback .NET para sprites/characters/caio/jab.png: 384x112 bitDepth=4 palette=16
[2026-05-17 00:08:15] [WARN] ImageMagick falhou para sprites/characters/caio/medium.png: Não é possível encontrar o arquivo especificado.. Tentando fallback .NET...
[2026-05-17 00:08:15] [INFO] Inspecao via fallback .NET para sprites/characters/caio/medium.png: 480x112 bitDepth=4 palette=16
[2026-05-17 00:08:16] [WARN] ImageMagick falhou para sprites/characters/caio/grip.png: Não é possível encontrar o arquivo especificado.. Tentando fallback .NET...
[2026-05-17 00:08:16] [INFO] Inspecao via fallback .NET para sprites/characters/caio/grip.png: 480x112 bitDepth=4 palette=16
[2026-05-17 00:08:17] [WARN] ImageMagick falhou para sprites/characters/caio/hip_throw.png: Não é possível encontrar o arquivo especificado.. Tentando fallback .NET...
[2026-05-17 00:08:17] [INFO] Inspecao via fallback .NET para sprites/characters/caio/hip_throw.png: 768x112 bitDepth=4 palette=16
[2026-05-17 00:08:19] [WARN] ImageMagick falhou para sprites/characters/caio/hurt.png: Não é possível encontrar o arquivo especificado.. Tentando fallback .NET...
[2026-05-17 00:08:19] [INFO] Inspecao via fallback .NET para sprites/characters/caio/hurt.png: 384x112 bitDepth=4 palette=16
[2026-05-17 00:08:19] [WARN] ImageMagick falhou para sprites/characters/caio/knockdown.png: Não é possível encontrar o arquivo especificado.. Tentando fallback .NET...
[2026-05-17 00:08:20] [INFO] Inspecao via fallback .NET para sprites/characters/caio/knockdown.png: 576x112 bitDepth=4 palette=16
[2026-05-17 00:08:21] [WARN] ImageMagick falhou para sprites/characters/caio/getup.png: Não é possível encontrar o arquivo especificado.. Tentando fallback .NET...
[2026-05-17 00:08:21] [INFO] Inspecao via fallback .NET para sprites/characters/caio/getup.png: 576x112 bitDepth=4 palette=16
[2026-05-17 00:08:22] [WARN] ImageMagick falhou para sprites/characters/davi/idle.png: Não é possível encontrar o arquivo especificado.. Tentando fallback .NET...
[2026-05-17 00:08:22] [INFO] Inspecao via fallback .NET para sprites/characters/davi/idle.png: 576x112 bitDepth=4 palette=16
[2026-05-17 00:08:23] [WARN] ImageMagick falhou para sprites/characters/davi/walk_forward.png: Não é possível encontrar o arquivo especificado.. Tentando fallback .NET...
[2026-05-17 00:08:23] [INFO] Inspecao via fallback .NET para sprites/characters/davi/walk_forward.png: 576x112 bitDepth=4 palette=16
[2026-05-17 00:08:25] [WARN] ImageMagick falhou para sprites/characters/davi/walk_back.png: Não é possível encontrar o arquivo especificado.. Tentando fallback .NET...
[2026-05-17 00:08:25] [INFO] Inspecao via fallback .NET para sprites/characters/davi/walk_back.png: 576x112 bitDepth=4 palette=16
[2026-05-17 00:08:26] [WARN] ImageMagick falhou para sprites/characters/davi/dash.png: Não é possível encontrar o arquivo especificado.. Tentando fallback .NET...
[2026-05-17 00:08:26] [INFO] Inspecao via fallback .NET para sprites/characters/davi/dash.png: 384x112 bitDepth=4 palette=16
[2026-05-17 00:08:27] [WARN] ImageMagick falhou para sprites/characters/davi/crouch.png: Não é possível encontrar o arquivo especificado.. Tentando fallback .NET...
[2026-05-17 00:08:27] [INFO] Inspecao via fallback .NET para sprites/characters/davi/crouch.png: 192x112 bitDepth=4 palette=16
[2026-05-17 00:08:28] [WARN] ImageMagick falhou para sprites/characters/davi/jump.png: Não é possível encontrar o arquivo especificado.. Tentando fallback .NET...
[2026-05-17 00:08:28] [INFO] Inspecao via fallback .NET para sprites/characters/davi/jump.png: 576x112 bitDepth=4 palette=16
[2026-05-17 00:08:29] [WARN] ImageMagick falhou para sprites/characters/davi/guard.png: Não é possível encontrar o arquivo especificado.. Tentando fallback .NET...
[2026-05-17 00:08:29] [INFO] Inspecao via fallback .NET para sprites/characters/davi/guard.png: 288x112 bitDepth=4 palette=16
[2026-05-17 00:08:30] [WARN] ImageMagick falhou para sprites/characters/davi/jab.png: Não é possível encontrar o arquivo especificado.. Tentando fallback .NET...
[2026-05-17 00:08:30] [INFO] Inspecao via fallback .NET para sprites/characters/davi/jab.png: 384x112 bitDepth=4 palette=16
[2026-05-17 00:08:31] [WARN] ImageMagick falhou para sprites/characters/davi/medium.png: Não é possível encontrar o arquivo especificado.. Tentando fallback .NET...
[2026-05-17 00:08:31] [INFO] Inspecao via fallback .NET para sprites/characters/davi/medium.png: 480x112 bitDepth=4 palette=16
[2026-05-17 00:08:32] [WARN] ImageMagick falhou para sprites/characters/davi/grip.png: Não é possível encontrar o arquivo especificado.. Tentando fallback .NET...
[2026-05-17 00:08:32] [INFO] Inspecao via fallback .NET para sprites/characters/davi/grip.png: 480x112 bitDepth=4 palette=16
[2026-05-17 00:08:33] [WARN] ImageMagick falhou para sprites/characters/davi/hip_throw.png: Não é possível encontrar o arquivo especificado.. Tentando fallback .NET...
[2026-05-17 00:08:34] [INFO] Inspecao via fallback .NET para sprites/characters/davi/hip_throw.png: 768x112 bitDepth=4 palette=16
[2026-05-17 00:08:35] [WARN] ImageMagick falhou para sprites/characters/davi/hurt.png: Não é possível encontrar o arquivo especificado.. Tentando fallback .NET...
[2026-05-17 00:08:35] [INFO] Inspecao via fallback .NET para sprites/characters/davi/hurt.png: 384x112 bitDepth=4 palette=16
[2026-05-17 00:08:36] [WARN] ImageMagick falhou para sprites/characters/davi/knockdown.png: Não é possível encontrar o arquivo especificado.. Tentando fallback .NET...
[2026-05-17 00:08:36] [INFO] Inspecao via fallback .NET para sprites/characters/davi/knockdown.png: 576x112 bitDepth=4 palette=16
[2026-05-17 00:08:37] [WARN] ImageMagick falhou para sprites/characters/davi/getup.png: Não é possível encontrar o arquivo especificado.. Tentando fallback .NET...
[2026-05-17 00:08:37] [INFO] Inspecao via fallback .NET para sprites/characters/davi/getup.png: 576x112 bitDepth=4 palette=16
[2026-05-17 00:08:41] [WARN] Gate visual bloqueado: qualquer asset em needs_review impede Elite/AAA ate curadoria canonica.
[2026-05-17 00:08:41] [WARN] visual_delivery_gate_report bloqueou a promocao visual AAA.
[2026-05-17 00:08:42] [WARN] Evidencia de emulador obsoleta ou insuficiente: runtime_metrics_stale.
[2026-05-17 00:08:42] [INFO] Validation finished. Errors: 0, Warnings: 4, Checked: 31, Recovered: 0
[2026-05-17 00:09:49] [INFO] --- Starting Resource Validation Suite ---
[2026-05-17 00:09:53] [INFO] Encontrados 1 arquivo(s) .res para validar.
[2026-05-17 00:09:53] [INFO] Validando F:\Projects\MegaDrive_DEV\SGDK_projects\NOVO ARARA GI FIGHTER V2 [VER.001] [SGDK 211] [GEN] [PROTOTIPO] [LUTA]\res\resources.res...
[2026-05-17 00:09:53] [WARN] ImageMagick falhou para bgs/lapa_bg_b.png: Não é possível encontrar o arquivo especificado.. Tentando fallback .NET...
[2026-05-17 00:09:54] [INFO] Inspecao via fallback .NET para bgs/lapa_bg_b.png: 320x160 bitDepth=4 palette=16
[2026-05-17 00:09:55] [WARN] ImageMagick falhou para bgs/lapa_bg_a.png: Não é possível encontrar o arquivo especificado.. Tentando fallback .NET...
[2026-05-17 00:09:55] [INFO] Inspecao via fallback .NET para bgs/lapa_bg_a.png: 320x64 bitDepth=4 palette=16
[2026-05-17 00:09:55] [WARN] Imagem lapa_bg_a: Slot indexado 0 esta visivel e cobre massa significativa; risco alto de perder forma util quando a transparencia estrutural for aplicada.
[2026-05-17 00:09:56] [WARN] ImageMagick falhou para sprites/effects/hit_spark.png: Não é possível encontrar o arquivo especificado.. Tentando fallback .NET...
[2026-05-17 00:09:56] [INFO] Inspecao via fallback .NET para sprites/effects/hit_spark.png: 96x32 bitDepth=4 palette=16
[2026-05-17 00:09:56] [WARN] ImageMagick falhou para sprites/characters/caio/idle.png: Não é possível encontrar o arquivo especificado.. Tentando fallback .NET...
[2026-05-17 00:09:56] [INFO] Inspecao via fallback .NET para sprites/characters/caio/idle.png: 576x112 bitDepth=4 palette=16
[2026-05-17 00:09:57] [WARN] ImageMagick falhou para sprites/characters/caio/walk_forward.png: Não é possível encontrar o arquivo especificado.. Tentando fallback .NET...
[2026-05-17 00:09:58] [INFO] Inspecao via fallback .NET para sprites/characters/caio/walk_forward.png: 576x112 bitDepth=4 palette=16
[2026-05-17 00:09:59] [WARN] ImageMagick falhou para sprites/characters/caio/walk_back.png: Não é possível encontrar o arquivo especificado.. Tentando fallback .NET...
[2026-05-17 00:09:59] [INFO] Inspecao via fallback .NET para sprites/characters/caio/walk_back.png: 576x112 bitDepth=4 palette=16
[2026-05-17 00:10:00] [WARN] ImageMagick falhou para sprites/characters/caio/dash.png: Não é possível encontrar o arquivo especificado.. Tentando fallback .NET...
[2026-05-17 00:10:00] [INFO] Inspecao via fallback .NET para sprites/characters/caio/dash.png: 384x112 bitDepth=4 palette=16
[2026-05-17 00:10:01] [WARN] ImageMagick falhou para sprites/characters/caio/crouch.png: Não é possível encontrar o arquivo especificado.. Tentando fallback .NET...
[2026-05-17 00:10:01] [INFO] Inspecao via fallback .NET para sprites/characters/caio/crouch.png: 192x112 bitDepth=4 palette=16
[2026-05-17 00:10:02] [WARN] ImageMagick falhou para sprites/characters/caio/jump.png: Não é possível encontrar o arquivo especificado.. Tentando fallback .NET...
[2026-05-17 00:10:02] [INFO] Inspecao via fallback .NET para sprites/characters/caio/jump.png: 576x112 bitDepth=4 palette=16
[2026-05-17 00:10:03] [WARN] ImageMagick falhou para sprites/characters/caio/guard.png: Não é possível encontrar o arquivo especificado.. Tentando fallback .NET...
[2026-05-17 00:10:03] [INFO] Inspecao via fallback .NET para sprites/characters/caio/guard.png: 288x112 bitDepth=4 palette=16
[2026-05-17 00:10:04] [WARN] ImageMagick falhou para sprites/characters/caio/jab.png: Não é possível encontrar o arquivo especificado.. Tentando fallback .NET...
[2026-05-17 00:10:04] [INFO] Inspecao via fallback .NET para sprites/characters/caio/jab.png: 384x112 bitDepth=4 palette=16
[2026-05-17 00:10:05] [WARN] ImageMagick falhou para sprites/characters/caio/medium.png: Não é possível encontrar o arquivo especificado.. Tentando fallback .NET...
[2026-05-17 00:10:05] [INFO] Inspecao via fallback .NET para sprites/characters/caio/medium.png: 480x112 bitDepth=4 palette=16
[2026-05-17 00:10:06] [WARN] ImageMagick falhou para sprites/characters/caio/grip.png: Não é possível encontrar o arquivo especificado.. Tentando fallback .NET...
[2026-05-17 00:10:06] [INFO] Inspecao via fallback .NET para sprites/characters/caio/grip.png: 480x112 bitDepth=4 palette=16
[2026-05-17 00:10:07] [WARN] ImageMagick falhou para sprites/characters/caio/hip_throw.png: Não é possível encontrar o arquivo especificado.. Tentando fallback .NET...
[2026-05-17 00:10:07] [INFO] Inspecao via fallback .NET para sprites/characters/caio/hip_throw.png: 768x112 bitDepth=4 palette=16
[2026-05-17 00:10:09] [WARN] ImageMagick falhou para sprites/characters/caio/hurt.png: Não é possível encontrar o arquivo especificado.. Tentando fallback .NET...
[2026-05-17 00:10:09] [INFO] Inspecao via fallback .NET para sprites/characters/caio/hurt.png: 384x112 bitDepth=4 palette=16
[2026-05-17 00:10:10] [WARN] ImageMagick falhou para sprites/characters/caio/knockdown.png: Não é possível encontrar o arquivo especificado.. Tentando fallback .NET...
[2026-05-17 00:10:10] [INFO] Inspecao via fallback .NET para sprites/characters/caio/knockdown.png: 576x112 bitDepth=4 palette=16
[2026-05-17 00:10:11] [WARN] ImageMagick falhou para sprites/characters/caio/getup.png: Não é possível encontrar o arquivo especificado.. Tentando fallback .NET...
[2026-05-17 00:10:11] [INFO] Inspecao via fallback .NET para sprites/characters/caio/getup.png: 576x112 bitDepth=4 palette=16
[2026-05-17 00:10:12] [WARN] ImageMagick falhou para sprites/characters/davi/idle.png: Não é possível encontrar o arquivo especificado.. Tentando fallback .NET...
[2026-05-17 00:10:13] [INFO] Inspecao via fallback .NET para sprites/characters/davi/idle.png: 576x112 bitDepth=4 palette=16
[2026-05-17 00:10:14] [WARN] ImageMagick falhou para sprites/characters/davi/walk_forward.png: Não é possível encontrar o arquivo especificado.. Tentando fallback .NET...
[2026-05-17 00:10:14] [INFO] Inspecao via fallback .NET para sprites/characters/davi/walk_forward.png: 576x112 bitDepth=4 palette=16
[2026-05-17 00:10:15] [WARN] ImageMagick falhou para sprites/characters/davi/walk_back.png: Não é possível encontrar o arquivo especificado.. Tentando fallback .NET...
[2026-05-17 00:10:15] [INFO] Inspecao via fallback .NET para sprites/characters/davi/walk_back.png: 576x112 bitDepth=4 palette=16
[2026-05-17 00:10:16] [WARN] ImageMagick falhou para sprites/characters/davi/dash.png: Não é possível encontrar o arquivo especificado.. Tentando fallback .NET...
[2026-05-17 00:10:16] [INFO] Inspecao via fallback .NET para sprites/characters/davi/dash.png: 384x112 bitDepth=4 palette=16
[2026-05-17 00:10:17] [WARN] ImageMagick falhou para sprites/characters/davi/crouch.png: Não é possível encontrar o arquivo especificado.. Tentando fallback .NET...
[2026-05-17 00:10:17] [INFO] Inspecao via fallback .NET para sprites/characters/davi/crouch.png: 192x112 bitDepth=4 palette=16
[2026-05-17 00:10:18] [WARN] ImageMagick falhou para sprites/characters/davi/jump.png: Não é possível encontrar o arquivo especificado.. Tentando fallback .NET...
[2026-05-17 00:10:18] [INFO] Inspecao via fallback .NET para sprites/characters/davi/jump.png: 576x112 bitDepth=4 palette=16
[2026-05-17 00:10:19] [WARN] ImageMagick falhou para sprites/characters/davi/guard.png: Não é possível encontrar o arquivo especificado.. Tentando fallback .NET...
[2026-05-17 00:10:19] [INFO] Inspecao via fallback .NET para sprites/characters/davi/guard.png: 288x112 bitDepth=4 palette=16
[2026-05-17 00:10:20] [WARN] ImageMagick falhou para sprites/characters/davi/jab.png: Não é possível encontrar o arquivo especificado.. Tentando fallback .NET...
[2026-05-17 00:10:20] [INFO] Inspecao via fallback .NET para sprites/characters/davi/jab.png: 384x112 bitDepth=4 palette=16
[2026-05-17 00:10:21] [WARN] ImageMagick falhou para sprites/characters/davi/medium.png: Não é possível encontrar o arquivo especificado.. Tentando fallback .NET...
[2026-05-17 00:10:21] [INFO] Inspecao via fallback .NET para sprites/characters/davi/medium.png: 480x112 bitDepth=4 palette=16
[2026-05-17 00:10:22] [WARN] ImageMagick falhou para sprites/characters/davi/grip.png: Não é possível encontrar o arquivo especificado.. Tentando fallback .NET...
[2026-05-17 00:10:22] [INFO] Inspecao via fallback .NET para sprites/characters/davi/grip.png: 480x112 bitDepth=4 palette=16
[2026-05-17 00:10:23] [WARN] ImageMagick falhou para sprites/characters/davi/hip_throw.png: Não é possível encontrar o arquivo especificado.. Tentando fallback .NET...
[2026-05-17 00:10:23] [INFO] Inspecao via fallback .NET para sprites/characters/davi/hip_throw.png: 768x112 bitDepth=4 palette=16
[2026-05-17 00:10:25] [WARN] ImageMagick falhou para sprites/characters/davi/hurt.png: Não é possível encontrar o arquivo especificado.. Tentando fallback .NET...
[2026-05-17 00:10:25] [INFO] Inspecao via fallback .NET para sprites/characters/davi/hurt.png: 384x112 bitDepth=4 palette=16
[2026-05-17 00:10:26] [WARN] ImageMagick falhou para sprites/characters/davi/knockdown.png: Não é possível encontrar o arquivo especificado.. Tentando fallback .NET...
[2026-05-17 00:10:26] [INFO] Inspecao via fallback .NET para sprites/characters/davi/knockdown.png: 576x112 bitDepth=4 palette=16
[2026-05-17 00:10:27] [WARN] ImageMagick falhou para sprites/characters/davi/getup.png: Não é possível encontrar o arquivo especificado.. Tentando fallback .NET...
[2026-05-17 00:10:27] [INFO] Inspecao via fallback .NET para sprites/characters/davi/getup.png: 576x112 bitDepth=4 palette=16
[2026-05-17 00:10:31] [WARN] Gate visual bloqueado: qualquer asset em needs_review impede Elite/AAA ate curadoria canonica.
[2026-05-17 00:10:31] [WARN] visual_delivery_gate_report bloqueou a promocao visual AAA.
[2026-05-17 00:10:32] [INFO] Validation finished. Errors: 0, Warnings: 3, Checked: 31, Recovered: 0
[2026-05-17 00:11:04] [INFO] --- Starting Resource Validation Suite ---
[2026-05-17 00:11:08] [INFO] Encontrados 1 arquivo(s) .res para validar.
[2026-05-17 00:11:08] [INFO] Validando F:\Projects\MegaDrive_DEV\SGDK_projects\NOVO ARARA GI FIGHTER V2 [VER.001] [SGDK 211] [GEN] [PROTOTIPO] [LUTA]\res\resources.res...
[2026-05-17 00:11:08] [WARN] ImageMagick falhou para bgs/lapa_bg_b.png: Não é possível encontrar o arquivo especificado.. Tentando fallback .NET...
[2026-05-17 00:11:08] [INFO] Inspecao via fallback .NET para bgs/lapa_bg_b.png: 320x160 bitDepth=4 palette=16
[2026-05-17 00:11:09] [WARN] ImageMagick falhou para bgs/lapa_bg_a.png: Não é possível encontrar o arquivo especificado.. Tentando fallback .NET...
[2026-05-17 00:11:09] [INFO] Inspecao via fallback .NET para bgs/lapa_bg_a.png: 320x64 bitDepth=4 palette=16
[2026-05-17 00:11:10] [WARN] Imagem lapa_bg_a: Slot indexado 0 esta visivel e cobre massa significativa; risco alto de perder forma util quando a transparencia estrutural for aplicada.
[2026-05-17 00:11:10] [WARN] ImageMagick falhou para sprites/effects/hit_spark.png: Não é possível encontrar o arquivo especificado.. Tentando fallback .NET...
[2026-05-17 00:11:10] [INFO] Inspecao via fallback .NET para sprites/effects/hit_spark.png: 96x32 bitDepth=4 palette=16
[2026-05-17 00:11:11] [WARN] ImageMagick falhou para sprites/characters/caio/idle.png: Não é possível encontrar o arquivo especificado.. Tentando fallback .NET...
[2026-05-17 00:11:11] [INFO] Inspecao via fallback .NET para sprites/characters/caio/idle.png: 576x112 bitDepth=4 palette=16
[2026-05-17 00:11:12] [WARN] ImageMagick falhou para sprites/characters/caio/walk_forward.png: Não é possível encontrar o arquivo especificado.. Tentando fallback .NET...
[2026-05-17 00:11:13] [INFO] Inspecao via fallback .NET para sprites/characters/caio/walk_forward.png: 576x112 bitDepth=4 palette=16
[2026-05-17 00:11:14] [WARN] ImageMagick falhou para sprites/characters/caio/walk_back.png: Não é possível encontrar o arquivo especificado.. Tentando fallback .NET...
[2026-05-17 00:11:14] [INFO] Inspecao via fallback .NET para sprites/characters/caio/walk_back.png: 576x112 bitDepth=4 palette=16
[2026-05-17 00:11:15] [WARN] ImageMagick falhou para sprites/characters/caio/dash.png: Não é possível encontrar o arquivo especificado.. Tentando fallback .NET...
[2026-05-17 00:11:15] [INFO] Inspecao via fallback .NET para sprites/characters/caio/dash.png: 384x112 bitDepth=4 palette=16
[2026-05-17 00:11:16] [WARN] ImageMagick falhou para sprites/characters/caio/crouch.png: Não é possível encontrar o arquivo especificado.. Tentando fallback .NET...
[2026-05-17 00:11:16] [INFO] Inspecao via fallback .NET para sprites/characters/caio/crouch.png: 192x112 bitDepth=4 palette=16
[2026-05-17 00:11:17] [WARN] ImageMagick falhou para sprites/characters/caio/jump.png: Não é possível encontrar o arquivo especificado.. Tentando fallback .NET...
[2026-05-17 00:11:17] [INFO] Inspecao via fallback .NET para sprites/characters/caio/jump.png: 576x112 bitDepth=4 palette=16
[2026-05-17 00:11:18] [WARN] ImageMagick falhou para sprites/characters/caio/guard.png: Não é possível encontrar o arquivo especificado.. Tentando fallback .NET...
[2026-05-17 00:11:18] [INFO] Inspecao via fallback .NET para sprites/characters/caio/guard.png: 288x112 bitDepth=4 palette=16
[2026-05-17 00:11:19] [WARN] ImageMagick falhou para sprites/characters/caio/jab.png: Não é possível encontrar o arquivo especificado.. Tentando fallback .NET...
[2026-05-17 00:11:19] [INFO] Inspecao via fallback .NET para sprites/characters/caio/jab.png: 384x112 bitDepth=4 palette=16
[2026-05-17 00:11:20] [WARN] ImageMagick falhou para sprites/characters/caio/medium.png: Não é possível encontrar o arquivo especificado.. Tentando fallback .NET...
[2026-05-17 00:11:20] [INFO] Inspecao via fallback .NET para sprites/characters/caio/medium.png: 480x112 bitDepth=4 palette=16
[2026-05-17 00:11:21] [WARN] ImageMagick falhou para sprites/characters/caio/grip.png: Não é possível encontrar o arquivo especificado.. Tentando fallback .NET...
[2026-05-17 00:11:22] [INFO] Inspecao via fallback .NET para sprites/characters/caio/grip.png: 480x112 bitDepth=4 palette=16
[2026-05-17 00:11:22] [WARN] ImageMagick falhou para sprites/characters/caio/hip_throw.png: Não é possível encontrar o arquivo especificado.. Tentando fallback .NET...
[2026-05-17 00:11:23] [INFO] Inspecao via fallback .NET para sprites/characters/caio/hip_throw.png: 768x112 bitDepth=4 palette=16
[2026-05-17 00:11:24] [WARN] ImageMagick falhou para sprites/characters/caio/hurt.png: Não é possível encontrar o arquivo especificado.. Tentando fallback .NET...
[2026-05-17 00:11:24] [INFO] Inspecao via fallback .NET para sprites/characters/caio/hurt.png: 384x112 bitDepth=4 palette=16
[2026-05-17 00:11:25] [WARN] ImageMagick falhou para sprites/characters/caio/knockdown.png: Não é possível encontrar o arquivo especificado.. Tentando fallback .NET...
[2026-05-17 00:11:25] [INFO] Inspecao via fallback .NET para sprites/characters/caio/knockdown.png: 576x112 bitDepth=4 palette=16
[2026-05-17 00:11:26] [WARN] ImageMagick falhou para sprites/characters/caio/getup.png: Não é possível encontrar o arquivo especificado.. Tentando fallback .NET...
[2026-05-17 00:11:27] [INFO] Inspecao via fallback .NET para sprites/characters/caio/getup.png: 576x112 bitDepth=4 palette=16
[2026-05-17 00:11:28] [WARN] ImageMagick falhou para sprites/characters/davi/idle.png: Não é possível encontrar o arquivo especificado.. Tentando fallback .NET...
[2026-05-17 00:11:28] [INFO] Inspecao via fallback .NET para sprites/characters/davi/idle.png: 576x112 bitDepth=4 palette=16
[2026-05-17 00:11:29] [WARN] ImageMagick falhou para sprites/characters/davi/walk_forward.png: Não é possível encontrar o arquivo especificado.. Tentando fallback .NET...
[2026-05-17 00:11:29] [INFO] Inspecao via fallback .NET para sprites/characters/davi/walk_forward.png: 576x112 bitDepth=4 palette=16
[2026-05-17 00:11:30] [WARN] ImageMagick falhou para sprites/characters/davi/walk_back.png: Não é possível encontrar o arquivo especificado.. Tentando fallback .NET...
[2026-05-17 00:11:30] [INFO] Inspecao via fallback .NET para sprites/characters/davi/walk_back.png: 576x112 bitDepth=4 palette=16
[2026-05-17 00:11:31] [WARN] ImageMagick falhou para sprites/characters/davi/dash.png: Não é possível encontrar o arquivo especificado.. Tentando fallback .NET...
[2026-05-17 00:11:32] [INFO] Inspecao via fallback .NET para sprites/characters/davi/dash.png: 384x112 bitDepth=4 palette=16
[2026-05-17 00:11:32] [WARN] ImageMagick falhou para sprites/characters/davi/crouch.png: Não é possível encontrar o arquivo especificado.. Tentando fallback .NET...
[2026-05-17 00:11:32] [INFO] Inspecao via fallback .NET para sprites/characters/davi/crouch.png: 192x112 bitDepth=4 palette=16
[2026-05-17 00:11:33] [WARN] ImageMagick falhou para sprites/characters/davi/jump.png: Não é possível encontrar o arquivo especificado.. Tentando fallback .NET...
[2026-05-17 00:11:33] [INFO] Inspecao via fallback .NET para sprites/characters/davi/jump.png: 576x112 bitDepth=4 palette=16
[2026-05-17 00:11:34] [WARN] ImageMagick falhou para sprites/characters/davi/guard.png: Não é possível encontrar o arquivo especificado.. Tentando fallback .NET...
[2026-05-17 00:11:35] [INFO] Inspecao via fallback .NET para sprites/characters/davi/guard.png: 288x112 bitDepth=4 palette=16
[2026-05-17 00:11:35] [WARN] ImageMagick falhou para sprites/characters/davi/jab.png: Não é possível encontrar o arquivo especificado.. Tentando fallback .NET...
[2026-05-17 00:11:35] [INFO] Inspecao via fallback .NET para sprites/characters/davi/jab.png: 384x112 bitDepth=4 palette=16
[2026-05-17 00:11:36] [WARN] ImageMagick falhou para sprites/characters/davi/medium.png: Não é possível encontrar o arquivo especificado.. Tentando fallback .NET...
[2026-05-17 00:11:36] [INFO] Inspecao via fallback .NET para sprites/characters/davi/medium.png: 480x112 bitDepth=4 palette=16
[2026-05-17 00:11:37] [WARN] ImageMagick falhou para sprites/characters/davi/grip.png: Não é possível encontrar o arquivo especificado.. Tentando fallback .NET...
[2026-05-17 00:11:38] [INFO] Inspecao via fallback .NET para sprites/characters/davi/grip.png: 480x112 bitDepth=4 palette=16
[2026-05-17 00:11:38] [WARN] ImageMagick falhou para sprites/characters/davi/hip_throw.png: Não é possível encontrar o arquivo especificado.. Tentando fallback .NET...
[2026-05-17 00:11:39] [INFO] Inspecao via fallback .NET para sprites/characters/davi/hip_throw.png: 768x112 bitDepth=4 palette=16
[2026-05-17 00:11:40] [WARN] ImageMagick falhou para sprites/characters/davi/hurt.png: Não é possível encontrar o arquivo especificado.. Tentando fallback .NET...
[2026-05-17 00:11:40] [INFO] Inspecao via fallback .NET para sprites/characters/davi/hurt.png: 384x112 bitDepth=4 palette=16
[2026-05-17 00:11:41] [WARN] ImageMagick falhou para sprites/characters/davi/knockdown.png: Não é possível encontrar o arquivo especificado.. Tentando fallback .NET...
[2026-05-17 00:11:41] [INFO] Inspecao via fallback .NET para sprites/characters/davi/knockdown.png: 576x112 bitDepth=4 palette=16
[2026-05-17 00:11:43] [WARN] ImageMagick falhou para sprites/characters/davi/getup.png: Não é possível encontrar o arquivo especificado.. Tentando fallback .NET...
[2026-05-17 00:11:43] [INFO] Inspecao via fallback .NET para sprites/characters/davi/getup.png: 576x112 bitDepth=4 palette=16
[2026-05-17 00:11:46] [WARN] Gate visual bloqueado: qualquer asset em needs_review impede Elite/AAA ate curadoria canonica.
[2026-05-17 00:11:46] [WARN] visual_delivery_gate_report bloqueou a promocao visual AAA.
[2026-05-17 00:11:48] [INFO] Validation finished. Errors: 0, Warnings: 3, Checked: 31, Recovered: 0
[2026-05-17 00:14:59] [INFO] --- Starting Resource Validation Suite ---
[2026-05-17 00:15:02] [INFO] Encontrados 1 arquivo(s) .res para validar.
[2026-05-17 00:15:02] [INFO] Validando F:\Projects\MegaDrive_DEV\SGDK_projects\NOVO ARARA GI FIGHTER V2 [VER.001] [SGDK 211] [GEN] [PROTOTIPO] [LUTA]\res\resources.res...
[2026-05-17 00:15:02] [WARN] ImageMagick falhou para bgs/lapa_bg_b.png: Não é possível encontrar o arquivo especificado.. Tentando fallback .NET...
[2026-05-17 00:15:03] [INFO] Inspecao via fallback .NET para bgs/lapa_bg_b.png: 320x160 bitDepth=4 palette=16
[2026-05-17 00:15:04] [WARN] ImageMagick falhou para bgs/lapa_bg_a.png: Não é possível encontrar o arquivo especificado.. Tentando fallback .NET...
[2026-05-17 00:15:04] [INFO] Inspecao via fallback .NET para bgs/lapa_bg_a.png: 320x64 bitDepth=4 palette=16
[2026-05-17 00:15:04] [WARN] Imagem lapa_bg_a: Slot indexado 0 esta visivel e cobre massa significativa; risco alto de perder forma util quando a transparencia estrutural for aplicada.
[2026-05-17 00:15:05] [WARN] ImageMagick falhou para sprites/effects/hit_spark.png: Não é possível encontrar o arquivo especificado.. Tentando fallback .NET...
[2026-05-17 00:15:05] [INFO] Inspecao via fallback .NET para sprites/effects/hit_spark.png: 96x32 bitDepth=4 palette=16
[2026-05-17 00:15:06] [WARN] ImageMagick falhou para sprites/characters/caio/idle.png: Não é possível encontrar o arquivo especificado.. Tentando fallback .NET...
[2026-05-17 00:15:06] [INFO] Inspecao via fallback .NET para sprites/characters/caio/idle.png: 576x112 bitDepth=4 palette=16
[2026-05-17 00:15:07] [WARN] ImageMagick falhou para sprites/characters/caio/walk_forward.png: Não é possível encontrar o arquivo especificado.. Tentando fallback .NET...
[2026-05-17 00:15:07] [INFO] Inspecao via fallback .NET para sprites/characters/caio/walk_forward.png: 576x112 bitDepth=4 palette=16
[2026-05-17 00:15:08] [WARN] ImageMagick falhou para sprites/characters/caio/walk_back.png: Não é possível encontrar o arquivo especificado.. Tentando fallback .NET...
[2026-05-17 00:15:08] [INFO] Inspecao via fallback .NET para sprites/characters/caio/walk_back.png: 576x112 bitDepth=4 palette=16
[2026-05-17 00:15:10] [WARN] ImageMagick falhou para sprites/characters/caio/dash.png: Não é possível encontrar o arquivo especificado.. Tentando fallback .NET...
[2026-05-17 00:15:10] [INFO] Inspecao via fallback .NET para sprites/characters/caio/dash.png: 384x112 bitDepth=4 palette=16
[2026-05-17 00:15:11] [WARN] ImageMagick falhou para sprites/characters/caio/crouch.png: Não é possível encontrar o arquivo especificado.. Tentando fallback .NET...
[2026-05-17 00:15:11] [INFO] Inspecao via fallback .NET para sprites/characters/caio/crouch.png: 192x112 bitDepth=4 palette=16
[2026-05-17 00:15:12] [WARN] ImageMagick falhou para sprites/characters/caio/jump.png: Não é possível encontrar o arquivo especificado.. Tentando fallback .NET...
[2026-05-17 00:15:12] [INFO] Inspecao via fallback .NET para sprites/characters/caio/jump.png: 576x112 bitDepth=4 palette=16
[2026-05-17 00:15:13] [WARN] ImageMagick falhou para sprites/characters/caio/guard.png: Não é possível encontrar o arquivo especificado.. Tentando fallback .NET...
[2026-05-17 00:15:13] [INFO] Inspecao via fallback .NET para sprites/characters/caio/guard.png: 288x112 bitDepth=4 palette=16
[2026-05-17 00:15:14] [WARN] ImageMagick falhou para sprites/characters/caio/jab.png: Não é possível encontrar o arquivo especificado.. Tentando fallback .NET...
[2026-05-17 00:15:14] [INFO] Inspecao via fallback .NET para sprites/characters/caio/jab.png: 384x112 bitDepth=4 palette=16
[2026-05-17 00:15:15] [WARN] ImageMagick falhou para sprites/characters/caio/medium.png: Não é possível encontrar o arquivo especificado.. Tentando fallback .NET...
[2026-05-17 00:15:15] [INFO] Inspecao via fallback .NET para sprites/characters/caio/medium.png: 480x112 bitDepth=4 palette=16
[2026-05-17 00:15:16] [WARN] ImageMagick falhou para sprites/characters/caio/grip.png: Não é possível encontrar o arquivo especificado.. Tentando fallback .NET...
[2026-05-17 00:15:16] [INFO] Inspecao via fallback .NET para sprites/characters/caio/grip.png: 480x112 bitDepth=4 palette=16
[2026-05-17 00:15:17] [WARN] ImageMagick falhou para sprites/characters/caio/hip_throw.png: Não é possível encontrar o arquivo especificado.. Tentando fallback .NET...
[2026-05-17 00:15:17] [INFO] Inspecao via fallback .NET para sprites/characters/caio/hip_throw.png: 768x112 bitDepth=4 palette=16
[2026-05-17 00:15:19] [WARN] ImageMagick falhou para sprites/characters/caio/hurt.png: Não é possível encontrar o arquivo especificado.. Tentando fallback .NET...
[2026-05-17 00:15:19] [INFO] Inspecao via fallback .NET para sprites/characters/caio/hurt.png: 384x112 bitDepth=4 palette=16
[2026-05-17 00:15:20] [WARN] ImageMagick falhou para sprites/characters/caio/knockdown.png: Não é possível encontrar o arquivo especificado.. Tentando fallback .NET...
[2026-05-17 00:15:20] [INFO] Inspecao via fallback .NET para sprites/characters/caio/knockdown.png: 576x112 bitDepth=4 palette=16
[2026-05-17 00:15:21] [WARN] ImageMagick falhou para sprites/characters/caio/getup.png: Não é possível encontrar o arquivo especificado.. Tentando fallback .NET...
[2026-05-17 00:15:21] [INFO] Inspecao via fallback .NET para sprites/characters/caio/getup.png: 576x112 bitDepth=4 palette=16
[2026-05-17 00:15:22] [WARN] ImageMagick falhou para sprites/characters/davi/idle.png: Não é possível encontrar o arquivo especificado.. Tentando fallback .NET...
[2026-05-17 00:15:23] [INFO] Inspecao via fallback .NET para sprites/characters/davi/idle.png: 576x112 bitDepth=4 palette=16
[2026-05-17 00:15:24] [WARN] ImageMagick falhou para sprites/characters/davi/walk_forward.png: Não é possível encontrar o arquivo especificado.. Tentando fallback .NET...
[2026-05-17 00:15:24] [INFO] Inspecao via fallback .NET para sprites/characters/davi/walk_forward.png: 576x112 bitDepth=4 palette=16
[2026-05-17 00:15:25] [WARN] ImageMagick falhou para sprites/characters/davi/walk_back.png: Não é possível encontrar o arquivo especificado.. Tentando fallback .NET...
[2026-05-17 00:15:25] [INFO] Inspecao via fallback .NET para sprites/characters/davi/walk_back.png: 576x112 bitDepth=4 palette=16
[2026-05-17 00:15:26] [WARN] ImageMagick falhou para sprites/characters/davi/dash.png: Não é possível encontrar o arquivo especificado.. Tentando fallback .NET...
[2026-05-17 00:15:26] [INFO] Inspecao via fallback .NET para sprites/characters/davi/dash.png: 384x112 bitDepth=4 palette=16
[2026-05-17 00:15:27] [WARN] ImageMagick falhou para sprites/characters/davi/crouch.png: Não é possível encontrar o arquivo especificado.. Tentando fallback .NET...
[2026-05-17 00:15:27] [INFO] Inspecao via fallback .NET para sprites/characters/davi/crouch.png: 192x112 bitDepth=4 palette=16
[2026-05-17 00:15:28] [WARN] ImageMagick falhou para sprites/characters/davi/jump.png: Não é possível encontrar o arquivo especificado.. Tentando fallback .NET...
[2026-05-17 00:15:28] [INFO] Inspecao via fallback .NET para sprites/characters/davi/jump.png: 576x112 bitDepth=4 palette=16
[2026-05-17 00:15:29] [WARN] ImageMagick falhou para sprites/characters/davi/guard.png: Não é possível encontrar o arquivo especificado.. Tentando fallback .NET...
[2026-05-17 00:15:30] [INFO] Inspecao via fallback .NET para sprites/characters/davi/guard.png: 288x112 bitDepth=4 palette=16
[2026-05-17 00:15:30] [WARN] ImageMagick falhou para sprites/characters/davi/jab.png: Não é possível encontrar o arquivo especificado.. Tentando fallback .NET...
[2026-05-17 00:15:30] [INFO] Inspecao via fallback .NET para sprites/characters/davi/jab.png: 384x112 bitDepth=4 palette=16
[2026-05-17 00:15:31] [WARN] ImageMagick falhou para sprites/characters/davi/medium.png: Não é possível encontrar o arquivo especificado.. Tentando fallback .NET...
[2026-05-17 00:15:32] [INFO] Inspecao via fallback .NET para sprites/characters/davi/medium.png: 480x112 bitDepth=4 palette=16
[2026-05-17 00:15:33] [WARN] ImageMagick falhou para sprites/characters/davi/grip.png: Não é possível encontrar o arquivo especificado.. Tentando fallback .NET...
[2026-05-17 00:15:33] [INFO] Inspecao via fallback .NET para sprites/characters/davi/grip.png: 480x112 bitDepth=4 palette=16
[2026-05-17 00:15:34] [WARN] ImageMagick falhou para sprites/characters/davi/hip_throw.png: Não é possível encontrar o arquivo especificado.. Tentando fallback .NET...
[2026-05-17 00:15:34] [INFO] Inspecao via fallback .NET para sprites/characters/davi/hip_throw.png: 768x112 bitDepth=4 palette=16
[2026-05-17 00:15:35] [WARN] ImageMagick falhou para sprites/characters/davi/hurt.png: Não é possível encontrar o arquivo especificado.. Tentando fallback .NET...
[2026-05-17 00:15:36] [INFO] Inspecao via fallback .NET para sprites/characters/davi/hurt.png: 384x112 bitDepth=4 palette=16
[2026-05-17 00:15:36] [WARN] ImageMagick falhou para sprites/characters/davi/knockdown.png: Não é possível encontrar o arquivo especificado.. Tentando fallback .NET...
[2026-05-17 00:15:36] [INFO] Inspecao via fallback .NET para sprites/characters/davi/knockdown.png: 576x112 bitDepth=4 palette=16
[2026-05-17 00:15:38] [WARN] ImageMagick falhou para sprites/characters/davi/getup.png: Não é possível encontrar o arquivo especificado.. Tentando fallback .NET...
[2026-05-17 00:15:38] [INFO] Inspecao via fallback .NET para sprites/characters/davi/getup.png: 576x112 bitDepth=4 palette=16
[2026-05-17 00:15:41] [WARN] Gate visual bloqueado: qualquer asset em needs_review impede Elite/AAA ate curadoria canonica.
[2026-05-17 00:15:42] [WARN] visual_delivery_gate_report bloqueou a promocao visual AAA.
[2026-05-17 00:15:43] [INFO] Validation finished. Errors: 0, Warnings: 3, Checked: 31, Recovered: 0
[2026-05-17 00:17:35] [INFO] --- Starting Resource Validation Suite ---
[2026-05-17 00:17:39] [INFO] Encontrados 1 arquivo(s) .res para validar.
[2026-05-17 00:17:39] [INFO] Validando F:\Projects\MegaDrive_DEV\SGDK_projects\NOVO ARARA GI FIGHTER V2 [VER.001] [SGDK 211] [GEN] [PROTOTIPO] [LUTA]\res\resources.res...
[2026-05-17 00:17:39] [WARN] ImageMagick falhou para bgs/lapa_bg_b.png: Não é possível encontrar o arquivo especificado.. Tentando fallback .NET...
[2026-05-17 00:17:39] [INFO] Inspecao via fallback .NET para bgs/lapa_bg_b.png: 320x160 bitDepth=4 palette=16
[2026-05-17 00:17:41] [WARN] ImageMagick falhou para bgs/lapa_bg_a.png: Não é possível encontrar o arquivo especificado.. Tentando fallback .NET...
[2026-05-17 00:17:41] [INFO] Inspecao via fallback .NET para bgs/lapa_bg_a.png: 320x64 bitDepth=4 palette=16
[2026-05-17 00:17:41] [WARN] Imagem lapa_bg_a: Slot indexado 0 esta visivel e cobre massa significativa; risco alto de perder forma util quando a transparencia estrutural for aplicada.
[2026-05-17 00:17:42] [WARN] ImageMagick falhou para sprites/effects/hit_spark.png: Não é possível encontrar o arquivo especificado.. Tentando fallback .NET...
[2026-05-17 00:17:42] [INFO] Inspecao via fallback .NET para sprites/effects/hit_spark.png: 96x32 bitDepth=4 palette=16
[2026-05-17 00:17:43] [WARN] ImageMagick falhou para sprites/characters/caio/idle.png: Não é possível encontrar o arquivo especificado.. Tentando fallback .NET...
[2026-05-17 00:17:43] [INFO] Inspecao via fallback .NET para sprites/characters/caio/idle.png: 576x112 bitDepth=4 palette=16
[2026-05-17 00:17:45] [WARN] ImageMagick falhou para sprites/characters/caio/walk_forward.png: Não é possível encontrar o arquivo especificado.. Tentando fallback .NET...
[2026-05-17 00:17:45] [INFO] Inspecao via fallback .NET para sprites/characters/caio/walk_forward.png: 576x112 bitDepth=4 palette=16
[2026-05-17 00:17:46] [WARN] ImageMagick falhou para sprites/characters/caio/walk_back.png: Não é possível encontrar o arquivo especificado.. Tentando fallback .NET...
[2026-05-17 00:17:46] [INFO] Inspecao via fallback .NET para sprites/characters/caio/walk_back.png: 576x112 bitDepth=4 palette=16
[2026-05-17 00:17:48] [WARN] ImageMagick falhou para sprites/characters/caio/dash.png: Não é possível encontrar o arquivo especificado.. Tentando fallback .NET...
[2026-05-17 00:17:48] [INFO] Inspecao via fallback .NET para sprites/characters/caio/dash.png: 384x112 bitDepth=4 palette=16
[2026-05-17 00:17:49] [WARN] ImageMagick falhou para sprites/characters/caio/crouch.png: Não é possível encontrar o arquivo especificado.. Tentando fallback .NET...
[2026-05-17 00:17:49] [INFO] Inspecao via fallback .NET para sprites/characters/caio/crouch.png: 192x112 bitDepth=4 palette=16
[2026-05-17 00:17:50] [WARN] ImageMagick falhou para sprites/characters/caio/jump.png: Não é possível encontrar o arquivo especificado.. Tentando fallback .NET...
[2026-05-17 00:17:50] [INFO] Inspecao via fallback .NET para sprites/characters/caio/jump.png: 576x112 bitDepth=4 palette=16
[2026-05-17 00:17:51] [WARN] ImageMagick falhou para sprites/characters/caio/guard.png: Não é possível encontrar o arquivo especificado.. Tentando fallback .NET...
[2026-05-17 00:17:51] [INFO] Inspecao via fallback .NET para sprites/characters/caio/guard.png: 288x112 bitDepth=4 palette=16
[2026-05-17 00:17:52] [WARN] ImageMagick falhou para sprites/characters/caio/jab.png: Não é possível encontrar o arquivo especificado.. Tentando fallback .NET...
[2026-05-17 00:17:52] [INFO] Inspecao via fallback .NET para sprites/characters/caio/jab.png: 384x112 bitDepth=4 palette=16
[2026-05-17 00:17:53] [WARN] ImageMagick falhou para sprites/characters/caio/medium.png: Não é possível encontrar o arquivo especificado.. Tentando fallback .NET...
[2026-05-17 00:17:54] [INFO] Inspecao via fallback .NET para sprites/characters/caio/medium.png: 480x112 bitDepth=4 palette=16
[2026-05-17 00:17:55] [WARN] ImageMagick falhou para sprites/characters/caio/grip.png: Não é possível encontrar o arquivo especificado.. Tentando fallback .NET...
[2026-05-17 00:17:55] [INFO] Inspecao via fallback .NET para sprites/characters/caio/grip.png: 480x112 bitDepth=4 palette=16
[2026-05-17 00:17:56] [WARN] ImageMagick falhou para sprites/characters/caio/hip_throw.png: Não é possível encontrar o arquivo especificado.. Tentando fallback .NET...
[2026-05-17 00:17:56] [INFO] Inspecao via fallback .NET para sprites/characters/caio/hip_throw.png: 768x112 bitDepth=4 palette=16
[2026-05-17 00:17:58] [WARN] ImageMagick falhou para sprites/characters/caio/hurt.png: Não é possível encontrar o arquivo especificado.. Tentando fallback .NET...
[2026-05-17 00:17:58] [INFO] Inspecao via fallback .NET para sprites/characters/caio/hurt.png: 384x112 bitDepth=4 palette=16
[2026-05-17 00:17:59] [WARN] ImageMagick falhou para sprites/characters/caio/knockdown.png: Não é possível encontrar o arquivo especificado.. Tentando fallback .NET...
[2026-05-17 00:17:59] [INFO] Inspecao via fallback .NET para sprites/characters/caio/knockdown.png: 576x112 bitDepth=4 palette=16
[2026-05-17 00:18:00] [WARN] ImageMagick falhou para sprites/characters/caio/getup.png: Não é possível encontrar o arquivo especificado.. Tentando fallback .NET...
[2026-05-17 00:18:00] [INFO] Inspecao via fallback .NET para sprites/characters/caio/getup.png: 576x112 bitDepth=4 palette=16
[2026-05-17 00:18:01] [WARN] ImageMagick falhou para sprites/characters/davi/idle.png: Não é possível encontrar o arquivo especificado.. Tentando fallback .NET...
[2026-05-17 00:18:01] [INFO] Inspecao via fallback .NET para sprites/characters/davi/idle.png: 576x112 bitDepth=4 palette=16
[2026-05-17 00:18:02] [WARN] ImageMagick falhou para sprites/characters/davi/walk_forward.png: Não é possível encontrar o arquivo especificado.. Tentando fallback .NET...
[2026-05-17 00:18:03] [INFO] Inspecao via fallback .NET para sprites/characters/davi/walk_forward.png: 576x112 bitDepth=4 palette=16
[2026-05-17 00:18:04] [WARN] ImageMagick falhou para sprites/characters/davi/walk_back.png: Não é possível encontrar o arquivo especificado.. Tentando fallback .NET...
[2026-05-17 00:18:04] [INFO] Inspecao via fallback .NET para sprites/characters/davi/walk_back.png: 576x112 bitDepth=4 palette=16
[2026-05-17 00:18:05] [WARN] ImageMagick falhou para sprites/characters/davi/dash.png: Não é possível encontrar o arquivo especificado.. Tentando fallback .NET...
[2026-05-17 00:18:05] [INFO] Inspecao via fallback .NET para sprites/characters/davi/dash.png: 384x112 bitDepth=4 palette=16
[2026-05-17 00:18:06] [WARN] ImageMagick falhou para sprites/characters/davi/crouch.png: Não é possível encontrar o arquivo especificado.. Tentando fallback .NET...
[2026-05-17 00:18:06] [INFO] Inspecao via fallback .NET para sprites/characters/davi/crouch.png: 192x112 bitDepth=4 palette=16
[2026-05-17 00:18:07] [WARN] ImageMagick falhou para sprites/characters/davi/jump.png: Não é possível encontrar o arquivo especificado.. Tentando fallback .NET...
[2026-05-17 00:18:07] [INFO] Inspecao via fallback .NET para sprites/characters/davi/jump.png: 576x112 bitDepth=4 palette=16
[2026-05-17 00:18:08] [WARN] ImageMagick falhou para sprites/characters/davi/guard.png: Não é possível encontrar o arquivo especificado.. Tentando fallback .NET...
[2026-05-17 00:18:08] [INFO] Inspecao via fallback .NET para sprites/characters/davi/guard.png: 288x112 bitDepth=4 palette=16
[2026-05-17 00:18:09] [WARN] ImageMagick falhou para sprites/characters/davi/jab.png: Não é possível encontrar o arquivo especificado.. Tentando fallback .NET...
[2026-05-17 00:18:09] [INFO] Inspecao via fallback .NET para sprites/characters/davi/jab.png: 384x112 bitDepth=4 palette=16
[2026-05-17 00:18:10] [WARN] ImageMagick falhou para sprites/characters/davi/medium.png: Não é possível encontrar o arquivo especificado.. Tentando fallback .NET...
[2026-05-17 00:18:10] [INFO] Inspecao via fallback .NET para sprites/characters/davi/medium.png: 480x112 bitDepth=4 palette=16
[2026-05-17 00:18:12] [WARN] ImageMagick falhou para sprites/characters/davi/grip.png: Não é possível encontrar o arquivo especificado.. Tentando fallback .NET...
[2026-05-17 00:18:12] [INFO] Inspecao via fallback .NET para sprites/characters/davi/grip.png: 480x112 bitDepth=4 palette=16
[2026-05-17 00:18:13] [WARN] ImageMagick falhou para sprites/characters/davi/hip_throw.png: Não é possível encontrar o arquivo especificado.. Tentando fallback .NET...
[2026-05-17 00:18:13] [INFO] Inspecao via fallback .NET para sprites/characters/davi/hip_throw.png: 768x112 bitDepth=4 palette=16
[2026-05-17 00:18:14] [WARN] ImageMagick falhou para sprites/characters/davi/hurt.png: Não é possível encontrar o arquivo especificado.. Tentando fallback .NET...
[2026-05-17 00:18:15] [INFO] Inspecao via fallback .NET para sprites/characters/davi/hurt.png: 384x112 bitDepth=4 palette=16
[2026-05-17 00:18:16] [WARN] ImageMagick falhou para sprites/characters/davi/knockdown.png: Não é possível encontrar o arquivo especificado.. Tentando fallback .NET...
[2026-05-17 00:18:16] [INFO] Inspecao via fallback .NET para sprites/characters/davi/knockdown.png: 576x112 bitDepth=4 palette=16
[2026-05-17 00:18:17] [WARN] ImageMagick falhou para sprites/characters/davi/getup.png: Não é possível encontrar o arquivo especificado.. Tentando fallback .NET...
[2026-05-17 00:18:17] [INFO] Inspecao via fallback .NET para sprites/characters/davi/getup.png: 576x112 bitDepth=4 palette=16
[2026-05-17 00:18:24] [WARN] Gate visual bloqueado: qualquer asset em needs_review impede Elite/AAA ate curadoria canonica.
[2026-05-17 00:18:24] [WARN] visual_delivery_gate_report bloqueou a promocao visual AAA.
[2026-05-17 00:18:27] [INFO] Validation finished. Errors: 0, Warnings: 3, Checked: 31, Recovered: 0
