.section .rodata

.section .rodata_bin

    .align  2
img_bc_title_logo_palette_data:
    dc.b    0x0e, 0x0e, 0x00, 0x00, 0x02, 0x22, 0x06, 0x44, 0x0e, 0xc4, 0x0e, 0xec, 0x02, 0xae, 0x00, 0x6e
    dc.b    0x02, 0xe8, 0x0a, 0x2e, 0x0c, 0x62, 0x06, 0xae, 0x02, 0x46, 0x0e, 0xee, 0x08, 0x88, 0x04, 0x2e
img_bc_title_logo_palette_data_size = .-img_bc_title_logo_palette_data

    .align  2
img_bc_stage_bg_palette_data:
    dc.b    0x00, 0x00, 0x02, 0x22, 0x04, 0x44, 0x06, 0x66, 0x06, 0x42, 0x0c, 0x62, 0x0e, 0xc4, 0x0e, 0xec
    dc.b    0x02, 0xe8, 0x0a, 0x2e, 0x02, 0xae, 0x00, 0x6e, 0x04, 0x02, 0x04, 0x20, 0x0c, 0xa8, 0x0e, 0xee
img_bc_stage_bg_palette_data_size = .-img_bc_stage_bg_palette_data

    .align  256
    .global brand_bell_forge
brand_bell_forge:
    dc.b    0x00, 0x31, 0x5d, 0x70, 0x70, 0x70, 0x70, 0x70, 0x70, 0x6a, 0x55, 0x44, 0x37, 0x2e, 0x29, 0x26
    dc.b    0x22, 0x1d, 0x16, 0x0d, 0x02, 0xf7, 0xed, 0xe5, 0xdf, 0xdc, 0xd8, 0xd4, 0xcd, 0xc1, 0xb1, 0x9e
    dc.b    0x90, 0x90, 0x90, 0x90, 0x90, 0x90, 0x99, 0xc2, 0xf1, 0x22, 0x4f, 0x70, 0x70, 0x70, 0x70, 0x70
    dc.b    0x70, 0x6e, 0x5a, 0x47, 0x39, 0x2f, 0x29, 0x26, 0x23, 0x1e, 0x18, 0x0f, 0x05, 0xfa, 0xf0, 0xe7
    dc.b    0xe1, 0xdd, 0xda, 0xd6, 0xd0, 0xc6, 0xb8, 0xa5, 0x91, 0x90, 0x90, 0x90, 0x90, 0x90, 0x90, 0xb6
    dc.b    0xe3, 0x13, 0x41, 0x68, 0x70, 0x70, 0x70, 0x70, 0x70, 0x70, 0x5e, 0x4b, 0x3c, 0x31, 0x2a, 0x26
    dc.b    0x23, 0x1f, 0x1a, 0x12, 0x08, 0xfd, 0xf3, 0xea, 0xe3, 0xdf, 0xdc, 0xd8, 0xd3, 0xcb, 0xbe, 0xad
    dc.b    0x99, 0x90, 0x90, 0x90, 0x90, 0x90, 0x90, 0xab, 0xd6, 0x04, 0x33, 0x5c, 0x70, 0x70, 0x70, 0x70
    dc.b    0x70, 0x70, 0x63, 0x4f, 0x3f, 0x33, 0x2b, 0x27, 0x23, 0x20, 0x1b, 0x14, 0x0b, 0x01, 0xf6, 0xed
    dc.b    0xe5, 0xe0, 0xdd, 0xda, 0xd6, 0xce, 0xc3, 0xb3, 0xa0, 0x90, 0x90, 0x90, 0x90, 0x90, 0x90, 0xa1
    dc.b    0xc9, 0xf6, 0x24, 0x4f, 0x70, 0x70, 0x70, 0x70, 0x70, 0x70, 0x67, 0x54, 0x42, 0x35, 0x2c, 0x27
    dc.b    0x24, 0x21, 0x1d, 0x16, 0x0e, 0x04, 0xf9, 0xf0, 0xe8, 0xe2, 0xdf, 0xdc, 0xd8, 0xd2, 0xc8, 0xba
    dc.b    0xa8, 0x94, 0x90, 0x90, 0x90, 0x90, 0x90, 0x99, 0xbd, 0xe8, 0x16, 0x41, 0x66, 0x70, 0x70, 0x70
    dc.b    0x70, 0x70, 0x6c, 0x58, 0x46, 0x38, 0x2e, 0x28, 0x24, 0x21, 0x1e, 0x18, 0x10, 0x07, 0xfd, 0xf3
    dc.b    0xea, 0xe4, 0xe0, 0xdd, 0xda, 0xd5, 0xcc, 0xc0, 0xaf, 0x9c, 0x90, 0x90, 0x90, 0x90, 0x90, 0x91
    dc.b    0xb2, 0xdc, 0x08, 0x34, 0x5b, 0x70, 0x70, 0x70, 0x70, 0x70, 0x70, 0x5c, 0x4a, 0x3b, 0x30, 0x29
    dc.b    0x24, 0x21, 0x1e, 0x1a, 0x13, 0x0a, 0x00, 0xf6, 0xed, 0xe6, 0xe2, 0xde, 0xdc, 0xd7, 0xd0, 0xc5
    dc.b    0xb6, 0xa3, 0x90, 0x90, 0x90, 0x90, 0x90, 0x90, 0xa9, 0xcf, 0xfb, 0x26, 0x4e, 0x6e, 0x70, 0x70
    dc.b    0x70, 0x70, 0x70, 0x61, 0x4e, 0x3e, 0x32, 0x2a, 0x25, 0x22, 0x1f, 0x1b, 0x15, 0x0c, 0x03, 0xf9
    dc.b    0xf0, 0xe8, 0xe3, 0xe0, 0xdd, 0xd9, 0xd3, 0xca, 0xbc, 0xaa, 0x98, 0x90, 0x90, 0x90, 0x90, 0x90
    dc.b    0xa0, 0xc4, 0xee, 0x19, 0x42, 0x64, 0x70, 0x70, 0x70, 0x70, 0x70, 0x65, 0x52, 0x41, 0x34, 0x2b
    dc.b    0x25, 0x22, 0x1f, 0x1c, 0x16, 0x0f, 0x06, 0xfc, 0xf3, 0xeb, 0xe5, 0xe1, 0xde, 0xdb, 0xd6, 0xce
    dc.b    0xc1, 0xb1, 0x9f, 0x90, 0x90, 0x90, 0x90, 0x90, 0x99, 0xb9, 0xe1, 0x0c, 0x35, 0x59, 0x70, 0x70
    dc.b    0x70, 0x70, 0x70, 0x69, 0x56, 0x45, 0x37, 0x2d, 0x26, 0x22, 0x20, 0x1c, 0x18, 0x11, 0x08, 0xff
    dc.b    0xf5, 0xed, 0xe7, 0xe3, 0xe0, 0xdd, 0xd9, 0xd2, 0xc6, 0xb8, 0xa6, 0x94, 0x90, 0x90, 0x90, 0x90
    dc.b    0x93, 0xb0, 0xd5, 0xff, 0x28, 0x4e, 0x6c, 0x70, 0x70, 0x70, 0x70, 0x6c, 0x5a, 0x49, 0x3a, 0x2f
    dc.b    0x27, 0x23, 0x20, 0x1d, 0x19, 0x13, 0x0b, 0x02, 0xf8, 0xf0, 0xe9, 0xe4, 0xe1, 0xdf, 0xdb, 0xd5
    dc.b    0xcb, 0xbe, 0xad, 0x9b, 0x90, 0x90, 0x90, 0x90, 0x90, 0xa8, 0xca, 0xf2, 0x1b, 0x42, 0x62, 0x70
    dc.b    0x70, 0x70, 0x70, 0x70, 0x5e, 0x4d, 0x3d, 0x31, 0x28, 0x23, 0x20, 0x1e, 0x1a, 0x15, 0x0d, 0x05
    dc.b    0xfb, 0xf2, 0xeb, 0xe6, 0xe2, 0xe0, 0xdd, 0xd8, 0xcf, 0xc3, 0xb3, 0xa2, 0x91, 0x90, 0x90, 0x90
    dc.b    0x90, 0xa0, 0xc0, 0xe6, 0x0f, 0x36, 0x58, 0x70, 0x70, 0x70, 0x70, 0x70, 0x62, 0x51, 0x40, 0x33
    dc.b    0x2a, 0x24, 0x20, 0x1e, 0x1b, 0x16, 0x10, 0x07, 0xfe, 0xf5, 0xed, 0xe8, 0xe4, 0xe1, 0xde, 0xda
    dc.b    0xd3, 0xc8, 0xba, 0xa9, 0x98, 0x90, 0x90, 0x90, 0x90, 0x9a, 0xb7, 0xdb, 0x02, 0x2a, 0x4d, 0x68
    dc.b    0x70, 0x70, 0x70, 0x70, 0x66, 0x54, 0x44, 0x36, 0x2c, 0x25, 0x21, 0x1e, 0x1b, 0x17, 0x11, 0x0a
    dc.b    0x01, 0xf8, 0xf0, 0xea, 0xe5, 0xe2, 0xe0, 0xdc, 0xd6, 0xcd, 0xbf, 0xaf, 0x9e, 0x90, 0x90, 0x90
    dc.b    0x90, 0x95, 0xaf, 0xd0, 0xf6, 0x1e, 0x42, 0x60, 0x70, 0x70, 0x70, 0x70, 0x69, 0x58, 0x48, 0x39
    dc.b    0x2e, 0x26, 0x21, 0x1e, 0x1c, 0x18, 0x13, 0x0c, 0x04, 0xfb, 0xf2, 0xec, 0xe7, 0xe4, 0xe1, 0xde
    dc.b    0xd9, 0xd1, 0xc5, 0xb6, 0xa5, 0x95, 0x90, 0x90, 0x90, 0x91, 0xa7, 0xc6, 0xeb, 0x12, 0x37, 0x56
    dc.b    0x6d, 0x70, 0x70, 0x70, 0x6c, 0x5c, 0x4b, 0x3c, 0x30, 0x27, 0x22, 0x1f, 0x1c, 0x19, 0x15, 0x0e
    dc.b    0x06, 0xfd, 0xf5, 0xee, 0xe8, 0xe5, 0xe2, 0xe0, 0xdb, 0xd4, 0xca, 0xbc, 0xab, 0x9b, 0x90, 0x90
    dc.b    0x90, 0x90, 0xa1, 0xbd, 0xe0, 0x06, 0x2b, 0x4c, 0x65, 0x70, 0x70, 0x70, 0x6e, 0x5f, 0x4f, 0x3f
    dc.b    0x32, 0x29, 0x23, 0x1f, 0x1d, 0x1a, 0x16, 0x10, 0x08, 0x00, 0xf8, 0xf0, 0xea, 0xe6, 0xe4, 0xe1
    dc.b    0xde, 0xd7, 0xce, 0xc1, 0xb2, 0xa2, 0x93, 0x90, 0x90, 0x90, 0x9c, 0xb5, 0xd6, 0xfa, 0x20, 0x42
    dc.b    0x5d, 0x70, 0x70, 0x70, 0x70, 0x63, 0x53, 0x43, 0x35, 0x2b, 0x24, 0x1f, 0x1d, 0x1a, 0x17, 0x12
    dc.b    0x0b, 0x03, 0xfa, 0xf2, 0xec, 0xe8, 0xe5, 0xe2, 0xdf, 0xda, 0xd2, 0xc6, 0xb8, 0xa8, 0x99, 0x90
    dc.b    0x90, 0x90, 0x98, 0xae, 0xcc, 0xef, 0x14, 0x37, 0x54, 0x69, 0x70, 0x70, 0x70, 0x65, 0x56, 0x46
    dc.b    0x38, 0x2d, 0x25, 0x20, 0x1d, 0x1b, 0x18, 0x13, 0x0d, 0x05, 0xfd, 0xf5, 0xee, 0xe9, 0xe6, 0xe4
    dc.b    0xe1, 0xdd, 0xd6, 0xcb, 0xbe, 0xae, 0x9f, 0x92, 0x90, 0x90, 0x95, 0xa8, 0xc3, 0xe5, 0x09, 0x2c
    dc.b    0x4b, 0x62, 0x70, 0x70, 0x70, 0x68, 0x59, 0x4a, 0x3b, 0x2f, 0x26, 0x21, 0x1d, 0x1b, 0x18, 0x14
    dc.b    0x0f, 0x07, 0xff, 0xf7, 0xf0, 0xeb, 0xe7, 0xe5, 0xe2, 0xdf, 0xd9, 0xcf, 0xc3, 0xb4, 0xa5, 0x97
    dc.b    0x90, 0x90, 0x93, 0xa3, 0xbb, 0xdb, 0xfe, 0x21, 0x41, 0x5b, 0x6c, 0x70, 0x70, 0x6a, 0x5d, 0x4d
    dc.b    0x3e, 0x31, 0x28, 0x21, 0x1e, 0x1b, 0x19, 0x15, 0x10, 0x0a, 0x02, 0xfa, 0xf2, 0xed, 0xe9, 0xe6
    dc.b    0xe4, 0xe1, 0xdc, 0xd3, 0xc8, 0xba, 0xab, 0x9c, 0x92, 0x90, 0x91, 0x9e, 0xb4, 0xd1, 0xf3, 0x16
    dc.b    0x37, 0x52, 0x66, 0x70, 0x70, 0x6b, 0x5f, 0x51, 0x42, 0x34, 0x2a, 0x22, 0x1e, 0x1b, 0x19, 0x16
    dc.b    0x12, 0x0c, 0x04, 0xfc, 0xf5, 0xee, 0xea, 0xe7, 0xe5, 0xe2, 0xde, 0xd7, 0xcd, 0xbf, 0xb1, 0xa2
    dc.b    0x96, 0x90, 0x91, 0x9b, 0xae, 0xc9, 0xe9, 0x0c, 0x2d, 0x4a, 0x5f, 0x6c, 0x70, 0x6c, 0x62, 0x54
    dc.b    0x45, 0x37, 0x2c, 0x24, 0x1f, 0x1c, 0x19, 0x17, 0x13, 0x0d, 0x06, 0xff, 0xf7, 0xf0, 0xec, 0xe8
    dc.b    0xe6, 0xe4, 0xe0, 0xda, 0xd1, 0xc5, 0xb6, 0xa8, 0x9b, 0x93, 0x92, 0x99, 0xa9, 0xc1, 0xdf, 0x01
    dc.b    0x23, 0x41, 0x58, 0x68, 0x6e, 0x6c, 0x64, 0x57, 0x48, 0x3a, 0x2e, 0x25, 0x1f, 0x1c, 0x1a, 0x17
    dc.b    0x14, 0x0f, 0x08, 0x01, 0xf9, 0xf3, 0xed, 0xe9, 0xe7, 0xe5, 0xe2, 0xdd, 0xd5, 0xca, 0xbc, 0xad
    dc.b    0xa0, 0x97, 0x93, 0x97, 0xa5, 0xba, 0xd6, 0xf7, 0x18, 0x37, 0x50, 0x62, 0x6b, 0x6c, 0x65, 0x5a
    dc.b    0x4b, 0x3d, 0x31, 0x27, 0x20, 0x1c, 0x1a, 0x18, 0x15, 0x10, 0x0a, 0x03, 0xfc, 0xf5, 0xef, 0xeb
    dc.b    0xe8, 0xe6, 0xe3, 0xdf, 0xd8, 0xce, 0xc1, 0xb3, 0xa5, 0x9b, 0x95, 0x97, 0xa1, 0xb4, 0xce, 0xed
    dc.b    0x0e, 0x2d, 0x48, 0x5c, 0x68, 0x6b, 0x66, 0x5c, 0x4f, 0x40, 0x33, 0x29, 0x21, 0x1d, 0x1a, 0x18
    dc.b    0x15, 0x12, 0x0c, 0x05, 0xfe, 0xf7, 0xf1, 0xec, 0xe9, 0xe7, 0xe5, 0xe1, 0xdb, 0xd2, 0xc6, 0xb9
    dc.b    0xab, 0x9f, 0x98, 0x97, 0x9f, 0xaf, 0xc6, 0xe4, 0x04, 0x24, 0x40, 0x56, 0x63, 0x69, 0x66, 0x5e
    dc.b    0x51, 0x43, 0x36, 0x2b, 0x23, 0x1e, 0x1a, 0x18, 0x16, 0x13, 0x0e, 0x07, 0x00, 0xf9, 0xf3, 0xee
    dc.b    0xea, 0xe8, 0xe6, 0xe3, 0xde, 0xd6, 0xcb, 0xbe, 0xb0, 0xa4, 0x9b, 0x98, 0x9d, 0xab, 0xc0, 0xdb
    dc.b    0xfa, 0x1a, 0x37, 0x4e, 0x5f, 0x66, 0x66, 0x5f, 0x54, 0x47, 0x39, 0x2d, 0x24, 0x1e, 0x1b, 0x18
    dc.b    0x16, 0x13, 0x0f, 0x09, 0x02, 0xfb, 0xf5, 0xef, 0xeb, 0xe9, 0xe7, 0xe4, 0xe0, 0xd9, 0xcf, 0xc3
    dc.b    0xb6, 0xa9, 0x9f, 0x9a, 0x9d, 0xa7, 0xba, 0xd3, 0xf1, 0x10, 0x2e, 0x47, 0x59, 0x63, 0x65, 0x61
    dc.b    0x56, 0x4a, 0x3c, 0x30, 0x26, 0x1f, 0x1b, 0x19, 0x17, 0x14, 0x10, 0x0b, 0x04, 0xfd, 0xf7, 0xf1
    dc.b    0xed, 0xea, 0xe8, 0xe6, 0xe2, 0xdc, 0xd3, 0xc8, 0xbb, 0xae, 0xa3, 0x9c, 0x9d, 0xa5, 0xb4, 0xcc
    dc.b    0xe8, 0x07, 0x25, 0x3f, 0x53, 0x5f, 0x64, 0x61, 0x58, 0x4c, 0x3f, 0x32, 0x28, 0x21, 0x1c, 0x19
    dc.b    0x17, 0x15, 0x11, 0x0d, 0x06, 0x00, 0xf9, 0xf3, 0xee, 0xeb, 0xe9, 0xe7, 0xe4, 0xdf, 0xd7, 0xcd
    dc.b    0xc0, 0xb3, 0xa7, 0x9f, 0x9d, 0xa3, 0xb0, 0xc5, 0xdf, 0xfd, 0x1b, 0x37, 0x4c, 0x5b, 0x62, 0x61
    dc.b    0x5a, 0x4f, 0x42, 0x35, 0x2a, 0x22, 0x1d, 0x19, 0x17, 0x15, 0x12, 0x0e, 0x08, 0x02, 0xfb, 0xf5
    dc.b    0xf0, 0xec, 0xea, 0xe8, 0xe5, 0xe1, 0xda, 0xd1, 0xc5, 0xb8, 0xac, 0xa3, 0x9f, 0xa2, 0xad, 0xbf
    dc.b    0xd8, 0xf4, 0x12, 0x2e, 0x45, 0x56, 0x5f, 0x60, 0x5b, 0x51, 0x45, 0x38, 0x2d, 0x24, 0x1d, 0x1a
    dc.b    0x17, 0x15, 0x13, 0x0f, 0x0a, 0x04, 0xfd, 0xf7, 0xf1, 0xed, 0xeb, 0xe9, 0xe7, 0xe3, 0xdd, 0xd5
    dc.b    0xca, 0xbd, 0xb1, 0xa7, 0xa1, 0xa2, 0xaa, 0xba, 0xd0, 0xec, 0x09, 0x25, 0x3e, 0x50, 0x5c, 0x5f
    dc.b    0x5c, 0x53, 0x48, 0x3b, 0x2f, 0x25, 0x1f, 0x1a, 0x18, 0x16, 0x13, 0x10, 0x0c, 0x06, 0xff, 0xf9
    dc.b    0xf3, 0xef, 0xec, 0xea, 0xe8, 0xe5, 0xe0, 0xd8, 0xce, 0xc2, 0xb5, 0xab, 0xa4, 0xa2, 0xa8, 0xb6
    dc.b    0xca, 0xe3, 0x00, 0x1c, 0x36, 0x4a, 0x58, 0x5d, 0x5c, 0x55, 0x4a, 0x3e, 0x32, 0x27, 0x20, 0x1b
    dc.b    0x18, 0x16, 0x14, 0x11, 0x0d, 0x07, 0x01, 0xfb, 0xf5, 0xf0, 0xed, 0xeb, 0xe9, 0xe6, 0xe2, 0xdb
    dc.b    0xd2, 0xc7, 0xba, 0xaf, 0xa7, 0xa4, 0xa7, 0xb2, 0xc4, 0xdc, 0xf7, 0x14, 0x2e, 0x44, 0x53, 0x5b
    dc.b    0x5c, 0x56, 0x4c, 0x40, 0x34, 0x2a, 0x21, 0x1c, 0x18, 0x16, 0x14, 0x12, 0x0e, 0x09, 0x03, 0xfd
    dc.b    0xf7, 0xf2, 0xee, 0xec, 0xea, 0xe8, 0xe4, 0xde, 0xd6, 0xcb, 0xbf, 0xb3, 0xaa, 0xa5, 0xa7, 0xaf
    dc.b    0xbf, 0xd5, 0xef, 0x0b, 0x26, 0x3d, 0x4e, 0x58, 0x5b, 0x57, 0x4e, 0x43, 0x37, 0x2c, 0x23, 0x1d
    dc.b    0x19, 0x16, 0x14, 0x12, 0x0f, 0x0a, 0x05, 0xfe, 0xf8, 0xf3, 0xef, 0xed, 0xeb, 0xe9, 0xe6, 0xe1
    dc.b    0xd9, 0xcf, 0xc4, 0xb8, 0xae, 0xa8, 0xa7, 0xad, 0xbb, 0xce, 0xe7, 0x03, 0x1d, 0x35, 0x48, 0x54
    dc.b    0x59, 0x57, 0x50, 0x45, 0x3a, 0x2e, 0x25, 0x1e, 0x19, 0x16, 0x15, 0x13, 0x10, 0x0c, 0x06, 0x00
    dc.b    0xfa, 0xf5, 0xf1, 0xee, 0xec, 0xea, 0xe7, 0xe3, 0xdd, 0xd3, 0xc8, 0xbd, 0xb2, 0xaa, 0xa8, 0xac
    dc.b    0xb7, 0xc9, 0xe0, 0xfa, 0x15, 0x2e, 0x42, 0x50, 0x57, 0x57, 0x51, 0x48, 0x3c, 0x31, 0x27, 0x1f
    dc.b    0x1a, 0x17, 0x15, 0x13, 0x11, 0x0d, 0x08, 0x02, 0xfc, 0xf6, 0xf2, 0xef, 0xec, 0xeb, 0xe9, 0xe5
    dc.b    0xdf, 0xd7, 0xcd, 0xc1, 0xb6, 0xae, 0xaa, 0xab, 0xb4, 0xc4, 0xd9, 0xf2, 0x0d, 0x26, 0x3c, 0x4b
    dc.b    0x54, 0x56, 0x52, 0x4a, 0x3f, 0x33, 0x29, 0x21, 0x1b, 0x17, 0x15, 0x13, 0x11, 0x0e, 0x0a, 0x04
    dc.b    0xfe, 0xf8, 0xf3, 0xf0, 0xed, 0xec, 0xea, 0xe7, 0xe2, 0xda, 0xd1, 0xc6, 0xba, 0xb1, 0xac, 0xac
    dc.b    0xb2, 0xbf, 0xd3, 0xeb, 0x05, 0x1e, 0x35, 0x46, 0x51, 0x55, 0x53, 0x4b, 0x41, 0x36, 0x2b, 0x22
    dc.b    0x1c, 0x18, 0x15, 0x14, 0x12, 0x0f, 0x0b, 0x06, 0x00, 0xfa, 0xf5, 0xf1, 0xee, 0xec, 0xeb, 0xe8
    dc.b    0xe4, 0xde, 0xd5, 0xca, 0xbf, 0xb5, 0xae, 0xac, 0xb1, 0xbc, 0xcd, 0xe4, 0xfd, 0x16, 0x2e, 0x40
    dc.b    0x4d, 0x53, 0x52, 0x4d, 0x43, 0x38, 0x2d, 0x24, 0x1d, 0x18, 0x15, 0x14, 0x12, 0x10, 0x0c, 0x07
    dc.b    0x02, 0xfc, 0xf7, 0xf2, 0xef, 0xed, 0xec, 0xea, 0xe6, 0xe0, 0xd8, 0xce, 0xc3, 0xb9, 0xb1, 0xae
    dc.b    0xb0, 0xb9, 0xc8, 0xdd, 0xf5, 0x0f, 0x26, 0x3a, 0x49, 0x51, 0x52, 0x4e, 0x45, 0x3b, 0x30, 0x26
    dc.b    0x1e, 0x19, 0x16, 0x14, 0x12, 0x10, 0x0d, 0x09, 0x03, 0xfe, 0xf8, 0xf4, 0xf0, 0xee, 0xec, 0xeb
    dc.b    0xe8, 0xe3, 0xdb, 0xd2, 0xc7, 0xbd, 0xb4, 0xaf, 0xb0, 0xb7, 0xc4, 0xd7, 0xee, 0x07, 0x1f, 0x34
    dc.b    0x44, 0x4e, 0x51, 0x4e, 0x47, 0x3d, 0x32, 0x28, 0x20, 0x1a, 0x16, 0x14, 0x12, 0x11, 0x0e, 0x0a
    dc.b    0x05, 0xff, 0xfa, 0xf5, 0xf1, 0xef, 0xed, 0xec, 0xe9, 0xe5, 0xde, 0xd6, 0xcc, 0xc1, 0xb8, 0xb2
    dc.b    0xb0, 0xb5, 0xc0, 0xd1, 0xe7, 0xff, 0x17, 0x2d, 0x3f, 0x4a, 0x4f, 0x4e, 0x48, 0x3f, 0x35, 0x2a
    dc.b    0x22, 0x1b, 0x17, 0x14, 0x13, 0x11, 0x0f, 0x0b, 0x06, 0x01, 0xfc, 0xf7, 0xf3, 0xf0, 0xee, 0xec
    dc.b    0xea, 0xe7, 0xe1, 0xd9, 0xd0, 0xc5, 0xbb, 0xb4, 0xb1, 0xb4, 0xbd, 0xcd, 0xe1, 0xf8, 0x10, 0x26
    dc.b    0x39, 0x46, 0x4d, 0x4e, 0x49, 0x41, 0x37, 0x2d, 0x24, 0x1c, 0x18, 0x15, 0x13, 0x11, 0x0f, 0x0c
    dc.b    0x08, 0x03, 0xfd, 0xf8, 0xf4, 0xf1, 0xef, 0xed, 0xeb, 0xe8, 0xe4, 0xdc, 0xd3, 0xc9, 0xbf, 0xb7
    dc.b    0xb3, 0xb4, 0xbb, 0xc8, 0xdb, 0xf1, 0x09, 0x1f, 0x33, 0x42, 0x4a, 0x4d, 0x4a, 0x43, 0x39, 0x2f
    dc.b    0x25, 0x1e, 0x18, 0x15, 0x13, 0x11, 0x10, 0x0d, 0x09, 0x04, 0xff, 0xfa, 0xf5, 0xf2, 0xf0, 0xee
    dc.b    0xec, 0xea, 0xe6, 0xdf, 0xd7, 0xcd, 0xc3, 0xbb, 0xb5, 0xb4, 0xb9, 0xc5, 0xd5, 0xea, 0x01, 0x18
    dc.b    0x2d, 0x3d, 0x47, 0x4c, 0x4a, 0x44, 0x3b, 0x31, 0x28, 0x1f, 0x19, 0x15, 0x13, 0x12, 0x10, 0x0e
    dc.b    0x0a, 0x06, 0x00, 0xfb, 0xf7, 0xf3, 0xf0, 0xef, 0xed, 0xeb, 0xe8, 0xe2, 0xda, 0xd1, 0xc7, 0xbe
    dc.b    0xb7, 0xb5, 0xb8, 0xc2, 0xd1, 0xe4, 0xfa, 0x11, 0x26, 0x38, 0x44, 0x4a, 0x4a, 0x45, 0x3d, 0x33
    dc.b    0x2a, 0x21, 0x1b, 0x16, 0x13, 0x12, 0x10, 0x0e, 0x0b, 0x07, 0x02, 0xfd, 0xf8, 0xf4, 0xf1, 0xef
    dc.b    0xee, 0xec, 0xe9, 0xe4, 0xdd, 0xd5, 0xcb, 0xc2, 0xba, 0xb7, 0xb8, 0xbf, 0xcc, 0xde, 0xf4, 0x0a
    dc.b    0x20, 0x32, 0x40, 0x47, 0x49, 0x46, 0x3f, 0x36, 0x2c, 0x23, 0x1c, 0x17, 0x14, 0x12, 0x10, 0x0f
    dc.b    0x0c, 0x08, 0x04, 0xfe, 0xfa, 0xf5, 0xf2, 0xf0, 0xef, 0xed, 0xeb, 0xe7, 0xe0, 0xd8, 0xcf, 0xc5
    dc.b    0xbd, 0xb8, 0xb8, 0xbe, 0xc9, 0xd9, 0xed, 0x03, 0x19, 0x2c, 0x3b, 0x44, 0x48, 0x46, 0x40, 0x38
    dc.b    0x2e, 0x25, 0x1d, 0x18, 0x14, 0x12, 0x11, 0x0f, 0x0d, 0x09, 0x05, 0x00, 0xfb, 0xf7, 0xf3, 0xf1
    dc.b    0xef, 0xee, 0xec, 0xe8, 0xe3, 0xdb, 0xd2, 0xc9, 0xc0, 0xbb, 0xb9, 0xbc, 0xc6, 0xd4, 0xe7, 0xfd
    dc.b    0x12, 0x26, 0x36, 0x41, 0x46, 0x46, 0x41, 0x39, 0x30, 0x27, 0x1f, 0x19, 0x15, 0x12, 0x11, 0x0f
    dc.b    0x0d, 0x0a, 0x06, 0x02, 0xfd, 0xf8, 0xf4, 0xf2, 0xf0, 0xef, 0xed, 0xea, 0xe5, 0xde, 0xd6, 0xcd
    dc.b    0xc4, 0xbd, 0xba, 0xbc, 0xc3, 0xd0, 0xe2, 0xf6, 0x0c, 0x20, 0x31, 0x3d, 0x44, 0x46, 0x42, 0x3b
    dc.b    0x32, 0x29, 0x21, 0x1a, 0x15, 0x13, 0x11, 0x10, 0x0e, 0x0b, 0x07, 0x03, 0xfe, 0xf9, 0xf6, 0xf3
    dc.b    0xf1, 0xef, 0xee, 0xeb, 0xe7, 0xe1, 0xd9, 0xd0, 0xc7, 0xc0, 0xbc, 0xbc, 0xc1, 0xcd, 0xdd, 0xf0
    dc.b    0x05, 0x1a, 0x2c, 0x39, 0x42, 0x45, 0x42, 0x3c, 0x34, 0x2b, 0x22, 0x1b, 0x16, 0x13, 0x11, 0x10
    dc.b    0x0e, 0x0c, 0x09, 0x04, 0x00, 0xfb, 0xf7, 0xf4, 0xf2, 0xf0, 0xef, 0xed, 0xe9, 0xe4, 0xdc, 0xd4
    dc.b    0xcb, 0xc3, 0xbe, 0xbc, 0xc0, 0xca, 0xd8, 0xea, 0xff, 0x13, 0x26, 0x35, 0x3f, 0x43, 0x42, 0x3e
    dc.b    0x36, 0x2d, 0x24, 0x1d, 0x17, 0x13, 0x11, 0x10, 0x0e, 0x0c, 0x09, 0x06, 0x01, 0xfc, 0xf8, 0xf5
    dc.b    0xf2, 0xf1, 0xef, 0xee, 0xeb, 0xe6, 0xdf, 0xd7, 0xce, 0xc6, 0xc0, 0xbd, 0xc0, 0xc7, 0xd4, 0xe5
    dc.b    0xf9, 0x0d, 0x20, 0x30, 0x3b, 0x41, 0x42, 0x3e, 0x38, 0x2f, 0x26, 0x1e, 0x18, 0x14, 0x12, 0x10
    dc.b    0x0f, 0x0d, 0x0a, 0x07, 0x02, 0xfe, 0xf9, 0xf6, 0xf3, 0xf1, 0xf0, 0xef, 0xec, 0xe8, 0xe2, 0xda
    dc.b    0xd2, 0xc9, 0xc2, 0xbf, 0xbf, 0xc5, 0xd0, 0xe0, 0xf3, 0x07, 0x1a, 0x2b, 0x38, 0x3f, 0x41, 0x3f
    dc.b    0x39, 0x31, 0x28, 0x20, 0x1a, 0x15, 0x12, 0x10, 0x0f, 0x0d, 0x0b, 0x08, 0x04, 0xff, 0xfb, 0xf7
    dc.b    0xf4, 0xf2, 0xf1, 0xef, 0xed, 0xea, 0xe5, 0xdd, 0xd5, 0xcd, 0xc5, 0xc0, 0xc0, 0xc4, 0xcd, 0xdb
    dc.b    0xed, 0x01, 0x14, 0x26, 0x33, 0x3c, 0x40, 0x3f, 0x3a, 0x33, 0x2a, 0x22, 0x1b, 0x16, 0x12, 0x10
    dc.b    0x0f, 0x0e, 0x0c, 0x09, 0x05, 0x01, 0xfc, 0xf8, 0xf5, 0xf3, 0xf1, 0xf0, 0xee, 0xeb, 0xe7, 0xe0
    dc.b    0xd8, 0xd0, 0xc8, 0xc3, 0xc1, 0xc3, 0xcb, 0xd7, 0xe8, 0xfb, 0x0e, 0x20, 0x2f, 0x39, 0x3e, 0x3f
    dc.b    0x3b, 0x34, 0x2c, 0x24, 0x1c, 0x17, 0x13, 0x11, 0x0f, 0x0e, 0x0c, 0x0a, 0x06, 0x02, 0xfd, 0xf9
    dc.b    0xf6, 0xf4, 0xf2, 0xf1, 0xef, 0xed, 0xe9, 0xe3, 0xdb, 0xd3, 0xcb, 0xc5, 0xc2, 0xc3, 0xc9, 0xd4
    dc.b    0xe3, 0xf5, 0x08, 0x1a, 0x2a, 0x36, 0x3c, 0x3e, 0x3b, 0x36, 0x2e, 0x25, 0x1e, 0x18, 0x14, 0x11
    dc.b    0x0f, 0x0e, 0x0d, 0x0a, 0x07, 0x03, 0xff, 0xfb, 0xf7, 0xf4, 0xf3, 0xf1, 0xf0, 0xee, 0xeb, 0xe5
    dc.b    0xde, 0xd6, 0xce, 0xc7, 0xc3, 0xc3, 0xc7, 0xd1, 0xde, 0xf0, 0x02, 0x15, 0x25, 0x32, 0x3a, 0x3d
    dc.b    0x3c, 0x37, 0x2f, 0x27, 0x20, 0x19, 0x14, 0x11, 0x0f, 0x0e, 0x0d, 0x0b, 0x08, 0x04, 0x00, 0xfc
    dc.b    0xf8, 0xf5, 0xf3, 0xf2, 0xf1, 0xef, 0xec, 0xe7, 0xe1, 0xda, 0xd1, 0xca, 0xc5, 0xc4, 0xc6, 0xce
    dc.b    0xdb, 0xea, 0xfd, 0x0f, 0x20, 0x2e, 0x37, 0x3c, 0x3c, 0x38, 0x31, 0x29, 0x21, 0x1a, 0x15, 0x12
    dc.b    0x10, 0x0e, 0x0d, 0x0b, 0x09, 0x05, 0x01, 0xfd, 0xf9, 0xf6, 0xf4, 0xf3, 0xf1, 0xf0, 0xed, 0xe9
    dc.b    0xe4, 0xdd, 0xd5, 0xcd, 0xc7, 0xc5, 0xc6, 0xcc, 0xd7, 0xe6, 0xf7, 0x09, 0x1b, 0x29, 0x34, 0x3a
    dc.b    0x3b, 0x38, 0x32, 0x2b, 0x23, 0x1c, 0x16, 0x12, 0x10, 0x0e, 0x0d, 0x0c, 0x0a, 0x06, 0x03, 0xfe
    dc.b    0xfb, 0xf7, 0xf5, 0xf3, 0xf2, 0xf1, 0xef, 0xeb, 0xe6, 0xdf, 0xd8, 0xd0, 0xca, 0xc6, 0xc6, 0xcb
    dc.b    0xd4, 0xe1, 0xf2, 0x04, 0x15, 0x25, 0x30, 0x38, 0x3a, 0x39, 0x34, 0x2c, 0x25, 0x1d, 0x17, 0x13
    dc.b    0x10, 0x0f, 0x0d, 0x0c, 0x0a, 0x07, 0x04, 0x00, 0xfc, 0xf8, 0xf6, 0xf4, 0xf3, 0xf1, 0xf0, 0xed
    dc.b    0xe8, 0xe2, 0xdb, 0xd3, 0xcc, 0xc8, 0xc7, 0xca, 0xd1, 0xde, 0xed, 0xfe, 0x10, 0x20, 0x2d, 0x35
    dc.b    0x39, 0x39, 0x34, 0x2e, 0x26, 0x1f, 0x19, 0x14, 0x11, 0x0f, 0x0d, 0x0c, 0x0b, 0x08, 0x05, 0x01
    dc.b    0xfd, 0xf9, 0xf6, 0xf4, 0xf3, 0xf2, 0xf1, 0xee, 0xea, 0xe4, 0xde, 0xd6, 0xcf, 0xca, 0xc7, 0xc9
    dc.b    0xcf, 0xda, 0xe8, 0xf9, 0x0b, 0x1b, 0x28, 0x32, 0x37, 0x38, 0x35, 0x2f, 0x28, 0x21, 0x1a, 0x15
    dc.b    0x11, 0x0f, 0x0e, 0x0c, 0x0b, 0x09, 0x06, 0x02, 0xfe, 0xfb, 0xf7, 0xf5, 0xf4, 0xf3, 0xf1, 0xef
    dc.b    0xec, 0xe7, 0xe0, 0xd9, 0xd2, 0xcc, 0xc9, 0xc9, 0xce, 0xd7, 0xe4, 0xf4, 0x05, 0x16, 0x24, 0x2f
    dc.b    0x35, 0x37, 0x36, 0x31, 0x2a, 0x22, 0x1b, 0x16, 0x12, 0x0f, 0x0e, 0x0d, 0x0b, 0x09, 0x07, 0x03
    dc.b    0xff, 0xfc, 0xf8, 0xf6, 0xf4, 0xf3, 0xf2, 0xf0, 0xed, 0xe9, 0xe3, 0xdc, 0xd5, 0xce, 0xca, 0xc9
    dc.b    0xcd, 0xd5, 0xe0, 0xef, 0x00, 0x11, 0x20, 0x2b, 0x33, 0x36, 0x36, 0x31, 0x2b, 0x24, 0x1d, 0x17
    dc.b    0x13, 0x10, 0x0e, 0x0d, 0x0c, 0x0a, 0x07, 0x04, 0x01, 0xfd, 0xf9, 0xf7, 0xf5, 0xf4, 0xf3, 0xf1
    dc.b    0xef, 0xeb, 0xe5, 0xdf, 0xd7, 0xd1, 0xcc, 0xca, 0xcc, 0xd3, 0xdd, 0xeb, 0xfb, 0x0b, 0x1b, 0x27
    dc.b    0x30, 0x35, 0x35, 0x32, 0x2c, 0x26, 0x1e, 0x18, 0x13, 0x10, 0x0e, 0x0d, 0x0c, 0x0a, 0x08, 0x05
    dc.b    0x02, 0xfe, 0xfa, 0xf8, 0xf6, 0xf4, 0xf3, 0xf2, 0xf0, 0xec, 0xe7, 0xe1, 0xda, 0xd3, 0xce, 0xcb
    dc.b    0xcc, 0xd1, 0xda, 0xe7, 0xf6, 0x06, 0x16, 0x23, 0x2d, 0x33, 0x35, 0x33, 0x2e, 0x27, 0x20, 0x1a
    dc.b    0x14, 0x11, 0x0e, 0x0d, 0x0c, 0x0b, 0x09, 0x06, 0x03, 0xff, 0xfc, 0xf9, 0xf6, 0xf5, 0xf4, 0xf3
    dc.b    0xf1, 0xee, 0xe9, 0xe4, 0xdd, 0xd6, 0xd0, 0xcd, 0xcc, 0xd0, 0xd8, 0xe3, 0xf2, 0x01, 0x11, 0x1f
    dc.b    0x2a, 0x31, 0x34, 0x33, 0x2f, 0x28, 0x22, 0x1b, 0x15, 0x11, 0x0f, 0x0d, 0x0c, 0x0b, 0x09, 0x07
    dc.b    0x04, 0x00, 0xfd, 0xf9, 0xf7, 0xf5, 0xf4, 0xf3, 0xf2, 0xef, 0xeb, 0xe6, 0xe0, 0xd9, 0xd3, 0xce
    dc.b    0xcd, 0xcf, 0xd5, 0xe0, 0xed, 0xfd, 0x0c, 0x1b, 0x27, 0x2f, 0x33, 0x33, 0x2f, 0x2a, 0x23, 0x1c
    dc.b    0x17, 0x12, 0x0f, 0x0d, 0x0c, 0x0b, 0x0a, 0x08, 0x05, 0x01, 0xfe, 0xfa, 0xf8, 0xf6, 0xf5, 0xf4
    dc.b    0xf2, 0xf0, 0xed, 0xe8, 0xe2, 0xdb, 0xd5, 0xd0, 0xce, 0xcf, 0xd4, 0xdd, 0xe9, 0xf8, 0x08, 0x16
    dc.b    0x23, 0x2c, 0x31, 0x32, 0x30, 0x2b, 0x25, 0x1e, 0x18, 0x13, 0x10, 0x0e, 0x0c, 0x0b, 0x0a, 0x08
    dc.b    0x06, 0x02, 0xff, 0xfb, 0xf9, 0xf7, 0xf5, 0xf4, 0xf3, 0xf1, 0xee, 0xea, 0xe4, 0xde, 0xd7, 0xd2
    dc.b    0xcf, 0xcf, 0xd3, 0xda, 0xe6, 0xf4, 0x03, 0x12, 0x1f, 0x29, 0x2f, 0x31, 0x30, 0x2c, 0x26, 0x1f
    dc.b    0x19, 0x14, 0x10, 0x0e, 0x0c, 0x0b, 0x0a, 0x09, 0x06, 0x03, 0x00, 0xfd, 0xfa, 0xf7, 0xf6, 0xf5
    dc.b    0xf4, 0xf2, 0xf0, 0xec, 0xe7, 0xe1, 0xda, 0xd4, 0xd0, 0xcf, 0xd2, 0xd8, 0xe2, 0xef, 0xfe, 0x0d
    dc.b    0x1b, 0x26, 0x2d, 0x30, 0x30, 0x2d, 0x27, 0x21, 0x1a, 0x15, 0x11, 0x0e, 0x0d, 0x0b, 0x0a, 0x09
    dc.b    0x07, 0x04, 0x01, 0xfe, 0xfa, 0xf8, 0xf6, 0xf5, 0xf4, 0xf3, 0xf1, 0xee, 0xe9, 0xe3, 0xdd, 0xd7
    dc.b    0xd2, 0xd0, 0xd1, 0xd7, 0xe0, 0xec, 0xfa, 0x08, 0x16, 0x22, 0x2a, 0x2f, 0x30, 0x2d, 0x28, 0x22
    dc.b    0x1c, 0x16, 0x12, 0x0f, 0x0d, 0x0c, 0x0b, 0x09, 0x08, 0x05, 0x02, 0xff, 0xfb, 0xf9, 0xf7, 0xf6
    dc.b    0xf5, 0xf4, 0xf2, 0xef, 0xeb, 0xe5, 0xdf, 0xd9, 0xd4, 0xd1, 0xd1, 0xd5, 0xdd, 0xe8, 0xf5, 0x04
    dc.b    0x12, 0x1e, 0x28, 0x2d, 0x2f, 0x2e, 0x29, 0x24, 0x1d, 0x17, 0x13, 0x0f, 0x0d, 0x0c, 0x0b, 0x0a
    dc.b    0x08, 0x06, 0x03, 0x00, 0xfc, 0xfa, 0xf7, 0xf6, 0xf5, 0xf4, 0xf3, 0xf0, 0xec, 0xe7, 0xe1, 0xdb
    dc.b    0xd6, 0xd2, 0xd2, 0xd4, 0xdb, 0xe5, 0xf1, 0x00, 0x0e, 0x1a, 0x25, 0x2b, 0x2e, 0x2e, 0x2a, 0x25
    dc.b    0x1f, 0x19, 0x14, 0x10, 0x0d, 0x0c, 0x0b, 0x0a, 0x08, 0x06, 0x04, 0x01, 0xfd, 0xfa, 0xf8, 0xf7
    dc.b    0xf6, 0xf5, 0xf3, 0xf1, 0xee, 0xe9, 0xe4, 0xde, 0xd8, 0xd4, 0xd2, 0xd4, 0xd9, 0xe2, 0xee, 0xfb
    dc.b    0x09, 0x16, 0x21, 0x29, 0x2d, 0x2d, 0x2b, 0x26, 0x20, 0x1a, 0x15, 0x11, 0x0e, 0x0c, 0x0b, 0x0a
    dc.b    0x09, 0x07, 0x05, 0x02, 0xfe, 0xfb, 0xf9, 0xf7, 0xf6, 0xf5, 0xf4, 0xf2, 0xef, 0xeb, 0xe6, 0xe0
    dc.b    0xda, 0xd6, 0xd3, 0xd4, 0xd8, 0xe0, 0xea, 0xf7, 0x05, 0x12, 0x1e, 0x26, 0x2b, 0x2d, 0x2b, 0x27
    dc.b    0x21, 0x1b, 0x16, 0x11, 0x0e, 0x0c, 0x0b, 0x0a, 0x09, 0x08, 0x05, 0x02, 0xff, 0xfc, 0xfa, 0xf8
    dc.b    0xf6, 0xf6, 0xf5, 0xf3, 0xf1, 0xed, 0xe8, 0xe2, 0xdd, 0xd8, 0xd4, 0xd4, 0xd7, 0xdd, 0xe7, 0xf3
    dc.b    0x01, 0x0e, 0x1a, 0x23, 0x2a, 0x2c, 0x2b, 0x28, 0x23, 0x1d, 0x17, 0x12, 0x0f, 0x0d, 0x0b, 0x0a
    dc.b    0x09, 0x08, 0x06, 0x03, 0x00, 0xfd, 0xfb, 0xf8, 0xf7, 0xf6, 0xf5, 0xf4, 0xf2, 0xef, 0xea, 0xe5
    dc.b    0xdf, 0xda, 0xd6, 0xd4, 0xd6, 0xdc, 0xe4, 0xf0, 0xfd, 0x0a, 0x16, 0x20, 0x27, 0x2b, 0x2b, 0x28
    dc.b    0x24, 0x1e, 0x18, 0x13, 0x0f, 0x0d, 0x0b, 0x0a, 0x09, 0x08, 0x06, 0x04, 0x01, 0xfe, 0xfb, 0xf9
    dc.b    0xf7, 0xf6, 0xf6, 0xf4, 0xf3, 0xf0, 0xec, 0xe7, 0xe1, 0xdc, 0xd7, 0xd5, 0xd6, 0xda, 0xe2, 0xec
    dc.b    0xf9, 0x06, 0x13, 0x1d, 0x25, 0x2a, 0x2b, 0x29, 0x25, 0x1f, 0x1a, 0x14, 0x10, 0x0d, 0x0c, 0x0a
    dc.b    0x0a, 0x09, 0x07, 0x05, 0x02, 0xff, 0xfc, 0xfa, 0xf8, 0xf7, 0xf6, 0xf5, 0xf4, 0xf1, 0xee, 0xe9
    dc.b    0xe3, 0xde, 0xd9, 0xd6, 0xd6, 0xd9, 0xe0, 0xe9, 0xf5, 0x02, 0x0f, 0x1a, 0x22, 0x28, 0x2a, 0x29
    dc.b    0x25, 0x20, 0x1b, 0x15, 0x11, 0x0e, 0x0c, 0x0b, 0x0a, 0x09, 0x07, 0x05, 0x03, 0x00, 0xfd, 0xfb
    dc.b    0xf9, 0xf7, 0xf6, 0xf6, 0xf4, 0xf2, 0xef, 0xeb, 0xe5, 0xe0, 0xdb, 0xd8, 0xd7, 0xd9, 0xde, 0xe7
    dc.b    0xf2, 0xfe, 0x0b, 0x16, 0x20, 0x26, 0x29, 0x29, 0x26, 0x21, 0x1c, 0x17, 0x12, 0x0e, 0x0c, 0x0b
    dc.b    0x0a, 0x09, 0x08, 0x06, 0x04, 0x01, 0xfe, 0xfb, 0xf9, 0xf8, 0xf7, 0xf6, 0xf5, 0xf3, 0xf0, 0xec
    dc.b    0xe7, 0xe2, 0xdd, 0xd9, 0xd7, 0xd8, 0xdd, 0xe4, 0xee, 0xfa, 0x07, 0x13, 0x1d, 0x24, 0x28, 0x29
    dc.b    0x27, 0x22, 0x1d, 0x18, 0x13, 0x0f, 0x0c, 0x0b, 0x0a, 0x09, 0x08, 0x06, 0x04, 0x02, 0xff, 0xfc
    dc.b    0xfa, 0xf8, 0xf7, 0xf6, 0xf5, 0xf4, 0xf2, 0xee, 0xe9, 0xe4, 0xdf, 0xdb, 0xd8, 0xd8, 0xdc, 0xe2
    dc.b    0xeb, 0xf7, 0x03, 0x0f, 0x19, 0x21, 0x26, 0x28, 0x27, 0x23, 0x1e, 0x19, 0x14, 0x10, 0x0d, 0x0b
    dc.b    0x0a, 0x09, 0x08, 0x07, 0x05, 0x03, 0x00, 0xfd, 0xfb, 0xf9, 0xf8, 0xf7, 0xf6, 0xf5, 0xf3, 0xf0
    dc.b    0xeb, 0xe6, 0xe1, 0xdc, 0xd9, 0xd9, 0xdb, 0xe0, 0xe9, 0xf3, 0xff, 0x0b, 0x16, 0x1f, 0x25, 0x27
    dc.b    0x27, 0x24, 0x1f, 0x1a, 0x15, 0x11, 0x0e, 0x0b, 0x0a, 0x09, 0x08, 0x07, 0x06, 0x03, 0x01, 0xfe
    dc.b    0xfb, 0xf9, 0xf8, 0xf7, 0xf6, 0xf5, 0xf4, 0xf1, 0xed, 0xe8, 0xe3, 0xde, 0xdb, 0xd9, 0xda, 0xdf
    dc.b    0xe6, 0xf0, 0xfc, 0x08, 0x13, 0x1c, 0x23, 0x26, 0x27, 0x24, 0x20, 0x1b, 0x16, 0x12, 0x0e, 0x0c
    dc.b    0x0a, 0x09, 0x09, 0x08, 0x06, 0x04, 0x01, 0xff, 0xfc, 0xfa, 0xf9, 0xf8, 0xf7, 0xf6, 0xf4, 0xf2
    dc.b    0xef, 0xea, 0xe5, 0xe0, 0xdc, 0xda, 0xda, 0xde, 0xe4, 0xed, 0xf8, 0x04, 0x0f, 0x19, 0x20, 0x25
    dc.b    0x26, 0x25, 0x21, 0x1c, 0x17, 0x13, 0x0f, 0x0c, 0x0a, 0x09, 0x09, 0x08, 0x06, 0x05, 0x02, 0x00
    dc.b    0xfd, 0xfb, 0xf9, 0xf8, 0xf7, 0xf6, 0xf5, 0xf3, 0xf0, 0xec, 0xe7, 0xe2, 0xde, 0xdb, 0xdb, 0xdd
    dc.b    0xe2, 0xeb, 0xf5, 0x00, 0x0c, 0x16, 0x1e, 0x23, 0x25, 0x25, 0x22, 0x1d, 0x19, 0x14, 0x10, 0x0d
    dc.b    0x0b, 0x09, 0x09, 0x08, 0x07, 0x05, 0x03, 0x00, 0xfe, 0xfb, 0xfa, 0xf8, 0xf7, 0xf7, 0xf6, 0xf4
    dc.b    0xf1, 0xee, 0xe9, 0xe4, 0xdf, 0xdc, 0xdb, 0xdd, 0xe1, 0xe8, 0xf2, 0xfd, 0x08, 0x13, 0x1b, 0x21
    dc.b    0x24, 0x25, 0x22, 0x1e, 0x1a, 0x15, 0x11, 0x0d, 0x0b, 0x0a, 0x09, 0x08, 0x07, 0x06, 0x04, 0x01
    dc.b    0xff, 0xfc, 0xfa, 0xf9, 0xf8, 0xf7, 0xf6, 0xf5, 0xf2, 0xef, 0xeb, 0xe6, 0xe1, 0xde, 0xdc, 0xdc
    dc.b    0xe0, 0xe6, 0xef, 0xfa, 0x05, 0x0f, 0x19, 0x1f, 0x23, 0x24, 0x23, 0x1f, 0x1b, 0x16, 0x11, 0x0e
    dc.b    0x0b, 0x0a, 0x09, 0x08, 0x07, 0x06, 0x04, 0x02, 0xff, 0xfd, 0xfb, 0xf9, 0xf8, 0xf7, 0xf7, 0xf6
    dc.b    0xf3, 0xf0, 0xec, 0xe8, 0xe3, 0xdf, 0xdd, 0xdc, 0xdf, 0xe4, 0xec, 0xf6, 0x01, 0x0c, 0x16, 0x1d
    dc.b    0x22, 0x24, 0x23, 0x20, 0x1c, 0x17, 0x12, 0x0f, 0x0c, 0x0a, 0x09, 0x08, 0x07, 0x06, 0x05, 0x03
    dc.b    0x00, 0xfe, 0xfb, 0xfa, 0xf9, 0xf8, 0xf7, 0xf6, 0xf4, 0xf2, 0xee, 0xea, 0xe5, 0xe1, 0xde, 0xdd
    dc.b    0xde, 0xe3, 0xea, 0xf3, 0xfe, 0x09, 0x13, 0x1b, 0x20, 0x23, 0x23, 0x20, 0x1d, 0x18, 0x13, 0x0f
    dc.b    0x0c, 0x0a, 0x09, 0x08, 0x08, 0x07, 0x05, 0x03, 0x01, 0xfe, 0xfc, 0xfa, 0xf9, 0xf8, 0xf7, 0xf7
    dc.b    0xf5, 0xf3, 0xf0, 0xeb, 0xe7, 0xe2, 0xdf, 0xdd, 0xde, 0xe2, 0xe8, 0xf1, 0xfb, 0x05, 0x10, 0x18
    dc.b    0x1e, 0x22, 0x22, 0x21, 0x1d, 0x19, 0x14, 0x10, 0x0d, 0x0b, 0x09, 0x08, 0x08, 0x07, 0x06, 0x04
    dc.b    0x02, 0xff, 0xfd, 0xfb, 0xf9, 0xf9, 0xf8, 0xf7, 0xf6, 0xf4, 0xf1, 0xed, 0xe9, 0xe4, 0xe0, 0xde
    dc.b    0xde, 0xe1, 0xe6, 0xee, 0xf8, 0x02, 0x0c, 0x15, 0x1c, 0x20, 0x22, 0x21, 0x1e, 0x1a, 0x15, 0x11
    dc.b    0x0e, 0x0b, 0x09, 0x08, 0x08, 0x07, 0x06, 0x04, 0x02, 0x00, 0xfe, 0xfc, 0xfa, 0xf9, 0xf8, 0xf7
    dc.b    0xf6, 0xf5, 0xf2, 0xef, 0xea, 0xe6, 0xe2, 0xdf, 0xdf, 0xe0, 0xe5, 0xec, 0xf5, 0xff, 0x09, 0x13
    dc.b    0x1a, 0x1f, 0x21, 0x21, 0x1f, 0x1b, 0x16, 0x12, 0x0e, 0x0c, 0x0a, 0x09, 0x08, 0x07, 0x06, 0x05
    dc.b    0x03, 0x01, 0xfe, 0xfc, 0xfa, 0xf9, 0xf8, 0xf8, 0xf7, 0xf6, 0xf3, 0xf0, 0xec, 0xe8, 0xe3, 0xe0
    dc.b    0xdf, 0xe0, 0xe4, 0xea, 0xf2, 0xfc, 0x06, 0x10, 0x18, 0x1d, 0x20, 0x21, 0x1f, 0x1c, 0x17, 0x13
    dc.b    0x0f, 0x0c, 0x0a, 0x09, 0x08, 0x07, 0x06, 0x05, 0x03, 0x01, 0xff, 0xfd, 0xfb, 0xfa, 0xf9, 0xf8
    dc.b    0xf7, 0xf6, 0xf4, 0xf1, 0xee, 0xe9, 0xe5, 0xe2, 0xe0, 0xe0, 0xe3, 0xe8, 0xf0, 0xf9, 0x03, 0x0d
    dc.b    0x15, 0x1b, 0x1f, 0x20, 0x1f, 0x1c, 0x18, 0x14, 0x10, 0x0d, 0x0a, 0x09, 0x08, 0x07, 0x07, 0x05
    dc.b    0x04, 0x02, 0x00, 0xfd, 0xfc, 0xfa, 0xf9, 0xf8, 0xf8, 0xf7, 0xf5, 0xf3, 0xef, 0xeb, 0xe7, 0xe3
    dc.b    0xe1, 0xe0, 0xe2, 0xe7, 0xee, 0xf6, 0x00, 0x0a, 0x12, 0x19, 0x1e, 0x20, 0x1f, 0x1d, 0x19, 0x15
    dc.b    0x11, 0x0d, 0x0b, 0x09, 0x08, 0x07, 0x07, 0x06, 0x04, 0x02, 0x00, 0xfe, 0xfc, 0xfb, 0xfa, 0xf9
    dc.b    0xf8, 0xf7, 0xf6, 0xf4, 0xf0, 0xed, 0xe8, 0xe4, 0xe2, 0xe1, 0xe2, 0xe5, 0xec, 0xf4, 0xfd, 0x07
    dc.b    0x10, 0x17, 0x1c, 0x1f, 0x1f, 0x1d, 0x1a, 0x16, 0x12, 0x0e, 0x0b, 0x09, 0x08, 0x07, 0x07, 0x06
    dc.b    0x05, 0x03, 0x01, 0xff, 0xfd, 0xfb, 0xfa, 0xf9, 0xf8, 0xf8, 0xf7, 0xf5, 0xf2, 0xee, 0xea, 0xe6
    dc.b    0xe3, 0xe1, 0xe2, 0xe5, 0xea, 0xf1, 0xfa, 0x04, 0x0d, 0x15, 0x1a, 0x1e, 0x1f, 0x1e, 0x1b, 0x17
    dc.b    0x13, 0x0f, 0x0c, 0x0a, 0x08, 0x08, 0x07, 0x06, 0x05, 0x04, 0x02, 0xff, 0xfd, 0xfc, 0xfa, 0xf9
    dc.b    0xf9, 0xf8, 0xf7, 0xf5, 0xf3, 0xef, 0xec, 0xe8, 0xe4, 0xe2, 0xe2, 0xe4, 0xe8, 0xef, 0xf8, 0x01
    dc.b    0x0a, 0x12, 0x19, 0x1d, 0x1e, 0x1e, 0x1b, 0x18, 0x14, 0x10, 0x0c, 0x0a, 0x09, 0x08, 0x07, 0x06
    dc.b    0x05, 0x04, 0x02, 0x00, 0xfe, 0xfc, 0xfb, 0xfa, 0xf9, 0xf8, 0xf8, 0xf6, 0xf4, 0xf1, 0xed, 0xe9
    dc.b    0xe5, 0xe3, 0xe2, 0xe3, 0xe7, 0xed, 0xf5, 0xfe, 0x07, 0x10, 0x16, 0x1b, 0x1d, 0x1e, 0x1c, 0x18
    dc.b    0x14, 0x11, 0x0d, 0x0b, 0x09, 0x08, 0x07, 0x06, 0x06, 0x04, 0x03, 0x01, 0xff, 0xfd, 0xfb, 0xfa
    dc.b    0xf9, 0xf9, 0xf8, 0xf7, 0xf5, 0xf2, 0xef, 0xeb, 0xe7, 0xe4, 0xe3, 0xe3, 0xe6, 0xec, 0xf3, 0xfb
    dc.b    0x04, 0x0d, 0x14, 0x1a, 0x1d, 0x1d, 0x1c, 0x19, 0x15, 0x11, 0x0e, 0x0b, 0x09, 0x08, 0x07, 0x07
    dc.b    0x06, 0x05, 0x03, 0x01, 0xff, 0xfd, 0xfc, 0xfa, 0xfa, 0xf9, 0xf8, 0xf7, 0xf6, 0xf3, 0xf0, 0xec
    dc.b    0xe8, 0xe5, 0xe3, 0xe3, 0xe6, 0xea, 0xf1, 0xf9, 0x02, 0x0a, 0x12, 0x18, 0x1b, 0x1d, 0x1c, 0x1a
    dc.b    0x16, 0x12, 0x0f, 0x0c, 0x09, 0x08, 0x07, 0x07, 0x06, 0x05, 0x04, 0x02, 0x00, 0xfe, 0xfc, 0xfb
    dc.b    0xfa, 0xf9, 0xf9, 0xf8, 0xf7, 0xf4, 0xf1, 0xee, 0xea, 0xe6, 0xe4, 0xe4, 0xe5, 0xe9, 0xef, 0xf6
    dc.b    0xff, 0x08, 0x10, 0x16, 0x1a, 0x1c, 0x1c, 0x1a, 0x17, 0x13, 0x0f, 0x0c, 0x0a, 0x08, 0x07, 0x07
    dc.b    0x06, 0x05, 0x04, 0x02, 0x01, 0xff, 0xfd, 0xfb, 0xfa, 0xfa, 0xf9, 0xf8, 0xf7, 0xf5, 0xf2, 0xef
    dc.b    0xeb, 0xe8, 0xe5, 0xe4, 0xe5, 0xe8, 0xed, 0xf4, 0xfc, 0x05, 0x0d, 0x14, 0x19, 0x1b, 0x1c, 0x1a
    dc.b    0x18, 0x14, 0x10, 0x0d, 0x0a, 0x09, 0x07, 0x07, 0x06, 0x05, 0x04, 0x03, 0x01, 0xff, 0xfd, 0xfc
    dc.b    0xfb, 0xfa, 0xf9, 0xf9, 0xf8, 0xf6, 0xf4, 0xf0, 0xed, 0xe9, 0xe6, 0xe5, 0xe5, 0xe7, 0xec, 0xf2
    dc.b    0xfa, 0x02, 0x0b, 0x12, 0x17, 0x1a, 0x1b, 0x1b, 0x18, 0x15, 0x11, 0x0e, 0x0b, 0x09, 0x08, 0x07
    dc.b    0x06, 0x06, 0x05, 0x03, 0x02, 0x00, 0xfe, 0xfc, 0xfb, 0xfa, 0xfa, 0xf9, 0xf8, 0xf7, 0xf5, 0xf2
    dc.b    0xee, 0xeb, 0xe7, 0xe5, 0xe5, 0xe7, 0xea, 0xf0, 0xf8, 0x00, 0x08, 0x0f, 0x15, 0x19, 0x1b, 0x1b
    dc.b    0x19, 0x15, 0x12, 0x0e, 0x0b, 0x09, 0x08, 0x07, 0x06, 0x06, 0x05, 0x04, 0x02, 0x00, 0xfe, 0xfd
    dc.b    0xfb, 0xfb, 0xfa, 0xf9, 0xf9, 0xf7, 0xf6, 0xf3, 0xf0, 0xec, 0xe9, 0xe6, 0xe5, 0xe6, 0xe9, 0xef
    dc.b    0xf5, 0xfd, 0x05, 0x0d, 0x13, 0x18, 0x1a, 0x1a, 0x19, 0x16, 0x13, 0x0f, 0x0c, 0x0a, 0x08, 0x07
    dc.b    0x06, 0x06, 0x05, 0x04, 0x03, 0x01, 0xff, 0xfd, 0xfc, 0xfb, 0xfa, 0xfa, 0xf9, 0xf8, 0xf6, 0xf4
    dc.b    0xf1, 0xed, 0xea, 0xe7, 0xe6, 0xe6, 0xe9, 0xed, 0xf3, 0xfb, 0x03, 0x0b, 0x11, 0x16, 0x19, 0x1a
    dc.b    0x19, 0x17, 0x13, 0x10, 0x0d, 0x0a, 0x08, 0x07, 0x06, 0x06, 0x05, 0x04, 0x03, 0x01, 0x00, 0xfe
    dc.b    0xfc, 0xfb, 0xfa, 0xfa, 0xf9, 0xf9, 0xf7, 0xf5, 0xf2, 0xef, 0xeb, 0xe8, 0xe7, 0xe6, 0xe8, 0xec
    dc.b    0xf2, 0xf9, 0x00, 0x08, 0x0f, 0x15, 0x18, 0x1a, 0x19, 0x17, 0x14, 0x11, 0x0d, 0x0b, 0x09, 0x07
    dc.b    0x06, 0x06, 0x05, 0x05, 0x03, 0x02, 0x00, 0xfe, 0xfd, 0xfc, 0xfb, 0xfa, 0xfa, 0xf9, 0xf8, 0xf6
    dc.b    0xf3, 0xf0, 0xed, 0xea, 0xe7, 0xe7, 0xe8, 0xeb, 0xf0, 0xf7, 0xfe, 0x06, 0x0d, 0x13, 0x17, 0x19
    dc.b    0x19, 0x18, 0x15, 0x11, 0x0e, 0x0b, 0x09, 0x08, 0x07, 0x06, 0x06, 0x05, 0x04, 0x02, 0x01, 0xff
    dc.b    0xfd, 0xfc, 0xfb, 0xfa, 0xfa, 0xf9, 0xf8, 0xf7, 0xf4, 0xf1, 0xee, 0xeb, 0xe8, 0xe7, 0xe8, 0xea
    dc.b    0xee, 0xf5, 0xfc, 0x03, 0x0b, 0x11, 0x16, 0x18, 0x19, 0x18, 0x15, 0x12, 0x0f, 0x0c, 0x09, 0x08
    dc.b    0x07, 0x06, 0x06, 0x05, 0x04, 0x03, 0x01, 0xff, 0xfe, 0xfc, 0xfb, 0xfb, 0xfa, 0xfa, 0xf9, 0xf7
    dc.b    0xf5, 0xf2, 0xef, 0xec, 0xe9, 0xe8, 0xe8, 0xe9, 0xed, 0xf3, 0xfa, 0x01, 0x09, 0x0f, 0x14, 0x17
    dc.b    0x18, 0x18, 0x16, 0x13, 0x10, 0x0d, 0x0a, 0x08, 0x07, 0x06, 0x06, 0x05, 0x04, 0x03, 0x02, 0x00
    dc.b    0xfe, 0xfd, 0xfc, 0xfb, 0xfa, 0xfa, 0xf9, 0xf8, 0xf6, 0xf4, 0xf1, 0xed, 0xea, 0xe8, 0xe8, 0xe9
    dc.b    0xec, 0xf1, 0xf8, 0xff, 0x06, 0x0d, 0x12, 0x16, 0x18, 0x18, 0x16, 0x14, 0x10, 0x0d, 0x0a, 0x08
    dc.b    0x07, 0x06, 0x06, 0x05, 0x05, 0x03, 0x02, 0x01, 0xff, 0xfd, 0xfc, 0xfb, 0xfb, 0xfa, 0xfa, 0xf9
    dc.b    0xf7, 0xf5, 0xf2, 0xef, 0xec, 0xe9, 0xe8, 0xe9, 0xeb, 0xf0, 0xf6, 0xfd, 0x04, 0x0b, 0x11, 0x15
    dc.b    0x17, 0x18, 0x16, 0x14, 0x11, 0x0e, 0x0b, 0x09, 0x07, 0x06, 0x06, 0x05, 0x05, 0x04, 0x03, 0x01
    dc.b    0xff, 0xfe, 0xfc, 0xfb, 0xfb, 0xfa, 0xfa, 0xf9, 0xf8, 0xf6, 0xf3, 0xf0, 0xed, 0xea, 0xe9, 0xe9
    dc.b    0xeb, 0xef, 0xf4, 0xfb, 0x02, 0x09, 0x0f, 0x13, 0x16, 0x17, 0x17, 0x15, 0x12, 0x0f, 0x0c, 0x09
    dc.b    0x08, 0x06, 0x06, 0x05, 0x05, 0x04, 0x03, 0x01, 0x00, 0xfe, 0xfd, 0xfc, 0xfb, 0xfb, 0xfa, 0xf9
    dc.b    0xf8, 0xf6, 0xf4, 0xf1, 0xee, 0xeb, 0xe9, 0xe9, 0xea, 0xee, 0xf2, 0xf9, 0x00, 0x07, 0x0d, 0x12
    dc.b    0x15, 0x17, 0x17, 0x15, 0x12, 0x0f, 0x0c, 0x0a, 0x08, 0x07, 0x06, 0x05, 0x05, 0x04, 0x03, 0x02
    dc.b    0x00, 0xff, 0xfd, 0xfc, 0xfb, 0xfb, 0xfa, 0xfa, 0xf9, 0xf7, 0xf5, 0xf2, 0xef, 0xec, 0xea, 0xe9
    dc.b    0xea, 0xed, 0xf1, 0xf7, 0xfd, 0x04, 0x0b, 0x10, 0x14, 0x16, 0x16, 0x15, 0x13, 0x10, 0x0d, 0x0a
    dc.b    0x08, 0x07, 0x06, 0x05, 0x05, 0x04, 0x04, 0x02, 0x01, 0xff, 0xfe, 0xfd, 0xfc, 0xfb, 0xfb, 0xfa
    dc.b    0xf9, 0xf8, 0xf6, 0xf3, 0xf0, 0xed, 0xeb, 0xea, 0xea, 0xec, 0xf0, 0xf5, 0xfb, 0x02, 0x09, 0x0f
    dc.b    0x13, 0x15, 0x16, 0x15, 0x13, 0x11, 0x0e, 0x0b, 0x09, 0x07, 0x06, 0x05, 0x05, 0x05, 0x04, 0x03
    dc.b    0x01, 0x00, 0xfe, 0xfd, 0xfc, 0xfb, 0xfb, 0xfa, 0xfa, 0xf8, 0xf7, 0xf4, 0xf1, 0xef, 0xec, 0xea
    dc.b    0xea, 0xec, 0xef, 0xf4, 0xfa, 0x00, 0x07, 0x0d, 0x11, 0x14, 0x16, 0x15, 0x14, 0x11, 0x0e, 0x0b
    dc.b    0x09, 0x07, 0x06, 0x06, 0x05, 0x05, 0x04, 0x03, 0x02, 0x00, 0xff, 0xfd, 0xfc, 0xfc, 0xfb, 0xfb
    dc.b    0xfa, 0xf9, 0xf7, 0xf5, 0xf3, 0xf0, 0xed, 0xeb, 0xea, 0xeb, 0xee, 0xf2, 0xf8, 0xfe, 0x05, 0x0b
    dc.b    0x10, 0x13, 0x15, 0x15, 0x14, 0x12, 0x0f, 0x0c, 0x0a, 0x08, 0x06, 0x06, 0x05, 0x05, 0x04, 0x03
    dc.b    0x02, 0x01, 0xff, 0xfe, 0xfd, 0xfc, 0xfb, 0xfb, 0xfa, 0xf9, 0xf8, 0xf6, 0xf4, 0xf1, 0xee, 0xec
    dc.b    0xeb, 0xeb, 0xed, 0xf1, 0xf6, 0xfc, 0x03, 0x09, 0x0e, 0x12, 0x15, 0x15, 0x14, 0x12, 0x10, 0x0d
    dc.b    0x0a, 0x08, 0x07, 0x06, 0x05, 0x05, 0x04, 0x03, 0x02, 0x01, 0x00, 0xfe, 0xfd, 0xfc, 0xfb, 0xfb
    dc.b    0xfb, 0xfa, 0xf9, 0xf7, 0xf5, 0xf2, 0xef, 0xed, 0xeb, 0xeb, 0xed, 0xf0, 0xf5, 0xfa, 0x01, 0x07
    dc.b    0x0d, 0x11, 0x14, 0x15, 0x14, 0x13, 0x10, 0x0d, 0x0b, 0x09, 0x07, 0x06, 0x05, 0x05, 0x04, 0x04
    dc.b    0x03, 0x01, 0x00, 0xff, 0xfd, 0xfc, 0xfc, 0xfb, 0xfb, 0xfa, 0xf9, 0xf8, 0xf6, 0xf3, 0xf0, 0xee
    dc.b    0xec, 0xeb, 0xec, 0xef, 0xf3, 0xf9, 0xff, 0x05, 0x0b, 0x10, 0x13, 0x14, 0x14, 0x13, 0x11, 0x0e
    dc.b    0x0b, 0x09, 0x07, 0x06, 0x05, 0x05, 0x04, 0x04, 0x03, 0x02, 0x00, 0xff, 0xfe, 0xfd, 0xfc, 0xfb
    dc.b    0xfb, 0xfb, 0xfa, 0xf8, 0xf6, 0xf4, 0xf1, 0xef, 0xed, 0xec, 0xec, 0xee, 0xf2, 0xf7, 0xfd, 0x03
    dc.b    0x09, 0x0e, 0x12, 0x14, 0x14, 0x13, 0x11, 0x0f, 0x0c, 0x09, 0x08, 0x06, 0x05, 0x05, 0x04, 0x04
    dc.b    0x03, 0x02, 0x01, 0xff, 0xfe, 0xfd, 0xfc, 0xfc, 0xfb, 0xfb, 0xfa, 0xf9, 0xf7, 0xf5, 0xf2, 0xf0
    dc.b    0xee, 0xec, 0xec, 0xee, 0xf1, 0xf6, 0xfb, 0x01, 0x07, 0x0c, 0x10, 0x13, 0x14, 0x13, 0x12, 0x0f
    dc.b    0x0c, 0x0a, 0x08, 0x06, 0x05, 0x05, 0x05, 0x04, 0x03, 0x02, 0x01, 0x00, 0xff, 0xfd, 0xfc, 0xfc
    dc.b    0xfb, 0xfb, 0xfa, 0xf9, 0xf8, 0xf6, 0xf3, 0xf1, 0xee, 0xed, 0xec, 0xee, 0xf0, 0xf4, 0xfa, 0xff
    dc.b    0x05, 0x0b, 0x0f, 0x12, 0x13, 0x13, 0x12, 0x10, 0x0d, 0x0b, 0x08, 0x07, 0x06, 0x05, 0x05, 0x04
    dc.b    0x04, 0x03, 0x02, 0x00, 0xff, 0xfe, 0xfd, 0xfc, 0xfc, 0xfb, 0xfb, 0xfa, 0xf9, 0xf7, 0xf4, 0xf2
    dc.b    0xef, 0xee, 0xed, 0xed, 0xf0, 0xf3, 0xf8, 0xfe, 0x04, 0x09, 0x0e, 0x11, 0x13, 0x13, 0x12, 0x10
    dc.b    0x0e, 0x0b, 0x09, 0x07, 0x06, 0x05, 0x05, 0x04, 0x04, 0x03, 0x02, 0x01, 0xff, 0xfe, 0xfd, 0xfc
    dc.b    0xfc, 0xfb, 0xfb, 0xfa, 0xf9, 0xf7, 0xf5, 0xf3, 0xf0, 0xee, 0xed, 0xed, 0xef, 0xf2, 0xf7, 0xfc
    dc.b    0x02, 0x07, 0x0c, 0x10, 0x12, 0x13, 0x12, 0x10, 0x0e, 0x0c, 0x09, 0x07, 0x06, 0x05, 0x05, 0x04
    dc.b    0x04, 0x03, 0x02, 0x01, 0x00, 0xff, 0xfd, 0xfd, 0xfc, 0xfc, 0xfb, 0xfb, 0xfa, 0xf8, 0xf6, 0xf4
    dc.b    0xf1, 0xef, 0xee, 0xed, 0xef, 0xf1, 0xf5, 0xfa, 0x00, 0x06, 0x0b, 0x0f, 0x11, 0x12, 0x12, 0x11
    dc.b    0x0f, 0x0c, 0x0a, 0x08, 0x06, 0x05, 0x05, 0x04, 0x04, 0x03, 0x03, 0x01, 0x00, 0xff, 0xfe, 0xfd
    dc.b    0xfc, 0xfc, 0xfb, 0xfb, 0xfa, 0xf9, 0xf7, 0xf5, 0xf2, 0xf0, 0xee, 0xee, 0xee, 0xf1, 0xf4, 0xf9
    dc.b    0xfe, 0x04, 0x09, 0x0d, 0x10, 0x12, 0x12, 0x11, 0x0f, 0x0d, 0x0a, 0x08, 0x07, 0x05, 0x05, 0x04
    dc.b    0x04, 0x04, 0x03, 0x02, 0x01, 0xff, 0xfe, 0xfd, 0xfc, 0xfc, 0xfc, 0xfb, 0xfa, 0xf9, 0xf8, 0xf6
    dc.b    0xf3, 0xf1, 0xef, 0xee, 0xee, 0xf0, 0xf3, 0xf7, 0xfd, 0x02, 0x07, 0x0c, 0x0f, 0x11, 0x12, 0x11
    dc.b    0x10, 0x0d, 0x0b, 0x09, 0x07, 0x06, 0x05, 0x04, 0x04, 0x04, 0x03, 0x02, 0x01, 0x00, 0xfe, 0xfd
    dc.b    0xfd, 0xfc, 0xfc, 0xfb, 0xfb, 0xfa, 0xf8, 0xf6, 0xf4, 0xf2, 0xf0, 0xef, 0xee, 0xf0, 0xf2, 0xf6
    dc.b    0xfb, 0x00, 0x06, 0x0b, 0x0e, 0x11, 0x12, 0x11, 0x10, 0x0e, 0x0b, 0x09, 0x07, 0x06, 0x05, 0x04
    dc.b    0x04, 0x04, 0x03, 0x02, 0x01, 0x00, 0xff, 0xfe, 0xfd, 0xfc, 0xfc, 0xfc, 0xfb, 0xfa, 0xf9, 0xf7
    dc.b    0xf5, 0xf3, 0xf1, 0xef, 0xef, 0xef, 0xf2, 0xf5, 0xfa, 0xff, 0x04, 0x09, 0x0d, 0x10, 0x11, 0x11
    dc.b    0x10, 0x0e, 0x0c, 0x0a, 0x08, 0x06, 0x05, 0x05, 0x04, 0x04, 0x03, 0x03, 0x02, 0x00, 0xff, 0xfe
    dc.b    0xfd, 0xfd, 0xfc, 0xfc, 0xfb, 0xfb, 0xfa, 0xf8, 0xf6, 0xf4, 0xf1, 0xf0, 0xef, 0xef, 0xf1, 0xf4
    dc.b    0xf8, 0xfd, 0x03, 0x08, 0x0c, 0x0f, 0x11, 0x11, 0x10, 0x0f, 0x0c, 0x0a, 0x08, 0x06, 0x05, 0x05
    dc.b    0x04, 0x04, 0x03, 0x03, 0x02, 0x01, 0x00, 0xfe, 0xfe, 0xfd, 0xfc, 0xfc, 0xfc, 0xfb, 0xfa, 0xf9
    dc.b    0xf7, 0xf4, 0xf2, 0xf0, 0xef, 0xef, 0xf1, 0xf3, 0xf7, 0xfc, 0x01, 0x06, 0x0a, 0x0e, 0x10, 0x11
    dc.b    0x10, 0x0f, 0x0d, 0x0b, 0x09, 0x07, 0x06, 0x05, 0x04, 0x04, 0x03, 0x03, 0x02, 0x01, 0x00, 0xff
    dc.b    0xfe, 0xfd, 0xfc, 0xfc, 0xfc, 0xfb, 0xfa, 0xf9, 0xf7, 0xf5, 0xf3, 0xf1, 0xf0, 0xef, 0xf0, 0xf2
    dc.b    0xf6, 0xfa, 0xff, 0x04, 0x09, 0x0d, 0x0f, 0x10, 0x10, 0x0f, 0x0d, 0x0b, 0x09, 0x07, 0x06, 0x05
    dc.b    0x04, 0x04, 0x04, 0x03, 0x02, 0x01, 0x00, 0xff, 0xfe, 0xfd, 0xfd, 0xfc, 0xfc, 0xfc, 0xfb, 0xfa
    dc.b    0xf8, 0xf6, 0xf4, 0xf2, 0xf0, 0xf0, 0xf0, 0xf2, 0xf5, 0xf9, 0xfe, 0x03, 0x08, 0x0c, 0x0e, 0x10
    dc.b    0x10, 0x0f, 0x0e, 0x0c, 0x09, 0x08, 0x06, 0x05, 0x04, 0x04, 0x04, 0x03, 0x03, 0x02, 0x01, 0x00
    dc.b    0xfe, 0xfe, 0xfd, 0xfc, 0xfc, 0xfc, 0xfb, 0xfa, 0xf9, 0xf7, 0xf5, 0xf3, 0xf1, 0xf0, 0xf0, 0xf1
    dc.b    0xf4, 0xf8, 0xfc, 0x01, 0x06, 0x0a, 0x0d, 0x0f, 0x10, 0x0f, 0x0e, 0x0c, 0x0a, 0x08, 0x06, 0x05
    dc.b    0x04, 0x04, 0x04, 0x03, 0x03, 0x02, 0x01, 0x00, 0xff, 0xfe, 0xfd, 0xfd, 0xfc, 0xfc, 0xfb, 0xfb
    dc.b    0xf9, 0xf8, 0xf6, 0xf4, 0xf2, 0xf0, 0xf0, 0xf1, 0xf3, 0xf7, 0xfb, 0x00, 0x05, 0x09, 0x0c, 0x0f
    dc.b    0x10, 0x0f, 0x0e, 0x0d, 0x0a, 0x08, 0x07, 0x05, 0x05, 0x04, 0x04, 0x03, 0x03, 0x02, 0x01, 0x00
    dc.b    0xff, 0xfe, 0xfd, 0xfd, 0xfc, 0xfc, 0xfc, 0xfb, 0xfa, 0xf8, 0xf6, 0xf4, 0xf2, 0xf1, 0xf0, 0xf1
    dc.b    0xf3, 0xf6, 0xfa, 0xfe, 0x03, 0x08, 0x0b, 0x0e, 0x0f, 0x0f, 0x0f, 0x0d, 0x0b, 0x09, 0x07, 0x06
    dc.b    0x05, 0x04, 0x04, 0x03, 0x03, 0x02, 0x02, 0x01, 0xff, 0xfe, 0xfe, 0xfd, 0xfd, 0xfc, 0xfc, 0xfb
    dc.b    0xfa, 0xf9, 0xf7, 0xf5, 0xf3, 0xf2, 0xf1, 0xf1, 0xf2, 0xf5, 0xf9, 0xfd, 0x02, 0x06, 0x0a, 0x0d
    dc.b    0x0f, 0x0f, 0x0f, 0x0d, 0x0b, 0x09, 0x07, 0x06, 0x05, 0x04, 0x04, 0x03, 0x03, 0x03, 0x02, 0x01
    dc.b    0x00, 0xff, 0xfe, 0xfd, 0xfd, 0xfc, 0xfc, 0xfc, 0xfb, 0xfa, 0xf8, 0xf6, 0xf4, 0xf2, 0xf1, 0xf1
    dc.b    0xf2, 0xf4, 0xf8, 0xfc, 0x00, 0x05, 0x09, 0x0c, 0x0e, 0x0f, 0x0f, 0x0d, 0x0c, 0x0a, 0x08, 0x06
    dc.b    0x05, 0x04, 0x04, 0x03, 0x03, 0x03, 0x02, 0x01, 0x00, 0xff, 0xfe, 0xfd, 0xfd, 0xfd, 0xfc, 0xfc
    dc.b    0xfb, 0xfa, 0xf9, 0xf7, 0xf5, 0xf3, 0xf2, 0xf1, 0xf2, 0xf4, 0xf7, 0xfa, 0xff, 0x03, 0x08, 0x0b
    dc.b    0x0d, 0x0f, 0x0f, 0x0e, 0x0c, 0x0a, 0x08, 0x07, 0x05, 0x04, 0x04, 0x04, 0x03, 0x03, 0x02, 0x01
    dc.b    0x00, 0xff, 0xfe, 0xfe, 0xfd, 0xfd, 0xfc, 0xfc, 0xfc, 0xfb, 0xf9, 0xf7, 0xf5, 0xf4, 0xf2, 0xf1
    dc.b    0xf2, 0xf3, 0xf6, 0xf9, 0xfe, 0x02, 0x06, 0x0a, 0x0d, 0x0e, 0x0e, 0x0e, 0x0c, 0x0b, 0x09, 0x07
    dc.b    0x06, 0x05, 0x04, 0x04, 0x03, 0x03, 0x02, 0x02, 0x01, 0x00, 0xff, 0xfe, 0xfd, 0xfd, 0xfd, 0xfc
    dc.b    0xfc, 0xfb, 0xfa, 0xf8, 0xf6, 0xf4, 0xf3, 0xf2, 0xf2, 0xf3, 0xf5, 0xf8, 0xfc, 0x01, 0x05, 0x09
    dc.b    0x0c, 0x0e, 0x0e, 0x0e, 0x0d, 0x0b, 0x09, 0x07, 0x06, 0x05, 0x04, 0x04, 0x03, 0x03, 0x03, 0x02
    dc.b    0x01, 0x00, 0xff, 0xfe, 0xfd, 0xfd, 0xfd, 0xfc, 0xfc, 0xfb, 0xfa, 0xf9, 0xf7, 0xf5, 0xf3, 0xf2
    dc.b    0xf2, 0xf3, 0xf4, 0xf7, 0xfb, 0xff, 0x04, 0x08, 0x0b, 0x0d, 0x0e, 0x0e, 0x0d, 0x0b, 0x0a, 0x08
    dc.b    0x06, 0x05, 0x04, 0x04, 0x03, 0x03, 0x03, 0x02, 0x01, 0x00, 0xff, 0xfe, 0xfe, 0xfd, 0xfd, 0xfd
    dc.b    0xfc, 0xfc, 0xfb, 0xf9, 0xf8, 0xf6, 0xf4, 0xf3, 0xf2, 0xf3, 0xf4, 0xf7, 0xfa, 0xfe, 0x02, 0x06
    dc.b    0x0a, 0x0c, 0x0e, 0x0e, 0x0d, 0x0c, 0x0a, 0x08, 0x06, 0x05, 0x04, 0x04, 0x03, 0x03, 0x03, 0x02
    dc.b    0x01, 0x01, 0x00, 0xff, 0xfe, 0xfd, 0xfd, 0xfd, 0xfc, 0xfc, 0xfb, 0xfa, 0xf8, 0xf7, 0xf5, 0xf3
    dc.b    0xf2, 0xf3, 0xf4, 0xf6, 0xf9, 0xfd, 0x01, 0x05, 0x09, 0x0b, 0x0d, 0x0e, 0x0d, 0x0c, 0x0a, 0x09
    dc.b    0x07, 0x05, 0x04, 0x04, 0x03, 0x03, 0x03, 0x02, 0x02, 0x01, 0x00, 0xff, 0xfe, 0xfe, 0xfd, 0xfd
    dc.b    0xfd, 0xfc, 0xfb, 0xfa, 0xf9, 0xf7, 0xf5, 0xf4, 0xf3, 0xf3, 0xf3, 0xf5, 0xf8, 0xfc, 0x00, 0x04
    dc.b    0x08, 0x0a, 0x0c, 0x0d, 0x0d, 0x0c, 0x0b, 0x09, 0x07, 0x06, 0x05, 0x04, 0x03, 0x03, 0x03, 0x02
    dc.b    0x02, 0x01, 0x00, 0xff, 0xfe, 0xfe, 0xfd, 0xfd, 0xfd, 0xfc, 0xfc, 0xfb, 0xfa, 0xf8, 0xf6, 0xf5
    dc.b    0xf3, 0xf3, 0xf3, 0xf5, 0xf7, 0xfb, 0xff, 0x03, 0x06, 0x0a, 0x0c, 0x0d, 0x0d, 0x0c, 0x0b, 0x09
    dc.b    0x08, 0x06, 0x05, 0x04, 0x03, 0x03, 0x03, 0x03, 0x02, 0x01, 0x00, 0x00, 0xff, 0xfe, 0xfd, 0xfd
    dc.b    0xfd, 0xfd, 0xfc, 0xfb, 0xfa, 0xf9, 0xf7, 0xf5, 0xf4, 0xf3, 0xf3, 0xf4, 0xf7, 0xfa, 0xfd, 0x01
    dc.b    0x05, 0x08, 0x0b, 0x0c, 0x0d, 0x0c, 0x0b, 0x0a, 0x08, 0x06, 0x05, 0x04, 0x04, 0x03, 0x03, 0x03
    dc.b    0x02, 0x02, 0x01, 0x00, 0xff, 0xfe, 0xfe, 0xfd, 0xfd, 0xfd, 0xfc, 0xfc, 0xfb, 0xf9, 0xf8, 0xf6
    dc.b    0xf4, 0xf3, 0xf3, 0xf4, 0xf6, 0xf9, 0xfc, 0x00, 0x04, 0x07, 0x0a, 0x0c, 0x0d, 0x0c, 0x0b, 0x0a
    dc.b    0x08, 0x07, 0x05, 0x04, 0x04, 0x03, 0x03, 0x03, 0x02, 0x02, 0x01, 0x00, 0xff, 0xfe, 0xfe, 0xfd
    dc.b    0xfd, 0xfd, 0xfd, 0xfc, 0xfb, 0xfa, 0xf8, 0xf6, 0xf5, 0xf4, 0xf3, 0xf4, 0xf5, 0xf8, 0xfb, 0xff
    dc.b    0x03, 0x06, 0x09, 0x0b, 0x0c, 0x0c, 0x0c, 0x0a, 0x09, 0x07, 0x06, 0x04, 0x04, 0x03, 0x03, 0x03
    dc.b    0x02, 0x02, 0x01, 0x00, 0xff, 0xff, 0xfe, 0xfe, 0xfd, 0xfd, 0xfd, 0xfc, 0xfb, 0xfa, 0xf9, 0xf7
    dc.b    0xf6, 0xf4, 0xf4, 0xf4, 0xf5, 0xf7, 0xfa, 0xfe, 0x02, 0x05, 0x08, 0x0b, 0x0c, 0x0c, 0x0c, 0x0b
    dc.b    0x09, 0x07, 0x06, 0x05, 0x04, 0x03, 0x03, 0x03, 0x02, 0x02, 0x01, 0x01, 0x00, 0xff, 0xfe, 0xfe
    dc.b    0xfd, 0xfd, 0xfd, 0xfc, 0xfc, 0xfb, 0xf9, 0xf8, 0xf6, 0xf5, 0xf4, 0xf4, 0xf5, 0xf7, 0xf9, 0xfd
    dc.b    0x00, 0x04, 0x07, 0x0a, 0x0b, 0x0c, 0x0c, 0x0b, 0x09, 0x08, 0x06, 0x05, 0x04, 0x03, 0x03, 0x03
    dc.b    0x03, 0x02, 0x02, 0x01, 0x00, 0xff, 0xfe, 0xfe, 0xfd, 0xfd, 0xfd, 0xfd, 0xfc, 0xfb, 0xfa, 0xf8
    dc.b    0xf7, 0xf5, 0xf4, 0xf4, 0xf5, 0xf6, 0xf9, 0xfc, 0xff, 0x03, 0x06, 0x09, 0x0b, 0x0c, 0x0c, 0x0b
    dc.b    0x0a, 0x08, 0x07, 0x05, 0x04, 0x04, 0x03, 0x03, 0x03, 0x02, 0x02, 0x01, 0x00, 0xff, 0xff, 0xfe
    dc.b    0xfe, 0xfd, 0xfd, 0xfd, 0xfc, 0xfc, 0xfa, 0xf9, 0xf7, 0xf6, 0xf5, 0xf4, 0xf5, 0xf6, 0xf8, 0xfb
    dc.b    0xfe, 0x02, 0x05, 0x08, 0x0a, 0x0b, 0x0c, 0x0b, 0x0a, 0x08, 0x07, 0x06, 0x04, 0x04, 0x03, 0x03
    dc.b    0x03, 0x02, 0x02, 0x01, 0x01, 0x00, 0xff, 0xfe, 0xfe, 0xfd, 0xfd, 0xfd, 0xfd, 0xfc, 0xfb, 0xfa
    dc.b    0xf8, 0xf7, 0xf5, 0xf5, 0xf5, 0xf5, 0xf7, 0xfa, 0xfd, 0x01, 0x04, 0x07, 0x0a, 0x0b, 0x0c, 0x0b
    dc.b    0x0a, 0x09, 0x07, 0x06, 0x05, 0x04, 0x03, 0x03, 0x03, 0x02, 0x02, 0x01, 0x01, 0x00, 0xff, 0xfe
    dc.b    0xfe, 0xfe, 0xfd, 0xfd, 0xfd, 0xfc, 0xfb, 0xfa, 0xf9, 0xf7, 0xf6, 0xf5, 0xf5, 0xf5, 0xf7, 0xf9
    dc.b    0xfc, 0x00, 0x03, 0x06, 0x09, 0x0b, 0x0b, 0x0b, 0x0a, 0x09, 0x08, 0x06, 0x05, 0x04, 0x03, 0x03
    dc.b    0x03, 0x02, 0x02, 0x02, 0x01, 0x00, 0xff, 0xff, 0xfe, 0xfe, 0xfd, 0xfd, 0xfd, 0xfc, 0xfc, 0xfb
    dc.b    0xf9, 0xf8, 0xf6, 0xf5, 0xf5, 0xf5, 0xf6, 0xf9, 0xfb, 0xff, 0x02, 0x05, 0x08, 0x0a, 0x0b, 0x0b
    dc.b    0x0b, 0x09, 0x08, 0x06, 0x05, 0x04, 0x03, 0x03, 0x03, 0x02, 0x02, 0x02, 0x01, 0x00, 0x00, 0xff
    dc.b    0xfe, 0xfe, 0xfe, 0xfd, 0xfd, 0xfd, 0xfc, 0xfb, 0xfa, 0xf8, 0xf7, 0xf6, 0xf5, 0xf5, 0xf6, 0xf8
    dc.b    0xfb, 0xfe, 0x01, 0x04, 0x07, 0x09, 0x0b, 0x0b, 0x0b, 0x0a, 0x08, 0x07, 0x05, 0x04, 0x04, 0x03
    dc.b    0x03, 0x02, 0x02, 0x02, 0x01, 0x01, 0x00, 0xff, 0xfe, 0xfe, 0xfe, 0xfd, 0xfd, 0xfd, 0xfc, 0xfb
    dc.b    0xfa, 0xf9, 0xf7, 0xf6, 0xf5, 0xf5, 0xf6, 0xf7, 0xfa, 0xfd, 0x00, 0x03, 0x06, 0x09, 0x0a, 0x0b
    dc.b    0x0b, 0x0a, 0x09, 0x07, 0x06, 0x05, 0x04, 0x03, 0x03, 0x03, 0x02, 0x02, 0x01, 0x01, 0x00, 0xff
    dc.b    0xff, 0xfe, 0xfe, 0xfe, 0xfd, 0xfd, 0xfd, 0xfc, 0xfb, 0xf9, 0xf8, 0xf7, 0xf6, 0xf5, 0xf6, 0xf7
    dc.b    0xf9, 0xfc, 0xff, 0x02, 0x05, 0x08, 0x0a, 0x0a, 0x0b, 0x0a, 0x09, 0x07, 0x06, 0x05, 0x04, 0x03
    dc.b    0x03, 0x03, 0x02, 0x02, 0x02, 0x01, 0x00, 0x00, 0xff, 0xfe, 0xfe, 0xfe, 0xfd, 0xfd, 0xfd, 0xfc
    dc.b    0xfb, 0xfa, 0xf9, 0xf7, 0xf6, 0xf6, 0xf6, 0xf7, 0xf8, 0xfb, 0xfe, 0x01, 0x04, 0x07, 0x09, 0x0a
    dc.b    0x0a, 0x0a, 0x09, 0x08, 0x06, 0x05, 0x04, 0x03, 0x03, 0x03, 0x02, 0x02, 0x02, 0x01, 0x01, 0x00
    dc.b    0xff, 0xff, 0xfe, 0xfe, 0xfe, 0xfd, 0xfd, 0xfc, 0xfc, 0xfa, 0xf9, 0xf8, 0xf7, 0xf6, 0xf6, 0xf6
    dc.b    0xf8, 0xfa, 0xfd, 0x00, 0x03, 0x06, 0x08, 0x0a, 0x0a, 0x0a, 0x09, 0x08, 0x07, 0x05, 0x04, 0x03
    dc.b    0x03, 0x03, 0x02, 0x02, 0x02, 0x01, 0x01, 0x00, 0xff, 0xff, 0xfe, 0xfe, 0xfe, 0xfd, 0xfd, 0xfd
    dc.b    0xfc, 0xfb, 0xfa, 0xf8, 0xf7, 0xf6, 0xf6, 0xf6, 0xf8, 0xfa, 0xfc, 0xff, 0x02, 0x05, 0x08, 0x09
    dc.b    0x0a, 0x0a, 0x09, 0x08, 0x07, 0x06, 0x04, 0x04, 0x03, 0x03, 0x02, 0x02, 0x02, 0x01, 0x01, 0x00
    dc.b    0x00, 0xff, 0xfe, 0xfe, 0xfe, 0xfe, 0xfd, 0xfd, 0xfc, 0xfb, 0xfa, 0xf9, 0xf7, 0xf6, 0xf6, 0xf6
    dc.b    0xf7, 0xf9, 0xfc, 0xfe, 0x01, 0x04, 0x07, 0x09, 0x0a, 0x0a, 0x09, 0x08, 0x07, 0x06, 0x05, 0x04
    dc.b    0x03, 0x03, 0x02, 0x02, 0x02, 0x02, 0x01, 0x00, 0x00, 0xff, 0xff, 0xfe, 0xfe, 0xfe, 0xfd, 0xfd
    dc.b    0xfd, 0xfc, 0xfb, 0xf9, 0xf8, 0xf7, 0xf6, 0xf6, 0xf7, 0xf9, 0xfb, 0xfe, 0x01, 0x03, 0x06, 0x08
    dc.b    0x09, 0x0a, 0x0a, 0x09, 0x08, 0x06, 0x05, 0x04, 0x03, 0x03, 0x02, 0x02, 0x02, 0x02, 0x01, 0x01
    dc.b    0x00, 0xff, 0xff, 0xfe, 0xfe, 0xfe, 0xfe, 0xfd, 0xfd, 0xfc, 0xfb, 0xfa, 0xf8, 0xf7, 0xf7, 0xf6
    dc.b    0xf7, 0xf8, 0xfa, 0xfd, 0x00, 0x03, 0x05, 0x07, 0x09, 0x0a, 0x0a, 0x09, 0x08, 0x06, 0x05, 0x04
    dc.b    0x03, 0x03, 0x02, 0x02, 0x02, 0x02, 0x01, 0x01, 0x00, 0x00, 0xff, 0xfe, 0xfe, 0xfe, 0xfe, 0xfd
    dc.b    0xfd, 0xfc, 0xfb, 0xfa, 0xf9, 0xf8, 0xf7, 0xf6, 0xf7, 0xf8, 0xfa, 0xfc, 0xff, 0x02, 0x04, 0x07
    dc.b    0x08, 0x09, 0x09, 0x09, 0x08, 0x07, 0x06, 0x04, 0x04, 0x03, 0x03, 0x02, 0x02, 0x02, 0x01, 0x01
    dc.b    0x00, 0x00, 0xff, 0xff, 0xfe, 0xfe, 0xfe, 0xfe, 0xfd, 0xfd, 0xfc, 0xfb, 0xf9, 0xf8, 0xf7, 0xf7
    dc.b    0xf7, 0xf8, 0xf9, 0xfb, 0xfe, 0x01, 0x04, 0x06, 0x08, 0x09, 0x09, 0x09, 0x08, 0x07, 0x06, 0x05
    dc.b    0x04, 0x03, 0x03, 0x02, 0x02, 0x02, 0x02, 0x01, 0x01, 0x00, 0xff, 0xff, 0xfe, 0xfe, 0xfe, 0xfe
    dc.b    0xfd, 0xfd, 0xfc, 0xfb, 0xfa, 0xf9, 0xf8, 0xf7, 0xf7, 0xf7, 0xf9, 0xfb, 0xfd, 0x00, 0x03, 0x05
    dc.b    0x07, 0x09, 0x09, 0x09, 0x08, 0x07, 0x06, 0x05, 0x04, 0x03, 0x03, 0x02, 0x02, 0x02, 0x02, 0x01
    dc.b    0x01, 0x00, 0xff, 0xff, 0xfe, 0xfe, 0xfe, 0xfe, 0xfe, 0xfd, 0xfc, 0xfc, 0xfa, 0xf9, 0xf8, 0xf7
    dc.b    0xf7, 0xf7, 0xf8, 0xfa, 0xfc, 0xff, 0x02, 0x04, 0x07, 0x08, 0x09, 0x09, 0x08, 0x08, 0x06, 0x05
    dc.b    0x04, 0x03, 0x03, 0x02, 0x02, 0x02, 0x02, 0x01, 0x01, 0x00, 0x00, 0xff, 0xff, 0xfe, 0xfe, 0xfe
    dc.b    0xfe, 0xfd, 0xfd, 0xfc, 0xfb, 0xfa, 0xf9, 0xf8, 0xf7, 0xf7, 0xf8, 0xfa, 0xfc, 0xfe, 0x01, 0x04
    dc.b    0x06, 0x08, 0x09, 0x09, 0x09, 0x08, 0x07, 0x05, 0x04, 0x03, 0x03, 0x02, 0x02, 0x02, 0x02, 0x01
    dc.b    0x01, 0x00, 0x00, 0xff, 0xff, 0xfe, 0xfe, 0xfe, 0xfe, 0xfd, 0xfd, 0xfc, 0xfb, 0xfa, 0xf9, 0xf8
    dc.b    0xf7, 0xf7, 0xf8, 0xf9, 0xfb, 0xfd, 0x00, 0x03, 0x05, 0x07, 0x08, 0x09, 0x09, 0x08, 0x07, 0x06
    dc.b    0x05, 0x04, 0x03, 0x02, 0x02, 0x02, 0x02, 0x02, 0x01, 0x01, 0x00, 0xff, 0xff, 0xfe, 0xfe, 0xfe
    dc.b    0xfe, 0xfe, 0xfd, 0xfd, 0xfc, 0xfb, 0xf9, 0xf8, 0xf8, 0xf7, 0xf8, 0xf9, 0xfb, 0xfd, 0xff, 0x02
    dc.b    0x04, 0x06, 0x08, 0x08, 0x09, 0x08, 0x07, 0x06, 0x05, 0x04, 0x03, 0x03, 0x02, 0x02, 0x02, 0x02
    dc.b    0x01, 0x01, 0x00, 0x00, 0xff, 0xff, 0xfe, 0xfe, 0xfe, 0xfe, 0xfd, 0xfd, 0xfc, 0xfb, 0xfa, 0xf9
    dc.b    0xf8, 0xf8, 0xf8, 0xf9, 0xfa, 0xfc, 0xff, 0x01, 0x04, 0x06, 0x07, 0x08, 0x08, 0x08, 0x07, 0x06
    dc.b    0x05, 0x04, 0x03, 0x03, 0x02, 0x02, 0x02, 0x02, 0x01, 0x01, 0x00, 0x00, 0xff, 0xff, 0xfe, 0xfe
    dc.b    0xfe, 0xfe, 0xfe, 0xfd, 0xfc, 0xfb, 0xfa, 0xf9, 0xf8, 0xf8, 0xf8, 0xf8, 0xfa, 0xfc, 0xfe, 0x00
    dc.b    0x03, 0x05, 0x07, 0x08, 0x08, 0x08, 0x07, 0x06, 0x05, 0x04, 0x03, 0x03, 0x02, 0x02, 0x02, 0x02
    dc.b    0x01, 0x01, 0x01, 0x00, 0x00, 0x00, 0x00, 0x00, 0x00, 0x00, 0x00, 0x00, 0x00, 0x00, 0x00, 0x00
    dc.b    0x00, 0x00, 0x00, 0x00, 0x00, 0x00, 0x00, 0x00, 0x00, 0x00, 0x00, 0x00, 0x00, 0x00, 0x00, 0x00
    dc.b    0x00, 0x00, 0x00, 0x00, 0x00, 0x00, 0x00, 0x00, 0x00, 0x00, 0x00, 0x00, 0x00, 0x00, 0x00, 0x00
    dc.b    0x00, 0x00, 0x00, 0x00, 0x00, 0x00, 0x00, 0x00, 0x00, 0x00, 0x00, 0x00, 0x00, 0x00, 0x00, 0x00
    dc.b    0x00, 0x00, 0x00, 0x00, 0x00, 0x00, 0x00, 0x00, 0x00, 0x00, 0x00, 0x00, 0x00, 0x00, 0x00, 0x00
    dc.b    0x00, 0x00, 0x00, 0x00, 0x00, 0x00, 0x00, 0x00, 0x00, 0x00, 0x00, 0x00, 0x00, 0x00, 0x00, 0x00
    dc.b    0x00, 0x00, 0x00, 0x00, 0x00, 0x00, 0x00, 0x00, 0x00, 0x00, 0x00, 0x00, 0x00, 0x00, 0x00, 0x00
    .global brand_bell_forge_size
brand_bell_forge_size = .-brand_bell_forge

    .align  256
    .global brand_typewriter_click
brand_typewriter_click:
    dc.b    0x70, 0x6f, 0x93, 0x94, 0x95, 0x69, 0x68, 0x99, 0x9a, 0x9b, 0x63, 0x62, 0x9f, 0xa0, 0xa1, 0x5e
    dc.b    0x5c, 0xa5, 0xa6, 0xa7, 0x58, 0x57, 0xaa, 0xab, 0xac, 0x53, 0x52, 0xaf, 0xb0, 0xb1, 0x4e, 0x4d
    dc.b    0xb4, 0xb5, 0xb6, 0x4a, 0x49, 0xb8, 0xb9, 0xba, 0x45, 0x44, 0xbc, 0xbd, 0xbe, 0x41, 0x40, 0xc0
    dc.b    0xc1, 0xc2, 0x3d, 0x3d, 0xc4, 0xc5, 0xc6, 0x3a, 0x39, 0xc8, 0xc8, 0xc9, 0x36, 0x36, 0xcb, 0xcc
    dc.b    0xcc, 0x33, 0x33, 0xce, 0xcf, 0xcf, 0x30, 0x30, 0xd1, 0xd1, 0xd2, 0x2d, 0x2d, 0xd4, 0xd4, 0xd5
    dc.b    0x2b, 0x2a, 0xd6, 0xd7, 0xd7, 0x28, 0x28, 0xd9, 0xd9, 0xda, 0x26, 0x25, 0xdb, 0xdb, 0xdc, 0x24
    dc.b    0x23, 0xdd, 0xde, 0xde, 0x22, 0x21, 0xdf, 0xe0, 0xe0, 0x20, 0x1f, 0xe1, 0xe1, 0xe2, 0x1e, 0x1d
    dc.b    0xe3, 0xe3, 0xe4, 0x1c, 0x1c, 0xe5, 0xe5, 0xe5, 0x1a, 0x1a, 0xe6, 0xe6, 0xe7, 0x19, 0x19, 0xe8
    dc.b    0xe8, 0xe8, 0x17, 0x17, 0xe9, 0xe9, 0xea, 0x16, 0x16, 0xea, 0xeb, 0xeb, 0x15, 0x15, 0xec, 0xec
    dc.b    0xec, 0x14, 0x13, 0xed, 0xed, 0xed, 0x12, 0x12, 0xee, 0xee, 0xee, 0x11, 0x11, 0xef, 0xef, 0xef
    dc.b    0x10, 0x10, 0xf0, 0xf0, 0xf0, 0x0f, 0x0f, 0xf1, 0xf1, 0xf1, 0x0e, 0x0e, 0xf2, 0xf2, 0xf2, 0x0e
    dc.b    0x0d, 0xf3, 0xf3, 0xf3, 0x0d, 0x0d, 0xf3, 0xf4, 0xf4, 0x0c, 0x0c, 0xf4, 0xf4, 0xf4, 0x0b, 0x0b
    dc.b    0xf5, 0xf5, 0xf5, 0x0b, 0x0b, 0xf6, 0xf6, 0xf6, 0x0a, 0x0a, 0xf6, 0xf6, 0xf6, 0x0a, 0x09, 0xf7
    dc.b    0xf7, 0xf7, 0x09, 0x09, 0xf7, 0xf7, 0xf7, 0x08, 0x08, 0xf8, 0xf8, 0xf8, 0x08, 0x08, 0xf8, 0xf8
    dc.b    0xf8, 0x07, 0x07, 0xf9, 0xf9, 0xf9, 0x07, 0x07, 0xf9, 0xf9, 0xf9, 0x07, 0x07, 0xfa, 0xfa, 0xfa
    dc.b    0x06, 0x06, 0xfa, 0xfa, 0xfa, 0x06, 0x06, 0xfa, 0xfa, 0xfa, 0x06, 0x05, 0xfb, 0xfb, 0xfb, 0x05
    dc.b    0x05, 0xfb, 0xfb, 0xfb, 0x05, 0x05, 0xfb, 0xfb, 0xfb, 0x05, 0x05, 0xfb, 0xfc, 0xfc, 0x04, 0x04
    dc.b    0xfc, 0xfc, 0xfc, 0x04, 0x04, 0xfc, 0xfc, 0xfc, 0x04, 0x04, 0xfc, 0xfc, 0xfc, 0x04, 0x04, 0xfc
    dc.b    0xfc, 0xfd, 0x03, 0x03, 0xfd, 0xfd, 0xfd, 0x03, 0x03, 0xfd, 0xfd, 0xfd, 0x03, 0x03, 0xfd, 0xfd
    dc.b    0xfd, 0x03, 0x03, 0xfd, 0xfd, 0xfd, 0x03, 0x03, 0xfd, 0xfd, 0xfd, 0x03, 0x03, 0xfe, 0xfe, 0xfe
    dc.b    0x02, 0x02, 0xfe, 0xfe, 0xfe, 0x02, 0x02, 0xfe, 0xfe, 0xfe, 0x02, 0x02, 0xfe, 0xfe, 0xfe, 0x02
    dc.b    0x02, 0xfe, 0xfe, 0xfe, 0x02, 0x02, 0xfe, 0xfe, 0xfe, 0x02, 0x02, 0xfe, 0xfe, 0xfe, 0x02, 0x02
    dc.b    0xfe, 0xfe, 0xfe, 0x02, 0x02, 0xfe, 0xfe, 0xff, 0x01, 0x01, 0xff, 0xff, 0xff, 0x01, 0x00, 0x00
    dc.b    0x00, 0x00, 0x00, 0x00, 0x00, 0x00, 0x00, 0x00, 0x00, 0x00, 0x00, 0x00, 0x00, 0x00, 0x00, 0x00
    dc.b    0x00, 0x00, 0x00, 0x00, 0x00, 0x00, 0x00, 0x00, 0x00, 0x00, 0x00, 0x00, 0x00, 0x00, 0x00, 0x00
    dc.b    0x00, 0x00, 0x00, 0x00, 0x00, 0x00, 0x00, 0x00, 0x00, 0x00, 0x00, 0x00, 0x00, 0x00, 0x00, 0x00
    dc.b    0x00, 0x00, 0x00, 0x00, 0x00, 0x00, 0x00, 0x00, 0x00, 0x00, 0x00, 0x00, 0x00, 0x00, 0x00, 0x00
    dc.b    0x00, 0x00, 0x00, 0x00, 0x00, 0x00, 0x00, 0x00, 0x00, 0x00, 0x00, 0x00, 0x00, 0x00, 0x00, 0x00
    dc.b    0x00, 0x00, 0x00, 0x00, 0x00, 0x00, 0x00, 0x00, 0x00, 0x00, 0x00, 0x00, 0x00, 0x00, 0x00, 0x00
    dc.b    0x00, 0x00, 0x00, 0x00, 0x00, 0x00, 0x00, 0x00, 0x00, 0x00, 0x00, 0x00, 0x00, 0x00, 0x00, 0x00
    dc.b    0x00, 0x00, 0x00, 0x00, 0x00, 0x00, 0x00, 0x00, 0x00, 0x00, 0x00, 0x00, 0x00, 0x00, 0x00, 0x00
    dc.b    0x00, 0x00, 0x00, 0x00, 0x00, 0x00, 0x00, 0x00, 0x00, 0x00, 0x00, 0x00, 0x00, 0x00, 0x00, 0x00
    .global brand_typewriter_click_size
brand_typewriter_click_size = .-brand_typewriter_click

    .align  256
    .global brand_bell_terminal
brand_bell_terminal:
    dc.b    0x00, 0x4b, 0x70, 0x70, 0x70, 0x63, 0x27, 0xea, 0xbb, 0xa2, 0x9f, 0xad, 0xc4, 0xdb, 0xee, 0xfe
    dc.b    0x0e, 0x20, 0x37, 0x4e, 0x5f, 0x60, 0x4c, 0x22, 0xe8, 0xab, 0x90, 0x90, 0x90, 0xa8, 0xef, 0x3a
    dc.b    0x70, 0x70, 0x70, 0x6d, 0x35, 0xf8, 0xc5, 0xa7, 0x9f, 0xaa, 0xbf, 0xd6, 0xeb, 0xfb, 0x0a, 0x1b
    dc.b    0x31, 0x48, 0x5b, 0x60, 0x52, 0x2c, 0xf6, 0xb9, 0x90, 0x90, 0x90, 0x9b, 0xde, 0x29, 0x6a, 0x70
    dc.b    0x70, 0x70, 0x41, 0x05, 0xd0, 0xad, 0xa0, 0xa7, 0xbb, 0xd2, 0xe7, 0xf8, 0x06, 0x17, 0x2b, 0x42
    dc.b    0x56, 0x5f, 0x56, 0x36, 0x03, 0xc7, 0x91, 0x90, 0x90, 0x91, 0xce, 0x18, 0x5b, 0x70, 0x70, 0x70
    dc.b    0x4e, 0x12, 0xdb, 0xb4, 0xa3, 0xa6, 0xb7, 0xcd, 0xe3, 0xf4, 0x03, 0x12, 0x26, 0x3c, 0x51, 0x5d
    dc.b    0x59, 0x3e, 0x10, 0xd5, 0x9d, 0x90, 0x90, 0x90, 0xbf, 0x07, 0x4c, 0x70, 0x70, 0x70, 0x59, 0x1f
    dc.b    0xe7, 0xbc, 0xa6, 0xa5, 0xb3, 0xc9, 0xdf, 0xf1, 0x00, 0x0e, 0x20, 0x36, 0x4c, 0x5b, 0x5a, 0x45
    dc.b    0x1b, 0xe3, 0xaa, 0x90, 0x90, 0x90, 0xb2, 0xf6, 0x3d, 0x70, 0x70, 0x70, 0x63, 0x2c, 0xf3, 0xc5
    dc.b    0xaa, 0xa5, 0xb0, 0xc4, 0xda, 0xed, 0xfc, 0x0b, 0x1c, 0x30, 0x46, 0x57, 0x5b, 0x4b, 0x26, 0xf1
    dc.b    0xb8, 0x90, 0x90, 0x90, 0xa6, 0xe6, 0x2d, 0x68, 0x70, 0x70, 0x6c, 0x39, 0x00, 0xce, 0xaf, 0xa5
    dc.b    0xad, 0xc0, 0xd6, 0xea, 0xf9, 0x07, 0x17, 0x2b, 0x40, 0x53, 0x5a, 0x4f, 0x2f, 0xfe, 0xc5, 0x93
    dc.b    0x90, 0x90, 0x9b, 0xd7, 0x1d, 0x5b, 0x70, 0x70, 0x70, 0x45, 0x0c, 0xd9, 0xb5, 0xa7, 0xac, 0xbc
    dc.b    0xd2, 0xe6, 0xf6, 0x04, 0x13, 0x25, 0x3b, 0x4e, 0x59, 0x53, 0x38, 0x0a, 0xd3, 0x9e, 0x90, 0x90
    dc.b    0x92, 0xc8, 0x0d, 0x4e, 0x70, 0x70, 0x70, 0x50, 0x19, 0xe4, 0xbd, 0xaa, 0xaa, 0xb9, 0xce, 0xe2
    dc.b    0xf3, 0x01, 0x0f, 0x20, 0x35, 0x49, 0x56, 0x55, 0x3f, 0x15, 0xe0, 0xaa, 0x90, 0x90, 0x90, 0xbb
    dc.b    0xfd, 0x3f, 0x70, 0x70, 0x70, 0x5a, 0x25, 0xef, 0xc5, 0xad, 0xaa, 0xb6, 0xca, 0xde, 0xf0, 0xfe
    dc.b    0x0c, 0x1c, 0x30, 0x44, 0x53, 0x55, 0x45, 0x20, 0xed, 0xb7, 0x90, 0x90, 0x90, 0xaf, 0xed, 0x30
    dc.b    0x67, 0x70, 0x70, 0x62, 0x31, 0xfb, 0xce, 0xb2, 0xaa, 0xb3, 0xc6, 0xda, 0xec, 0xfb, 0x08, 0x17
    dc.b    0x2a, 0x3f, 0x50, 0x55, 0x49, 0x29, 0xf9, 0xc3, 0x95, 0x90, 0x90, 0xa5, 0xdf, 0x21, 0x5b, 0x70
    dc.b    0x70, 0x6a, 0x3c, 0x07, 0xd7, 0xb7, 0xab, 0xb1, 0xc2, 0xd6, 0xe9, 0xf8, 0x05, 0x13, 0x25, 0x39
    dc.b    0x4c, 0x54, 0x4d, 0x31, 0x05, 0xd0, 0xa0, 0x90, 0x90, 0x9c, 0xd1, 0x12, 0x4e, 0x70, 0x70, 0x70
    dc.b    0x47, 0x13, 0xe1, 0xbe, 0xae, 0xb0, 0xbe, 0xd2, 0xe5, 0xf5, 0x02, 0x10, 0x20, 0x34, 0x47, 0x52
    dc.b    0x4f, 0x39, 0x10, 0xdd, 0xab, 0x90, 0x90, 0x94, 0xc4, 0x03, 0x41, 0x6f, 0x70, 0x70, 0x51, 0x1e
    dc.b    0xec, 0xc5, 0xb1, 0xaf, 0xbb, 0xce, 0xe2, 0xf2, 0xff, 0x0c, 0x1c, 0x2f, 0x42, 0x50, 0x50, 0x3f
    dc.b    0x1a, 0xe9, 0xb6, 0x90, 0x90, 0x90, 0xb8, 0xf4, 0x33, 0x65, 0x70, 0x70, 0x5a, 0x2a, 0xf7, 0xcd
    dc.b    0xb5, 0xaf, 0xb9, 0xca, 0xde, 0xef, 0xfc, 0x09, 0x18, 0x2a, 0x3d, 0x4c, 0x50, 0x43, 0x23, 0xf5
    dc.b    0xc2, 0x98, 0x90, 0x90, 0xae, 0xe6, 0x25, 0x5a, 0x70, 0x70, 0x61, 0x35, 0x02, 0xd6, 0xb9, 0xb0
    dc.b    0xb6, 0xc7, 0xda, 0xec, 0xfa, 0x06, 0x14, 0x25, 0x38, 0x49, 0x50, 0x47, 0x2c, 0x00, 0xce, 0xa1
    dc.b    0x90, 0x90, 0xa5, 0xd9, 0x17, 0x4f, 0x70, 0x70, 0x68, 0x3f, 0x0d, 0xdf, 0xbf, 0xb1, 0xb5, 0xc3
    dc.b    0xd6, 0xe8, 0xf7, 0x03, 0x10, 0x20, 0x33, 0x45, 0x4e, 0x4a, 0x33, 0x0b, 0xda, 0xac, 0x90, 0x90
    dc.b    0x9d, 0xcc, 0x08, 0x42, 0x6c, 0x70, 0x6d, 0x48, 0x18, 0xe9, 0xc6, 0xb4, 0xb4, 0xc0, 0xd3, 0xe5
    dc.b    0xf4, 0x00, 0x0d, 0x1c, 0x2e, 0x40, 0x4c, 0x4b, 0x39, 0x15, 0xe6, 0xb6, 0x93, 0x90, 0x97, 0xc1
    dc.b    0xfa, 0x35, 0x63, 0x70, 0x70, 0x51, 0x23, 0xf3, 0xcd, 0xb7, 0xb4, 0xbe, 0xcf, 0xe1, 0xf1, 0xfe
    dc.b    0x0a, 0x18, 0x29, 0x3c, 0x49, 0x4c, 0x3e, 0x1e, 0xf1, 0xc1, 0x9b, 0x90, 0x92, 0xb6, 0xed, 0x28
    dc.b    0x59, 0x70, 0x70, 0x59, 0x2d, 0xfe, 0xd5, 0xbc, 0xb4, 0xbb, 0xcb, 0xde, 0xee, 0xfb, 0x07, 0x14
    dc.b    0x25, 0x37, 0x46, 0x4c, 0x42, 0x26, 0xfc, 0xcd, 0xa3, 0x90, 0x90, 0xad, 0xe0, 0x1b, 0x4f, 0x6f
    dc.b    0x70, 0x5f, 0x37, 0x08, 0xdd, 0xc1, 0xb5, 0xba, 0xc8, 0xda, 0xeb, 0xf8, 0x04, 0x11, 0x20, 0x32
    dc.b    0x42, 0x4a, 0x44, 0x2d, 0x07, 0xd8, 0xad, 0x91, 0x90, 0xa6, 0xd4, 0x0d, 0x43, 0x68, 0x70, 0x65
    dc.b    0x41, 0x13, 0xe7, 0xc6, 0xb7, 0xb9, 0xc5, 0xd7, 0xe8, 0xf6, 0x01, 0x0d, 0x1c, 0x2d, 0x3e, 0x49
    dc.b    0x46, 0x33, 0x10, 0xe3, 0xb6, 0x97, 0x90, 0x9f, 0xc9, 0x00, 0x37, 0x61, 0x70, 0x69, 0x49, 0x1d
    dc.b    0xf0, 0xcd, 0xba, 0xb8, 0xc2, 0xd3, 0xe4, 0xf3, 0xff, 0x0a, 0x18, 0x29, 0x3a, 0x46, 0x47, 0x38
    dc.b    0x19, 0xee, 0xc1, 0x9e, 0x90, 0x9a, 0xbe, 0xf3, 0x2b, 0x58, 0x6f, 0x6c, 0x51, 0x27, 0xfa, 0xd4
    dc.b    0xbe, 0xb8, 0xc0, 0xd0, 0xe1, 0xf0, 0xfc, 0x07, 0x14, 0x24, 0x35, 0x43, 0x47, 0x3c, 0x21, 0xf8
    dc.b    0xcb, 0xa5, 0x91, 0x97, 0xb5, 0xe7, 0x1e, 0x4e, 0x6b, 0x6d, 0x57, 0x30, 0x04, 0xdc, 0xc2, 0xb9
    dc.b    0xbe, 0xcd, 0xde, 0xed, 0xfa, 0x05, 0x11, 0x20, 0x31, 0x40, 0x47, 0x40, 0x28, 0x02, 0xd6, 0xae
    dc.b    0x95, 0x95, 0xae, 0xdb, 0x12, 0x44, 0x65, 0x6e, 0x5d, 0x3a, 0x0e, 0xe5, 0xc8, 0xbb, 0xbd, 0xca
    dc.b    0xda, 0xea, 0xf7, 0x02, 0x0e, 0x1c, 0x2c, 0x3c, 0x45, 0x42, 0x2e, 0x0c, 0xe0, 0xb7, 0x9a, 0x94
    dc.b    0xa7, 0xd0, 0x05, 0x39, 0x5e, 0x6c, 0x61, 0x42, 0x17, 0xed, 0xcd, 0xbd, 0xbc, 0xc7, 0xd7, 0xe7
    dc.b    0xf5, 0x00, 0x0b, 0x18, 0x28, 0x38, 0x43, 0x43, 0x33, 0x14, 0xeb, 0xc1, 0xa1, 0x95, 0xa2, 0xc6
    dc.b    0xf9, 0x2d, 0x56, 0x6a, 0x65, 0x49, 0x21, 0xf6, 0xd4, 0xc0, 0xbc, 0xc5, 0xd4, 0xe4, 0xf2, 0xfd
    dc.b    0x08, 0x14, 0x24, 0x34, 0x40, 0x43, 0x38, 0x1c, 0xf5, 0xca, 0xa8, 0x97, 0x9e, 0xbd, 0xed, 0x21
    dc.b    0x4d, 0x66, 0x67, 0x50, 0x2a, 0x00, 0xdb, 0xc4, 0xbd, 0xc3, 0xd1, 0xe1, 0xef, 0xfb, 0x05, 0x11
    dc.b    0x20, 0x30, 0x3d, 0x43, 0x3b, 0x23, 0xfe, 0xd4, 0xaf, 0x9a, 0x9c, 0xb5, 0xe1, 0x15, 0x44, 0x61
    dc.b    0x67, 0x56, 0x33, 0x09, 0xe3, 0xc9, 0xbe, 0xc1, 0xce, 0xde, 0xed, 0xf9, 0x03, 0x0e, 0x1c, 0x2c
    dc.b    0x3a, 0x42, 0x3d, 0x29, 0x08, 0xde, 0xb8, 0x9e, 0x9a, 0xaf, 0xd7, 0x09, 0x3a, 0x5b, 0x67, 0x5a
    dc.b    0x3b, 0x12, 0xeb, 0xce, 0xc0, 0xc0, 0xcb, 0xdb, 0xea, 0xf6, 0x01, 0x0b, 0x18, 0x27, 0x36, 0x40
    dc.b    0x3f, 0x2e, 0x10, 0xe8, 0xc1, 0xa4, 0x9b, 0xa9, 0xcd, 0xfe, 0x2f, 0x54, 0x65, 0x5e, 0x42, 0x1b
    dc.b    0xf4, 0xd4, 0xc3, 0xc0, 0xc9, 0xd8, 0xe7, 0xf4, 0xfe, 0x09, 0x15, 0x23, 0x33, 0x3e, 0x3f, 0x33
    dc.b    0x18, 0xf2, 0xca, 0xaa, 0x9c, 0xa5, 0xc4, 0xf2, 0x24, 0x4c, 0x62, 0x60, 0x49, 0x24, 0xfc, 0xdb
    dc.b    0xc6, 0xc0, 0xc7, 0xd5, 0xe4, 0xf1, 0xfc, 0x06, 0x11, 0x1f, 0x2f, 0x3b, 0x3f, 0x36, 0x1f, 0xfb
    dc.b    0xd3, 0xb1, 0x9f, 0xa2, 0xbc, 0xe7, 0x19, 0x44, 0x5e, 0x61, 0x4f, 0x2d, 0x05, 0xe2, 0xca, 0xc1
    dc.b    0xc6, 0xd2, 0xe1, 0xef, 0xfa, 0x04, 0x0e, 0x1c, 0x2b, 0x38, 0x3e, 0x39, 0x25, 0x04, 0xdd, 0xb9
    dc.b    0xa2, 0xa1, 0xb6, 0xdd, 0x0d, 0x3a, 0x58, 0x61, 0x53, 0x35, 0x0e, 0xe9, 0xcf, 0xc3, 0xc4, 0xcf
    dc.b    0xde, 0xec, 0xf8, 0x02, 0x0c, 0x18, 0x27, 0x35, 0x3d, 0x3b, 0x2a, 0x0c, 0xe6, 0xc1, 0xa7, 0xa0
    dc.b    0xb0, 0xd4, 0x02, 0x30, 0x52, 0x60, 0x57, 0x3c, 0x16, 0xf1, 0xd4, 0xc5, 0xc4, 0xcd, 0xdb, 0xea
    dc.b    0xf6, 0xff, 0x09, 0x15, 0x23, 0x31, 0x3b, 0x3b, 0x2e, 0x13, 0xef, 0xc9, 0xad, 0xa1, 0xac, 0xcb
    dc.b    0xf7, 0x26, 0x4b, 0x5d, 0x5a, 0x42, 0x1f, 0xf9, 0xda, 0xc8, 0xc4, 0xcb, 0xd8, 0xe7, 0xf3, 0xfd
    dc.b    0x07, 0x12, 0x1f, 0x2d, 0x39, 0x3c, 0x32, 0x1a, 0xf8, 0xd2, 0xb3, 0xa3, 0xa9, 0xc3, 0xed, 0x1b
    dc.b    0x43, 0x5a, 0x5b, 0x48, 0x27, 0x01, 0xe1, 0xcc, 0xc5, 0xc9, 0xd6, 0xe4, 0xf1, 0xfb, 0x04, 0x0f
    dc.b    0x1b, 0x2a, 0x36, 0x3b, 0x35, 0x20, 0x00, 0xdb, 0xba, 0xa6, 0xa7, 0xbc, 0xe3, 0x11, 0x3a, 0x55
    dc.b    0x5c, 0x4d, 0x2f, 0x0a, 0xe8, 0xd0, 0xc6, 0xc8, 0xd3, 0xe1, 0xee, 0xf9, 0x02, 0x0c, 0x18, 0x26
    dc.b    0x33, 0x3a, 0x37, 0x26, 0x08, 0xe4, 0xc1, 0xaa, 0xa6, 0xb7, 0xda, 0x06, 0x31, 0x50, 0x5b, 0x51
    dc.b    0x36, 0x12, 0xef, 0xd5, 0xc8, 0xc8, 0xd1, 0xde, 0xec, 0xf7, 0x00, 0x09, 0x15, 0x22, 0x30, 0x38
    dc.b    0x38, 0x2a, 0x10, 0xed, 0xc9, 0xaf, 0xa6, 0xb2, 0xd1, 0xfc, 0x28, 0x49, 0x59, 0x54, 0x3c, 0x1a
    dc.b    0xf6, 0xda, 0xca, 0xc7, 0xcf, 0xdc, 0xe9, 0xf5, 0xfe, 0x07, 0x12, 0x1f, 0x2c, 0x36, 0x38, 0x2e
    dc.b    0x16, 0xf5, 0xd2, 0xb5, 0xa8, 0xaf, 0xc9, 0xf2, 0x1e, 0x42, 0x56, 0x55, 0x42, 0x22, 0xfe, 0xe0
    dc.b    0xcd, 0xc8, 0xcd, 0xd9, 0xe7, 0xf3, 0xfc, 0x05, 0x0f, 0x1b, 0x29, 0x34, 0x38, 0x31, 0x1c, 0xfd
    dc.b    0xda, 0xbb, 0xaa, 0xac, 0xc3, 0xe8, 0x14, 0x3a, 0x52, 0x56, 0x47, 0x29, 0x06, 0xe6, 0xd1, 0xc9
    dc.b    0xcc, 0xd7, 0xe4, 0xf0, 0xfa, 0x03, 0x0c, 0x18, 0x25, 0x31, 0x37, 0x33, 0x21, 0x05, 0xe2, 0xc2
    dc.b    0xae, 0xab, 0xbd, 0xdf, 0x0a, 0x32, 0x4d, 0x56, 0x4b, 0x30, 0x0e, 0xed, 0xd5, 0xca, 0xcb, 0xd4
    dc.b    0xe1, 0xee, 0xf8, 0x01, 0x0a, 0x15, 0x22, 0x2e, 0x36, 0x34, 0x26, 0x0c, 0xea, 0xca, 0xb2, 0xab
    dc.b    0xb8, 0xd7, 0x00, 0x29, 0x48, 0x55, 0x4e, 0x36, 0x15, 0xf4, 0xda, 0xcc, 0xcb, 0xd2, 0xdf, 0xec
    dc.b    0xf6, 0xff, 0x08, 0x12, 0x1e, 0x2b, 0x34, 0x35, 0x2a, 0x12, 0xf3, 0xd1, 0xb7, 0xac, 0xb5, 0xcf
    dc.b    0xf6, 0x20, 0x41, 0x52, 0x50, 0x3c, 0x1d, 0xfb, 0xe0, 0xcf, 0xcb, 0xd1, 0xdc, 0xe9, 0xf4, 0xfd
    dc.b    0x05, 0x0f, 0x1b, 0x28, 0x32, 0x35, 0x2d, 0x18, 0xfa, 0xd9, 0xbd, 0xae, 0xb2, 0xc9, 0xed, 0x16
    dc.b    0x3a, 0x4f, 0x51, 0x41, 0x24, 0x03, 0xe5, 0xd2, 0xcb, 0xcf, 0xda, 0xe7, 0xf2, 0xfb, 0x03, 0x0c
    dc.b    0x18, 0x24, 0x2f, 0x34, 0x2f, 0x1e, 0x02, 0xe1, 0xc3, 0xb1, 0xb1, 0xc3, 0xe5, 0x0d, 0x32, 0x4b
    dc.b    0x51, 0x45, 0x2b, 0x0a, 0xec, 0xd6, 0xcd, 0xce, 0xd8, 0xe4, 0xf0, 0xfa, 0x02, 0x0a, 0x15, 0x21
    dc.b    0x2d, 0x33, 0x31, 0x22, 0x09, 0xe9, 0xca, 0xb5, 0xb0, 0xbe, 0xdc, 0x04, 0x2a, 0x46, 0x50, 0x48
    dc.b    0x31, 0x11, 0xf2, 0xdb, 0xce, 0xce, 0xd6, 0xe2, 0xee, 0xf8, 0x00, 0x08, 0x12, 0x1e, 0x2a, 0x32
    dc.b    0x32, 0x26, 0x0f, 0xf0, 0xd1, 0xb9, 0xb1, 0xba, 0xd5, 0xfb, 0x21, 0x40, 0x4e, 0x4b, 0x36, 0x18
    dc.b    0xf9, 0xdf, 0xd1, 0xce, 0xd4, 0xdf, 0xeb, 0xf6, 0xfe, 0x06, 0x0f, 0x1a, 0x26, 0x30, 0x32, 0x29
    dc.b    0x15, 0xf8, 0xd8, 0xbe, 0xb2, 0xb7, 0xce, 0xf2, 0x19, 0x39, 0x4c, 0x4c, 0x3b, 0x1f, 0x00, 0xe5
    dc.b    0xd4, 0xce, 0xd3, 0xdd, 0xe9, 0xf4, 0xfc, 0x04, 0x0d, 0x17, 0x23, 0x2d, 0x32, 0x2c, 0x1a, 0xff
    dc.b    0xe0, 0xc4, 0xb4, 0xb6, 0xc9, 0xe9, 0x10, 0x32, 0x48, 0x4c, 0x3f, 0x26, 0x07, 0xea, 0xd7, 0xcf
    dc.b    0xd2, 0xdb, 0xe7, 0xf2, 0xfb, 0x02, 0x0a, 0x15, 0x20, 0x2b, 0x31, 0x2d, 0x1f, 0x06, 0xe7, 0xca
    dc.b    0xb8, 0xb5, 0xc4, 0xe1, 0x07, 0x2b, 0x44, 0x4c, 0x43, 0x2c, 0x0e, 0xf0, 0xdb, 0xd1, 0xd1, 0xd9
    dc.b    0xe4, 0xf0, 0xf9, 0x01, 0x08, 0x12, 0x1d, 0x28, 0x2f, 0x2e, 0x22, 0x0c, 0xee, 0xd1, 0xbc, 0xb5
    dc.b    0xc0, 0xda, 0xfe, 0x23, 0x3e, 0x4b, 0x45, 0x31, 0x14, 0xf7, 0xdf, 0xd3, 0xd1, 0xd7, 0xe2, 0xed
    dc.b    0xf7, 0xff, 0x06, 0x0f, 0x1a, 0x25, 0x2e, 0x2f, 0x26, 0x11, 0xf5, 0xd8, 0xc0, 0xb6, 0xbd, 0xd4
    dc.b    0xf6, 0x1b, 0x38, 0x48, 0x47, 0x36, 0x1b, 0xfd, 0xe4, 0xd5, 0xd1, 0xd6, 0xe0, 0xeb, 0xf5, 0xfd
    dc.b    0x04, 0x0d, 0x17, 0x22, 0x2c, 0x2f, 0x28, 0x17, 0xfc, 0xdf, 0xc6, 0xb8, 0xbb, 0xce, 0xee, 0x12
    dc.b    0x32, 0x45, 0x48, 0x3a, 0x21, 0x04, 0xea, 0xd8, 0xd2, 0xd5, 0xde, 0xe9, 0xf3, 0xfc, 0x03, 0x0b
    dc.b    0x14, 0x20, 0x29, 0x2e, 0x2a, 0x1b, 0x03, 0xe6, 0xcb, 0xbb, 0xb9, 0xc9, 0xe6, 0x0a, 0x2b, 0x41
    dc.b    0x48, 0x3e, 0x27, 0x0a, 0xef, 0xdc, 0xd3, 0xd4, 0xdc, 0xe7, 0xf1, 0xfa, 0x01, 0x09, 0x12, 0x1d
    dc.b    0x27, 0x2d, 0x2b, 0x1f, 0x09, 0xed, 0xd1, 0xbe, 0xb9, 0xc5, 0xdf, 0x02, 0x24, 0x3d, 0x47, 0x40
    dc.b    0x2c, 0x11, 0xf5, 0xe0, 0xd4, 0xd4, 0xda, 0xe5, 0xef, 0xf8, 0x00, 0x07, 0x0f, 0x1a, 0x24, 0x2c
    dc.b    0x2c, 0x22, 0x0e, 0xf3, 0xd8, 0xc2, 0xba, 0xc2, 0xd9, 0xfa, 0x1c, 0x37, 0x45, 0x42, 0x31, 0x17
    dc.b    0xfb, 0xe4, 0xd7, 0xd4, 0xd9, 0xe3, 0xed, 0xf7, 0xfe, 0x05, 0x0d, 0x17, 0x22, 0x2a, 0x2c, 0x25
    dc.b    0x13, 0xfa, 0xde, 0xc7, 0xbb, 0xbf, 0xd3, 0xf2, 0x14, 0x32, 0x43, 0x44, 0x35, 0x1d, 0x01, 0xe9
    dc.b    0xd9, 0xd4, 0xd8, 0xe1, 0xeb, 0xf5, 0xfc, 0x03, 0x0b, 0x14, 0x1f, 0x28, 0x2c, 0x27, 0x18, 0x00
    dc.b    0xe5, 0xcc, 0xbe, 0xbe, 0xce, 0xea, 0x0c, 0x2b, 0x3f, 0x44, 0x39, 0x22, 0x07, 0xee, 0xdc, 0xd5
    dc.b    0xd7, 0xdf, 0xe9, 0xf3, 0xfb, 0x02, 0x09, 0x12, 0x1c, 0x26, 0x2b, 0x28, 0x1c, 0x06, 0xeb, 0xd2
    dc.b    0xc1, 0xbd, 0xca, 0xe4, 0x05, 0x24, 0x3b, 0x43, 0x3c, 0x28, 0x0d, 0xf3, 0xe0, 0xd6, 0xd6, 0xdd
    dc.b    0xe7, 0xf1, 0xf9, 0x00, 0x07, 0x0f, 0x19, 0x23, 0x2a, 0x29, 0x1f, 0x0c, 0xf2, 0xd8, 0xc4, 0xbd
    dc.b    0xc6, 0xdd, 0xfd, 0x1d, 0x36, 0x42, 0x3e, 0x2d, 0x13, 0xf9, 0xe4, 0xd8, 0xd6, 0xdc, 0xe5, 0xef
    dc.b    0xf8, 0xff, 0x05, 0x0d, 0x17, 0x21, 0x28, 0x2a, 0x22, 0x10, 0xf8, 0xde, 0xc8, 0xbf, 0xc4, 0xd8
    dc.b    0xf6, 0x16, 0x31, 0x40, 0x3f, 0x31, 0x19, 0xff, 0xe8, 0xda, 0xd6, 0xda, 0xe3, 0xed, 0xf6, 0xfd
    dc.b    0x04, 0x0b, 0x14, 0x1e, 0x26, 0x29, 0x24, 0x15, 0xfe, 0xe4, 0xcd, 0xc0, 0xc2, 0xd3, 0xee, 0x0f
    dc.b    0x2b, 0x3d, 0x40, 0x34, 0x1e, 0x04, 0xed, 0xdd, 0xd7, 0xd9, 0xe1, 0xeb, 0xf4, 0xfc, 0x02, 0x09
    dc.b    0x12, 0x1b, 0x24, 0x29, 0x26, 0x19, 0x04, 0xea, 0xd2, 0xc3, 0xc1, 0xce, 0xe8, 0x07, 0x25, 0x39
    dc.b    0x40, 0x37, 0x24, 0x0a, 0xf2, 0xe0, 0xd8, 0xd9, 0xe0, 0xe9, 0xf3, 0xfa, 0x01, 0x07, 0x0f, 0x19
    dc.b    0x22, 0x28, 0x27, 0x1c, 0x09, 0xf0, 0xd8, 0xc6, 0xc1, 0xcb, 0xe2, 0x00, 0x1e, 0x35, 0x3f, 0x3a
    dc.b    0x28, 0x10, 0xf7, 0xe4, 0xda, 0xd9, 0xde, 0xe7, 0xf1, 0xf9, 0xff, 0x06, 0x0d, 0x16, 0x20, 0x27
    dc.b    0x27, 0x1f, 0x0e, 0xf6, 0xdd, 0xca, 0xc2, 0xc8, 0xdc, 0xf9, 0x18, 0x30, 0x3d, 0x3b, 0x2c, 0x15
    dc.b    0xfd, 0xe8, 0xdc, 0xd9, 0xdd, 0xe6, 0xef, 0xf7, 0xfe, 0x04, 0x0b, 0x14, 0x1d, 0x25, 0x27, 0x21
    dc.b    0x12, 0xfc, 0xe3, 0xce, 0xc3, 0xc6, 0xd7, 0xf2, 0x11, 0x2b, 0x3a, 0x3c, 0x30, 0x1b, 0x02, 0xec
    dc.b    0xde, 0xd9, 0xdc, 0xe4, 0xed, 0xf6, 0xfd, 0x03, 0x09, 0x11, 0x1b, 0x23, 0x27, 0x23, 0x16, 0x01
    dc.b    0xe9, 0xd3, 0xc6, 0xc5, 0xd3, 0xec, 0x0a, 0x25, 0x37, 0x3c, 0x33, 0x20, 0x07, 0xf1, 0xe1, 0xda
    dc.b    0xdb, 0xe2, 0xeb, 0xf4, 0xfb, 0x01, 0x08, 0x0f, 0x18, 0x21, 0x26, 0x24, 0x19, 0x06, 0xef, 0xd8
    dc.b    0xc8, 0xc5, 0xcf, 0xe6, 0x03, 0x1f, 0x34, 0x3b, 0x35, 0x24, 0x0d, 0xf6, 0xe4, 0xdb, 0xdb, 0xe1
    dc.b    0xea, 0xf2, 0xfa, 0x00, 0x06, 0x0d, 0x16, 0x1f, 0x25, 0x25, 0x1c, 0x0b, 0xf4, 0xdd, 0xcc, 0xc5
    dc.b    0xcc, 0xe0, 0xfc, 0x19, 0x2f, 0x3a, 0x37, 0x28, 0x12, 0xfb, 0xe8, 0xdd, 0xdb, 0xdf, 0xe8, 0xf1
    dc.b    0xf8, 0xff, 0x04, 0x0b, 0x14, 0x1d, 0x23, 0x25, 0x1e, 0x0f, 0xfa, 0xe3, 0xcf, 0xc6, 0xca, 0xdb
    dc.b    0xf5, 0x12, 0x2a, 0x38, 0x38, 0x2c, 0x17, 0x00, 0xec, 0xdf, 0xdb, 0xde, 0xe6, 0xef, 0xf7, 0xfd
    dc.b    0x03, 0x09, 0x11, 0x1a, 0x22, 0x25, 0x20, 0x13, 0xff, 0xe8, 0xd4, 0xc8, 0xc9, 0xd7, 0xef, 0x0c
    dc.b    0x25, 0x35, 0x39, 0x2f, 0x1c, 0x05, 0xf0, 0xe2, 0xdc, 0xde, 0xe5, 0xed, 0xf5, 0xfc, 0x02, 0x08
    dc.b    0x0f, 0x18, 0x20, 0x24, 0x22, 0x17, 0x04, 0xee, 0xd8, 0xca, 0xc8, 0xd3, 0xe9, 0x05, 0x20, 0x32
    dc.b    0x38, 0x32, 0x20, 0x0a, 0xf5, 0xe5, 0xdd, 0xdd, 0xe3, 0xec, 0xf4, 0xfb, 0x00, 0x06, 0x0d, 0x16
    dc.b    0x1e, 0x23, 0x22, 0x1a, 0x09, 0xf3, 0xdd, 0xcd, 0xc8, 0xd0, 0xe4, 0xff, 0x1a, 0x2e, 0x37, 0x33
    dc.b    0x24, 0x0f, 0xf9, 0xe8, 0xde, 0xdd, 0xe2, 0xea, 0xf2, 0xf9, 0xff, 0x05, 0x0b, 0x13, 0x1c, 0x22
    dc.b    0x23, 0x1c, 0x0d, 0xf8, 0xe2, 0xd1, 0xc9, 0xce, 0xdf, 0xf8, 0x14, 0x2a, 0x36, 0x35, 0x28, 0x14
    dc.b    0xfe, 0xeb, 0xe0, 0xdd, 0xe1, 0xe8, 0xf1, 0xf8, 0xfe, 0x03, 0x0a, 0x11, 0x1a, 0x20, 0x23, 0x1e
    dc.b    0x11, 0xfd, 0xe7, 0xd5, 0xcb, 0xcd, 0xdb, 0xf2, 0x0d, 0x25, 0x33, 0x35, 0x2b, 0x19, 0x03, 0xef
    dc.b    0xe2, 0xde, 0xe0, 0xe7, 0xef, 0xf7, 0xfd, 0x02, 0x08, 0x0f, 0x17, 0x1f, 0x22, 0x1f, 0x14, 0x02
    dc.b    0xed, 0xd9, 0xcd, 0xcc, 0xd7, 0xed, 0x07, 0x20, 0x30, 0x35, 0x2e, 0x1d, 0x08, 0xf3, 0xe5, 0xde
    dc.b    0xdf, 0xe5, 0xed, 0xf5, 0xfb, 0x01, 0x06, 0x0d, 0x15, 0x1d, 0x21, 0x20, 0x17, 0x07, 0xf2, 0xdd
    dc.b    0xcf, 0xcb, 0xd4, 0xe8, 0x01, 0x1a, 0x2d, 0x35, 0x30, 0x21, 0x0c, 0xf8, 0xe8, 0xe0, 0xdf, 0xe4
    dc.b    0xec, 0xf4, 0xfa, 0x00, 0x05, 0x0b, 0x13, 0x1b, 0x20, 0x21, 0x19, 0x0b, 0xf7, 0xe2, 0xd2, 0xcc
    dc.b    0xd2, 0xe3, 0xfb, 0x15, 0x29, 0x33, 0x31, 0x24, 0x11, 0xfc, 0xeb, 0xe1, 0xdf, 0xe3, 0xea, 0xf2
    dc.b    0xf9, 0xff, 0x04, 0x0a, 0x11, 0x19, 0x1f, 0x21, 0x1b, 0x0e, 0xfc, 0xe7, 0xd6, 0xcd, 0xd0, 0xdf
    dc.b    0xf6, 0x0f, 0x25, 0x31, 0x32, 0x28, 0x15, 0x01, 0xef, 0xe3, 0xdf, 0xe2, 0xe9, 0xf1, 0xf8, 0xfd
    dc.b    0x02, 0x08, 0x0f, 0x17, 0x1e, 0x20, 0x1d, 0x12, 0x00, 0xec, 0xda, 0xcf, 0xcf, 0xdb, 0xf0, 0x09
    dc.b    0x20, 0x2f, 0x32, 0x2a, 0x1a, 0x05, 0xf3, 0xe6, 0xe0, 0xe1, 0xe7, 0xef, 0xf6, 0xfc, 0x01, 0x07
    dc.b    0x0d, 0x15, 0x1c, 0x20, 0x1e, 0x15, 0x05, 0xf1, 0xde, 0xd1, 0xcf, 0xd8, 0xeb, 0x03, 0x1b, 0x2c
    dc.b    0x32, 0x2c, 0x1d, 0x0a, 0xf7, 0xe8, 0xe1, 0xe1, 0xe6, 0xee, 0xf5, 0xfb, 0x00, 0x05, 0x0b, 0x13
    dc.b    0x1a, 0x1f, 0x1f, 0x17, 0x09, 0xf5, 0xe2, 0xd4, 0xcf, 0xd5, 0xe6, 0xfe, 0x16, 0x28, 0x31, 0x2e
    dc.b    0x21, 0x0e, 0xfb, 0xeb, 0xe2, 0xe1, 0xe5, 0xec, 0xf4, 0xfa, 0xff, 0x04, 0x0a, 0x11, 0x18, 0x1e
    dc.b    0x1f, 0x19, 0x0c, 0xfa, 0xe7, 0xd7, 0xd0, 0xd3, 0xe2, 0xf8, 0x10, 0x24, 0x2f, 0x2f, 0x24, 0x12
    dc.b    0xff, 0xee, 0xe4, 0xe1, 0xe4, 0xeb, 0xf2, 0xf9, 0xfe, 0x03, 0x08, 0x0f, 0x16, 0x1c, 0x1f, 0x1b
    dc.b    0x0f, 0xfe, 0xeb, 0xda, 0xd1, 0xd2, 0xde, 0xf3, 0x0b, 0x20, 0x2d, 0x2f, 0x27, 0x17, 0x03, 0xf2
    dc.b    0xe6, 0xe2, 0xe3, 0xe9, 0xf1, 0xf7, 0xfd, 0x02, 0x07, 0x0d, 0x14, 0x1b, 0x1e, 0x1c, 0x12, 0x03
    dc.b    0xf0, 0xde, 0xd3, 0xd1, 0xdb, 0xee, 0x05, 0x1b, 0x2a, 0x2f, 0x29, 0x1a, 0x08, 0xf6, 0xe9, 0xe2
    dc.b    0xe3, 0xe8, 0xef, 0xf6, 0xfc, 0x01, 0x05, 0x0b, 0x12, 0x19, 0x1e, 0x1d, 0x15, 0x07, 0xf4, 0xe2
    dc.b    0xd5, 0xd1, 0xd9, 0xea, 0x00, 0x16, 0x27, 0x2e, 0x2b, 0x1e, 0x0c, 0xf9, 0xeb, 0xe4, 0xe3, 0xe7
    dc.b    0xee, 0xf5, 0xfb, 0xff, 0x04, 0x0a, 0x11, 0x18, 0x1d, 0x1d, 0x17, 0x0a, 0xf9, 0xe6, 0xd8, 0xd2
    dc.b    0xd7, 0xe5, 0xfb, 0x11, 0x24, 0x2d, 0x2c, 0x21, 0x10, 0xfd, 0xee, 0xe5, 0xe3, 0xe6, 0xec, 0xf3
    dc.b    0xfa, 0xfe, 0x03, 0x08, 0x0f, 0x16, 0x1b, 0x1d, 0x19, 0x0d, 0xfd, 0xeb, 0xdb, 0xd3, 0xd5, 0xe2
    dc.b    0xf6, 0x0c, 0x20, 0x2b, 0x2c, 0x24, 0x14, 0x01, 0xf1, 0xe7, 0xe3, 0xe5, 0xeb, 0xf2, 0xf8, 0xfd
    dc.b    0x02, 0x07, 0x0d, 0x14, 0x1a, 0x1d, 0x1a, 0x10, 0x01, 0xef, 0xdf, 0xd5, 0xd4, 0xdf, 0xf1, 0x07
    dc.b    0x1c, 0x29, 0x2d, 0x26, 0x17, 0x05, 0xf5, 0xe9, 0xe4, 0xe5, 0xea, 0xf1, 0xf7, 0xfc, 0x01, 0x06
    dc.b    0x0b, 0x12, 0x18, 0x1c, 0x1b, 0x13, 0x05, 0xf3, 0xe2, 0xd7, 0xd4, 0xdc, 0xec, 0x02, 0x17, 0x26
    dc.b    0x2c, 0x28, 0x1b, 0x09, 0xf8, 0xeb, 0xe5, 0xe4, 0xe9, 0xef, 0xf6, 0xfb, 0x00, 0x04, 0x0a, 0x10
    dc.b    0x17, 0x1b, 0x1b, 0x15, 0x08, 0xf7, 0xe6, 0xd9, 0xd4, 0xda, 0xe8, 0xfd, 0x12, 0x23, 0x2b, 0x29
    dc.b    0x1e, 0x0d, 0xfc, 0xee, 0xe6, 0xe4, 0xe8, 0xee, 0xf5, 0xfa, 0xff, 0x03, 0x08, 0x0f, 0x15, 0x1a
    dc.b    0x1b, 0x17, 0x0b, 0xfb, 0xea, 0xdc, 0xd5, 0xd8, 0xe5, 0xf8, 0x0e, 0x1f, 0x2a, 0x2a, 0x21, 0x11
    dc.b    0x00, 0xf1, 0xe8, 0xe5, 0xe7, 0xed, 0xf3, 0xf9, 0xfe, 0x02, 0x07, 0x0d, 0x13, 0x19, 0x1b, 0x18
    dc.b    0x0e, 0xff, 0xee, 0xdf, 0xd7, 0xd7, 0xe2, 0xf4, 0x09, 0x1c, 0x28, 0x2a, 0x23, 0x15, 0x04, 0xf4
    dc.b    0xea, 0xe5, 0xe7, 0xec, 0xf2, 0xf8, 0xfd, 0x01, 0x06, 0x0b, 0x12, 0x18, 0x1b, 0x19, 0x11, 0x03
    dc.b    0xf2, 0xe3, 0xd8, 0xd7, 0xdf, 0xef, 0x04, 0x17, 0x25, 0x2a, 0x25, 0x18, 0x07, 0xf7, 0xec, 0xe6
    dc.b    0xe6, 0xeb, 0xf1, 0xf7, 0xfc, 0x00, 0x05, 0x0a, 0x10, 0x16, 0x1a, 0x19, 0x13, 0x06, 0xf6, 0xe6
    dc.b    0xda, 0xd7, 0xdd, 0xeb, 0xff, 0x13, 0x22, 0x29, 0x26, 0x1b, 0x0b, 0xfb, 0xee, 0xe7, 0xe6, 0xea
    dc.b    0xf0, 0xf6, 0xfb, 0xff, 0x03, 0x08, 0x0e, 0x15, 0x19, 0x1a, 0x15, 0x0a, 0xfa, 0xea, 0xdd, 0xd7
    dc.b    0xdb, 0xe8, 0xfa, 0x0f, 0x1f, 0x28, 0x27, 0x1e, 0x0f, 0xfe, 0xf1, 0xe8, 0xe6, 0xe9, 0xee, 0xf5
    dc.b    0xfa, 0xfe, 0x02, 0x07, 0x0d, 0x13, 0x18, 0x1a, 0x16, 0x0c, 0xfe, 0xee, 0xe0, 0xd8, 0xda, 0xe5
    dc.b    0xf6, 0x0a, 0x1b, 0x26, 0x27, 0x20, 0x12, 0x02, 0xf4, 0xea, 0xe7, 0xe8, 0xed, 0xf3, 0xf9, 0xfe
    dc.b    0x02, 0x06, 0x0b, 0x11, 0x17, 0x19, 0x17, 0x0f, 0x02, 0xf2, 0xe3, 0xda, 0xd9, 0xe2, 0xf2, 0x05
    dc.b    0x18, 0x24, 0x27, 0x22, 0x15, 0x06, 0xf7, 0xec, 0xe7, 0xe8, 0xec, 0xf2, 0xf8, 0xfd, 0x01, 0x05
    dc.b    0x0a, 0x10, 0x15, 0x19, 0x18, 0x11, 0x05, 0xf5, 0xe6, 0xdc, 0xd9, 0xe0, 0xee, 0x01, 0x14, 0x21
    dc.b    0x27, 0x23, 0x18, 0x09, 0xfa, 0xee, 0xe8, 0xe8, 0xeb, 0xf1, 0xf7, 0xfc, 0x00, 0x04, 0x08, 0x0e
    dc.b    0x14, 0x18, 0x18, 0x13, 0x08, 0xf9, 0xea, 0xde, 0xd9, 0xde, 0xea, 0xfc, 0x0f, 0x1e, 0x26, 0x24
    dc.b    0x1b, 0x0d, 0xfd, 0xf1, 0xe9, 0xe8, 0xea, 0xf0, 0xf6, 0xfb, 0xff, 0x03, 0x07, 0x0d, 0x12, 0x17
    dc.b    0x18, 0x14, 0x0b, 0xfd, 0xed, 0xe1, 0xda, 0xdc, 0xe7, 0xf8, 0x0b, 0x1b, 0x25, 0x25, 0x1d, 0x10
    dc.b    0x01, 0xf3, 0xeb, 0xe8, 0xea, 0xef, 0xf5, 0xfa, 0xfe, 0x02, 0x06, 0x0b, 0x11, 0x16, 0x18, 0x15
    dc.b    0x0d, 0x00, 0xf1, 0xe4, 0xdc, 0xdc, 0xe5, 0xf4, 0x07, 0x18, 0x23, 0x25, 0x1f, 0x13, 0x04, 0xf6
    dc.b    0xec, 0xe8, 0xe9, 0xee, 0xf3, 0xf9, 0xfd, 0x01, 0x05, 0x0a, 0x0f, 0x15, 0x18, 0x16, 0x0f, 0x03
    dc.b    0xf5, 0xe7, 0xdd, 0xdb, 0xe2, 0xf0, 0x03, 0x14, 0x20, 0x25, 0x21, 0x16, 0x07, 0xf9, 0xee, 0xe9
    dc.b    0xe9, 0xed, 0xf2, 0xf8, 0xfc, 0x00, 0x04, 0x08, 0x0e, 0x13, 0x17, 0x17, 0x11, 0x06, 0xf8, 0xea
    dc.b    0xdf, 0xdb, 0xe0, 0xed, 0xfe, 0x10, 0x1e, 0x24, 0x22, 0x18, 0x0b, 0xfc, 0xf1, 0xea, 0xe9, 0xec
    dc.b    0xf1, 0xf7, 0xfb, 0xff, 0x03, 0x07, 0x0c, 0x12, 0x16, 0x17, 0x13, 0x09, 0xfc, 0xed, 0xe1, 0xdc
    dc.b    0xdf, 0xea, 0xfa, 0x0c, 0x1b, 0x23, 0x23, 0x1b, 0x0e, 0xff, 0xf3, 0xeb, 0xe9, 0xeb, 0xf0, 0xf6
    dc.b    0xfb, 0xfe, 0x02, 0x06, 0x0b, 0x10, 0x15, 0x17, 0x14, 0x0b, 0xff, 0xf1, 0xe4, 0xdd, 0xde, 0xe7
    dc.b    0xf6, 0x08, 0x18, 0x21, 0x23, 0x1d, 0x11, 0x02, 0xf6, 0xed, 0xea, 0xeb, 0xef, 0xf5, 0xfa, 0xfe
    dc.b    0x01, 0x05, 0x0a, 0x0f, 0x14, 0x16, 0x15, 0x0e, 0x02, 0xf4, 0xe7, 0xdf, 0xde, 0xe5, 0xf3, 0x04
    dc.b    0x14, 0x1f, 0x23, 0x1e, 0x13, 0x06, 0xf8, 0xef, 0xea, 0xea, 0xee, 0xf4, 0xf9, 0xfd, 0x00, 0x04
    dc.b    0x08, 0x0e, 0x13, 0x16, 0x15, 0x0f, 0x05, 0xf7, 0xea, 0xe0, 0xde, 0xe3, 0xef, 0x00, 0x11, 0x1d
    dc.b    0x22, 0x20, 0x16, 0x09, 0xfb, 0xf1, 0xeb, 0xea, 0xed, 0xf3, 0xf8, 0xfc, 0x00, 0x03, 0x07, 0x0c
    dc.b    0x11, 0x15, 0x15, 0x11, 0x08, 0xfb, 0xed, 0xe2, 0xde, 0xe1, 0xec, 0xfc, 0x0d, 0x1a, 0x21, 0x20
    dc.b    0x18, 0x0c, 0xfe, 0xf3, 0xec, 0xea, 0xed, 0xf1, 0xf7, 0xfb, 0xff, 0x02, 0x06, 0x0b, 0x10, 0x14
    dc.b    0x15, 0x12, 0x0a, 0xfe, 0xf0, 0xe5, 0xdf, 0xe0, 0xea, 0xf8, 0x09, 0x18, 0x20, 0x21, 0x1a, 0x0f
    dc.b    0x01, 0xf5, 0xed, 0xeb, 0xec, 0xf1, 0xf6, 0xfa, 0xfe, 0x01, 0x05, 0x0a, 0x0f, 0x13, 0x15, 0x13
    dc.b    0x0c, 0x01, 0xf3, 0xe7, 0xe0, 0xe0, 0xe7, 0xf5, 0x05, 0x14, 0x1e, 0x21, 0x1c, 0x11, 0x04, 0xf8
    dc.b    0xef, 0xeb, 0xec, 0xf0, 0xf5, 0xf9, 0xfd, 0x01, 0x04, 0x08, 0x0d, 0x12, 0x15, 0x14, 0x0e, 0x04
    dc.b    0xf7, 0xea, 0xe1, 0xdf, 0xe5, 0xf2, 0x01, 0x11, 0x1c, 0x21, 0x1d, 0x14, 0x07, 0xfa, 0xf1, 0xec
    dc.b    0xec, 0xef, 0xf4, 0xf9, 0xfd, 0x00, 0x03, 0x07, 0x0c, 0x11, 0x14, 0x14, 0x0f, 0x06, 0xfa, 0xed
    dc.b    0xe3, 0xe0, 0xe4, 0xef, 0xfe, 0x0e, 0x1a, 0x20, 0x1e, 0x16, 0x0a, 0xfd, 0xf3, 0xed, 0xec, 0xee
    dc.b    0xf3, 0xf8, 0xfc, 0xff, 0x02, 0x06, 0x0b, 0x10, 0x13, 0x14, 0x11, 0x08, 0xfd, 0xf0, 0xe5, 0xe0
    dc.b    0xe2, 0xec, 0xfa, 0x0a, 0x17, 0x1f, 0x1f, 0x18, 0x0d, 0x00, 0xf5, 0xee, 0xec, 0xee, 0xf2, 0xf7
    dc.b    0xfb, 0xff, 0x02, 0x05, 0x0a, 0x0e, 0x12, 0x14, 0x12, 0x0b, 0x00, 0xf3, 0xe8, 0xe1, 0xe2, 0xe9
    dc.b    0xf7, 0x06, 0x14, 0x1d, 0x1f, 0x1a, 0x0f, 0x03, 0xf7, 0xef, 0xec, 0xed, 0xf1, 0xf6, 0xfa, 0xfe
    dc.b    0x01, 0x04, 0x08, 0x0d, 0x11, 0x14, 0x12, 0x0c, 0x02, 0xf6, 0xea, 0xe3, 0xe1, 0xe7, 0xf4, 0x03
    dc.b    0x11, 0x1b, 0x1f, 0x1b, 0x12, 0x06, 0xfa, 0xf1, 0xed, 0xed, 0xf0, 0xf5, 0xf9, 0xfd, 0x00, 0x03
    dc.b    0x07, 0x0c, 0x10, 0x13, 0x13, 0x0e, 0x05, 0xf9, 0xed, 0xe4, 0xe1, 0xe6, 0xf1, 0xff, 0x0e, 0x19
    dc.b    0x1e, 0x1c, 0x14, 0x08, 0xfc, 0xf3, 0xee, 0xed, 0xef, 0xf4, 0xf8, 0xfc, 0x00, 0x03, 0x06, 0x0b
    dc.b    0x0f, 0x13, 0x13, 0x0f, 0x07, 0xfc, 0xf0, 0xe6, 0xe2, 0xe5, 0xee, 0xfc, 0x0b, 0x17, 0x1d, 0x1d
    dc.b    0x16, 0x0b, 0xff, 0xf5, 0xef, 0xed, 0xef, 0xf3, 0xf8, 0xfc, 0xff, 0x02, 0x05, 0x09, 0x0e, 0x12
    dc.b    0x13, 0x10, 0x09, 0xfe, 0xf2, 0xe8, 0xe3, 0xe4, 0xec, 0xf9, 0x07, 0x14, 0x1c, 0x1d, 0x18, 0x0d
    dc.b    0x01, 0xf7, 0xf0, 0xed, 0xee, 0xf2, 0xf7, 0xfb, 0xfe, 0x01, 0x04, 0x08, 0x0d, 0x11, 0x13, 0x11
    dc.b    0x0b, 0x01, 0xf5, 0xeb, 0xe4, 0xe3, 0xea, 0xf5, 0x04, 0x12, 0x1b, 0x1d, 0x19, 0x10, 0x04, 0xf9
    dc.b    0xf1, 0xee, 0xee, 0xf1, 0xf6, 0xfa, 0xfe, 0x00, 0x03, 0x07, 0x0c, 0x10, 0x12, 0x12, 0x0d, 0x04
    dc.b    0xf8, 0xed, 0xe5, 0xe3, 0xe8, 0xf3, 0x01, 0x0f, 0x19, 0x1d, 0x1a, 0x12, 0x07, 0xfb, 0xf3, 0xee
    dc.b    0xee, 0xf1, 0xf5, 0xf9, 0xfd, 0x00, 0x03, 0x06, 0x0a, 0x0f, 0x12, 0x12, 0x0e, 0x06, 0xfb, 0xf0
    dc.b    0xe7, 0xe3, 0xe7, 0xf0, 0xfd, 0x0b, 0x17, 0x1c, 0x1b, 0x14, 0x09, 0xfe, 0xf5, 0xef, 0xee, 0xf0
    dc.b    0xf4, 0xf8, 0xfc, 0xff, 0x02, 0x05, 0x09, 0x0e, 0x11, 0x12, 0x0f, 0x08, 0xfe, 0xf2, 0xe9, 0xe4
    dc.b    0xe6, 0xee, 0xfa, 0x08, 0x14, 0x1b, 0x1b, 0x16, 0x0c, 0x00, 0xf7, 0xf0, 0xee, 0xf0, 0xf3, 0xf8
    dc.b    0xfb, 0xff, 0x01, 0x04, 0x08, 0x0d, 0x10, 0x12, 0x10, 0x0a, 0x00, 0xf5, 0xeb, 0xe5, 0xe5, 0xec
    dc.b    0xf7, 0x05, 0x12, 0x1a, 0x1c, 0x17, 0x0e, 0x03, 0xf9, 0xf2, 0xee, 0xef, 0xf2, 0xf7, 0xfb, 0xfe
    dc.b    0x01, 0x04, 0x07, 0x0b, 0x0f, 0x11, 0x10, 0x0b, 0x02, 0xf8, 0xed, 0xe6, 0xe5, 0xea, 0xf4, 0x02
    dc.b    0x0f, 0x18, 0x1b, 0x18, 0x10, 0x05, 0xfb, 0xf3, 0xef, 0xef, 0xf2, 0xf6, 0xfa, 0xfd, 0x00, 0x03
    dc.b    0x06, 0x0a, 0x0e, 0x11, 0x11, 0x0d, 0x05, 0xfa, 0xf0, 0xe8, 0xe5, 0xe9, 0xf2, 0xff, 0x0c, 0x16
    dc.b    0x1b, 0x19, 0x12, 0x08, 0xfd, 0xf5, 0xf0, 0xef, 0xf1, 0xf5, 0xf9, 0xfd, 0xff, 0x02, 0x05, 0x09
    dc.b    0x0d, 0x10, 0x11, 0x0e, 0x07, 0xfd, 0xf2, 0xe9, 0xe5, 0xe8, 0xf0, 0xfc, 0x09, 0x14, 0x1a, 0x1a
    dc.b    0x14, 0x0a, 0xff, 0xf6, 0xf1, 0xef, 0xf1, 0xf4, 0xf8, 0xfc, 0xff, 0x01, 0x04, 0x08, 0x0c, 0x10
    dc.b    0x11, 0x0f, 0x09, 0xff, 0xf5, 0xeb, 0xe6, 0xe7, 0xee, 0xf9, 0x06, 0x12, 0x19, 0x1a, 0x15, 0x0c
    dc.b    0x02, 0xf8, 0xf2, 0xef, 0xf0, 0xf4, 0xf8, 0xfb, 0xfe, 0x01, 0x04, 0x07, 0x0b, 0x0f, 0x11, 0x0f
    dc.b    0x0a, 0x01, 0xf7, 0xed, 0xe7, 0xe6, 0xec, 0xf6, 0x03, 0x0f, 0x17, 0x1a, 0x16, 0x0e, 0x04, 0xfa
    dc.b    0xf3, 0xf0, 0xf0, 0xf3, 0xf7, 0xfb, 0xfe, 0x00, 0x03, 0x06, 0x0a, 0x0e, 0x10, 0x10, 0x0b, 0x04
    dc.b    0xfa, 0xf0, 0xe8, 0xe6, 0xea, 0xf4, 0x00, 0x0c, 0x16, 0x19, 0x17, 0x10, 0x06, 0xfc, 0xf5, 0xf0
    dc.b    0xf0, 0xf2, 0xf6, 0xfa, 0xfd, 0x00, 0x02, 0x05, 0x09, 0x0d, 0x10, 0x10, 0x0d, 0x06, 0xfc, 0xf2
    dc.b    0xea, 0xe7, 0xe9, 0xf1, 0xfd, 0x0a, 0x14, 0x19, 0x18, 0x12, 0x09, 0xff, 0xf6, 0xf1, 0xf0, 0xf2
    dc.b    0xf5, 0xf9, 0xfc, 0xff, 0x02, 0x05, 0x08, 0x0c, 0x0f, 0x10, 0x0d, 0x07, 0xfe, 0xf4, 0xec, 0xe7
    dc.b    0xe9, 0xef, 0xfa, 0x07, 0x11, 0x18, 0x18, 0x14, 0x0b, 0x01, 0xf8, 0xf2, 0xf0, 0xf1, 0xf5, 0xf8
    dc.b    0xfc, 0xff, 0x01, 0x04, 0x07, 0x0b, 0x0e, 0x10, 0x0e, 0x09, 0x01, 0xf7, 0xee, 0xe8, 0xe8, 0xee
    dc.b    0xf8, 0x04, 0x0f, 0x17, 0x18, 0x15, 0x0d, 0x03, 0xfa, 0xf3, 0xf1, 0xf1, 0xf4, 0xf8, 0xfb, 0xfe
    dc.b    0x00, 0x03, 0x06, 0x0a, 0x0d, 0x0f, 0x0f, 0x0a, 0x03, 0xf9, 0xf0, 0xe9, 0xe8, 0xec, 0xf5, 0x01
    dc.b    0x0d, 0x15, 0x18, 0x16, 0x0f, 0x05, 0xfc, 0xf5, 0xf1, 0xf1, 0xf3, 0xf7, 0xfa, 0xfd, 0x00, 0x02
    dc.b    0x05, 0x09, 0x0d, 0x0f, 0x0f, 0x0b, 0x05, 0xfb, 0xf2, 0xeb, 0xe8, 0xeb, 0xf3, 0xfe, 0x0a, 0x13
    dc.b    0x18, 0x16, 0x10, 0x07, 0xfe, 0xf6, 0xf2, 0xf1, 0xf3, 0xf6, 0xfa, 0xfd, 0xff, 0x02, 0x05, 0x08
    dc.b    0x0c, 0x0e, 0x0f, 0x0c, 0x06, 0xfe, 0xf4, 0xec, 0xe9, 0xea, 0xf1, 0xfc, 0x07, 0x11, 0x17, 0x17
    dc.b    0x12, 0x09, 0x00, 0xf8, 0xf3, 0xf1, 0xf2, 0xf5, 0xf9, 0xfc, 0xff, 0x01, 0x04, 0x07, 0x0b, 0x0e
    dc.b    0x0f, 0x0d, 0x08, 0x00, 0xf6, 0xee, 0xe9, 0xea, 0xef, 0xf9, 0x05, 0x0f, 0x16, 0x17, 0x13, 0x0b
    dc.b    0x02, 0xfa, 0xf4, 0xf1, 0xf2, 0xf5, 0xf8, 0xfc, 0xfe, 0x01, 0x03, 0x06, 0x0a, 0x0d, 0x0f, 0x0e
    dc.b    0x09, 0x02, 0xf8, 0xf0, 0xea, 0xe9, 0xee, 0xf7, 0x02, 0x0d, 0x14, 0x17, 0x14, 0x0d, 0x04, 0xfb
    dc.b    0xf5, 0xf2, 0xf2, 0xf4, 0xf8, 0xfb, 0xfe, 0x00, 0x02, 0x05, 0x09, 0x0c, 0x0e, 0x0e, 0x0a, 0x04
    dc.b    0xfb, 0xf2, 0xeb, 0xe9, 0xed, 0xf5, 0xff, 0x0a, 0x13, 0x16, 0x15, 0x0f, 0x06, 0xfd, 0xf6, 0xf2
    dc.b    0xf2, 0xf4, 0xf7, 0xfa, 0xfd, 0x00, 0x02, 0x05, 0x08, 0x0b, 0x0e, 0x0e, 0x0b, 0x05, 0xfd, 0xf4
    dc.b    0xed, 0xea, 0xec, 0xf3, 0xfd, 0x08, 0x11, 0x16, 0x15, 0x10, 0x08, 0xff, 0xf8, 0xf3, 0xf2, 0xf3
    dc.b    0xf6, 0xfa, 0xfd, 0xff, 0x01, 0x04, 0x07, 0x0a, 0x0d, 0x0e, 0x0c, 0x07, 0xff, 0xf6, 0xee, 0xea
    dc.b    0xeb, 0xf1, 0xfb, 0x05, 0x0f, 0x15, 0x16, 0x12, 0x0a, 0x01, 0xf9, 0xf4, 0xf2, 0xf3, 0xf6, 0xf9
    dc.b    0xfc, 0xff, 0x01, 0x03, 0x06, 0x09, 0x0c, 0x0e, 0x0d, 0x08, 0x01, 0xf8, 0xf0, 0xeb, 0xeb, 0xef
    dc.b    0xf8, 0x03, 0x0d, 0x14, 0x16, 0x13, 0x0c, 0x03, 0xfb, 0xf5, 0xf2, 0xf3, 0xf5, 0xf8, 0xfc, 0xfe
    dc.b    0x00, 0x03, 0x05, 0x09, 0x0c, 0x0e, 0x0d, 0x09, 0x03, 0xfa, 0xf2, 0xec, 0xeb, 0xee, 0xf6, 0x00
    dc.b    0x0b, 0x12, 0x15, 0x13, 0x0d, 0x05, 0xfd, 0xf6, 0xf3, 0xf3, 0xf5, 0xf8, 0xfb, 0xfe, 0x00, 0x02
    dc.b    0x05, 0x08, 0x0b, 0x0d, 0x0d, 0x0a, 0x04, 0xfc, 0xf4, 0xed, 0xeb, 0xed, 0xf4, 0xfe, 0x08, 0x11
    dc.b    0x15, 0x14, 0x0f, 0x07, 0xfe, 0xf8, 0xf4, 0xf3, 0xf4, 0xf7, 0xfa, 0xfd, 0xff, 0x01, 0x04, 0x07
    dc.b    0x0a, 0x0d, 0x0d, 0x0b, 0x06, 0xfe, 0xf6, 0xef, 0xeb, 0xec, 0xf2, 0xfc, 0x06, 0x0f, 0x14, 0x14
    dc.b    0x10, 0x09, 0x00, 0xf9, 0xf4, 0xf3, 0xf4, 0xf7, 0xfa, 0xfd, 0xff, 0x01, 0x03, 0x06, 0x09, 0x0c
    dc.b    0x0d, 0x0c, 0x07, 0x00, 0xf8, 0xf0, 0xec, 0xec, 0xf1, 0xfa, 0x04, 0x0d, 0x13, 0x14, 0x11, 0x0a
    dc.b    0x02, 0xfb, 0xf5, 0xf3, 0xf4, 0xf6, 0xf9, 0xfc, 0xfe, 0x01, 0x03, 0x05, 0x08, 0x0b, 0x0d, 0x0c
    dc.b    0x08, 0x02, 0xfa, 0xf2, 0xed, 0xec, 0xf0, 0xf7, 0x01, 0x0b, 0x12, 0x14, 0x12, 0x0c, 0x04, 0xfc
    dc.b    0xf6, 0xf3, 0xf3, 0xf5, 0xf9, 0xfc, 0xfe, 0x00, 0x02, 0x05, 0x08, 0x0b, 0x0d, 0x0c, 0x09, 0x03
    dc.b    0xfc, 0xf4, 0xee, 0xec, 0xef, 0xf6, 0xff, 0x09, 0x10, 0x14, 0x13, 0x0d, 0x06, 0xfe, 0xf8, 0xf4
    dc.b    0xf3, 0xf5, 0xf8, 0xfb, 0xfe, 0x00, 0x02, 0x04, 0x07, 0x0a, 0x0c, 0x0d, 0x0a, 0x05, 0xfe, 0xf6
    dc.b    0xef, 0xec, 0xee, 0xf4, 0xfd, 0x07, 0x0f, 0x13, 0x13, 0x0f, 0x08, 0x00, 0xf9, 0xf5, 0xf3, 0xf5
    dc.b    0xf7, 0xfa, 0xfd, 0xff, 0x01, 0x03, 0x06, 0x09, 0x0c, 0x0c, 0x0b, 0x06, 0xff, 0xf7, 0xf1, 0xed
    dc.b    0xed, 0xf2, 0xfb, 0x04, 0x0d, 0x12, 0x13, 0x10, 0x09, 0x01, 0xfa, 0xf6, 0xf4, 0xf4, 0xf7, 0xfa
    dc.b    0xfd, 0xff, 0x01, 0x03, 0x05, 0x08, 0x0b, 0x0c, 0x0b, 0x07, 0x01, 0xf9, 0xf2, 0xee, 0xed, 0xf1
    dc.b    0xf9, 0x02, 0x0b, 0x11, 0x13, 0x11, 0x0b, 0x03, 0xfc, 0xf6, 0xf4, 0xf4, 0xf6, 0xf9, 0xfc, 0xfe
    dc.b    0x00, 0x02, 0x05, 0x07, 0x0a, 0x0c, 0x0c, 0x08, 0x03, 0xfb, 0xf4, 0xef, 0xed, 0xf0, 0xf7, 0x00
    dc.b    0x09, 0x10, 0x13, 0x11, 0x0c, 0x05, 0xfd, 0xf8, 0xf4, 0xf4, 0xf6, 0xf9, 0xfb, 0xfe, 0x00, 0x02
    dc.b    0x04, 0x07, 0x0a, 0x0c, 0x0c, 0x09, 0x04, 0xfd, 0xf6, 0xf0, 0xed, 0xef, 0xf5, 0xfe, 0x07, 0x0f
    dc.b    0x12, 0x12, 0x0d, 0x06, 0xff, 0xf9, 0xf5, 0xf4, 0xf5, 0xf8, 0xfb, 0xfd, 0xff, 0x01, 0x03, 0x06
    dc.b    0x09, 0x0b, 0x0c, 0x0a, 0x05, 0xff, 0xf7, 0xf1, 0xee, 0xef, 0xf4, 0xfc, 0x05, 0x0d, 0x12, 0x12
    dc.b    0x0e, 0x08, 0x01, 0xfa, 0xf6, 0xf4, 0xf5, 0xf8, 0xfa, 0xfd, 0xff, 0x01, 0x03, 0x05, 0x08, 0x0b
    dc.b    0x0c, 0x0b, 0x07, 0x00, 0xf9, 0xf2, 0xee, 0xee, 0xf2, 0xfa, 0x03, 0x0b, 0x11, 0x12, 0x0f, 0x0a
    dc.b    0x02, 0xfb, 0xf7, 0xf5, 0xf5, 0xf7, 0xfa, 0xfc, 0xff, 0x00, 0x02, 0x05, 0x07, 0x0a, 0x0b, 0x0b
    dc.b    0x08, 0x02, 0xfb, 0xf4, 0xef, 0xee, 0xf1, 0xf8, 0x01, 0x09, 0x10, 0x12, 0x10, 0x0b, 0x04, 0xfd
    dc.b    0xf8, 0xf5, 0xf5, 0xf7, 0xf9, 0xfc, 0xfe, 0x00, 0x02, 0x04, 0x07, 0x09, 0x0b, 0x0b, 0x08, 0x03
    dc.b    0xfd, 0xf6, 0xf0, 0xee, 0xf0, 0xf6, 0xff, 0x07, 0x0e, 0x12, 0x11, 0x0c, 0x05, 0xfe, 0xf9, 0xf5
    dc.b    0xf5, 0xf6, 0xf9, 0xfb, 0xfe, 0x00, 0x01, 0x03, 0x06, 0x09, 0x0b, 0x0b, 0x09, 0x05, 0xfe, 0xf7
    dc.b    0xf1, 0xef, 0xf0, 0xf5, 0xfd, 0x06, 0x0d, 0x11, 0x11, 0x0d, 0x07, 0x00, 0xfa, 0xf6, 0xf5, 0xf6
    dc.b    0xf8, 0xfb, 0xfd, 0xff, 0x01, 0x03, 0x05, 0x08, 0x0a, 0x0b, 0x0a, 0x06, 0x00, 0xf9, 0xf3, 0xef
    dc.b    0xef, 0xf4, 0xfb, 0x04, 0x0b, 0x10, 0x11, 0x0e, 0x08, 0x01, 0xfb, 0xf7, 0xf5, 0xf6, 0xf8, 0xfa
    dc.b    0xfd, 0xff, 0x00, 0x02, 0x05, 0x07, 0x0a, 0x0b, 0x0a, 0x07, 0x01, 0xfa, 0xf4, 0xf0, 0xef, 0xf3
    dc.b    0xf9, 0x02, 0x0a, 0x0f, 0x11, 0x0f, 0x0a, 0x03, 0xfd, 0xf8, 0xf5, 0xf6, 0xf7, 0xfa, 0xfc, 0xfe
    dc.b    0x00, 0x02, 0x04, 0x06, 0x09, 0x0b, 0x0a, 0x08, 0x03, 0xfc, 0xf6, 0xf1, 0xef, 0xf2, 0xf8, 0x00
    dc.b    0x08, 0x0e, 0x11, 0x0f, 0x0b, 0x05, 0xfe, 0xf9, 0xf6, 0xf5, 0xf7, 0xf9, 0xfc, 0xfe, 0x00, 0x01
    dc.b    0x03, 0x06, 0x08, 0x0a, 0x0a, 0x08, 0x04, 0xfe, 0xf7, 0xf2, 0xef, 0xf1, 0xf6, 0xfe, 0x06, 0x0d
    dc.b    0x10, 0x10, 0x0c, 0x06, 0xff, 0xfa, 0xf6, 0xf5, 0xf7, 0xf9, 0xfb, 0xfe, 0xff, 0x01, 0x03, 0x05
    dc.b    0x08, 0x0a, 0x0a, 0x09, 0x05, 0xff, 0xf9, 0xf3, 0xf0, 0xf0, 0xf5, 0xfc, 0x04, 0x0b, 0x0f, 0x10
    dc.b    0x0d, 0x07, 0x01, 0xfb, 0xf7, 0xf6, 0xf6, 0xf8, 0xfb, 0xfd, 0xff, 0x01, 0x02, 0x05, 0x07, 0x09
    dc.b    0x0a, 0x09, 0x06, 0x01, 0xfa, 0xf4, 0xf1, 0xf0, 0xf4, 0xfa, 0x02, 0x0a, 0x0f, 0x10, 0x0e, 0x09
    dc.b    0x02, 0xfc, 0xf8, 0xf6, 0xf6, 0xf8, 0xfa, 0xfd, 0xff, 0x00, 0x02, 0x04, 0x06, 0x09, 0x0a, 0x0a
    dc.b    0x07, 0x02, 0xfc, 0xf6, 0xf1, 0xf0, 0xf3, 0xf9, 0x00, 0x08, 0x0e, 0x10, 0x0e, 0x0a, 0x04, 0xfe
    dc.b    0xf9, 0xf6, 0xf6, 0xf8, 0xfa, 0xfc, 0xfe, 0x00, 0x01, 0x03, 0x06, 0x08, 0x0a, 0x0a, 0x08, 0x03
    dc.b    0xfd, 0xf7, 0xf2, 0xf0, 0xf2, 0xf7, 0xff, 0x06, 0x0c, 0x0f, 0x0f, 0x0b, 0x05, 0xff, 0xfa, 0xf7
    dc.b    0xf6, 0xf7, 0xf9, 0xfc, 0xfe, 0x00, 0x01, 0x03, 0x05, 0x07, 0x09, 0x0a, 0x08, 0x04, 0xff, 0xf8
    dc.b    0xf3, 0xf1, 0xf2, 0xf6, 0xfd, 0x05, 0x0b, 0x0f, 0x0f, 0x0c, 0x06, 0x00, 0xfb, 0xf7, 0xf6, 0xf7
    dc.b    0xf9, 0xfb, 0xfd, 0xff, 0x01, 0x02, 0x05, 0x07, 0x09, 0x0a, 0x09, 0x05, 0x00, 0xfa, 0xf4, 0xf1
    dc.b    0xf1, 0xf5, 0xfb, 0x03, 0x0a, 0x0e, 0x0f, 0x0d, 0x08, 0x02, 0xfc, 0xf8, 0xf6, 0xf7, 0xf9, 0xfb
    dc.b    0xfd, 0xff, 0x00, 0x02, 0x04, 0x06, 0x08, 0x0a, 0x09, 0x06, 0x01, 0xfb, 0xf6, 0xf2, 0xf1, 0xf4
    dc.b    0xfa, 0x01, 0x08, 0x0d, 0x0f, 0x0d, 0x09, 0x03, 0xfd, 0xf9, 0xf7, 0xf7, 0xf8, 0xfa, 0xfd, 0xff
    dc.b    0x00, 0x02, 0x03, 0x06, 0x08, 0x09, 0x09, 0x07, 0x03, 0xfd, 0xf7, 0xf3, 0xf1, 0xf3, 0xf8, 0xff
    dc.b    0x07, 0x0c, 0x0f, 0x0e, 0x0a, 0x04, 0xfe, 0xfa, 0xf7, 0xf7, 0xf8, 0xfa, 0xfc, 0xfe, 0x00, 0x01
    dc.b    0x03, 0x05, 0x07, 0x09, 0x09, 0x08, 0x04, 0xfe, 0xf8, 0xf4, 0xf1, 0xf3, 0xf7, 0xfe, 0x05, 0x0b
    dc.b    0x0e, 0x0e, 0x0b, 0x06, 0x00, 0xfb, 0xf8, 0xf7, 0xf8, 0xfa, 0xfc, 0xfe, 0xff, 0x01, 0x02, 0x04
    dc.b    0x07, 0x09, 0x09, 0x08, 0x05, 0x00, 0xfa, 0xf5, 0xf2, 0xf2, 0xf6, 0xfc, 0x03, 0x0a, 0x0e, 0x0e
    dc.b    0x0c, 0x07, 0x01, 0xfc, 0xf8, 0xf7, 0xf7, 0xf9, 0xfb, 0xfd, 0xff, 0x00, 0x02, 0x04, 0x06, 0x08
    dc.b    0x09, 0x08, 0x06, 0x01, 0xfb, 0xf6, 0xf2, 0xf2, 0xf5, 0xfb, 0x02, 0x08, 0x0d, 0x0e, 0x0c, 0x08
    dc.b    0x02, 0xfd, 0xf9, 0xf7, 0xf7, 0xf9, 0xfb, 0xfd, 0xff, 0x00, 0x02, 0x03, 0x06, 0x08, 0x09, 0x09
    dc.b    0x06, 0x02, 0xfc, 0xf7, 0xf3, 0xf2, 0xf4, 0xf9, 0x00, 0x07, 0x0c, 0x0e, 0x0d, 0x09, 0x04, 0xfe
    dc.b    0xfa, 0xf7, 0xf7, 0xf8, 0xfb, 0xfd, 0xfe, 0x00, 0x01, 0x03, 0x05, 0x07, 0x09, 0x09, 0x07, 0x03
    dc.b    0xfe, 0xf8, 0xf4, 0xf2, 0xf4, 0xf8, 0xfe, 0x05, 0x0b, 0x0e, 0x0d, 0x0a, 0x05, 0xff, 0xfb, 0xf8
    dc.b    0xf7, 0xf8, 0xfa, 0xfc, 0xfe, 0x00, 0x01, 0x02, 0x04, 0x07, 0x08, 0x09, 0x07, 0x04, 0xff, 0xfa
    dc.b    0xf5, 0xf2, 0xf3, 0xf7, 0xfd, 0x04, 0x0a, 0x0d, 0x0d, 0x0b, 0x06, 0x00, 0xfc, 0xf8, 0xf7, 0xf8
    dc.b    0xfa, 0xfc, 0xfe, 0xff, 0x01, 0x02, 0x04, 0x06, 0x08, 0x09, 0x08, 0x05, 0x00, 0xfb, 0xf6, 0xf3
    dc.b    0xf3, 0xf6, 0xfb, 0x02, 0x08, 0x0c, 0x0d, 0x0b, 0x07, 0x02, 0xfd, 0xf9, 0xf8, 0xf8, 0xf9, 0xfb
    dc.b    0xfd, 0xff, 0x00, 0x02, 0x03, 0x05, 0x07, 0x08, 0x08, 0x06, 0x01, 0xfc, 0xf7, 0xf4, 0xf3, 0xf5
    dc.b    0xfa, 0x01, 0x07, 0x0c, 0x0d, 0x0c, 0x08, 0x03, 0xfe, 0xfa, 0xf8, 0xf8, 0xf9, 0xfb, 0xfd, 0xff
    dc.b    0x00, 0x01, 0x03, 0x05, 0x07, 0x08, 0x08, 0x06, 0x02, 0xfd, 0xf8, 0xf4, 0xf3, 0xf4, 0xf9, 0xff
    dc.b    0x06, 0x0b, 0x0d, 0x0c, 0x09, 0x04, 0xff, 0xfb, 0xf8, 0xf8, 0xf9, 0xfb, 0xfd, 0xfe, 0x00, 0x01
    dc.b    0x03, 0x04, 0x06, 0x08, 0x08, 0x07, 0x03, 0xff, 0xf9, 0xf5, 0xf3, 0xf4, 0xf8, 0xfe, 0x04, 0x09
    dc.b    0x0d, 0x0d, 0x0a, 0x05, 0x00, 0xfb, 0xf9, 0xf8, 0xf9, 0xfa, 0xfc, 0xfe, 0xff, 0x01, 0x02, 0x04
    dc.b    0x06, 0x08, 0x08, 0x07, 0x04, 0x00, 0xfb, 0xf6, 0xf4, 0xf4, 0xf7, 0xfc, 0x03, 0x08, 0x0c, 0x0d
    dc.b    0x0a, 0x06, 0x01, 0xfc, 0xf9, 0xf8, 0xf8, 0xfa, 0xfc, 0xfe, 0xff, 0x00, 0x02, 0x03, 0x05, 0x07
    dc.b    0x08, 0x07, 0x05, 0x01, 0xfc, 0xf7, 0xf4, 0xf4, 0xf6, 0xfb, 0x01, 0x07, 0x0b, 0x0d, 0x0b, 0x07
    dc.b    0x02, 0xfd, 0xfa, 0xf8, 0xf8, 0xfa, 0xfb, 0xfd, 0xff, 0x00, 0x01, 0x03, 0x05, 0x07, 0x08, 0x08
    dc.b    0x06, 0x02, 0xfd, 0xf8, 0xf5, 0xf4, 0xf5, 0xfa, 0x00, 0x06, 0x0a, 0x0c, 0x0b, 0x08, 0x03, 0xfe
    dc.b    0xfb, 0xf8, 0xf8, 0xf9, 0xfb, 0xfd, 0xff, 0x00, 0x01, 0x03, 0x04, 0x06, 0x08, 0x08, 0x06, 0x03
    dc.b    0xfe, 0xf9, 0xf5, 0xf4, 0xf5, 0xf9, 0xfe, 0x04, 0x09, 0x0c, 0x0c, 0x09, 0x04, 0x00, 0xfb, 0xf9
    dc.b    0xf8, 0xf9, 0xfb, 0xfd, 0xfe, 0x00, 0x01, 0x02, 0x04, 0x06, 0x07, 0x08, 0x07, 0x04, 0xff, 0xfb
    dc.b    0xf6, 0xf4, 0xf5, 0xf8, 0xfd, 0x03, 0x08, 0x0b, 0x0c, 0x0a, 0x05, 0x01, 0xfc, 0xf9, 0xf8, 0xf9
    dc.b    0xfa, 0xfc, 0xfe, 0xff, 0x00, 0x02, 0x03, 0x05, 0x07, 0x08, 0x07, 0x04, 0x00, 0xfc, 0xf7, 0xf5
    dc.b    0xf4, 0xf7, 0xfc, 0x02, 0x07, 0x0b, 0x0c, 0x0a, 0x06, 0x02, 0xfd, 0xfa, 0xf9, 0xf9, 0xfa, 0xfc
    dc.b    0xfe, 0xff, 0x00, 0x01, 0x03, 0x05, 0x06, 0x07, 0x07, 0x05, 0x01, 0xfd, 0xf8, 0xf5, 0xf4, 0xf6
    dc.b    0xfb, 0x00, 0x06, 0x0a, 0x0c, 0x0b, 0x07, 0x03, 0xfe, 0xfb, 0xf9, 0xf9, 0xfa, 0xfb, 0xfd, 0xff
    dc.b    0x00, 0x01, 0x03, 0x04, 0x06, 0x07, 0x07, 0x06, 0x02, 0xfe, 0xf9, 0xf6, 0xf4, 0xf6, 0xf9, 0xff
    dc.b    0x05, 0x09, 0x0b, 0x0b, 0x08, 0x04, 0xff, 0xfb, 0xf9, 0xf9, 0xfa, 0xfb, 0xfd, 0xfe, 0x00, 0x01
    dc.b    0x02, 0x04, 0x06, 0x07, 0x07, 0x06, 0x03, 0xff, 0xfa, 0xf7, 0xf5, 0xf5, 0xf9, 0xfe, 0x03, 0x08
    dc.b    0x0b, 0x0b, 0x09, 0x05, 0x00, 0xfc, 0xfa, 0xf9, 0xf9, 0xfb, 0xfd, 0xfe, 0xff, 0x01, 0x02, 0x03
    dc.b    0x05, 0x07, 0x07, 0x06, 0x04, 0x00, 0xfb, 0xf7, 0xf5, 0xf5, 0xf8, 0xfc, 0x02, 0x07, 0x0a, 0x0b
    dc.b    0x09, 0x06, 0x01, 0xfd, 0xfa, 0xf9, 0xf9, 0xfb, 0xfc, 0xfe, 0xff, 0x00, 0x01, 0x03, 0x05, 0x06
    dc.b    0x07, 0x07, 0x05, 0x01, 0xfd, 0xf8, 0xf6, 0xf5, 0xf7, 0xfb, 0x01, 0x06, 0x0a, 0x0b, 0x0a, 0x07
    dc.b    0x02, 0xfe, 0xfb, 0xf9, 0xf9, 0xfa, 0xfc, 0xfe, 0xff, 0x00, 0x01, 0x03, 0x04, 0x06, 0x07, 0x07
    dc.b    0x05, 0x02, 0xfe, 0xf9, 0xf6, 0xf5, 0xf6, 0xfa, 0xff, 0x05, 0x09, 0x0b, 0x0a, 0x07, 0x03, 0xff
    dc.b    0xfb, 0xf9, 0xf9, 0xfa, 0xfc, 0xfd, 0xff, 0x00, 0x01, 0x02, 0x04, 0x05, 0x07, 0x07, 0x06, 0x03
    dc.b    0xff, 0xfa, 0xf7, 0xf5, 0xf6, 0xf9, 0xfe, 0x04, 0x08, 0x0b, 0x0a, 0x08, 0x04, 0x00, 0xfc, 0xfa
    dc.b    0xf9, 0xfa, 0xfb, 0xfd, 0xfe, 0x00, 0x01, 0x02, 0x03, 0x05, 0x06, 0x07, 0x06, 0x03, 0x00, 0xfb
    dc.b    0xf8, 0xf5, 0xf6, 0xf9, 0xfd, 0x02, 0x07, 0x0a, 0x0b, 0x09, 0x05, 0x01, 0xfd, 0xfa, 0xf9, 0xfa
    dc.b    0xfb, 0xfd, 0xfe, 0xff, 0x00, 0x01, 0x03, 0x05, 0x06, 0x07, 0x06, 0x04, 0x01, 0xfc, 0xf8, 0xf6
    dc.b    0xf6, 0xf8, 0xfc, 0x01, 0x06, 0x09, 0x0b, 0x09, 0x06, 0x02, 0xfe, 0xfb, 0xf9, 0xfa, 0xfb, 0xfc
    dc.b    0xfe, 0xff, 0x00, 0x01, 0x03, 0x04, 0x06, 0x07, 0x06, 0x05, 0x01, 0xfd, 0xf9, 0xf6, 0xf6, 0xf7
    dc.b    0xfb, 0x00, 0x05, 0x09, 0x0a, 0x0a, 0x07, 0x03, 0xff, 0xfb, 0xfa, 0xf9, 0xfa, 0xfc, 0xfd, 0xff
    dc.b    0x00, 0x01, 0x02, 0x04, 0x05, 0x06, 0x06, 0x05, 0x02, 0xfe, 0xfa, 0xf7, 0xf6, 0xf7, 0xfa, 0xff
    dc.b    0x04, 0x08, 0x0a, 0x0a, 0x07, 0x04, 0xff, 0xfc, 0xfa, 0xf9, 0xfa, 0xfc, 0xfd, 0xff, 0x00, 0x01
    dc.b    0x02, 0x03, 0x05, 0x06, 0x06, 0x05, 0x03, 0xff, 0xfb, 0xf8, 0xf6, 0xf6, 0xf9, 0xfe, 0x03, 0x07
    dc.b    0x0a, 0x0a, 0x08, 0x04, 0x00, 0xfd, 0xfa, 0xfa, 0xfa, 0xfb, 0xfd, 0xfe, 0xff, 0x00, 0x02, 0x03
    dc.b    0x04, 0x06, 0x06, 0x06, 0x04, 0x00, 0xfc, 0xf9, 0xf6, 0xf6, 0xf9, 0xfd, 0x02, 0x06, 0x09, 0x0a
    dc.b    0x08, 0x05, 0x01, 0xfe, 0xfb, 0xfa, 0xfa, 0xfb, 0xfd, 0xfe, 0xff, 0x00, 0x01, 0x03, 0x04, 0x05
    dc.b    0x06, 0x06, 0x04, 0x01, 0xfd, 0xf9, 0xf7, 0xf6, 0xf8, 0xfc, 0x00, 0x05, 0x09, 0x0a, 0x09, 0x06
    dc.b    0x02, 0xfe, 0xfb, 0xfa, 0xfa, 0xfb, 0xfc, 0xfe, 0xff, 0x00, 0x01, 0x02, 0x04, 0x05, 0x06, 0x06
    dc.b    0x05, 0x02, 0xfe, 0xfa, 0xf7, 0xf6, 0xf7, 0xfb, 0xff, 0x04, 0x08, 0x0a, 0x09, 0x07, 0x03, 0xff
    dc.b    0xfc, 0xfa, 0xfa, 0xfb, 0xfc, 0xfd, 0xff, 0x00, 0x01, 0x02, 0x03, 0x05, 0x06, 0x06, 0x05, 0x03
    dc.b    0xff, 0xfb, 0xf8, 0xf6, 0xf7, 0xfa, 0xfe, 0x03, 0x07, 0x09, 0x09, 0x07, 0x04, 0x00, 0xfd, 0xfb
    dc.b    0xfa, 0xfa, 0xfc, 0xfd, 0xfe, 0x00, 0x00, 0x02, 0x03, 0x04, 0x06, 0x06, 0x05, 0x03, 0x00, 0xfc
    dc.b    0xf9, 0xf7, 0xf7, 0xf9, 0xfd, 0x02, 0x06, 0x09, 0x09, 0x08, 0x05, 0x01, 0xfd, 0xfb, 0xfa, 0xfa
    dc.b    0xfb, 0xfd, 0xfe, 0xff, 0x00, 0x01, 0x03, 0x04, 0x05, 0x06, 0x06, 0x04, 0x01, 0xfd, 0xf9, 0xf7
    dc.b    0xf7, 0xf9, 0xfc, 0x01, 0x05, 0x08, 0x09, 0x08, 0x05, 0x02, 0xfe, 0xfb, 0xfa, 0xfa, 0xfb, 0xfd
    dc.b    0xfe, 0xff, 0x00, 0x01, 0x02, 0x04, 0x05, 0x06, 0x06, 0x04, 0x01, 0xfe, 0xfa, 0xf8, 0xf7, 0xf8
    dc.b    0xfb, 0x00, 0x04, 0x08, 0x09, 0x08, 0x06, 0x02, 0xff, 0xfc, 0xfa, 0xfa, 0xfb, 0xfc, 0xfe, 0xff
    dc.b    0x00, 0x01, 0x02, 0x03, 0x05, 0x06, 0x06, 0x05, 0x02, 0xff, 0xfb, 0xf8, 0xf7, 0xf8, 0xfb, 0xff
    dc.b    0x03, 0x07, 0x09, 0x09, 0x07, 0x03, 0x00, 0xfd, 0xfb, 0xfa, 0xfb, 0xfc, 0xfd, 0xff, 0x00, 0x01
    dc.b    0x02, 0x03, 0x04, 0x05, 0x06, 0x05, 0x03, 0x00, 0xfc, 0xf9, 0xf7, 0xf7, 0xfa, 0xfe, 0x02, 0x06
    dc.b    0x08, 0x09, 0x07, 0x04, 0x00, 0xfd, 0xfb, 0xfa, 0xfb, 0xfc, 0xfd, 0xfe, 0xff, 0x00, 0x01, 0x02
    dc.b    0x04, 0x05, 0x06, 0x05, 0x03, 0x00, 0xfd, 0xfa, 0xf7, 0xf7, 0xf9, 0xfd, 0x01, 0x05, 0x08, 0x09
    dc.b    0x08, 0x05, 0x01, 0xfe, 0xfc, 0xfa, 0xfb, 0xfc, 0xfd, 0xfe, 0xff, 0x00, 0x01, 0x02, 0x04, 0x05
    dc.b    0x06, 0x05, 0x04, 0x01, 0xfe, 0xfa, 0xf8, 0xf7, 0xf9, 0xfc, 0x00, 0x04, 0x07, 0x09, 0x08, 0x05
    dc.b    0x02, 0xff, 0xfc, 0xfb, 0xfb, 0xfb, 0xfd, 0xfe, 0xff, 0x00, 0x01, 0x02, 0x03, 0x04, 0x05, 0x05
    dc.b    0x04, 0x02, 0xfe, 0xfb, 0xf8, 0xf7, 0xf8, 0xfb, 0xff, 0x03, 0x07, 0x08, 0x08, 0x06, 0x03, 0xff
    dc.b    0xfd, 0xfb, 0xfb, 0xfb, 0xfc, 0xfe, 0xff, 0x00, 0x01, 0x02, 0x03, 0x04, 0x05, 0x05, 0x05, 0x02
    dc.b    0xff, 0xfc, 0xf9, 0xf8, 0xf8, 0xfa, 0xfe, 0x02, 0x06, 0x08, 0x08, 0x07, 0x04, 0x00, 0xfd, 0xfb
    dc.b    0xfb, 0xfb, 0xfc, 0xfd, 0xff, 0x00, 0x00, 0x01, 0x02, 0x04, 0x05, 0x05, 0x05, 0x03, 0x00, 0xfd
    dc.b    0xfa, 0xf8, 0xf8, 0xfa, 0xfd, 0x02, 0x05, 0x08, 0x08, 0x07, 0x04, 0x01, 0xfe, 0xfc, 0xfb, 0xfb
    dc.b    0xfc, 0xfd, 0xfe, 0xff, 0x00, 0x01, 0x02, 0x03, 0x05, 0x05, 0x05, 0x03, 0x01, 0xfd, 0xfa, 0xf8
    dc.b    0xf8, 0xf9, 0xfd, 0x01, 0x04, 0x07, 0x08, 0x07, 0x05, 0x02, 0xfe, 0xfc, 0xfb, 0xfb, 0xfc, 0xfd
    dc.b    0xfe, 0xff, 0x00, 0x01, 0x02, 0x03, 0x04, 0x05, 0x05, 0x04, 0x01, 0xfe, 0xfb, 0xf9, 0xf8, 0xf9
    dc.b    0xfc, 0x00, 0x04, 0x07, 0x08, 0x08, 0x05, 0x02, 0xff, 0xfd, 0xfb, 0xfb, 0xfc, 0xfd, 0xfe, 0xff
    dc.b    0x00, 0x01, 0x02, 0x03, 0x04, 0x05, 0x05, 0x04, 0x02, 0xff, 0xfc, 0xf9, 0xf8, 0xf9, 0xfb, 0xff
    dc.b    0x03, 0x06, 0x08, 0x08, 0x06, 0x03, 0x00, 0xfd, 0xfb, 0xfb, 0xfb, 0xfc, 0xfe, 0xff, 0x00, 0x00
    dc.b    0x01, 0x02, 0x04, 0x05, 0x05, 0x04, 0x03, 0x00, 0xfd, 0xfa, 0xf8, 0xf8, 0xfa, 0xfe, 0x02, 0x05
    dc.b    0x07, 0x08, 0x06, 0x04, 0x01, 0xfe, 0xfc, 0xfb, 0xfb, 0xfc, 0xfd, 0xff, 0xff, 0x00, 0x01, 0x02
    dc.b    0x03, 0x04, 0x05, 0x05, 0x03, 0x00, 0xfd, 0xfa, 0xf9, 0xf8, 0xfa, 0xfd, 0x01, 0x05, 0x07, 0x08
    dc.b    0x07, 0x04, 0x01, 0xfe, 0xfc, 0xfb, 0xfb, 0xfc, 0xfd, 0xfe, 0xff, 0x00, 0x01, 0x02, 0x03, 0x04
    dc.b    0x05, 0x05, 0x03, 0x01, 0xfe, 0xfb, 0xf9, 0xf8, 0xf9, 0xfc, 0x00, 0x00, 0x00, 0x00, 0x00, 0x00
    .global brand_bell_terminal_size
brand_bell_terminal_size = .-brand_bell_terminal

    .align  256
    .global brand_stamp_whoosh
brand_stamp_whoosh:
    dc.b    0x00, 0x00, 0x00, 0x00, 0x00, 0x00, 0x00, 0x00, 0x00, 0x00, 0x00, 0x00, 0x00, 0x00, 0x00, 0x00
    dc.b    0x00, 0x00, 0x01, 0x00, 0x00, 0x00, 0x00, 0x00, 0x00, 0x00, 0xff, 0xff, 0x00, 0xff, 0x00, 0x01
    dc.b    0x01, 0x01, 0x01, 0x01, 0x00, 0x00, 0x00, 0xff, 0xff, 0xff, 0xfe, 0xff, 0x00, 0x01, 0x01, 0x01
    dc.b    0x02, 0x01, 0x01, 0x01, 0xff, 0xff, 0xff, 0xfe, 0xfe, 0xff, 0x00, 0xff, 0x00, 0x02, 0x01, 0x02
    dc.b    0x02, 0x01, 0x01, 0x00, 0xfe, 0xfe, 0xfe, 0xff, 0xfe, 0xff, 0x00, 0x00, 0x01, 0x03, 0x01, 0x02
    dc.b    0x02, 0x00, 0x00, 0xff, 0xff, 0xfd, 0xfd, 0xfe, 0xfd, 0xff, 0x01, 0x00, 0x02, 0x03, 0x04, 0x02
    dc.b    0x02, 0x01, 0xfe, 0xfe, 0xfe, 0xfc, 0xfd, 0xff, 0xfe, 0x00, 0x02, 0x04, 0x02, 0x04, 0x04, 0x01
    dc.b    0x01, 0x00, 0xfd, 0xfd, 0xfd, 0xfb, 0xfd, 0xff, 0x01, 0x01, 0x03, 0x05, 0x03, 0x03, 0x03, 0x00
    dc.b    0xff, 0xff, 0xfb, 0xfb, 0xfd, 0xfe, 0xfd, 0x00, 0x02, 0x01, 0x04, 0x05, 0x02, 0x03, 0x02, 0x02
    dc.b    0xfd, 0xfd, 0xfd, 0xfa, 0xfc, 0xff, 0xfd, 0x00, 0x04, 0x02, 0x04, 0x05, 0x06, 0x01, 0x01, 0x00
    dc.b    0xfc, 0xfc, 0xfd, 0xfa, 0xfc, 0xff, 0xfe, 0x01, 0x04, 0x07, 0x04, 0x05, 0x05, 0x00, 0xff, 0xff
    dc.b    0xfa, 0xfa, 0xfc, 0xf9, 0xfc, 0x00, 0x03, 0x02, 0x05, 0x07, 0x04, 0x04, 0x04, 0xfe, 0xfe, 0xfd
    dc.b    0xf8, 0xf9, 0xfb, 0xfe, 0xfc, 0x00, 0x04, 0x02, 0x05, 0x08, 0x03, 0x03, 0x03, 0x02, 0xfc, 0xfc
    dc.b    0xfc, 0xf8, 0xfb, 0xfe, 0xfc, 0x01, 0x05, 0x03, 0x06, 0x07, 0x08, 0x02, 0x01, 0x01, 0xfa, 0xfa
    dc.b    0xfb, 0xf7, 0xfa, 0xfe, 0xfd, 0x01, 0x06, 0x09, 0x05, 0x07, 0x08, 0x01, 0x00, 0xff, 0xf8, 0xf9
    dc.b    0xfa, 0xf6, 0xfa, 0xfe, 0x03, 0x01, 0x06, 0x09, 0x05, 0x07, 0x07, 0xff, 0xff, 0xfe, 0xf7, 0xf7
    dc.b    0xf9, 0xfc, 0xf9, 0xfe, 0x03, 0x01, 0x06, 0x0a, 0x05, 0x06, 0x06, 0x05, 0xfd, 0xfc, 0xfc, 0xf6
    dc.b    0xf8, 0xfb, 0xf9, 0xfe, 0x03, 0x01, 0x06, 0x0a, 0x0c, 0x05, 0x05, 0x05, 0xfc, 0xfb, 0xfb, 0xf4
    dc.b    0xf7, 0xfb, 0xf8, 0xfd, 0x03, 0x09, 0x06, 0x09, 0x0c, 0x05, 0x05, 0x04, 0xfb, 0xfa, 0xfa, 0xf3
    dc.b    0xf6, 0xfa, 0xff, 0xfc, 0x03, 0x08, 0x05, 0x09, 0x0b, 0x04, 0x04, 0x03, 0x02, 0xf9, 0xf9, 0xfa
    dc.b    0xf4, 0xf8, 0xfe, 0xfb, 0x02, 0x08, 0x04, 0x08, 0x0b, 0x0d, 0x04, 0x03, 0x02, 0xf8, 0xf8, 0xf9
    dc.b    0xf3, 0xf7, 0xfc, 0xfa, 0x00, 0x07, 0x0d, 0x08, 0x0b, 0x0c, 0x03, 0x03, 0x01, 0xf7, 0xf7, 0xf8
    dc.b    0xf1, 0xf5, 0xfb, 0x01, 0xff, 0x06, 0x0c, 0x07, 0x0b, 0x0d, 0x03, 0x03, 0x01, 0xf6, 0xf6, 0xf7
    dc.b    0xf9, 0xf3, 0xf9, 0xff, 0xfc, 0x04, 0x0b, 0x06, 0x0a, 0x0d, 0x0d, 0x03, 0x02, 0x01, 0xf6, 0xf6
    dc.b    0xf8, 0xf1, 0xf6, 0xfd, 0xfa, 0x01, 0x09, 0x0f, 0x09, 0x0c, 0x0e, 0x03, 0x02, 0x01, 0xf5, 0xf5
    dc.b    0xf7, 0xef, 0xf4, 0xfa, 0x02, 0xfe, 0x06, 0x0d, 0x08, 0x0c, 0x0e, 0x04, 0x03, 0x02, 0xf6, 0xf5
    dc.b    0xf6, 0xf8, 0xf1, 0xf7, 0xfe, 0xfb, 0x03, 0x0b, 0x06, 0x0b, 0x0f, 0x05, 0x05, 0x04, 0x03, 0xf6
    dc.b    0xf6, 0xf7, 0xef, 0xf4, 0xfb, 0xf7, 0xff, 0x08, 0x10, 0x0a, 0x0e, 0x11, 0x06, 0x06, 0x04, 0xf7
    dc.b    0xf6, 0xf7, 0xed, 0xf1, 0xf7, 0xff, 0xfb, 0x04, 0x0c, 0x07, 0x0d, 0x11, 0x07, 0x08, 0x07, 0xf9
    dc.b    0xf8, 0xf7, 0xf9, 0xef, 0xf4, 0xfb, 0xf6, 0xff, 0x08, 0x04, 0x0b, 0x11, 0x08, 0x09, 0x09, 0x09
    dc.b    0xfa, 0xf9, 0xf9, 0xee, 0xf1, 0xf7, 0xf1, 0xf9, 0x03, 0x0c, 0x08, 0x0f, 0x14, 0x0a, 0x0c, 0x0c
    dc.b    0xfd, 0xfc, 0xfb, 0xee, 0xf0, 0xf3, 0xf9, 0xf4, 0xfd, 0x06, 0x02, 0x0b, 0x12, 0x0a, 0x0d, 0x0f
    dc.b    0x01, 0x00, 0xfe, 0xfd, 0xf0, 0xf2, 0xf6, 0xee, 0xf6, 0x00, 0xfc, 0x06, 0x0f, 0x08, 0x0d, 0x11
    dc.b    0x12, 0x04, 0x03, 0x01, 0xf2, 0xf2, 0xf4, 0xea, 0xf1, 0xf9, 0xf4, 0xfe, 0x08, 0x12, 0x0b, 0x11
    dc.b    0x14, 0x07, 0x07, 0x06, 0xf6, 0xf5, 0xf5, 0xf7, 0xed, 0xf3, 0xfb, 0xf6, 0x01, 0x0b, 0x06, 0x0e
    dc.b    0x14, 0x09, 0x0b, 0x0c, 0x0b, 0xfa, 0xf9, 0xf9, 0xeb, 0xef, 0xf5, 0xee, 0xf8, 0x02, 0xfe, 0x08
    dc.b    0x11, 0x18, 0x0d, 0x10, 0x10, 0x00, 0xff, 0xfd, 0xed, 0xee, 0xf2, 0xe8, 0xef, 0xf9, 0x04, 0xff
    dc.b    0x0a, 0x14, 0x0c, 0x11, 0x15, 0x06, 0x05, 0x04, 0x03, 0xf2, 0xf2, 0xf5, 0xea, 0xf1, 0xfa, 0xf5
    dc.b    0x00, 0x0c, 0x05, 0x0e, 0x15, 0x1a, 0x0b, 0x0b, 0x0b, 0xf8, 0xf7, 0xf7, 0xe8, 0xec, 0xf3, 0xea
    dc.b    0xf5, 0x00, 0x0c, 0x07, 0x11, 0x19, 0x0d, 0x11, 0x12, 0x01, 0xff, 0xfe, 0xec, 0xed, 0xf0, 0xf5
    dc.b    0xeb, 0xf5, 0x00, 0xfb, 0x07, 0x12, 0x0a, 0x11, 0x16, 0x07, 0x08, 0x07, 0x06, 0xf3, 0xf3, 0xf4
    dc.b    0xe6, 0xed, 0xf5, 0xee, 0xfa, 0x06, 0x12, 0x0b, 0x14, 0x1b, 0x0e, 0x10, 0x10, 0xfc, 0xfb, 0xfa
    dc.b    0xe8, 0xea, 0xef, 0xf6, 0xed, 0xf9, 0x05, 0xff, 0x0b, 0x16, 0x0d, 0x13, 0x17, 0x06, 0x06, 0x05
    dc.b    0x03, 0xf0, 0xf0, 0xf3, 0xe6, 0xed, 0xf7, 0xf0, 0xfd, 0x0a, 0x03, 0x0e, 0x17, 0x1d, 0x0e, 0x0f
    dc.b    0x0f, 0xfb, 0xf9, 0xf9, 0xe6, 0xe9, 0xef, 0xe4, 0xee, 0xfa, 0x07, 0x01, 0x0e, 0x19, 0x0e, 0x14
    dc.b    0x18, 0x06, 0x06, 0x05, 0x03, 0xef, 0xf0, 0xf3, 0xe5, 0xed, 0xf8, 0xf0, 0xfd, 0x0b, 0x04, 0x0f
    dc.b    0x18, 0x1f, 0x0f, 0x11, 0x11, 0xfc, 0xfa, 0xfa, 0xe6, 0xe9, 0xee, 0xe2, 0xed, 0xf9, 0x07, 0x00
    dc.b    0x0d, 0x19, 0x0f, 0x16, 0x1b, 0x08, 0x09, 0x08, 0xf2, 0xf1, 0xf1, 0xf4, 0xe4, 0xec, 0xf6, 0xed
    dc.b    0xfb, 0x09, 0x02, 0x0e, 0x19, 0x21, 0x12, 0x15, 0x16, 0x00, 0xff, 0xfd, 0xe8, 0xea, 0xee, 0xe0
    dc.b    0xea, 0xf5, 0x03, 0xfc, 0x0a, 0x18, 0x0e, 0x17, 0x1e, 0x0d, 0x0e, 0x0e, 0xf7, 0xf6, 0xf5, 0xf6
    dc.b    0xe4, 0xea, 0xf3, 0xe8, 0xf5, 0x03, 0xfc, 0x0a, 0x17, 0x0c, 0x14, 0x1a, 0x1d, 0x07, 0x07, 0x05
    dc.b    0xee, 0xee, 0xf0, 0xdf, 0xe6, 0xf0, 0xe6, 0xf4, 0x03, 0x12, 0x0a, 0x16, 0x20, 0x11, 0x15, 0x17
    dc.b    0x01, 0x00, 0xfe, 0xfe, 0xe8, 0xeb, 0xf1, 0xe2, 0xed, 0xfa, 0xf2, 0x02, 0x11, 0x08, 0x13, 0x1d
    dc.b    0x23, 0x10, 0x12, 0x11, 0xf9, 0xf8, 0xf8, 0xe2, 0xe6, 0xec, 0xde, 0xea, 0xf8, 0x07, 0xff, 0x0e
    dc.b    0x1c, 0x10, 0x19, 0x1f, 0x0c, 0x0d, 0x0c, 0xf4, 0xf3, 0xf2, 0xf4, 0xe1, 0xe8, 0xf1, 0xe6, 0xf4
    dc.b    0x04, 0xfc, 0x0b, 0x19, 0x0d, 0x15, 0x1c, 0x1f, 0x08, 0x08, 0x07, 0xee, 0xee, 0xf0, 0xdc, 0xe3
    dc.b    0xed, 0xf9, 0xf0, 0xff, 0x0f, 0x07, 0x15, 0x20, 0x12, 0x18, 0x1c, 0x05, 0x04, 0x03, 0x02, 0xea
    dc.b    0xeb, 0xef, 0xde, 0xe8, 0xf4, 0xea, 0xfa, 0x0a, 0x01, 0x10, 0x1c, 0x26, 0x14, 0x19, 0x1a, 0x02
    dc.b    0x01, 0xff, 0xe6, 0xe8, 0xeb, 0xd9, 0xe2, 0xee, 0xfc, 0xf3, 0x03, 0x14, 0x0a, 0x17, 0x22, 0x11
    dc.b    0x16, 0x18, 0x19, 0xff, 0xfe, 0xfd, 0xe4, 0xe7, 0xed, 0xdc, 0xe7, 0xf5, 0xeb, 0xfb, 0x0c, 0x1c
    dc.b    0x11, 0x1d, 0x26, 0x13, 0x17, 0x18, 0xfe, 0xfd, 0xfc, 0xe2, 0xe4, 0xe8, 0xf0, 0xe0, 0xed, 0xfc
    dc.b    0xf2, 0x03, 0x14, 0x09, 0x17, 0x22, 0x10, 0x15, 0x18, 0x18, 0xfd, 0xfc, 0xfc, 0xe2, 0xe5, 0xeb
    dc.b    0xd9, 0xe4, 0xf2, 0xe8, 0xf9, 0x0a, 0x1a, 0x0f, 0x1c, 0x26, 0x13, 0x17, 0x19, 0xff, 0xfe, 0xfd
    dc.b    0xfd, 0xe3, 0xe7, 0xee, 0xdc, 0xe8, 0xf7, 0xed, 0xfe, 0x10, 0x05, 0x14, 0x21, 0x2a, 0x16, 0x1a
    dc.b    0x1c, 0x01, 0x00, 0xff, 0xe4, 0xe5, 0xea, 0xd5, 0xdf, 0xec, 0xfb, 0xf1, 0x03, 0x14, 0x0a, 0x18
    dc.b    0x25, 0x13, 0x1a, 0x1e, 0x04, 0x04, 0x03, 0x02, 0xe6, 0xe8, 0xed, 0xd8, 0xe2, 0xef, 0xe3, 0xf4
    dc.b    0x06, 0xfc, 0x0d, 0x1c, 0x29, 0x17, 0x1e, 0x22, 0x08, 0x08, 0x07, 0xea, 0xea, 0xec, 0xf0, 0xdb
    dc.b    0xe5, 0xf2, 0xe5, 0xf6, 0x08, 0xfe, 0x0f, 0x1f, 0x10, 0x1b, 0x23, 0x28, 0x0e, 0x0e, 0x0d, 0xf0
    dc.b    0xf0, 0xf1, 0xd8, 0xde, 0xe8, 0xd7, 0xe6, 0xf7, 0x09, 0xff, 0x11, 0x21, 0x13, 0x1f, 0x28, 0x11
    dc.b    0x14, 0x15, 0xf8, 0xf7, 0xf7, 0xf7, 0xdd, 0xe2, 0xea, 0xd8, 0xe6, 0xf6, 0xeb, 0xfe, 0x10, 0x22
    dc.b    0x15, 0x22, 0x2c, 0x17, 0x1b, 0x1e, 0x01, 0x00, 0xff, 0xe2, 0xe3, 0xe7, 0xee, 0xda, 0xe6, 0xf6
    dc.b    0xe9, 0xfc, 0x0f, 0x03, 0x15, 0x24, 0x13, 0x1c, 0x23, 0x27, 0x0a, 0x0a, 0x0a, 0xeb, 0xec, 0xee
    dc.b    0xd5, 0xdc, 0xe7, 0xd6, 0xe6, 0xf8, 0x0b, 0x00, 0x13, 0x24, 0x14, 0x20, 0x29, 0x11, 0x15, 0x16
    dc.b    0xf7, 0xf7, 0xf6, 0xf7, 0xdb, 0xe1, 0xe9, 0xd6, 0xe4, 0xf4, 0xe8, 0xfb, 0x0e, 0x21, 0x13, 0x22
    dc.b    0x2e, 0x18, 0x1f, 0x22, 0x04, 0x04, 0x04, 0xe4, 0xe5, 0xe8, 0xee, 0xd7, 0xe2, 0xf0, 0xe2, 0xf4
    dc.b    0x08, 0xfc, 0x0f, 0x21, 0x11, 0x1d, 0x27, 0x2d, 0x12, 0x13, 0x13, 0xf3, 0xf3, 0xf4, 0xd7, 0xdc
    dc.b    0xe4, 0xcf, 0xdd, 0xee, 0x00, 0xf4, 0x08, 0x1b, 0x0e, 0x1e, 0x2b, 0x16, 0x1d, 0x22, 0x24, 0x05
    dc.b    0x04, 0x04, 0xe4, 0xe6, 0xeb, 0xd2, 0xdc, 0xe9, 0xd8, 0xea, 0xfe, 0x12, 0x06, 0x19, 0x2a, 0x18
    dc.b    0x24, 0x2d, 0x12, 0x16, 0x17, 0xf7, 0xf6, 0xf6, 0xf7, 0xda, 0xe0, 0xe9, 0xd4, 0xe2, 0xf4, 0xe6
    dc.b    0xfa, 0x0e, 0x02, 0x14, 0x24, 0x32, 0x1c, 0x24, 0x29, 0x0a, 0x0b, 0x0b, 0xea, 0xea, 0xec, 0xcf
    dc.b    0xd6, 0xe0, 0xed, 0xdb, 0xed, 0x01, 0xf4, 0x09, 0x1c, 0x0d, 0x1d, 0x2a, 0x35, 0x1b, 0x1f, 0x21
    dc.b    0x01, 0x00, 0x00, 0xe0, 0xe2, 0xe7, 0xcd, 0xd7, 0xe4, 0xf5, 0xe5, 0xf9, 0x0e, 0x01, 0x15, 0x27
    dc.b    0x15, 0x22, 0x2c, 0x12, 0x16, 0x19, 0x19, 0xf7, 0xf7, 0xf8, 0xd9, 0xde, 0xe5, 0xce, 0xdb, 0xeb
    dc.b    0xdc, 0xf0, 0x05, 0x1a, 0x0c, 0x1e, 0x2e, 0x1a, 0x24, 0x2c, 0x0f, 0x11, 0x12, 0xf0, 0xf0, 0xf1
    dc.b    0xf3, 0xd5, 0xdc, 0xe6, 0xd1, 0xe0, 0xf2, 0xe4, 0xf9, 0x0e, 0x23, 0x13, 0x25, 0x33, 0x1c, 0x25
    dc.b    0x2b, 0x0c, 0x0d, 0x0d, 0xeb, 0xeb, 0xed, 0xf0, 0xd4, 0xdc, 0xe8, 0xd4, 0xe6, 0xf9, 0xeb, 0x00
    dc.b    0x16, 0x07, 0x19, 0x29, 0x36, 0x1e, 0x25, 0x2a, 0x09, 0x0a, 0x0a, 0xe7, 0xe8, 0xeb, 0xcc, 0xd3
    dc.b    0xde, 0xeb, 0xd8, 0xea, 0xfe, 0xf0, 0x06, 0x1b, 0x0b, 0x1d, 0x2c, 0x39, 0x1f, 0x26, 0x2a, 0x08
    dc.b    0x09, 0x09, 0xe6, 0xe7, 0xea, 0xcc, 0xd4, 0xdf, 0xed, 0xda, 0xed, 0x02, 0xf3, 0x09, 0x1e, 0x0e
    dc.b    0x20, 0x2f, 0x17, 0x21, 0x27, 0x2b, 0x09, 0x0a, 0x0b, 0xe7, 0xe8, 0xec, 0xcd, 0xd5, 0xe0, 0xca
    dc.b    0xdb, 0xee, 0x03, 0xf4, 0x0a, 0x20, 0x0f, 0x21, 0x31, 0x19, 0x23, 0x2a, 0x0a, 0x0d, 0x0e, 0x0e
    dc.b    0xea, 0xeb, 0xee, 0xcf, 0xd7, 0xe1, 0xca, 0xdb, 0xee, 0x02, 0xf3, 0x09, 0x1f, 0x0f, 0x22, 0x32
    dc.b    0x1b, 0x26, 0x2e, 0x0e, 0x12, 0x13, 0x14, 0xef, 0xf0, 0xf3, 0xd2, 0xd9, 0xe3, 0xca, 0xd9, 0xeb
    dc.b    0xda, 0xf0, 0x06, 0x1c, 0x0c, 0x20, 0x32, 0x1c, 0x29, 0x33, 0x14, 0x19, 0x1b, 0xf7, 0xf7, 0xf8
    dc.b    0xfa, 0xd7, 0xdd, 0xe5, 0xca, 0xd8, 0xe8, 0xd5, 0xea, 0x00, 0xf1, 0x07, 0x1c, 0x30, 0x1c, 0x2b
    dc.b    0x37, 0x1a, 0x20, 0x25, 0x01, 0x02, 0x03, 0x04, 0xdf, 0xe3, 0xe9, 0xcb, 0xd7, 0xe5, 0xd0, 0xe3
    dc.b    0xf8, 0xe8, 0xff, 0x15, 0x2b, 0x18, 0x2a, 0x39, 0x1e, 0x28, 0x2e, 0x0c, 0x0f, 0x10, 0xea, 0xeb
    dc.b    0xed, 0xf1, 0xd0, 0xd9, 0xe4, 0xcb, 0xdc, 0xef, 0xdd, 0xf4, 0x0b, 0xfb, 0x10, 0x25, 0x37, 0x20
    dc.b    0x2d, 0x37, 0x17, 0x1c, 0x1f, 0xfa, 0xfb, 0xfc, 0xfe, 0xda, 0xdf, 0xe7, 0xca, 0xd7, 0xe7, 0xd2
    dc.b    0xe7, 0xfd, 0xed, 0x04, 0x1a, 0x30, 0x1c, 0x2d, 0x3b, 0x1f, 0x28, 0x2e, 0x0b, 0x0d, 0x0f, 0xe8
    dc.b    0xe9, 0xec, 0xf0, 0xcf, 0xd8, 0xe4, 0xca, 0xdc, 0xef, 0xdd, 0xf3, 0x0b, 0xfa, 0x10, 0x25, 0x38
    dc.b    0x21, 0x2e, 0x39, 0x19, 0x1f, 0x23, 0xfd, 0xff, 0x00, 0xd9, 0xdc, 0xe1, 0xe8, 0xc9, 0xd6, 0xe5
    dc.b    0xce, 0xe2, 0xf8, 0xe7, 0xfe, 0x15, 0x2c, 0x18, 0x2b, 0x3c, 0x21, 0x2c, 0x34, 0x12, 0x16, 0x18
    dc.b    0xf1, 0xf3, 0xf4, 0xf7, 0xd3, 0xda, 0xe4, 0xc7, 0xd6, 0xe8, 0xd3, 0xe8, 0xff, 0xee, 0x06, 0x1c
    dc.b    0x32, 0x1c, 0x2e, 0x3c, 0x1f, 0x28, 0x2f, 0x0b, 0x0e, 0x10, 0xe8, 0xea, 0xec, 0xf0, 0xce, 0xd6
    dc.b    0xe1, 0xc6, 0xd7, 0xea, 0xd6, 0xec, 0x04, 0xf2, 0x0a, 0x20, 0x35, 0x1e, 0x2e, 0x3c, 0x1d, 0x25
    dc.b    0x2b, 0x05, 0x08, 0x0a, 0x0b, 0xe4, 0xe7, 0xec, 0xca, 0xd3, 0xe0, 0xc5, 0xd7, 0xeb, 0xd7, 0xee
    dc.b    0x05, 0x1d, 0x0b, 0x21, 0x35, 0x1e, 0x2e, 0x3b, 0x1b, 0x23, 0x29, 0x03, 0x05, 0x07, 0x09, 0xe1
    dc.b    0xe5, 0xea, 0xc7, 0xd1, 0xde, 0xc3, 0xd5, 0xe9, 0xd5, 0xec, 0x04, 0x1c, 0x09, 0x1f, 0x34, 0x1c
    dc.b    0x2c, 0x3a, 0x1a, 0x23, 0x29, 0x2d, 0x06, 0x08, 0x0a, 0xe1, 0xe5, 0xea, 0xc6, 0xd0, 0xdc, 0xc0
    dc.b    0xd1, 0xe5, 0xfa, 0xe7, 0xff, 0x17, 0x04, 0x1b, 0x30, 0x19, 0x2a, 0x39, 0x1a, 0x24, 0x2b, 0x30
    dc.b    0x09, 0x0c, 0x0e, 0xe5, 0xe8, 0xec, 0xc7, 0xd0, 0xda, 0xbc, 0xcc, 0xdf, 0xf3, 0xde, 0xf6, 0x0e
    dc.b    0xfb, 0x13, 0x2a, 0x14, 0x27, 0x37, 0x1a, 0x26, 0x2f, 0x36, 0x0f, 0x13, 0x15, 0xec, 0xef, 0xf2
    dc.b    0xcb, 0xd2, 0xda, 0xe6, 0xc8, 0xd8, 0xeb, 0xd4, 0xea, 0x02, 0xef, 0x07, 0x1f, 0x0a, 0x1f, 0x33
    dc.b    0x44, 0x26, 0x32, 0x3c, 0x17, 0x1d, 0x20, 0xf7, 0xfa, 0xfc, 0xd4, 0xd8, 0xde, 0xe7, 0xc5, 0xd3
    dc.b    0xe3, 0xc9, 0xdd, 0xf3, 0xdf, 0xf7, 0x10, 0xfc, 0x13, 0x29, 0x3d, 0x23, 0x33, 0x40, 0x1e, 0x27
    dc.b    0x2d, 0x05, 0x08, 0x0b, 0xe1, 0xe4, 0xe8, 0xee, 0xc9, 0xd2, 0xde, 0xc0, 0xd1, 0xe4, 0xcd, 0xe4
    dc.b    0xfc, 0x14, 0x00, 0x19, 0x30, 0x19, 0x2d, 0x3e, 0x21, 0x2d, 0x38, 0x13, 0x19, 0x1d, 0x21, 0xf7
    dc.b    0xf9, 0xfd, 0xd4, 0xda, 0xe2, 0xbf, 0xcb, 0xda, 0xbe, 0xd1, 0xe6, 0xfd, 0xe8, 0x01, 0x1a, 0x05
    dc.b    0x1c, 0x32, 0x19, 0x2b, 0x3b, 0x1b, 0x26, 0x2e, 0x35, 0x0c, 0x10, 0x13, 0xe9, 0xec, 0xf0, 0xc8
    dc.b    0xd0, 0xd9, 0xe5, 0xc5, 0xd6, 0xe9, 0xd0, 0xe6, 0xfe, 0xe9, 0x02, 0x1b, 0x05, 0x1c, 0x31, 0x44
    dc.b    0x28, 0x36, 0x42, 0x1f, 0x26, 0x2c, 0x03, 0x07, 0x0a, 0xdf, 0xe3, 0xe8, 0xee, 0xc8, 0xd2, 0xdf
    dc.b    0xc0, 0xd1, 0xe5, 0xcc, 0xe3, 0xfb, 0xe6, 0xff, 0x18, 0x2f, 0x18, 0x2d, 0x40, 0x23, 0x31, 0x3e
    dc.b    0x19, 0x21, 0x27, 0xfe, 0x02, 0x05, 0x08, 0xde, 0xe3, 0xe9, 0xc3, 0xcd, 0xd9, 0xba, 0xcb, 0xde
    dc.b    0xf3, 0xdb, 0xf3, 0x0c, 0xf7, 0x10, 0x28, 0x11, 0x26, 0x3a, 0x1d, 0x2d, 0x3a, 0x45, 0x1f, 0x26
    dc.b    0x2b, 0x01, 0x04, 0x08, 0xdd, 0xe1, 0xe7, 0xc0, 0xc9, 0xd4, 0xe2, 0xc3, 0xd5, 0xe9, 0xd0, 0xe7
    dc.b    0x00, 0xea, 0x03, 0x1c, 0x05, 0x1c, 0x31, 0x45, 0x27, 0x36, 0x43, 0x1e, 0x27, 0x2e, 0x04, 0x08
    dc.b    0x0c, 0x10, 0xe5, 0xea, 0xf0, 0xc8, 0xd1, 0xdd, 0xbb, 0xcb, 0xdd, 0xc2, 0xd8, 0xef, 0x08, 0xf2
    dc.b    0x0b, 0x24, 0x0d, 0x24, 0x3a, 0x1e, 0x30, 0x40, 0x1e, 0x29, 0x32, 0x3a, 0x10, 0x15, 0x19, 0xed
    dc.b    0xf1, 0xf6, 0xcc, 0xd3, 0xdc, 0xb7, 0xc4, 0xd3, 0xe4, 0xc7, 0xdd, 0xf3, 0xdb, 0xf4, 0x0e, 0xf7
    dc.b    0x10, 0x28, 0x0f, 0x24, 0x37, 0x49, 0x28, 0x35, 0x40, 0x19, 0x20, 0x26, 0xfb, 0xff, 0x03, 0x08
    dc.b    0xdd, 0xe3, 0xea, 0xc3, 0xce, 0xdb, 0xba, 0xcb, 0xdf, 0xc4, 0xdb, 0xf3, 0x0b, 0xf4, 0x0e, 0x27
    dc.b    0x0f, 0x26, 0x3b, 0x1f, 0x31, 0x40, 0x1e, 0x29, 0x33, 0x3b, 0x11, 0x16, 0x1b, 0xef, 0xf3, 0xf8
    dc.b    0xcd, 0xd4, 0xdd, 0xb7, 0xc3, 0xd1, 0xe2, 0xc3, 0xd8, 0xee, 0xd5, 0xed, 0x06, 0xef, 0x08, 0x21
    dc.b    0x08, 0x1f, 0x34, 0x47, 0x28, 0x37, 0x45, 0x1f, 0x29, 0x31, 0x06, 0x0c, 0x10, 0x15, 0xe9, 0xee
    dc.b    0xf4, 0xca, 0xd3, 0xdd, 0xb9, 0xc7, 0xd8, 0xb9, 0xcd, 0xe3, 0xfb, 0xe2, 0xfb, 0x14, 0xfd, 0x16
    dc.b    0x2e, 0x14, 0x29, 0x3d, 0x1e, 0x2e, 0x3c, 0x48, 0x22, 0x2a, 0x31, 0x06, 0x0b, 0x10, 0xe4, 0xe9
    dc.b    0xee, 0xc4, 0xcc, 0xd6, 0xe1, 0xbd, 0xcc, 0xde, 0xbf, 0xd4, 0xeb, 0xd1, 0xea, 0x03, 0x1d, 0x04
    dc.b    0x1d, 0x35, 0x1b, 0x30, 0x44, 0x24, 0x34, 0x42, 0x1d, 0x27, 0x30, 0x37, 0x0c, 0x11, 0x16, 0xe9
    dc.b    0xef, 0xf4, 0xca, 0xd2, 0xdb, 0xb5, 0xc2, 0xd1, 0xe2, 0xc3, 0xd8, 0xee, 0xd4, 0xec, 0x05, 0xed
    dc.b    0x06, 0x1f, 0x06, 0x1d, 0x33, 0x48, 0x29, 0x3a, 0x49, 0x24, 0x30, 0x3a, 0x10, 0x17, 0x1d, 0xf0
    dc.b    0xf6, 0xfb, 0x01, 0xd5, 0xdc, 0xe5, 0xbd, 0xc9, 0xd6, 0xb4, 0xc5, 0xd8, 0xed, 0xd1, 0xe9, 0x01
    dc.b    0xe8, 0x01, 0x1b, 0x02, 0x1a, 0x32, 0x16, 0x2a, 0x3e, 0x4f, 0x2c, 0x3a, 0x46, 0x1e, 0x27, 0x2f
    dc.b    0x03, 0x09, 0x0e, 0xe1, 0xe7, 0xed, 0xf4, 0xca, 0xd3, 0xdf, 0xb9, 0xc8, 0xd8, 0xb8, 0xcc, 0xe1
    dc.b    0xc6, 0xdd, 0xf6, 0x10, 0xf6, 0x10, 0x29, 0x0e, 0x26, 0x3c, 0x1e, 0x30, 0x42, 0x1e, 0x2c, 0x38
    dc.b    0x43, 0x19, 0x21, 0x27, 0xfb, 0x00, 0x06, 0xd9, 0xe0, 0xe7, 0xef, 0xc6, 0xd1, 0xde, 0xb9, 0xc9
    dc.b    0xdb, 0xbc, 0xd1, 0xe7, 0xcc, 0xe4, 0xfe, 0x17, 0xfd, 0x17, 0x2f, 0x14, 0x2b, 0x40, 0x21, 0x33
    dc.b    0x44, 0x20, 0x2d, 0x39, 0x43, 0x18, 0x20, 0x27, 0xfa, 0x00, 0x06, 0xd9, 0xe0, 0xe7, 0xbc, 0xc6
    dc.b    0xd2, 0xdf, 0xba, 0xca, 0xdc, 0xbc, 0xd1, 0xe8, 0xcc, 0xe4, 0xfd, 0x17, 0xfd, 0x16, 0x2f, 0x13
    dc.b    0x2a, 0x40, 0x21, 0x34, 0x46, 0x22, 0x30, 0x3d, 0x48, 0x1e, 0x26, 0x2e, 0x01, 0x07, 0x0e, 0xe0
    dc.b    0xe7, 0xee, 0xc2, 0xcc, 0xd6, 0xe2, 0xbc, 0xcb, 0xdc, 0xba, 0xce, 0xe3, 0xc6, 0xdd, 0xf6, 0xdb
    dc.b    0xf4, 0x0e, 0x27, 0x0c, 0x24, 0x3b, 0x1d, 0x32, 0x46, 0x23, 0x34, 0x42, 0x1c, 0x27, 0x32, 0x3b
    dc.b    0x0f, 0x16, 0x1d, 0xef, 0xf6, 0xfd, 0xd0, 0xd8, 0xe0, 0xea, 0xc1, 0xce, 0xdc, 0xb8, 0xc9, 0xdc
    dc.b    0xbc, 0xd1, 0xe8, 0xcb, 0xe4, 0xfd, 0x16, 0xfc, 0x15, 0x2e, 0x11, 0x29, 0x3f, 0x1f, 0x33, 0x45
    dc.b    0x21, 0x30, 0x3e, 0x4a, 0x21, 0x2a, 0x33, 0x07, 0x0e, 0x15, 0xe7, 0xee, 0xf5, 0xc8, 0xd1, 0xda
    dc.b    0xe5, 0xbd, 0xca, 0xd9, 0xb5, 0xc7, 0xda, 0xba, 0xd0, 0xe7, 0xca, 0xe3, 0xfc, 0x15, 0xfa, 0x13
    dc.b    0x2c, 0x0f, 0x26, 0x3c, 0x1d, 0x30, 0x43, 0x54, 0x2e, 0x3c, 0x49, 0x20, 0x2a, 0x33, 0x07, 0x0e
    dc.b    0x16, 0xe8, 0xef, 0xf6, 0xfe, 0xd1, 0xdb, 0xe5, 0xbc, 0xc8, 0xd7, 0xb1, 0xc2, 0xd4, 0xb3, 0xc8
    dc.b    0xde, 0xf5, 0xd8, 0xf1, 0x0a, 0xee, 0x08, 0x21, 0x04, 0x1c, 0x33, 0x15, 0x2a, 0x3e, 0x50, 0x2d
    dc.b    0x3c, 0x4b, 0x23, 0x2f, 0x3a, 0x0e, 0x17, 0x1f, 0x27, 0xf9, 0x01, 0x08, 0xdb, 0xe3, 0xec, 0xc1
    dc.b    0xcc, 0xd8, 0xb0, 0xbf, 0xcf, 0xe0, 0xbd, 0xd1, 0xe6, 0xc7, 0xde, 0xf6, 0xd9, 0xf2, 0x0c, 0xef
    dc.b    0x08, 0x21, 0x39, 0x1b, 0x32, 0x47, 0x26, 0x39, 0x4b, 0x26, 0x35, 0x43, 0x1a, 0x25, 0x30, 0x39
    dc.b    0x0d, 0x15, 0x1d, 0xef, 0xf7, 0xff, 0xd1, 0xda, 0xe3, 0xb8, 0xc4, 0xd0, 0xde, 0xb7, 0xc7, 0xd9
    dc.b    0xb6, 0xca, 0xdf, 0xbf, 0xd6, 0xee, 0x06, 0xe9, 0x02, 0x1b, 0xff, 0x17, 0x2f, 0x11, 0x28, 0x3e
    dc.b    0x1d, 0x31, 0x43, 0x55, 0x2f, 0x3e, 0x4b, 0x22, 0x2d, 0x38, 0x0c, 0x15, 0x1d, 0xf0, 0xf8, 0x00
    dc.b    0x08, 0xda, 0xe3, 0xed, 0xc2, 0xcd, 0xda, 0xb1, 0xc0, 0xd0, 0xab, 0xbe, 0xd1, 0xe6, 0xc5, 0xdc
    dc.b    0xf3, 0xd5, 0xee, 0x06, 0xe9, 0x02, 0x1b, 0xfd, 0x15, 0x2d, 0x43, 0x23, 0x38, 0x4b, 0x28, 0x39
    dc.b    0x49, 0x22, 0x30, 0x3d, 0x48, 0x1d, 0x27, 0x31, 0x03, 0x0c, 0x14, 0xe6, 0xef, 0xf8, 0xca, 0xd4
    dc.b    0xde, 0xea, 0xbf, 0xcd, 0xdb, 0xb4, 0xc4, 0xd6, 0xb2, 0xc6, 0xdb, 0xba, 0xd1, 0xe8, 0x00, 0xe2
    dc.b    0xfa, 0x13, 0xf6, 0x0e, 0x27, 0x08, 0x20, 0x36, 0x16, 0x2b, 0x3f, 0x52, 0x2d, 0x3e, 0x4e, 0x26
    dc.b    0x34, 0x40, 0x16, 0x21, 0x2b, 0x34, 0x07, 0x10, 0x19, 0xeb, 0xf3, 0xfc, 0xcf, 0xd9, 0xe4, 0xb9
    dc.b    0xc5, 0xd2, 0xe0, 0xb9, 0xc9, 0xda, 0xb6, 0xc9, 0xdd, 0xbc, 0xd2, 0xe9, 0xca, 0xe2, 0xfa, 0x12
    dc.b    0xf4, 0x0d, 0x26, 0x07, 0x1f, 0x36, 0x16, 0x2c, 0x41, 0x1e, 0x31, 0x43, 0x54, 0x2e, 0x3d, 0x4b
    dc.b    0x21, 0x2d, 0x39, 0x0d, 0x17, 0x21, 0xf3, 0xfd, 0x06, 0x0f, 0xe1, 0xea, 0xf4, 0xc8, 0xd3, 0xde
    dc.b    0xb4, 0xc1, 0xd0, 0xdf, 0xb8, 0xca, 0xdc, 0xb8, 0xcc, 0xe1, 0xc0, 0xd6, 0xed, 0xce, 0xe6, 0xfe
    dc.b    0x17, 0xf8, 0x11, 0x29, 0x0a, 0x21, 0x38, 0x18, 0x2d, 0x42, 0x1f, 0x32, 0x44, 0x55, 0x2f, 0x3e
    dc.b    0x4c, 0x23, 0x30, 0x3c, 0x10, 0x1b, 0x25, 0xf8, 0x01, 0x0b, 0x14, 0xe6, 0xf0, 0xfa, 0xcd, 0xd8
    dc.b    0xe3, 0xb8, 0xc5, 0xd3, 0xe1, 0xb9, 0xca, 0xdb, 0xb6, 0xc9, 0xdc, 0xba, 0xcf, 0xe5, 0xc5, 0xdc
    dc.b    0xf4, 0x0c, 0xed, 0x05, 0x1d, 0xfe, 0x16, 0x2e, 0x0e, 0x24, 0x3a, 0x19, 0x2d, 0x41, 0x55, 0x30
    dc.b    0x41, 0x52, 0x2a, 0x39, 0x47, 0x1d, 0x29, 0x35, 0x09, 0x14, 0x1f, 0x29, 0xfb, 0x05, 0x0f, 0xe1
    dc.b    0xeb, 0xf6, 0xc9, 0xd4, 0xe0, 0xb5, 0xc1, 0xcf, 0xde, 0xb5, 0xc6, 0xd6, 0xb1, 0xc3, 0xd7, 0xb3
    dc.b    0xc8, 0xde, 0xf4, 0xd3, 0xea, 0x02, 0xe2, 0xfa, 0x12, 0xf3, 0x0a, 0x22, 0x02, 0x19, 0x30, 0x46
    dc.b    0x24, 0x39, 0x4d, 0x29, 0x3c, 0x4e, 0x28, 0x38, 0x48, 0x1f, 0x2d, 0x3b, 0x48, 0x1c, 0x28, 0x33
    dc.b    0x06, 0x11, 0x1b, 0xee, 0xf8, 0x02, 0xd5, 0xdf, 0xea, 0xf5, 0xc9, 0xd6, 0xe2, 0xb8, 0xc6, 0xd5
    dc.b    0xad, 0xbd, 0xce, 0xa8, 0xbb, 0xce, 0xe2, 0xbf, 0xd4, 0xe9, 0xc8, 0xdf, 0xf6, 0xd5, 0xed, 0x05
    dc.b    0x1c, 0xfd, 0x14, 0x2c, 0x0b, 0x22, 0x39, 0x17, 0x2c, 0x41, 0x1e, 0x32, 0x45, 0x57, 0x31, 0x42
    dc.b    0x52, 0x29, 0x38, 0x46, 0x1c, 0x29, 0x35, 0x0a, 0x15, 0x20, 0x2b, 0xfe, 0x09, 0x13, 0xe6, 0xf1
    dc.b    0xfc, 0xcf, 0xda, 0xe6, 0xbb, 0xc7, 0xd4, 0xe2, 0xb9, 0xc8, 0xd7, 0xb0, 0xc1, 0xd2, 0xad, 0xc0
    dc.b    0xd4, 0xe8, 0xc5, 0xda, 0xf0, 0xce, 0xe5, 0xfc, 0xdb, 0xf2, 0x0a, 0xe9, 0x01, 0x18, 0x2f, 0x0e
    dc.b    0x25, 0x3b, 0x1a, 0x2f, 0x44, 0x21, 0x34, 0x48, 0x23, 0x35, 0x46, 0x57, 0x2f, 0x3f, 0x4e, 0x24
    dc.b    0x32, 0x3f, 0x14, 0x21, 0x2d, 0x01, 0x0c, 0x17, 0x22, 0xf6, 0x00, 0x0b, 0xdf, 0xea, 0xf5, 0xc9
    dc.b    0xd5, 0xe2, 0xb7, 0xc4, 0xd2, 0xe0, 0xb7, 0xc6, 0xd6, 0xaf, 0xc0, 0xd2, 0xad, 0xc0, 0xd3, 0xe7
    dc.b    0xc4, 0xd9, 0xee, 0xcc, 0xe2, 0xf9, 0xd8, 0xee, 0x05, 0xe5, 0xfc, 0x13, 0x2a, 0x08, 0x1f, 0x35
    dc.b    0x14, 0x29, 0x3f, 0x1c, 0x30, 0x44, 0x20, 0x33, 0x45, 0x57, 0x30, 0x41, 0x51, 0x29, 0x38, 0x47
    dc.b    0x1d, 0x2b, 0x38, 0x0d, 0x19, 0x26, 0x32, 0x05, 0x11, 0x1d, 0xf0, 0xfb, 0x07, 0xda, 0xe6, 0xf2
    dc.b    0xc6, 0xd2, 0xdf, 0xec, 0xc1, 0xcf, 0xdd, 0xb4, 0xc3, 0xd3, 0xab, 0xbb, 0xcd, 0xde, 0xb8, 0xcb
    dc.b    0xde, 0xba, 0xce, 0xe2, 0xbf, 0xd4, 0xea, 0xc8, 0xde, 0xf4, 0x0b, 0xe9, 0x00, 0x17, 0xf5, 0x0c
    dc.b    0x22, 0x01, 0x17, 0x2d, 0x0b, 0x20, 0x35, 0x4a, 0x26, 0x3a, 0x4d, 0x28, 0x3b, 0x4d, 0x27, 0x38
    dc.b    0x49, 0x21, 0x31, 0x40, 0x4f, 0x25, 0x34, 0x41, 0x17, 0x24, 0x31, 0x05, 0x11, 0x1e, 0x2a, 0xfe
    dc.b    0x0a, 0x15, 0xe9, 0xf5, 0x01, 0xd5, 0xe2, 0xee, 0xc3, 0xd0, 0xde, 0xeb, 0xc1, 0xd0, 0xde, 0xb6
    dc.b    0xc5, 0xd5, 0xae, 0xbe, 0xd0, 0xaa, 0xbc, 0xce, 0xe1, 0xbd, 0xd0, 0xe4, 0xc1, 0xd6, 0xeb, 0xc8
    dc.b    0xdd, 0xf3, 0xd1, 0xe7, 0xfd, 0x13, 0xf1, 0x08, 0x1e, 0xfc, 0x12, 0x28, 0x05, 0x1b, 0x30, 0x0d
    dc.b    0x22, 0x36, 0x4a, 0x26, 0x3a, 0x4d, 0x28, 0x3a, 0x4c, 0x26, 0x37, 0x47, 0x58, 0x30, 0x40, 0x4f
    dc.b    0x26, 0x34, 0x43, 0x19, 0x26, 0x34, 0x09, 0x16, 0x23, 0x30, 0x04, 0x11, 0x1d, 0xf2, 0xfe, 0x0a
    dc.b    0xdf, 0xeb, 0xf8, 0xcd, 0xda, 0xe7, 0xf4, 0xca, 0xd7, 0xe5, 0xbc, 0xca, 0xd9, 0xb1, 0xc0, 0xd0
    dc.b    0xa8, 0xb9, 0xca, 0xdb, 0xb5, 0xc7, 0xd9, 0xb4, 0xc7, 0xda, 0xb6, 0xca, 0xde, 0xba, 0xcf, 0xe3
    dc.b    0xf8, 0xd6, 0xeb, 0x00, 0xde, 0xf3, 0x09, 0xe7, 0xfc, 0x12, 0x28, 0x05, 0x1b, 0x30, 0x0d, 0x22
    dc.b    0x37, 0x13, 0x28, 0x3c, 0x18, 0x2c, 0x3f, 0x52, 0x2d, 0x3f, 0x52, 0x2c, 0x3d, 0x4e, 0x28, 0x38
    dc.b    0x49, 0x21, 0x31, 0x40, 0x4f, 0x26, 0x35, 0x43, 0x1a, 0x28, 0x36, 0x0b, 0x19, 0x26, 0xfc, 0x09
    dc.b    0x16, 0x23, 0xf8, 0x05, 0x12, 0xe7, 0xf4, 0x01, 0xd6, 0xe3, 0xf0, 0xfe, 0xd4, 0xe1, 0xef, 0xc5
    dc.b    0xd4, 0xe2, 0xb9, 0xc8, 0xd7, 0xaf, 0xbe, 0xce, 0xde, 0xb7, 0xc8, 0xd9, 0xb2, 0xc4, 0xd6, 0xb0
    dc.b    0xc2, 0xd5, 0xb0, 0xc3, 0xd6, 0xe9, 0xc5, 0xd9, 0xed, 0xc9, 0xde, 0xf2, 0xcf, 0xe3, 0xf8, 0xd5
    dc.b    0xea, 0xff, 0x14, 0xf1, 0x06, 0x1b, 0xf8, 0x0d, 0x22, 0xff, 0x14, 0x28, 0x05, 0x19, 0x2d, 0x41
    dc.b    0x1d, 0x31, 0x44, 0x20, 0x33, 0x46, 0x20, 0x33, 0x45, 0x57, 0x31, 0x43, 0x54, 0x2d, 0x3e, 0x4f
    dc.b    0x27, 0x38, 0x48, 0x20, 0x2f, 0x3f, 0x4e, 0x25, 0x34, 0x43, 0x19, 0x28, 0x36, 0x0c, 0x1a, 0x28
    dc.b    0xfe, 0x0c, 0x1a, 0x27, 0xfd, 0x0b, 0x18, 0xee, 0xfc, 0x09, 0xdf, 0xed, 0xfa, 0xd1, 0xde, 0xec
    dc.b    0xfa, 0xd1, 0xdf, 0xed, 0xc4, 0xd3, 0xe1, 0xb9, 0xc8, 0xd7, 0xe6, 0xbe, 0xce, 0xdd, 0xb6, 0xc6
    dc.b    0xd7, 0xb0, 0xc0, 0xd1, 0xab, 0xbc, 0xce, 0xdf, 0xba, 0xcc, 0xde, 0xb9, 0xcb, 0xde, 0xb9, 0xcc
    dc.b    0xdf, 0xbb, 0xce, 0xe2, 0xf5, 0xd1, 0xe5, 0xf9, 0xd5, 0xe9, 0xfd, 0xda, 0xee, 0x02, 0xde, 0xf3
    dc.b    0x07, 0x1b, 0xf8, 0x0c, 0x20, 0xfc, 0x10, 0x24, 0x01, 0x14, 0x28, 0x04, 0x18, 0x2b, 0x3f, 0x1b
    dc.b    0x2e, 0x41, 0x1c, 0x2f, 0x42, 0x1d, 0x2f, 0x42, 0x54, 0x2e, 0x40, 0x52, 0x2c, 0x3e, 0x4f, 0x29
    dc.b    0x3a, 0x4a, 0x24, 0x34, 0x45, 0x55, 0x2e, 0x3e, 0x4e, 0x26, 0x36, 0x45, 0x1e, 0x2d, 0x3c, 0x14
    dc.b    0x23, 0x32, 0x41, 0x18, 0x27, 0x35, 0x0d, 0x1b, 0x29, 0x01, 0x0f, 0x1d, 0xf4, 0x03, 0x11, 0x1f
    dc.b    0xf6, 0x04, 0x12, 0xe9, 0xf8, 0x06, 0xdd, 0xeb, 0xf9, 0xd1, 0xdf, 0xee, 0xfc, 0xd4, 0xe2, 0xf1
    dc.b    0xc9, 0xd7, 0xe6, 0xbe, 0xcd, 0xdc, 0xeb, 0xc4, 0xd3, 0xe3, 0xbb, 0xcb, 0xdb, 0xb4, 0xc4, 0xd4
    dc.b    0xad, 0xbd, 0xcd, 0xde, 0xb8, 0xc8, 0xd9, 0xb3, 0xc4, 0xd5, 0xaf, 0xc1, 0xd2, 0xad, 0xbe, 0xd0
    dc.b    0xe1, 0xbc, 0xce, 0xe0, 0xbb, 0xcd, 0xe0, 0xbb, 0xcd, 0xe0, 0xbb, 0xce, 0xe0, 0xf3, 0xcf, 0xe1
    dc.b    0xf4, 0xd0, 0xe3, 0xf6, 0xd2, 0xe5, 0xf8, 0x0b, 0xe7, 0xfa, 0x0d, 0xe9, 0xfc, 0x0f, 0xeb, 0xfe
    dc.b    0x11, 0xed, 0x00, 0x13, 0x26, 0x02, 0x15, 0x28, 0x04, 0x17, 0x29, 0x05, 0x18, 0x2b, 0x07, 0x19
    dc.b    0x2b, 0x3e, 0x1a, 0x2c, 0x3e, 0x1a, 0x2c, 0x3e, 0x19, 0x2b, 0x3d, 0x19, 0x2a, 0x3c, 0x4e, 0x29
    dc.b    0x3a, 0x4c, 0x26, 0x38, 0x49, 0x24, 0x35, 0x46, 0x20, 0x31, 0x42, 0x53, 0x2d, 0x3e, 0x4f, 0x29
    dc.b    0x39, 0x4a, 0x24, 0x34, 0x44, 0x54, 0x2e, 0x3e, 0x4e, 0x28, 0x38, 0x48, 0x21, 0x31, 0x41, 0x1a
    dc.b    0x2a, 0x39, 0x49, 0x22, 0x32, 0x41, 0x1b, 0x2a, 0x39, 0x12, 0x22, 0x31, 0x0a, 0x19, 0x28, 0x38
    dc.b    0x11, 0x20, 0x2f, 0x08, 0x17, 0x26, 0xff, 0x0e, 0x1d, 0xf6, 0x05, 0x14, 0x23, 0xfc, 0x0b, 0x1a
    dc.b    0xf3, 0x02, 0x11, 0xea, 0xf9, 0x08, 0xe1, 0xf0, 0xff, 0x0e, 0xe7, 0xf6, 0x05, 0xde, 0xee, 0xfd
    dc.b    0xd6, 0xe5, 0xf4, 0x03, 0xdd, 0xec, 0xfb, 0xd5, 0xe4, 0xf3, 0xcd, 0xdc, 0xeb, 0xc5, 0xd4, 0xe4
    dc.b    0xf3, 0xcd, 0xdc, 0xec, 0xc6, 0xd5, 0xe5, 0xbf, 0xce, 0xde, 0xb8, 0xc8, 0xd7, 0xe7, 0xc1, 0xd1
    dc.b    0xe1, 0xbb, 0xcb, 0xdb, 0xb5, 0xc5, 0xd5, 0xaf, 0xbf, 0xcf, 0xdf, 0xba, 0xca, 0xda, 0xb5, 0xc5
    dc.b    0xd5, 0xb0, 0xc0, 0xd0, 0xe0, 0xbb, 0xcb, 0xdc, 0xb7, 0xc7, 0xd7, 0xb2, 0xc3, 0xd3, 0xae, 0xbe
    dc.b    0xcf, 0xdf, 0xbb, 0xcb, 0xdc, 0xb7, 0xc7, 0xd8, 0xb3, 0xc4, 0xd4, 0xb0, 0xc0, 0xd1, 0xe1, 0xbd
    dc.b    0xcd, 0xde, 0xba, 0xca, 0xdb, 0xb6, 0xc7, 0xd8, 0xb3, 0xc4, 0xd5, 0xe6, 0xc1, 0xd2, 0xe3, 0xbe
    dc.b    0xcf, 0xe0, 0xbc, 0xcc, 0xdd, 0xb9, 0xca, 0xda, 0xeb, 0xc7, 0xd8, 0xe8, 0xc4, 0xd5, 0xe6, 0xc1
    dc.b    0xd2, 0xe3, 0xf4, 0xd0, 0xe0, 0xf1, 0xcd, 0xde, 0xee, 0xca, 0xdb, 0xec, 0xc8, 0xd8, 0xe9, 0xfa
    dc.b    0xd6, 0xe7, 0xf7, 0xd3, 0xe4, 0xf5, 0xd1, 0xe1, 0xf2, 0xce, 0xdf, 0xef, 0x00, 0xdc, 0xec, 0xfd
    dc.b    0xd9, 0xea, 0xfa, 0xd6, 0xe7, 0xf7, 0xd3, 0xe4, 0xf5, 0x05, 0xe1, 0xf2, 0x02, 0xde, 0xef, 0xff
    dc.b    0xdb, 0xec, 0xfc, 0xd8, 0xe9, 0xf9, 0x0a, 0xe6, 0xf6, 0x06, 0xe3, 0xf3, 0x03, 0xdf, 0xf0, 0x00
    dc.b    0x10, 0xed, 0xfd, 0x0d, 0xe9, 0xfa, 0x0a, 0xe6, 0xf6, 0x06, 0xe3, 0xf3, 0x03, 0x13, 0xef, 0x00
    dc.b    0x10, 0xec, 0xfc, 0x0c, 0xe8, 0xf8, 0x09, 0xe5, 0xf5, 0x05, 0x15, 0xf1, 0x01, 0x11, 0xed, 0xfd
    dc.b    0x0d, 0xea, 0xfa, 0x0a, 0xe6, 0xf6, 0x06, 0x16, 0xf2, 0x02, 0x12, 0xee, 0xfe, 0x0e, 0xea, 0xfa
    dc.b    0x0a, 0x1a, 0xf6, 0x06, 0x15, 0xf2, 0x01, 0x11, 0xed, 0xfd, 0x0d, 0xe9, 0xf9, 0x09, 0x19, 0xf5
    dc.b    0x04, 0x14, 0xf0, 0x00, 0x10, 0xec, 0xfc, 0x0b, 0xe7, 0xf7, 0x07, 0x16, 0xf3, 0x02, 0x12, 0xee
    dc.b    0xfe, 0x0d, 0xe9, 0xf9, 0x09, 0xe5, 0xf4, 0x04, 0x13, 0xef, 0xff, 0x0f, 0xeb, 0xfa, 0x0a, 0xe6
    dc.b    0xf5, 0x05, 0xe1, 0xf0, 0x00, 0x0f, 0xeb, 0xfb, 0x0a, 0xe6, 0xf6, 0x05, 0xe1, 0xf1, 0x00, 0x0f
    dc.b    0xec, 0xfb, 0x0a, 0xe6, 0xf6, 0x05, 0xe1, 0xf0, 0x00, 0xdc, 0xeb, 0xfa, 0x0a, 0xe6, 0xf5, 0x04
    dc.b    0xe0, 0xf0, 0xff, 0xdb, 0xea, 0xf9, 0xd6, 0xe5, 0xf4, 0x03, 0xdf, 0xee, 0xfe, 0xda, 0xe9, 0xf8
    dc.b    0xd4, 0xe3, 0xf2, 0xcf, 0xde, 0xed, 0xfc, 0xd8, 0xe7, 0xf6, 0xd3, 0xe2, 0xf1, 0xcd, 0xdc, 0xeb
    dc.b    0xc7, 0xd6, 0xe5, 0xf4, 0xd1, 0xe0, 0xef, 0xcb, 0xda, 0xe9, 0xc6, 0xd5, 0xe3, 0xf2, 0xcf, 0xde
    dc.b    0xed, 0xc9, 0xd8, 0xe7, 0xc4, 0xd3, 0xe2, 0xbe, 0xcd, 0xdc, 0xeb, 0xc8, 0xd7, 0xe6, 0xc2, 0xd1
    dc.b    0xe0, 0xbd, 0xcc, 0xdb, 0xb8, 0xc7, 0xd6, 0xe5, 0xc2, 0xd1, 0xe0, 0xbd, 0xcc, 0xdb, 0xb8, 0xc7
    dc.b    0xd6, 0xb3, 0xc2, 0xd1, 0xe0, 0xbd, 0xcc, 0xdc, 0xb9, 0xc8, 0xd7, 0xb4, 0xc4, 0xd3, 0xe2, 0xbf
    dc.b    0xcf, 0xde, 0xbb, 0xcb, 0xda, 0xb7, 0xc7, 0xd6, 0xb4, 0xc3, 0xd3, 0xe2, 0xc0, 0xcf, 0xdf, 0xbc
    dc.b    0xcc, 0xdb, 0xb9, 0xc9, 0xd8, 0xb7, 0xc6, 0xd6, 0xe5, 0xc4, 0xd3, 0xe3, 0xc1, 0xd1, 0xe1, 0xbf
    dc.b    0xcf, 0xdf, 0xbd, 0xcd, 0xdd, 0xed, 0xcb, 0xdb, 0xeb, 0xca, 0xda, 0xea, 0xc9, 0xd9, 0xe9, 0xc8
    dc.b    0xd8, 0xe8, 0xf8, 0xd7, 0xe7, 0xf7, 0xd6, 0xe7, 0xf7, 0xd6, 0xe6, 0xf7, 0x07, 0xe6, 0xf6, 0x07
    dc.b    0xe6, 0xf6, 0x07, 0xe6, 0xf6, 0x07, 0xe6, 0xf7, 0x07, 0x17, 0xf7, 0x07, 0x17, 0xf7, 0x07, 0x18
    dc.b    0xf7, 0x08, 0x18, 0xf8, 0x08, 0x18, 0x28, 0x08, 0x18, 0x29, 0x08, 0x18, 0x28, 0x08, 0x18, 0x28
    dc.b    0x08, 0x18, 0x28, 0x38, 0x18, 0x27, 0x37, 0x17, 0x27, 0x37, 0x16, 0x26, 0x35, 0x45, 0x24, 0x34
    dc.b    0x43, 0x23, 0x32, 0x41, 0x21, 0x30, 0x3f, 0x1e, 0x2d, 0x3c, 0x4b, 0x2a, 0x39, 0x48, 0x27, 0x36
    dc.b    0x44, 0x23, 0x31, 0x40, 0x1e, 0x2d, 0x3b, 0x49, 0x28, 0x36, 0x44, 0x22, 0x30, 0x3e, 0x1c, 0x2a
    dc.b    0x38, 0x16, 0x23, 0x31, 0x3e, 0x1c, 0x2a, 0x37, 0x14, 0x22, 0x2f, 0x0c, 0x1a, 0x27, 0x04, 0x11
    dc.b    0x1e, 0x2b, 0x08, 0x15, 0x22, 0xff, 0x0c, 0x19, 0xf6, 0x03, 0x0f, 0x1c, 0xf9, 0x06, 0x12, 0xf0
    dc.b    0xfc, 0x09, 0xe6, 0xf3, 0xff, 0xdd, 0xe9, 0xf6, 0x03, 0xe0, 0xed, 0xf9, 0xd7, 0xe4, 0xf1, 0xce
    dc.b    0xdb, 0xe8, 0xc6, 0xd3, 0xe0, 0xed, 0xcb, 0xd9, 0xe6, 0xc4, 0xd2, 0xdf, 0xbe, 0xcb, 0xd9, 0xb8
    dc.b    0xc6, 0xd4, 0xe2, 0xc1, 0xcf, 0xdd, 0xbd, 0xcb, 0xda, 0xba, 0xc8, 0xd7, 0xb7, 0xc6, 0xd5, 0xe4
    dc.b    0xc4, 0xd4, 0xe3, 0xc4, 0xd3, 0xe3, 0xc4, 0xd3, 0xe3, 0xf3, 0xd4, 0xe4, 0xf4, 0xd6, 0xe6, 0xf6
    dc.b    0xd8, 0xe8, 0xf8, 0xda, 0xeb, 0xfb, 0x0b, 0xee, 0xfe, 0x0e, 0xf1, 0x01, 0x11, 0xf4, 0x04, 0x15
    dc.b    0xf7, 0x07, 0x17, 0x28, 0x0a, 0x1a, 0x2a, 0x0c, 0x1c, 0x2c, 0x0e, 0x1e, 0x2e, 0x0f, 0x1f, 0x2f
    dc.b    0x3e, 0x1f, 0x2f, 0x3e, 0x1f, 0x2e, 0x3d, 0x1d, 0x2c, 0x3a, 0x49, 0x29, 0x37, 0x45, 0x25, 0x33
    dc.b    0x41, 0x21, 0x2e, 0x3b, 0x1b, 0x28, 0x34, 0x41, 0x20, 0x2d, 0x39, 0x18, 0x24, 0x30, 0x0f, 0x1b
    dc.b    0x27, 0x05, 0x11, 0x1d, 0x28, 0x06, 0x12, 0x1d, 0xfb, 0x07, 0x12, 0xf0, 0xfb, 0x06, 0xe5, 0xf0
    dc.b    0xfb, 0x06, 0xe5, 0xf0, 0xfc, 0xda, 0xe5, 0xf1, 0xd0, 0xdb, 0xe7, 0xc6, 0xd2, 0xde, 0xeb, 0xca
    dc.b    0xd6, 0xe3, 0xc3, 0xd0, 0xdd, 0xbd, 0xca, 0xd7, 0xe5, 0xc6, 0xd4, 0xe1, 0xc3, 0xd1, 0xdf, 0xc1
    dc.b    0xd0, 0xdf, 0xc1, 0xd0, 0xdf, 0xee, 0xd1, 0xe1, 0xf0, 0xd4, 0xe4, 0xf3, 0xd7, 0xe7, 0xf7, 0xdb
    dc.b    0xeb, 0xfc, 0x0c, 0xf0, 0x00, 0x11, 0xf5, 0x05, 0x16, 0xfa, 0x0a, 0x1a, 0xfe, 0x0e, 0x1e, 0x2e
    dc.b    0x12, 0x22, 0x31, 0x15, 0x24, 0x33, 0x16, 0x25, 0x34, 0x17, 0x25, 0x34, 0x42, 0x24, 0x32, 0x3f
    dc.b    0x21, 0x2e, 0x3b, 0x1c, 0x29, 0x35, 0x41, 0x22, 0x2e, 0x3a, 0x1a, 0x25, 0x31, 0x10, 0x1b, 0x26
    dc.b    0x06, 0x10, 0x1b, 0x25, 0x04, 0x0f, 0x19, 0xf8, 0x02, 0x0d, 0xec, 0xf6, 0x00, 0xdf, 0xea, 0xf4
    dc.b    0xfe, 0xde, 0xe8, 0xf3, 0xd3, 0xde, 0xe9, 0xc9, 0xd5, 0xe0, 0xc1, 0xcd, 0xd9, 0xe5, 0xc7, 0xd3
    dc.b    0xe0, 0xc2, 0xcf, 0xdd, 0xc0, 0xcd, 0xdc, 0xea, 0xcd, 0xdc, 0xeb, 0xcf, 0xde, 0xed, 0xd2, 0xe2
    dc.b    0xf1, 0xd6, 0xe6, 0xf6, 0x06, 0xec, 0xfc, 0x0c, 0xf2, 0x02, 0x12, 0xf8, 0x08, 0x18, 0xfe, 0x0e
    dc.b    0x1e, 0x2d, 0x13, 0x22, 0x31, 0x16, 0x25, 0x34, 0x18, 0x27, 0x35, 0x19, 0x26, 0x34, 0x41, 0x24
    dc.b    0x31, 0x3d, 0x1f, 0x2b, 0x37, 0x19, 0x24, 0x2f, 0x10, 0x1b, 0x26, 0x30, 0x10, 0x1a, 0x24, 0x04
    dc.b    0x0e, 0x18, 0xf7, 0x01, 0x0a, 0x14, 0xf4, 0xfd, 0x06, 0xe6, 0xf0, 0xfa, 0xda, 0xe4, 0xee, 0xce
    dc.b    0xd9, 0xe3, 0xee, 0xcf, 0xda, 0xe6, 0xc8, 0xd4, 0xe0, 0xc3, 0xcf, 0xdc, 0xc0, 0xcd, 0xdb, 0xe9
    dc.b    0xce, 0xdc, 0xea, 0xd0, 0xdf, 0xee, 0xd4, 0xe4, 0xf3, 0xda, 0xea, 0xf9, 0x09, 0xf0, 0x00, 0x10
    dc.b    0xf8, 0x08, 0x17, 0xfe, 0x0e, 0x1e, 0x05, 0x14, 0x23, 0x32, 0x18, 0x27, 0x35, 0x1a, 0x28, 0x36
    dc.b    0x1a, 0x27, 0x34, 0x40, 0x24, 0x30, 0x3b, 0x1e, 0x29, 0x33, 0x16, 0x20, 0x2a, 0x0b, 0x15, 0x1e
    dc.b    0x27, 0x08, 0x11, 0x1a, 0xfa, 0x03, 0x0c, 0xec, 0xf5, 0xfe, 0xdf, 0xe7, 0xf0, 0xfa, 0xdb, 0xe4
    dc.b    0xee, 0xd0, 0xda, 0xe5, 0xc7, 0xd2, 0xde, 0xc1, 0xcd, 0xd9, 0xe6, 0xcb, 0xd8, 0xe5, 0xcb, 0xd9
    dc.b    0xe7, 0xce, 0xdc, 0xeb, 0xfa, 0xe2, 0xf1, 0x01, 0xe9, 0xf8, 0x08, 0xf0, 0x00, 0x10, 0xf8, 0x08
    dc.b    0x18, 0x27, 0x0f, 0x1e, 0x2d, 0x14, 0x23, 0x31, 0x18, 0x25, 0x32, 0x18, 0x25, 0x31, 0x3d, 0x21
    dc.b    0x2d, 0x38, 0x1b, 0x26, 0x30, 0x12, 0x1c, 0x25, 0x07, 0x10, 0x18, 0x21, 0x02, 0x0a, 0x12, 0xf4
    dc.b    0xfc, 0x04, 0xe5, 0xee, 0xf6, 0xd8, 0xe0, 0xe9, 0xf2, 0xd5, 0xde, 0xe8, 0xcc, 0xd6, 0xe1, 0xc6
    dc.b    0xd1, 0xdd, 0xe9, 0xcf, 0xdc, 0xe9, 0xd0, 0xde, 0xec, 0xd4, 0xe3, 0xf2, 0xda, 0xea, 0xf9, 0x08
    dc.b    0xf2, 0x01, 0x11, 0xfa, 0x0a, 0x19, 0x02, 0x12, 0x20, 0x09, 0x18, 0x26, 0x34, 0x1c, 0x29, 0x36
    dc.b    0x1d, 0x29, 0x35, 0x1a, 0x25, 0x30, 0x15, 0x1f, 0x28, 0x31, 0x15, 0x1d, 0x26, 0x08, 0x10, 0x18
    dc.b    0xfa, 0x02, 0x0a, 0xec, 0xf3, 0xfb, 0x02, 0xe5, 0xed, 0xf5, 0xd8, 0xe0, 0xe9, 0xcd, 0xd7, 0xe0
    dc.b    0xea, 0xd0, 0xdb, 0xe6, 0xcd, 0xd9, 0xe5, 0xcd, 0xda, 0xe8, 0xd1, 0xdf, 0xee, 0xfc, 0xe6, 0xf5
    dc.b    0x04, 0xef, 0xfe, 0x0d, 0xf8, 0x07, 0x16, 0x01, 0x0f, 0x1e, 0x2c, 0x16, 0x23, 0x30, 0x19, 0x26
    dc.b    0x32, 0x19, 0x24, 0x2f, 0x15, 0x1f, 0x29, 0x32, 0x17, 0x20, 0x28, 0x0c, 0x13, 0x1b, 0xfe, 0x05
    dc.b    0x0c, 0x13, 0xf6, 0xfd, 0x04, 0xe7, 0xee, 0xf6, 0xda, 0xe2, 0xea, 0xcf, 0xd8, 0xe1, 0xeb, 0xd1
    dc.b    0xdc, 0xe7, 0xcf, 0xdb, 0xe7, 0xd0, 0xdd, 0xea, 0xd5, 0xe3, 0xf1, 0xff, 0xeb, 0xfa, 0x08, 0xf4
    dc.b    0x03, 0x12, 0xfe, 0x0c, 0x1b, 0x06, 0x14, 0x22, 0x2f, 0x19, 0x25, 0x32, 0x1a, 0x26, 0x30, 0x18
    dc.b    0x22, 0x2b, 0x11, 0x1a, 0x22, 0x2a, 0x0f, 0x16, 0x1d, 0x01, 0x08, 0x0e, 0xf2, 0xf8, 0xff, 0x05
    dc.b    0xe9, 0xf0, 0xf7, 0xdc, 0xe4, 0xec, 0xd2, 0xdb, 0xe4, 0xcb, 0xd5, 0xe0, 0xeb, 0xd4, 0xe0, 0xec
    dc.b    0xd7, 0xe4, 0xf2, 0xdd, 0xeb, 0xfa, 0xe6, 0xf4, 0x03, 0x12, 0xfe, 0x0d, 0x1b, 0x08, 0x16, 0x23
    dc.b    0x0f, 0x1c, 0x28, 0x12, 0x1e, 0x29, 0x34, 0x1c, 0x26, 0x2f, 0x16, 0x1f, 0x27, 0x0c, 0x14, 0x1b
    dc.b    0x21, 0x06, 0x0c, 0x12, 0xf6, 0xfd, 0x03, 0xe7, 0xee, 0xf4, 0xda, 0xe1, 0xe8, 0xf0, 0xd7, 0xe0
    dc.b    0xe9, 0xd2, 0xdc, 0xe7, 0xd1, 0xdc, 0xe9, 0xd4, 0xe1, 0xee, 0xfc, 0xe9, 0xf7, 0x05, 0xf2, 0x01
    dc.b    0x0f, 0xfd, 0x0b, 0x19, 0x06, 0x13, 0x20, 0x2d, 0x18, 0x24, 0x2f, 0x19, 0x23, 0x2d, 0x15, 0x1e
    dc.b    0x26, 0x0d, 0x15, 0x1c, 0x22, 0x08, 0x0e, 0x14, 0xf9, 0xfe, 0x04, 0xe9, 0xef, 0xf5, 0xfb, 0xe2
    dc.b    0xe9, 0xf0, 0xd7, 0xdf, 0xe8, 0xd1, 0xdb, 0xe5, 0xd0, 0xdb, 0xe7, 0xf3, 0xe0, 0xed, 0xfa, 0xe8
    dc.b    0xf5, 0x03, 0xf2, 0x00, 0x0e, 0xfc, 0x0a, 0x17, 0x24, 0x12, 0x1e, 0x2a, 0x16, 0x21, 0x2c, 0x16
    dc.b    0x20, 0x29, 0x11, 0x19, 0x21, 0x27, 0x0e, 0x15, 0x1a, 0x01, 0x06, 0x0b, 0xf1, 0xf6, 0xfc, 0xe2
    dc.b    0xe8, 0xee, 0xf4, 0xdc, 0xe3, 0xeb, 0xd4, 0xdd, 0xe6, 0xd1, 0xdb, 0xe6, 0xf2, 0xdf, 0xeb, 0xf8
    dc.b    0xe6, 0xf3, 0x01, 0xf0, 0xfe, 0x0b, 0xfa, 0x08, 0x15, 0x22, 0x10, 0x1d, 0x29, 0x15, 0x20, 0x2a
    dc.b    0x16, 0x1f, 0x27, 0x11, 0x18, 0x1f, 0x26, 0x0e, 0x13, 0x19, 0x00, 0x05, 0x09, 0xf0, 0xf5, 0xfa
    dc.b    0xe1, 0xe7, 0xed, 0xf3, 0xdc, 0xe3, 0xeb, 0xd5, 0xde, 0xe8, 0xd4, 0xde, 0xe9, 0xf5, 0xe3, 0xf0
    dc.b    0xfd, 0xec, 0xf9, 0x07, 0xf7, 0x04, 0x11, 0x01, 0x0e, 0x1a, 0x26, 0x15, 0x20, 0x2a, 0x17, 0x21
    dc.b    0x29, 0x14, 0x1c, 0x23, 0x0d, 0x13, 0x19, 0x1e, 0x06, 0x0a, 0x0f, 0xf7, 0xfb, 0x00, 0xe7, 0xed
    dc.b    0xf2, 0xdb, 0xe1, 0xe8, 0xef, 0xda, 0xe2, 0xeb, 0xd8, 0xe2, 0xed, 0xdb, 0xe7, 0xf3, 0xe3, 0xef
    dc.b    0xfc, 0x09, 0xfa, 0x07, 0x14, 0x04, 0x11, 0x1d, 0x0c, 0x17, 0x22, 0x2c, 0x19, 0x22, 0x2a, 0x16
    dc.b    0x1d, 0x23, 0x0d, 0x12, 0x18, 0x00, 0x05, 0x09, 0x0d, 0xf6, 0xfa, 0xfe, 0xe7, 0xec, 0xf2, 0xdc
    dc.b    0xe2, 0xe9, 0xd5, 0xdd, 0xe6, 0xef, 0xde, 0xe8, 0xf3, 0xe3, 0xef, 0xfc, 0xec, 0xf9, 0x06, 0xf7
    dc.b    0x04, 0x10, 0x1d, 0x0d, 0x18, 0x23, 0x12, 0x1c, 0x25, 0x13, 0x1a, 0x22, 0x0d, 0x13, 0x19, 0x1e
    dc.b    0x08, 0x0c, 0x10, 0xf9, 0xfd, 0x01, 0xea, 0xef, 0xf3, 0xf8, 0xe3, 0xe9, 0xef, 0xdb, 0xe3, 0xeb
    dc.b    0xda, 0xe3, 0xed, 0xde, 0xe9, 0xf4, 0x00, 0xf2, 0xfe, 0x0b, 0xfd, 0x09, 0x15, 0x06, 0x12, 0x1d
    dc.b    0x0d, 0x17, 0x20, 0x29, 0x16, 0x1e, 0x24, 0x10, 0x16, 0x1b, 0x05, 0x0a, 0x0d, 0xf7, 0xfb, 0xff
    dc.b    0x02, 0xec, 0xf1, 0xf5, 0xe1, 0xe6, 0xec, 0xd9, 0xe1, 0xe9, 0xf2, 0xe1, 0xeb, 0xf5, 0xe7, 0xf2
    dc.b    0xfe, 0xf0, 0xfc, 0x08, 0xfb, 0x07, 0x12, 0x1e, 0x0f, 0x1a, 0x23, 0x13, 0x1c, 0x24, 0x12, 0x18
    dc.b    0x1e, 0x0a, 0x0f, 0x14, 0x18, 0x02, 0x06, 0x09, 0xf4, 0xf7, 0xfb, 0xe6, 0xeb, 0xef, 0xdc, 0xe2
    dc.b    0xe9, 0xf0, 0xdf, 0xe8, 0xf1, 0xe2, 0xec, 0xf7, 0xea, 0xf5, 0x01, 0xf4, 0x00, 0x0b, 0x16, 0x09
    dc.b    0x14, 0x1e, 0x0f, 0x18, 0x21, 0x10, 0x17, 0x1e, 0x23, 0x10, 0x15, 0x19, 0x05, 0x08, 0x0b, 0xf7
    dc.b    0xfa, 0xfd, 0xe9, 0xed, 0xf1, 0xf6, 0xe3, 0xe9, 0xef, 0xdf, 0xe7, 0xef, 0xe1, 0xea, 0xf4, 0xe7
    dc.b    0xf2, 0xfe, 0x09, 0xfd, 0x08, 0x13, 0x07, 0x11, 0x1b, 0x0d, 0x16, 0x1e, 0x0e, 0x15, 0x1b, 0x21
    dc.b    0x0f, 0x13, 0x17, 0x03, 0x06, 0x09, 0xf5, 0xf8, 0xfb, 0xe8, 0xeb, 0xf0, 0xf4, 0xe3, 0xe8, 0xef
    dc.b    0xdf, 0xe7, 0xef, 0xe2, 0xeb, 0xf5, 0x00, 0xf4, 0xff, 0x0a, 0xfe, 0x09, 0x14, 0x07, 0x11, 0x1a
    dc.b    0x0d, 0x15, 0x1c, 0x23, 0x12, 0x18, 0x1c, 0x0a, 0x0e, 0x11, 0xfe, 0x01, 0x04, 0xf0, 0xf3, 0xf6
    dc.b    0xfa, 0xe8, 0xec, 0xf1, 0xe1, 0xe8, 0xef, 0xe1, 0xe9, 0xf2, 0xe6, 0xef, 0xfa, 0x04, 0xf9, 0x04
    dc.b    0x0e, 0x03, 0x0d, 0x17, 0x0a, 0x13, 0x1b, 0x22, 0x13, 0x19, 0x1e, 0x0d, 0x11, 0x15, 0x03, 0x06
    dc.b    0x08, 0xf6, 0xf8, 0xfb, 0xfe, 0xec, 0xf0, 0xf4, 0xe4, 0xea, 0xf0, 0xe2, 0xe9, 0xf1, 0xe5, 0xef
    dc.b    0xf8, 0x02, 0xf8, 0x02, 0x0c, 0x02, 0x0b, 0x15, 0x09, 0x12, 0x1a, 0x0c, 0x13, 0x19, 0x1e, 0x0e
    dc.b    0x12, 0x15, 0x04, 0x07, 0x09, 0xf7, 0xfa, 0xfc, 0xeb, 0xee, 0xf1, 0xf5, 0xe6, 0xeb, 0xf1, 0xe4
    dc.b    0xeb, 0xf3, 0xe7, 0xf0, 0xfa, 0x03, 0xf9, 0x03, 0x0d, 0x03, 0x0c, 0x15, 0x0a, 0x12, 0x19, 0x0d
    dc.b    0x13, 0x18, 0x1c, 0x0d, 0x11, 0x13, 0x03, 0x05, 0x07, 0xf6, 0xf8, 0xfb, 0xea, 0xed, 0xf1, 0xf5
    dc.b    0xe7, 0xec, 0xf3, 0xe6, 0xee, 0xf6, 0xeb, 0xf4, 0xfd, 0xf4, 0xfe, 0x07, 0x10, 0x07, 0x0f, 0x17
    dc.b    0x0c, 0x13, 0x19, 0x0c, 0x11, 0x16, 0x07, 0x0a, 0x0d, 0x0f, 0xff, 0x01, 0x03, 0xf2, 0xf5, 0xf7
    dc.b    0xe8, 0xec, 0xf0, 0xf5, 0xe8, 0xef, 0xf5, 0xeb, 0xf3, 0xfb, 0xf2, 0xfb, 0x04, 0xfb, 0x04, 0x0d
    dc.b    0x15, 0x0b, 0x13, 0x19, 0x0e, 0x13, 0x18, 0x0b, 0x0e, 0x11, 0x02, 0x04, 0x06, 0x08, 0xf8, 0xfa
    dc.b    0xfc, 0xed, 0xf0, 0xf4, 0xe7, 0xeb, 0xf1, 0xe6, 0xec, 0xf3, 0xfb, 0xf2, 0xfb, 0x03, 0xfb, 0x04
    dc.b    0x0c, 0x03, 0x0b, 0x13, 0x19, 0x0f, 0x14, 0x19, 0x0d, 0x10, 0x13, 0x05, 0x07, 0x09, 0xfa, 0xfc
    dc.b    0xfd, 0xff, 0xf1, 0xf4, 0xf7, 0xea, 0xee, 0xf3, 0xe9, 0xef, 0xf6, 0xed, 0xf4, 0xfc, 0x05, 0xfd
    dc.b    0x05, 0x0d, 0x05, 0x0c, 0x13, 0x0a, 0x10, 0x15, 0x0a, 0x0d, 0x11, 0x13, 0x06, 0x08, 0x09, 0xfb
    dc.b    0xfd, 0xfe, 0xf0, 0xf3, 0xf5, 0xe9, 0xed, 0xf1, 0xf6, 0xec, 0xf2, 0xf9, 0xf1, 0xf8, 0x00, 0xf9
    dc.b    0x00, 0x08, 0x10, 0x08, 0x0f, 0x15, 0x0c, 0x11, 0x15, 0x0a, 0x0d, 0x10, 0x03, 0x05, 0x07, 0x08
    dc.b    0xfa, 0xfc, 0xfd, 0xf1, 0xf3, 0xf6, 0xeb, 0xef, 0xf3, 0xea, 0xf0, 0xf6, 0xfd, 0xf6, 0xfd, 0x05
    dc.b    0xfe, 0x05, 0x0d, 0x05, 0x0c, 0x11, 0x08, 0x0d, 0x11, 0x15, 0x09, 0x0c, 0x0d, 0x01, 0x02, 0x04
    dc.b    0xf7, 0xf8, 0xfa, 0xfc, 0xf0, 0xf3, 0xf7, 0xed, 0xf2, 0xf7, 0xef, 0xf6, 0xfc, 0xf6, 0xfd, 0x04
    dc.b    0x0b, 0x04, 0x0b, 0x11, 0x09, 0x0e, 0x13, 0x0a, 0x0d, 0x10, 0x05, 0x06, 0x08, 0x09, 0xfd, 0xfe
    dc.b    0xff, 0xf4, 0xf5, 0xf8, 0xed, 0xf1, 0xf5, 0xec, 0xf1, 0xf7, 0xfd, 0xf6, 0xfd, 0x04, 0xfe, 0x04
    dc.b    0x0b, 0x04, 0x0a, 0x0f, 0x07, 0x0b, 0x0f, 0x12, 0x08, 0x0a, 0x0b, 0x00, 0x01, 0x02, 0xf7, 0xf8
    dc.b    0xfa, 0xfb, 0xf1, 0xf4, 0xf8, 0xef, 0xf4, 0xf9, 0xf2, 0xf8, 0xfe, 0xf9, 0xff, 0x05, 0x0c, 0x06
    dc.b    0x0b, 0x10, 0x09, 0x0d, 0x10, 0x08, 0x0a, 0x0c, 0x02, 0x03, 0x04, 0x04, 0xfa, 0xfb, 0xfc, 0xf3
    dc.b    0xf5, 0xf7, 0xef, 0xf3, 0xf7, 0xf0, 0xf6, 0xfb, 0x01, 0xfc, 0x02, 0x08, 0x02, 0x08, 0x0d, 0x06
    dc.b    0x0b, 0x0e, 0x06, 0x09, 0x0b, 0x0c, 0x03, 0x04, 0x05, 0xfb, 0xfc, 0xfd, 0xf3, 0xf5, 0xf7, 0xfa
    dc.b    0xf2, 0xf6, 0xfa, 0xf4, 0xf9, 0xff, 0xfa, 0xff, 0x05, 0x00, 0x05, 0x0a, 0x0f, 0x08, 0x0c, 0x0f
    dc.b    0x07, 0x09, 0x0b, 0x02, 0x03, 0x04, 0xfa, 0xfb, 0xfc, 0xfd, 0xf5, 0xf7, 0xf9, 0xf2, 0xf5, 0xf9
    dc.b    0xf4, 0xf8, 0xfd, 0xf9, 0xfe, 0x03, 0x08, 0x04, 0x08, 0x0c, 0x07, 0x0a, 0x0d, 0x06, 0x07, 0x09
    dc.b    0x0a, 0x01, 0x02, 0x03, 0xfa, 0xfb, 0xfc, 0xf4, 0xf6, 0xf8, 0xf2, 0xf5, 0xf9, 0xfd, 0xf9, 0xfd
    dc.b    0x02, 0xfe, 0x03, 0x07, 0x03, 0x07, 0x0b, 0x05, 0x08, 0x0a, 0x0c, 0x05, 0x06, 0x07, 0xff, 0x00
    dc.b    0x00, 0xf9, 0xf9, 0xfb, 0xf4, 0xf6, 0xf8, 0xfb, 0xf6, 0xfa, 0xfe, 0xfa, 0xfe, 0x02, 0xff, 0x03
    dc.b    0x07, 0x03, 0x06, 0x09, 0x0c, 0x06, 0x08, 0x09, 0x02, 0x03, 0x04, 0xfd, 0xfd, 0xfe, 0xfe, 0xf8
    dc.b    0xf9, 0xfb, 0xf6, 0xf8, 0xfb, 0xf7, 0xfb, 0xff, 0xfb, 0xff, 0x03, 0x07, 0x04, 0x07, 0x0a, 0x06
    dc.b    0x08, 0x0a, 0x04, 0x05, 0x06, 0xff, 0x00, 0x00, 0x01, 0xfa, 0xfb, 0xfc, 0xf7, 0xf9, 0xfb, 0xf7
    dc.b    0xf9, 0xfc, 0xf9, 0xfd, 0x00, 0x04, 0x01, 0x04, 0x08, 0x04, 0x07, 0x09, 0x04, 0x06, 0x07, 0x01
    dc.b    0x02, 0x02, 0x02, 0xfd, 0xfd, 0xfe, 0xf9, 0xfa, 0xfb, 0xf7, 0xf9, 0xfc, 0xfe, 0xfb, 0xff, 0x02
    dc.b    0xff, 0x02, 0x05, 0x03, 0x05, 0x07, 0x04, 0x05, 0x06, 0x07, 0x02, 0x03, 0x03, 0xfe, 0xfe, 0xff
    dc.b    0xfa, 0xfb, 0xfc, 0xf8, 0xf9, 0xfb, 0xfe, 0xfb, 0xfe, 0x00, 0xfe, 0x01, 0x04, 0x01, 0x04, 0x06
    dc.b    0x03, 0x04, 0x06, 0x07, 0x03, 0x03, 0x03, 0xff, 0xff, 0x00, 0xfb, 0xfc, 0xfd, 0xfd, 0xfa, 0xfc
    dc.b    0xfd, 0xfb, 0xfd, 0x00, 0xfe, 0x00, 0x02, 0x01, 0x03, 0x05, 0x06, 0x04, 0x05, 0x06, 0x02, 0x03
    dc.b    0x03, 0xff, 0x00, 0x00, 0xfc, 0xfd, 0xfd, 0xfe, 0xfb, 0xfc, 0xfe, 0xfc, 0xfd, 0xff, 0xfe, 0x00
    dc.b    0x02, 0x00, 0x02, 0x04, 0x05, 0x03, 0x04, 0x05, 0x02, 0x02, 0x02, 0xff, 0x00, 0x00, 0xfd, 0xfd
    dc.b    0xfe, 0xfe, 0xfc, 0xfd, 0xfe, 0xfc, 0xfe, 0xff, 0xfe, 0x00, 0x01, 0x03, 0x02, 0x03, 0x04, 0x02
    dc.b    0x03, 0x03, 0x01, 0x02, 0x02, 0xff, 0xff, 0x00, 0x00, 0xfe, 0xfe, 0xfe, 0xfd, 0xfe, 0xff, 0xfd
    dc.b    0xfe, 0x00, 0xff, 0x00, 0x01, 0x02, 0x01, 0x02, 0x03, 0x02, 0x02, 0x02, 0x01, 0x01, 0x01, 0xff
    dc.b    0xff, 0xff, 0x00, 0xfe, 0xfe, 0xff, 0xfe, 0xfe, 0xff, 0xfe, 0xff, 0x00, 0xff, 0x00, 0x01, 0x02
    dc.b    0x01, 0x01, 0x02, 0x01, 0x01, 0x01, 0x00, 0x00, 0x00, 0x00, 0xff, 0xff, 0x00, 0xff, 0xff, 0xff
    dc.b    0xff, 0xff, 0x00, 0xff, 0x00, 0x00, 0x01, 0x00, 0x01, 0x01, 0x00, 0x01, 0x01, 0x00, 0x00, 0x00
    dc.b    0x00, 0x00, 0x00, 0x00, 0x00, 0x00, 0x00, 0x00, 0x00, 0x00, 0x00, 0x00, 0x00, 0x00, 0x00, 0x00
    dc.b    0x00, 0x00, 0x00, 0x00, 0x00, 0x00, 0x00, 0x00, 0x00, 0x00, 0x00, 0x00, 0x00, 0x00, 0x00, 0x00
    .global brand_stamp_whoosh_size
brand_stamp_whoosh_size = .-brand_stamp_whoosh

    .align  256
    .global brand_reverb_tail
brand_reverb_tail:
    dc.b    0x00, 0x15, 0x28, 0x3a, 0x49, 0x54, 0x5c, 0x60, 0x60, 0x5d, 0x58, 0x50, 0x46, 0x3d, 0x33, 0x2a
    dc.b    0x23, 0x1d, 0x18, 0x15, 0x13, 0x13, 0x13, 0x12, 0x12, 0x11, 0x0f, 0x0d, 0x09, 0x05, 0x01, 0xfd
    dc.b    0xf8, 0xf5, 0xf2, 0xf0, 0xee, 0xee, 0xee, 0xed, 0xed, 0xec, 0xea, 0xe6, 0xe1, 0xda, 0xd2, 0xc8
    dc.b    0xbf, 0xb5, 0xad, 0xa6, 0xa2, 0xa0, 0xa3, 0xa9, 0xb3, 0xc0, 0xd0, 0xe3, 0xf7, 0x0b, 0x1f, 0x31
    dc.b    0x41, 0x4e, 0x58, 0x5d, 0x5f, 0x5e, 0x59, 0x52, 0x49, 0x40, 0x36, 0x2d, 0x25, 0x1f, 0x19, 0x16
    dc.b    0x14, 0x13, 0x12, 0x12, 0x12, 0x11, 0x10, 0x0e, 0x0b, 0x07, 0x03, 0xff, 0xfa, 0xf6, 0xf3, 0xf1
    dc.b    0xef, 0xee, 0xee, 0xee, 0xee, 0xed, 0xeb, 0xe8, 0xe4, 0xde, 0xd6, 0xcd, 0xc4, 0xbb, 0xb2, 0xaa
    dc.b    0xa5, 0xa2, 0xa3, 0xa7, 0xaf, 0xbb, 0xc9, 0xdb, 0xee, 0x02, 0x16, 0x29, 0x39, 0x48, 0x52, 0x5a
    dc.b    0x5d, 0x5d, 0x5a, 0x54, 0x4c, 0x43, 0x3a, 0x30, 0x28, 0x21, 0x1b, 0x17, 0x14, 0x13, 0x12, 0x12
    dc.b    0x12, 0x11, 0x10, 0x0f, 0x0c, 0x09, 0x05, 0x01, 0xfc, 0xf8, 0xf5, 0xf2, 0xf0, 0xef, 0xee, 0xee
    dc.b    0xee, 0xee, 0xec, 0xea, 0xe6, 0xe1, 0xda, 0xd2, 0xc9, 0xc0, 0xb7, 0xaf, 0xa9, 0xa5, 0xa4, 0xa6
    dc.b    0xac, 0xb6, 0xc3, 0xd3, 0xe5, 0xf9, 0x0d, 0x20, 0x31, 0x40, 0x4d, 0x55, 0x5a, 0x5c, 0x5a, 0x55
    dc.b    0x4f, 0x46, 0x3d, 0x34, 0x2b, 0x23, 0x1d, 0x18, 0x15, 0x13, 0x12, 0x12, 0x12, 0x11, 0x11, 0x0f
    dc.b    0x0d, 0x0a, 0x07, 0x03, 0xfe, 0xfa, 0xf6, 0xf3, 0xf1, 0xf0, 0xef, 0xef, 0xee, 0xee, 0xed, 0xec
    dc.b    0xe9, 0xe4, 0xde, 0xd7, 0xce, 0xc5, 0xbc, 0xb4, 0xad, 0xa8, 0xa5, 0xa6, 0xab, 0xb3, 0xbe, 0xcd
    dc.b    0xde, 0xf0, 0x04, 0x17, 0x29, 0x39, 0x46, 0x50, 0x57, 0x5a, 0x5a, 0x56, 0x51, 0x49, 0x40, 0x37
    dc.b    0x2e, 0x26, 0x1f, 0x1a, 0x16, 0x13, 0x12, 0x11, 0x11, 0x11, 0x11, 0x10, 0x0e, 0x0b, 0x08, 0x04
    dc.b    0x00, 0xfc, 0xf8, 0xf5, 0xf2, 0xf0, 0xef, 0xef, 0xef, 0xef, 0xee, 0xed, 0xeb, 0xe7, 0xe2, 0xdb
    dc.b    0xd3, 0xca, 0xc1, 0xb9, 0xb1, 0xab, 0xa8, 0xa7, 0xaa, 0xb0, 0xba, 0xc7, 0xd6, 0xe8, 0xfb, 0x0e
    dc.b    0x20, 0x31, 0x3f, 0x4b, 0x53, 0x58, 0x59, 0x57, 0x52, 0x4b, 0x43, 0x3a, 0x31, 0x29, 0x22, 0x1c
    dc.b    0x17, 0x14, 0x12, 0x11, 0x11, 0x11, 0x11, 0x10, 0x0f, 0x0d, 0x0a, 0x06, 0x02, 0xfe, 0xfa, 0xf6
    dc.b    0xf4, 0xf1, 0xf0, 0xef, 0xef, 0xef, 0xef, 0xee, 0xec, 0xe9, 0xe5, 0xdf, 0xd8, 0xcf, 0xc7, 0xbe
    dc.b    0xb6, 0xaf, 0xaa, 0xa8, 0xaa, 0xae, 0xb6, 0xc2, 0xd0, 0xe0, 0xf2, 0x05, 0x18, 0x29, 0x38, 0x45
    dc.b    0x4e, 0x54, 0x57, 0x57, 0x53, 0x4d, 0x46, 0x3d, 0x34, 0x2c, 0x24, 0x1e, 0x18, 0x15, 0x13, 0x11
    dc.b    0x11, 0x11, 0x11, 0x10, 0x0f, 0x0d, 0x0b, 0x08, 0x04, 0x00, 0xfc, 0xf8, 0xf5, 0xf2, 0xf1, 0xf0
    dc.b    0xef, 0xef, 0xef, 0xef, 0xed, 0xeb, 0xe7, 0xe2, 0xdc, 0xd4, 0xcb, 0xc3, 0xba, 0xb3, 0xae, 0xaa
    dc.b    0xaa, 0xad, 0xb3, 0xbd, 0xca, 0xd9, 0xea, 0xfd, 0x0f, 0x21, 0x31, 0x3e, 0x49, 0x51, 0x55, 0x56
    dc.b    0x53, 0x4f, 0x48, 0x40, 0x37, 0x2f, 0x27, 0x20, 0x1a, 0x16, 0x13, 0x11, 0x11, 0x10, 0x10, 0x10
    dc.b    0x0f, 0x0e, 0x0c, 0x09, 0x05, 0x02, 0xfe, 0xfa, 0xf6, 0xf4, 0xf2, 0xf0, 0xf0, 0xf0, 0xf0, 0xef
    dc.b    0xee, 0xed, 0xea, 0xe5, 0xdf, 0xd8, 0xd0, 0xc8, 0xbf, 0xb8, 0xb1, 0xad, 0xab, 0xad, 0xb2, 0xba
    dc.b    0xc5, 0xd3, 0xe3, 0xf4, 0x07, 0x18, 0x29, 0x38, 0x43, 0x4c, 0x52, 0x54, 0x53, 0x50, 0x4a, 0x43
    dc.b    0x3a, 0x32, 0x2a, 0x22, 0x1c, 0x17, 0x14, 0x12, 0x11, 0x10, 0x10, 0x10, 0x10, 0x0e, 0x0d, 0x0a
    dc.b    0x07, 0x03, 0xff, 0xfc, 0xf8, 0xf5, 0xf3, 0xf1, 0xf0, 0xf0, 0xf0, 0xf0, 0xef, 0xee, 0xeb, 0xe8
    dc.b    0xe3, 0xdc, 0xd5, 0xcc, 0xc4, 0xbc, 0xb5, 0xb0, 0xad, 0xad, 0xb0, 0xb7, 0xc0, 0xcd, 0xdc, 0xed
    dc.b    0xfe, 0x10, 0x21, 0x30, 0x3d, 0x47, 0x4e, 0x52, 0x53, 0x50, 0x4c, 0x45, 0x3d, 0x35, 0x2c, 0x25
    dc.b    0x1e, 0x19, 0x15, 0x12, 0x11, 0x10, 0x10, 0x10, 0x10, 0x0f, 0x0d, 0x0b, 0x08, 0x05, 0x01, 0xfd
    dc.b    0xfa, 0xf7, 0xf4, 0xf2, 0xf1, 0xf0, 0xf0, 0xf0, 0xf0, 0xef, 0xed, 0xea, 0xe6, 0xe0, 0xd9, 0xd1
    dc.b    0xc9, 0xc1, 0xb9, 0xb3, 0xb0, 0xae, 0xb0, 0xb5, 0xbd, 0xc8, 0xd6, 0xe5, 0xf6, 0x08, 0x19, 0x29
    dc.b    0x37, 0x42, 0x4a, 0x50, 0x51, 0x50, 0x4d, 0x47, 0x40, 0x38, 0x2f, 0x27, 0x20, 0x1b, 0x16, 0x13
    dc.b    0x11, 0x10, 0x10, 0x10, 0x0f, 0x0f, 0x0e, 0x0c, 0x0a, 0x06, 0x03, 0xff, 0xfb, 0xf8, 0xf5, 0xf3
    dc.b    0xf2, 0xf1, 0xf1, 0xf0, 0xf0, 0xf0, 0xee, 0xec, 0xe8, 0xe3, 0xdd, 0xd5, 0xcd, 0xc5, 0xbe, 0xb7
    dc.b    0xb2, 0xb0, 0xb0, 0xb3, 0xba, 0xc4, 0xd0, 0xdf, 0xef, 0x00, 0x11, 0x21, 0x30, 0x3c, 0x46, 0x4c
    dc.b    0x50, 0x50, 0x4d, 0x48, 0x42, 0x3a, 0x32, 0x2a, 0x23, 0x1d, 0x18, 0x14, 0x11, 0x10, 0x0f, 0x0f
    dc.b    0x0f, 0x0f, 0x0e, 0x0d, 0x0b, 0x08, 0x04, 0x01, 0xfd, 0xfa, 0xf7, 0xf4, 0xf2, 0xf1, 0xf1, 0xf1
    dc.b    0xf1, 0xf0, 0xef, 0xed, 0xea, 0xe6, 0xe0, 0xda, 0xd2, 0xca, 0xc2, 0xbb, 0xb6, 0xb2, 0xb1, 0xb3
    dc.b    0xb8, 0xc0, 0xcb, 0xd8, 0xe8, 0xf8, 0x09, 0x1a, 0x29, 0x36, 0x41, 0x48, 0x4d, 0x4f, 0x4d, 0x4a
    dc.b    0x44, 0x3d, 0x35, 0x2d, 0x25, 0x1f, 0x19, 0x15, 0x12, 0x10, 0x0f, 0x0f, 0x0f, 0x0f, 0x0e, 0x0d
    dc.b    0x0b, 0x09, 0x06, 0x02, 0xff, 0xfb, 0xf8, 0xf5, 0xf3, 0xf2, 0xf1, 0xf1, 0xf1, 0xf1, 0xf0, 0xef
    dc.b    0xec, 0xe9, 0xe4, 0xdd, 0xd6, 0xce, 0xc7, 0xbf, 0xb9, 0xb5, 0xb2, 0xb3, 0xb7, 0xbd, 0xc7, 0xd3
    dc.b    0xe1, 0xf1, 0x02, 0x12, 0x22, 0x2f, 0x3b, 0x44, 0x4a, 0x4d, 0x4d, 0x4a, 0x45, 0x3f, 0x38, 0x30
    dc.b    0x28, 0x21, 0x1b, 0x16, 0x13, 0x11, 0x0f, 0x0f, 0x0f, 0x0f, 0x0e, 0x0e, 0x0c, 0x0a, 0x07, 0x04
    dc.b    0x00, 0xfd, 0xfa, 0xf7, 0xf4, 0xf3, 0xf2, 0xf1, 0xf1, 0xf1, 0xf1, 0xf0, 0xee, 0xeb, 0xe6, 0xe1
    dc.b    0xda, 0xd3, 0xcb, 0xc4, 0xbd, 0xb8, 0xb4, 0xb4, 0xb6, 0xbb, 0xc3, 0xce, 0xdb, 0xea, 0xfa, 0x0a
    dc.b    0x1a, 0x29, 0x35, 0x3f, 0x47, 0x4b, 0x4c, 0x4b, 0x47, 0x41, 0x3a, 0x32, 0x2b, 0x24, 0x1d, 0x18
    dc.b    0x14, 0x11, 0x10, 0x0f, 0x0f, 0x0f, 0x0e, 0x0e, 0x0d, 0x0b, 0x08, 0x05, 0x02, 0xff, 0xfb, 0xf8
    dc.b    0xf6, 0xf4, 0xf2, 0xf2, 0xf2, 0xf2, 0xf1, 0xf1, 0xef, 0xed, 0xe9, 0xe4, 0xde, 0xd7, 0xcf, 0xc8
    dc.b    0xc1, 0xbb, 0xb7, 0xb5, 0xb6, 0xb9, 0xc0, 0xca, 0xd6, 0xe4, 0xf3, 0x03, 0x13, 0x22, 0x2f, 0x3a
    dc.b    0x42, 0x48, 0x4a, 0x4a, 0x47, 0x43, 0x3c, 0x35, 0x2d, 0x26, 0x1f, 0x1a, 0x15, 0x12, 0x10, 0x0f
    dc.b    0x0e, 0x0e, 0x0e, 0x0e, 0x0d, 0x0c, 0x09, 0x07, 0x04, 0x00, 0xfd, 0xfa, 0xf7, 0xf5, 0xf3, 0xf2
    dc.b    0xf2, 0xf2, 0xf2, 0xf1, 0xf0, 0xee, 0xeb, 0xe7, 0xe1, 0xdb, 0xd4, 0xcc, 0xc5, 0xbf, 0xba, 0xb7
    dc.b    0xb6, 0xb9, 0xbe, 0xc6, 0xd1, 0xde, 0xec, 0xfc, 0x0b, 0x1b, 0x28, 0x34, 0x3e, 0x45, 0x48, 0x49
    dc.b    0x48, 0x44, 0x3e, 0x37, 0x30, 0x29, 0x22, 0x1c, 0x17, 0x13, 0x11, 0x0f, 0x0e, 0x0e, 0x0e, 0x0e
    dc.b    0x0d, 0x0c, 0x0a, 0x08, 0x05, 0x02, 0xfe, 0xfb, 0xf8, 0xf6, 0xf4, 0xf3, 0xf2, 0xf2, 0xf2, 0xf2
    dc.b    0xf1, 0xf0, 0xed, 0xe9, 0xe5, 0xdf, 0xd8, 0xd0, 0xc9, 0xc3, 0xbd, 0xb9, 0xb8, 0xb9, 0xbc, 0xc3
    dc.b    0xcc, 0xd8, 0xe6, 0xf5, 0x04, 0x14, 0x22, 0x2e, 0x39, 0x41, 0x46, 0x48, 0x48, 0x45, 0x40, 0x3a
    dc.b    0x33, 0x2b, 0x24, 0x1e, 0x18, 0x14, 0x11, 0x0f, 0x0e, 0x0e, 0x0e, 0x0e, 0x0d, 0x0c, 0x0b, 0x09
    dc.b    0x06, 0x03, 0x00, 0xfd, 0xf9, 0xf7, 0xf5, 0xf3, 0xf3, 0xf2, 0xf2, 0xf2, 0xf2, 0xf1, 0xef, 0xec
    dc.b    0xe7, 0xe2, 0xdc, 0xd5, 0xcd, 0xc6, 0xc0, 0xbc, 0xb9, 0xb9, 0xbb, 0xc1, 0xc9, 0xd3, 0xe0, 0xee
    dc.b    0xfd, 0x0c, 0x1b, 0x28, 0x34, 0x3d, 0x43, 0x46, 0x47, 0x45, 0x41, 0x3c, 0x35, 0x2e, 0x27, 0x20
    dc.b    0x1a, 0x16, 0x12, 0x10, 0x0e, 0x0e, 0x0e, 0x0e, 0x0d, 0x0d, 0x0c, 0x0a, 0x07, 0x05, 0x01, 0xfe
    dc.b    0xfb, 0xf8, 0xf6, 0xf4, 0xf3, 0xf3, 0xf3, 0xf2, 0xf2, 0xf1, 0xf0, 0xed, 0xea, 0xe5, 0xdf, 0xd8
    dc.b    0xd1, 0xca, 0xc4, 0xbf, 0xbb, 0xba, 0xbb, 0xbf, 0xc6, 0xcf, 0xdb, 0xe8, 0xf6, 0x05, 0x14, 0x22
    dc.b    0x2e, 0x38, 0x3f, 0x44, 0x46, 0x45, 0x42, 0x3d, 0x37, 0x30, 0x29, 0x22, 0x1c, 0x17, 0x13, 0x10
    dc.b    0x0f, 0x0e, 0x0d, 0x0d, 0x0d, 0x0d, 0x0c, 0x0b, 0x08, 0x06, 0x03, 0x00, 0xfc, 0xf9, 0xf7, 0xf5
    dc.b    0xf4, 0xf3, 0xf3, 0xf3, 0xf3, 0xf2, 0xf1, 0xef, 0xec, 0xe8, 0xe2, 0xdc, 0xd5, 0xce, 0xc8, 0xc2
    dc.b    0xbe, 0xbb, 0xbb, 0xbe, 0xc3, 0xcb, 0xd6, 0xe2, 0xf0, 0xff, 0x0d, 0x1b, 0x28, 0x33, 0x3b, 0x41
    dc.b    0x44, 0x44, 0x42, 0x3e, 0x39, 0x32, 0x2c, 0x25, 0x1e, 0x19, 0x15, 0x11, 0x0f, 0x0e, 0x0d, 0x0d
    dc.b    0x0d, 0x0d, 0x0c, 0x0b, 0x09, 0x07, 0x04, 0x01, 0xfe, 0xfb, 0xf8, 0xf6, 0xf4, 0xf4, 0xf3, 0xf3
    dc.b    0xf3, 0xf3, 0xf2, 0xf0, 0xee, 0xea, 0xe5, 0xe0, 0xd9, 0xd2, 0xcc, 0xc6, 0xc1, 0xbd, 0xbc, 0xbe
    dc.b    0xc2, 0xc8, 0xd2, 0xdd, 0xea, 0xf8, 0x07, 0x15, 0x22, 0x2d, 0x37, 0x3e, 0x42, 0x43, 0x42, 0x3f
    dc.b    0x3b, 0x35, 0x2e, 0x27, 0x21, 0x1b, 0x16, 0x12, 0x10, 0x0e, 0x0d, 0x0d, 0x0d, 0x0d, 0x0c, 0x0b
    dc.b    0x0a, 0x08, 0x05, 0x02, 0xff, 0xfc, 0xf9, 0xf7, 0xf5, 0xf4, 0xf3, 0xf3, 0xf3, 0xf3, 0xf3, 0xf1
    dc.b    0xef, 0xec, 0xe8, 0xe3, 0xdd, 0xd6, 0xd0, 0xc9, 0xc4, 0xc0, 0xbe, 0xbe, 0xc1, 0xc6, 0xce, 0xd8
    dc.b    0xe4, 0xf2, 0x00, 0x0e, 0x1c, 0x28, 0x32, 0x3a, 0x3f, 0x42, 0x42, 0x40, 0x3c, 0x36, 0x30, 0x29
    dc.b    0x23, 0x1d, 0x18, 0x14, 0x10, 0x0e, 0x0d, 0x0d, 0x0d, 0x0d, 0x0c, 0x0c, 0x0b, 0x09, 0x06, 0x04
    dc.b    0x01, 0xfe, 0xfb, 0xf8, 0xf6, 0xf5, 0xf4, 0xf4, 0xf3, 0xf3, 0xf3, 0xf2, 0xf1, 0xee, 0xeb, 0xe6
    dc.b    0xe0, 0xda, 0xd3, 0xcd, 0xc7, 0xc2, 0xc0, 0xbf, 0xc0, 0xc4, 0xcb, 0xd4, 0xdf, 0xec, 0xfa, 0x08
    dc.b    0x15, 0x22, 0x2d, 0x36, 0x3c, 0x40, 0x41, 0x40, 0x3d, 0x38, 0x32, 0x2c, 0x25, 0x1f, 0x19, 0x15
    dc.b    0x11, 0x0f, 0x0d, 0x0d, 0x0c, 0x0c, 0x0c, 0x0c, 0x0b, 0x09, 0x07, 0x05, 0x02, 0xff, 0xfc, 0xf9
    dc.b    0xf7, 0xf6, 0xf4, 0xf4, 0xf4, 0xf4, 0xf3, 0xf3, 0xf2, 0xf0, 0xed, 0xe9, 0xe3, 0xdd, 0xd7, 0xd1
    dc.b    0xcb, 0xc5, 0xc2, 0xc0, 0xc0, 0xc3, 0xc9, 0xd1, 0xdb, 0xe6, 0xf4, 0x01, 0x0f, 0x1c, 0x27, 0x31
    dc.b    0x38, 0x3d, 0x40, 0x40, 0x3d, 0x39, 0x34, 0x2e, 0x27, 0x21, 0x1b, 0x16, 0x13, 0x10, 0x0e, 0x0d
    dc.b    0x0c, 0x0c, 0x0c, 0x0c, 0x0b, 0x0a, 0x08, 0x06, 0x03, 0x00, 0xfd, 0xfb, 0xf8, 0xf6, 0xf5, 0xf4
    dc.b    0xf4, 0xf4, 0xf4, 0xf3, 0xf3, 0xf1, 0xee, 0xeb, 0xe6, 0xe1, 0xdb, 0xd4, 0xce, 0xc9, 0xc4, 0xc2
    dc.b    0xc1, 0xc3, 0xc7, 0xce, 0xd7, 0xe1, 0xee, 0xfb, 0x09, 0x16, 0x22, 0x2c, 0x34, 0x3a, 0x3e, 0x3f
    dc.b    0x3e, 0x3a, 0x36, 0x30, 0x2a, 0x23, 0x1d, 0x18, 0x14, 0x11, 0x0e, 0x0d, 0x0c, 0x0c, 0x0c, 0x0c
    dc.b    0x0b, 0x0a, 0x09, 0x07, 0x05, 0x02, 0xff, 0xfc, 0xf9, 0xf7, 0xf6, 0xf5, 0xf4, 0xf4, 0xf4, 0xf4
    dc.b    0xf3, 0xf2, 0xf0, 0xed, 0xe9, 0xe4, 0xde, 0xd8, 0xd2, 0xcc, 0xc7, 0xc4, 0xc2, 0xc3, 0xc6, 0xcb
    dc.b    0xd3, 0xdd, 0xe8, 0xf5, 0x02, 0x10, 0x1c, 0x27, 0x30, 0x37, 0x3c, 0x3e, 0x3d, 0x3b, 0x37, 0x32
    dc.b    0x2c, 0x26, 0x1f, 0x1a, 0x15, 0x12, 0x0f, 0x0d, 0x0c, 0x0c, 0x0c, 0x0c, 0x0b, 0x0b, 0x0a, 0x08
    dc.b    0x06, 0x03, 0x00, 0xfd, 0xfb, 0xf8, 0xf7, 0xf5, 0xf5, 0xf4, 0xf4, 0xf4, 0xf4, 0xf3, 0xf1, 0xef
    dc.b    0xeb, 0xe7, 0xe1, 0xdb, 0xd5, 0xcf, 0xca, 0xc6, 0xc4, 0xc3, 0xc5, 0xc9, 0xd0, 0xd9, 0xe4, 0xf0
    dc.b    0xfc, 0x09, 0x16, 0x21, 0x2b, 0x33, 0x39, 0x3c, 0x3d, 0x3b, 0x38, 0x33, 0x2e, 0x28, 0x22, 0x1c
    dc.b    0x17, 0x13, 0x10, 0x0e, 0x0c, 0x0c, 0x0c, 0x0c, 0x0b, 0x0b, 0x0a, 0x09, 0x07, 0x04, 0x01, 0xff
    dc.b    0xfc, 0xf9, 0xf7, 0xf6, 0xf5, 0xf5, 0xf4, 0xf4, 0xf4, 0xf4, 0xf2, 0xf0, 0xed, 0xe9, 0xe4, 0xdf
    dc.b    0xd9, 0xd3, 0xcd, 0xc9, 0xc5, 0xc4, 0xc5, 0xc8, 0xce, 0xd5, 0xdf, 0xea, 0xf7, 0x04, 0x10, 0x1c
    dc.b    0x26, 0x2f, 0x36, 0x3a, 0x3c, 0x3b, 0x39, 0x35, 0x30, 0x2a, 0x24, 0x1e, 0x19, 0x14, 0x11, 0x0e
    dc.b    0x0d, 0x0c, 0x0b, 0x0b, 0x0b, 0x0b, 0x0a, 0x09, 0x07, 0x05, 0x03, 0x00, 0xfd, 0xfb, 0xf8, 0xf7
    dc.b    0xf6, 0xf5, 0xf5, 0xf5, 0xf5, 0xf4, 0xf3, 0xf2, 0xef, 0xec, 0xe7, 0xe2, 0xdc, 0xd6, 0xd0, 0xcb
    dc.b    0xc8, 0xc5, 0xc5, 0xc7, 0xcc, 0xd2, 0xdb, 0xe5, 0xf1, 0xfe, 0x0a, 0x16, 0x21, 0x2b, 0x32, 0x37
    dc.b    0x3a, 0x3b, 0x39, 0x36, 0x31, 0x2c, 0x26, 0x20, 0x1a, 0x16, 0x12, 0x0f, 0x0d, 0x0c, 0x0b, 0x0b
    dc.b    0x0b, 0x0b, 0x0b, 0x0a, 0x08, 0x06, 0x04, 0x01, 0xfe, 0xfc, 0xf9, 0xf8, 0xf6, 0xf5, 0xf5, 0xf5
    dc.b    0xf5, 0xf5, 0xf4, 0xf3, 0xf1, 0xee, 0xea, 0xe5, 0xdf, 0xd9, 0xd4, 0xce, 0xca, 0xc7, 0xc6, 0xc7
    dc.b    0xca, 0xd0, 0xd8, 0xe1, 0xec, 0xf8, 0x05, 0x11, 0x1c, 0x26, 0x2e, 0x34, 0x38, 0x3a, 0x39, 0x37
    dc.b    0x33, 0x2e, 0x28, 0x22, 0x1c, 0x17, 0x13, 0x10, 0x0e, 0x0c, 0x0b, 0x0b, 0x0b, 0x0b, 0x0b, 0x0a
    dc.b    0x09, 0x07, 0x05, 0x02, 0x00, 0xfd, 0xfb, 0xf9, 0xf7, 0xf6, 0xf5, 0xf5, 0xf5, 0xf5, 0xf5, 0xf4
    dc.b    0xf2, 0xef, 0xec, 0xe8, 0xe2, 0xdd, 0xd7, 0xd2, 0xcd, 0xc9, 0xc7, 0xc7, 0xca, 0xce, 0xd5, 0xdd
    dc.b    0xe7, 0xf3, 0xff, 0x0b, 0x17, 0x21, 0x2a, 0x31, 0x36, 0x38, 0x39, 0x37, 0x34, 0x2f, 0x2a, 0x24
    dc.b    0x1e, 0x19, 0x15, 0x11, 0x0e, 0x0c, 0x0b, 0x0b, 0x0b, 0x0b, 0x0b, 0x0a, 0x09, 0x08, 0x06, 0x03
    dc.b    0x01, 0xfe, 0xfc, 0xfa, 0xf8, 0xf6, 0xf6, 0xf5, 0xf5, 0xf5, 0xf5, 0xf4, 0xf3, 0xf1, 0xee, 0xea
    dc.b    0xe5, 0xe0, 0xda, 0xd5, 0xd0, 0xcc, 0xc9, 0xc8, 0xc9, 0xcd, 0xd2, 0xda, 0xe3, 0xee, 0xf9, 0x05
    dc.b    0x11, 0x1c, 0x25, 0x2d, 0x33, 0x36, 0x38, 0x37, 0x34, 0x30, 0x2b, 0x26, 0x20, 0x1b, 0x16, 0x12
    dc.b    0x0f, 0x0d, 0x0c, 0x0b, 0x0b, 0x0b, 0x0b, 0x0a, 0x09, 0x08, 0x07, 0x04, 0x02, 0xff, 0xfd, 0xfb
    dc.b    0xf9, 0xf7, 0xf6, 0xf6, 0xf5, 0xf5, 0xf5, 0xf5, 0xf4, 0xf2, 0xf0, 0xec, 0xe8, 0xe3, 0xdd, 0xd8
    dc.b    0xd3, 0xce, 0xcb, 0xc9, 0xc9, 0xcc, 0xd0, 0xd7, 0xdf, 0xe9, 0xf4, 0x00, 0x0c, 0x17, 0x21, 0x29
    dc.b    0x30, 0x34, 0x36, 0x37, 0x35, 0x32, 0x2d, 0x28, 0x22, 0x1d, 0x18, 0x14, 0x10, 0x0e, 0x0c, 0x0b
    dc.b    0x0b, 0x0a, 0x0a, 0x0a, 0x0a, 0x09, 0x07, 0x05, 0x03, 0x01, 0xfe, 0xfc, 0xfa, 0xf8, 0xf7, 0xf6
    dc.b    0xf6, 0xf6, 0xf6, 0xf5, 0xf5, 0xf3, 0xf1, 0xee, 0xea, 0xe6, 0xe1, 0xdb, 0xd6, 0xd1, 0xcd, 0xcb
    dc.b    0xca, 0xcb, 0xcf, 0xd4, 0xdc, 0xe5, 0xef, 0xfb, 0x06, 0x12, 0x1c, 0x25, 0x2c, 0x32, 0x35, 0x36
    dc.b    0x35, 0x32, 0x2e, 0x2a, 0x24, 0x1f, 0x1a, 0x15, 0x11, 0x0e, 0x0c, 0x0b, 0x0b, 0x0a, 0x0a, 0x0a
    dc.b    0x0a, 0x09, 0x08, 0x06, 0x04, 0x02, 0xff, 0xfd, 0xfb, 0xf9, 0xf7, 0xf6, 0xf6, 0xf6, 0xf6, 0xf6
    dc.b    0xf5, 0xf4, 0xf3, 0xf0, 0xed, 0xe8, 0xe3, 0xde, 0xd9, 0xd4, 0xd0, 0xcc, 0xcb, 0xcb, 0xce, 0xd2
    dc.b    0xd9, 0xe1, 0xeb, 0xf6, 0x01, 0x0c, 0x17, 0x20, 0x28, 0x2f, 0x33, 0x35, 0x35, 0x33, 0x2f, 0x2b
    dc.b    0x26, 0x21, 0x1b, 0x17, 0x13, 0x0f, 0x0d, 0x0b, 0x0b, 0x0a, 0x0a, 0x0a, 0x0a, 0x09, 0x08, 0x07
    dc.b    0x05, 0x03, 0x00, 0xfe, 0xfc, 0xfa, 0xf8, 0xf7, 0xf6, 0xf6, 0xf6, 0xf6, 0xf6, 0xf5, 0xf4, 0xf2
    dc.b    0xef, 0xeb, 0xe6, 0xe1, 0xdc, 0xd7, 0xd2, 0xcf, 0xcc, 0xcc, 0xcd, 0xd1, 0xd6, 0xde, 0xe7, 0xf1
    dc.b    0xfc, 0x07, 0x12, 0x1c, 0x24, 0x2b, 0x30, 0x33, 0x34, 0x33, 0x30, 0x2c, 0x28, 0x22, 0x1d, 0x18
    dc.b    0x14, 0x10, 0x0e, 0x0c, 0x0b, 0x0a, 0x0a, 0x0a, 0x0a, 0x09, 0x09, 0x07, 0x06, 0x04, 0x01, 0xff
    dc.b    0xfd, 0xfb, 0xf9, 0xf8, 0xf7, 0xf6, 0xf6, 0xf6, 0xf6, 0xf6, 0xf5, 0xf3, 0xf0, 0xed, 0xe9, 0xe4
    dc.b    0xdf, 0xda, 0xd5, 0xd1, 0xce, 0xcd, 0xcd, 0xd0, 0xd4, 0xdb, 0xe3, 0xed, 0xf7, 0x02, 0x0d, 0x17
    dc.b    0x20, 0x28, 0x2d, 0x31, 0x33, 0x33, 0x31, 0x2e, 0x29, 0x24, 0x1f, 0x1a, 0x15, 0x12, 0x0f, 0x0c
    dc.b    0x0b, 0x0a, 0x0a, 0x0a, 0x0a, 0x09, 0x09, 0x08, 0x06, 0x05, 0x02, 0x00, 0xfe, 0xfc, 0xfa, 0xf8
    dc.b    0xf7, 0xf7, 0xf6, 0xf6, 0xf6, 0xf6, 0xf5, 0xf4, 0xf2, 0xef, 0xeb, 0xe7, 0xe2, 0xdd, 0xd8, 0xd3
    dc.b    0xd0, 0xce, 0xce, 0xcf, 0xd3, 0xd8, 0xe0, 0xe8, 0xf2, 0xfd, 0x08, 0x12, 0x1c, 0x24, 0x2a, 0x2f
    dc.b    0x32, 0x32, 0x31, 0x2e, 0x2b, 0x26, 0x21, 0x1c, 0x17, 0x13, 0x10, 0x0d, 0x0b, 0x0a, 0x0a, 0x0a
    dc.b    0x0a, 0x09, 0x09, 0x08, 0x07, 0x05, 0x03, 0x01, 0xff, 0xfd, 0xfb, 0xf9, 0xf8, 0xf7, 0xf7, 0xf6
    dc.b    0xf6, 0xf6, 0xf6, 0xf5, 0xf3, 0xf1, 0xed, 0xe9, 0xe4, 0xdf, 0xdb, 0xd6, 0xd2, 0xd0, 0xce, 0xcf
    dc.b    0xd2, 0xd6, 0xdd, 0xe5, 0xee, 0xf8, 0x03, 0x0d, 0x17, 0x20, 0x27, 0x2c, 0x30, 0x31, 0x31, 0x2f
    dc.b    0x2c, 0x27, 0x23, 0x1e, 0x19, 0x14, 0x11, 0x0e, 0x0c, 0x0a, 0x0a, 0x0a, 0x09, 0x09, 0x09, 0x09
    dc.b    0x08, 0x06, 0x04, 0x02, 0x00, 0xfe, 0xfc, 0xfa, 0xf8, 0xf7, 0xf7, 0xf7, 0xf7, 0xf7, 0xf6, 0xf6
    dc.b    0xf4, 0xf2, 0xef, 0xeb, 0xe7, 0xe2, 0xdd, 0xd9, 0xd5, 0xd1, 0xd0, 0xcf, 0xd1, 0xd5, 0xda, 0xe1
    dc.b    0xea, 0xf4, 0xfe, 0x08, 0x12, 0x1c, 0x23, 0x29, 0x2e, 0x30, 0x30, 0x2f, 0x2d, 0x29, 0x24, 0x1f
    dc.b    0x1a, 0x16, 0x12, 0x0f, 0x0c, 0x0b, 0x0a, 0x09, 0x09, 0x09, 0x09, 0x09, 0x08, 0x07, 0x05, 0x03
    dc.b    0x01, 0xff, 0xfd, 0xfb, 0xf9, 0xf8, 0xf7, 0xf7, 0xf7, 0xf7, 0xf7, 0xf6, 0xf5, 0xf3, 0xf1, 0xee
    dc.b    0xea, 0xe5, 0xe0, 0xdb, 0xd7, 0xd3, 0xd1, 0xd0, 0xd1, 0xd4, 0xd8, 0xdf, 0xe6, 0xf0, 0xf9, 0x04
    dc.b    0x0e, 0x17, 0x1f, 0x26, 0x2b, 0x2e, 0x30, 0x2f, 0x2d, 0x2a, 0x26, 0x21, 0x1c, 0x17, 0x13, 0x10
    dc.b    0x0d, 0x0b, 0x0a, 0x09, 0x09, 0x09, 0x09, 0x09, 0x08, 0x07, 0x06, 0x04, 0x02, 0x00, 0xfe, 0xfc
    dc.b    0xfa, 0xf9, 0xf8, 0xf7, 0xf7, 0xf7, 0xf7, 0xf7, 0xf6, 0xf4, 0xf2, 0xef, 0xec, 0xe8, 0xe3, 0xde
    dc.b    0xda, 0xd6, 0xd3, 0xd1, 0xd1, 0xd3, 0xd7, 0xdc, 0xe3, 0xec, 0xf5, 0xff, 0x09, 0x13, 0x1b, 0x23
    dc.b    0x28, 0x2c, 0x2e, 0x2f, 0x2d, 0x2b, 0x27, 0x23, 0x1e, 0x19, 0x15, 0x11, 0x0e, 0x0c, 0x0a, 0x09
    dc.b    0x09, 0x09, 0x09, 0x09, 0x08, 0x08, 0x06, 0x05, 0x03, 0x01, 0xff, 0xfc, 0xfb, 0xf9, 0xf8, 0xf7
    dc.b    0xf7, 0xf7, 0xf7, 0xf7, 0xf6, 0xf5, 0xf4, 0xf1, 0xee, 0xea, 0xe5, 0xe1, 0xdc, 0xd8, 0xd5, 0xd2
    dc.b    0xd2, 0xd3, 0xd5, 0xda, 0xe0, 0xe8, 0xf1, 0xfb, 0x04, 0x0e, 0x17, 0x1f, 0x25, 0x2a, 0x2d, 0x2e
    dc.b    0x2d, 0x2b, 0x28, 0x24, 0x1f, 0x1b, 0x16, 0x12, 0x0f, 0x0d, 0x0b, 0x0a, 0x09, 0x09, 0x09, 0x09
    dc.b    0x08, 0x08, 0x07, 0x05, 0x04, 0x02, 0x00, 0xfd, 0xfc, 0xfa, 0xf9, 0xf8, 0xf7, 0xf7, 0xf7, 0xf7
    dc.b    0xf7, 0xf6, 0xf5, 0xf3, 0xf0, 0xec, 0xe8, 0xe3, 0xdf, 0xdb, 0xd7, 0xd4, 0xd3, 0xd3, 0xd5, 0xd8
    dc.b    0xde, 0xe5, 0xed, 0xf6, 0x00, 0x0a, 0x13, 0x1b, 0x22, 0x27, 0x2b, 0x2d, 0x2d, 0x2c, 0x29, 0x25
    dc.b    0x21, 0x1c, 0x18, 0x14, 0x10, 0x0d, 0x0b, 0x0a, 0x09, 0x09, 0x09, 0x09, 0x08, 0x08, 0x07, 0x06
    dc.b    0x04, 0x03, 0x00, 0xfe, 0xfc, 0xfb, 0xf9, 0xf8, 0xf8, 0xf7, 0xf7, 0xf7, 0xf7, 0xf7, 0xf6, 0xf4
    dc.b    0xf1, 0xee, 0xea, 0xe6, 0xe1, 0xdd, 0xd9, 0xd6, 0xd4, 0xd3, 0xd4, 0xd7, 0xdc, 0xe2, 0xea, 0xf2
    dc.b    0xfc, 0x05, 0x0f, 0x17, 0x1f, 0x25, 0x29, 0x2c, 0x2c, 0x2c, 0x2a, 0x26, 0x22, 0x1e, 0x19, 0x15
    dc.b    0x11, 0x0e, 0x0c, 0x0a, 0x09, 0x09, 0x09, 0x09, 0x08, 0x08, 0x07, 0x06, 0x05, 0x03, 0x01, 0xff
    dc.b    0xfd, 0xfc, 0xfa, 0xf9, 0xf8, 0xf8, 0xf8, 0xf8, 0xf7, 0xf7, 0xf6, 0xf5, 0xf3, 0xf0, 0xec, 0xe8
    dc.b    0xe4, 0xe0, 0xdb, 0xd8, 0xd5, 0xd4, 0xd4, 0xd6, 0xda, 0xe0, 0xe6, 0xef, 0xf7, 0x01, 0x0a, 0x13
    dc.b    0x1b, 0x21, 0x27, 0x2a, 0x2c, 0x2c, 0x2a, 0x27, 0x24, 0x1f, 0x1b, 0x17, 0x13, 0x0f, 0x0d, 0x0b
    dc.b    0x09, 0x09, 0x08, 0x08, 0x08, 0x08, 0x08, 0x07, 0x06, 0x04, 0x02, 0x00, 0xfe, 0xfc, 0xfb, 0xf9
    dc.b    0xf9, 0xf8, 0xf8, 0xf8, 0xf8, 0xf7, 0xf7, 0xf6, 0xf4, 0xf2, 0xee, 0xeb, 0xe6, 0xe2, 0xde, 0xda
    dc.b    0xd7, 0xd5, 0xd5, 0xd6, 0xd9, 0xde, 0xe4, 0xeb, 0xf4, 0xfd, 0x06, 0x0f, 0x17, 0x1e, 0x24, 0x28
    dc.b    0x2a, 0x2b, 0x2a, 0x28, 0x25, 0x21, 0x1d, 0x18, 0x14, 0x11, 0x0e, 0x0b, 0x0a, 0x09, 0x08, 0x08
    dc.b    0x08, 0x08, 0x08, 0x07, 0x06, 0x05, 0x03, 0x01, 0xff, 0xfd, 0xfc, 0xfa, 0xf9, 0xf8, 0xf8, 0xf8
    dc.b    0xf8, 0xf8, 0xf7, 0xf6, 0xf5, 0xf3, 0xf0, 0xed, 0xe9, 0xe5, 0xe0, 0xdc, 0xd9, 0xd7, 0xd6, 0xd6
    dc.b    0xd8, 0xdc, 0xe1, 0xe8, 0xf0, 0xf9, 0x02, 0x0b, 0x13, 0x1b, 0x21, 0x26, 0x29, 0x2a, 0x2a, 0x28
    dc.b    0x26, 0x22, 0x1e, 0x1a, 0x16, 0x12, 0x0f, 0x0c, 0x0a, 0x09, 0x08, 0x08, 0x08, 0x08, 0x08, 0x07
    dc.b    0x07, 0x05, 0x04, 0x02, 0x00, 0xfe, 0xfc, 0xfb, 0xfa, 0xf9, 0xf8, 0xf8, 0xf8, 0xf8, 0xf8, 0xf7
    dc.b    0xf6, 0xf4, 0xf2, 0xef, 0xeb, 0xe7, 0xe3, 0xdf, 0xdb, 0xd8, 0xd7, 0xd6, 0xd8, 0xdb, 0xdf, 0xe5
    dc.b    0xed, 0xf5, 0xfe, 0x06, 0x0f, 0x17, 0x1e, 0x23, 0x27, 0x29, 0x2a, 0x29, 0x26, 0x23, 0x1f, 0x1b
    dc.b    0x17, 0x13, 0x10, 0x0d, 0x0b, 0x09, 0x08, 0x08, 0x08, 0x08, 0x08, 0x07, 0x07, 0x06, 0x04, 0x03
    dc.b    0x01, 0xff, 0xfd, 0xfc, 0xfa, 0xf9, 0xf9, 0xf8, 0xf8, 0xf8, 0xf8, 0xf8, 0xf7, 0xf5, 0xf3, 0xf0
    dc.b    0xed, 0xe9, 0xe5, 0xe1, 0xdd, 0xda, 0xd8, 0xd7, 0xd8, 0xda, 0xdd, 0xe3, 0xe9, 0xf1, 0xfa, 0x02
    dc.b    0x0b, 0x13, 0x1a, 0x20, 0x25, 0x28, 0x29, 0x28, 0x27, 0x24, 0x21, 0x1d, 0x18, 0x14, 0x11, 0x0e
    dc.b    0x0b, 0x0a, 0x09, 0x08, 0x08, 0x08, 0x08, 0x08, 0x07, 0x06, 0x05, 0x04, 0x02, 0x00, 0xfe, 0xfc
    dc.b    0xfb, 0xfa, 0xf9, 0xf8, 0xf8, 0xf8, 0xf8, 0xf8, 0xf7, 0xf6, 0xf4, 0xf2, 0xef, 0xeb, 0xe7, 0xe3
    dc.b    0xdf, 0xdc, 0xd9, 0xd8, 0xd8, 0xd9, 0xdc, 0xe1, 0xe7, 0xee, 0xf6, 0xfe, 0x07, 0x0f, 0x17, 0x1d
    dc.b    0x22, 0x26, 0x28, 0x28, 0x27, 0x25, 0x22, 0x1e, 0x1a, 0x16, 0x12, 0x0f, 0x0c, 0x0a, 0x09, 0x08
    dc.b    0x08, 0x08, 0x08, 0x08, 0x07, 0x07, 0x06, 0x04, 0x03, 0x01, 0xff, 0xfd, 0xfc, 0xfa, 0xf9, 0xf9
    dc.b    0xf8, 0xf8, 0xf8, 0xf8, 0xf8, 0xf7, 0xf6, 0xf3, 0xf1, 0xed, 0xea, 0xe6, 0xe2, 0xde, 0xdb, 0xd9
    dc.b    0xd8, 0xd9, 0xdb, 0xdf, 0xe4, 0xeb, 0xf2, 0xfb, 0x03, 0x0b, 0x13, 0x1a, 0x20, 0x24, 0x26, 0x27
    dc.b    0x27, 0x25, 0x23, 0x1f, 0x1b, 0x17, 0x13, 0x10, 0x0d, 0x0b, 0x09, 0x08, 0x08, 0x08, 0x08, 0x07
    dc.b    0x07, 0x07, 0x06, 0x05, 0x03, 0x02, 0x00, 0xfe, 0xfc, 0xfb, 0xfa, 0xf9, 0xf9, 0xf9, 0xf8, 0xf8
    dc.b    0xf8, 0xf8, 0xf6, 0xf5, 0xf2, 0xef, 0xec, 0xe8, 0xe4, 0xe0, 0xdd, 0xdb, 0xd9, 0xd9, 0xdb, 0xde
    dc.b    0xe2, 0xe8, 0xef, 0xf7, 0xff, 0x08, 0x0f, 0x17, 0x1d, 0x21, 0x25, 0x26, 0x27, 0x26, 0x23, 0x20
    dc.b    0x1d, 0x19, 0x15, 0x11, 0x0e, 0x0c, 0x0a, 0x09, 0x08, 0x08, 0x07, 0x07, 0x07, 0x07, 0x06, 0x05
    dc.b    0x04, 0x02, 0x01, 0xff, 0xfd, 0xfc, 0xfa, 0xf9, 0xf9, 0xf9, 0xf9, 0xf9, 0xf8, 0xf8, 0xf7, 0xf6
    dc.b    0xf4, 0xf1, 0xee, 0xea, 0xe6, 0xe2, 0xdf, 0xdc, 0xda, 0xda, 0xdb, 0xdd, 0xe1, 0xe6, 0xec, 0xf4
    dc.b    0xfc, 0x04, 0x0c, 0x13, 0x1a, 0x1f, 0x23, 0x25, 0x26, 0x26, 0x24, 0x21, 0x1e, 0x1a, 0x16, 0x12
    dc.b    0x0f, 0x0c, 0x0a, 0x09, 0x08, 0x07, 0x07, 0x07, 0x07, 0x07, 0x06, 0x06, 0x04, 0x03, 0x01, 0x00
    dc.b    0xfe, 0xfc, 0xfb, 0xfa, 0xf9, 0xf9, 0xf9, 0xf9, 0xf9, 0xf8, 0xf8, 0xf7, 0xf5, 0xf2, 0xf0, 0xec
    dc.b    0xe8, 0xe5, 0xe1, 0xde, 0xdc, 0xdb, 0xdb, 0xdc, 0xdf, 0xe4, 0xea, 0xf0, 0xf8, 0x00, 0x08, 0x10
    dc.b    0x16, 0x1c, 0x21, 0x24, 0x25, 0x25, 0x24, 0x22, 0x1f, 0x1b, 0x17, 0x14, 0x10, 0x0d, 0x0b, 0x09
    dc.b    0x08, 0x08, 0x07, 0x07, 0x07, 0x07, 0x07, 0x06, 0x05, 0x04, 0x02, 0x00, 0xff, 0xfd, 0xfc, 0xfa
    dc.b    0xfa, 0xf9, 0xf9, 0xf9, 0xf9, 0xf9, 0xf8, 0xf7, 0xf6, 0xf4, 0xf1, 0xee, 0xea, 0xe7, 0xe3, 0xe0
    dc.b    0xdd, 0xdc, 0xdb, 0xdc, 0xde, 0xe2, 0xe7, 0xed, 0xf5, 0xfc, 0x04, 0x0c, 0x13, 0x19, 0x1e, 0x22
    dc.b    0x24, 0x25, 0x24, 0x22, 0x20, 0x1c, 0x19, 0x15, 0x12, 0x0e, 0x0c, 0x0a, 0x08, 0x08, 0x07, 0x07
    dc.b    0x07, 0x07, 0x07, 0x06, 0x05, 0x04, 0x03, 0x01, 0xff, 0xfe, 0xfc, 0xfb, 0xfa, 0xf9, 0xf9, 0xf9
    dc.b    0xf9, 0xf9, 0xf9, 0xf8, 0xf7, 0xf5, 0xf3, 0xf0, 0xec, 0xe9, 0xe5, 0xe2, 0xdf, 0xdd, 0xdc, 0xdc
    dc.b    0xde, 0xe1, 0xe5, 0xeb, 0xf2, 0xf9, 0x01, 0x08, 0x10, 0x16, 0x1c, 0x20, 0x23, 0x24, 0x24, 0x23
    dc.b    0x20, 0x1d, 0x1a, 0x16, 0x13, 0x0f, 0x0d, 0x0a, 0x09, 0x08, 0x07, 0x07, 0x07, 0x07, 0x07, 0x06
    dc.b    0x06, 0x05, 0x03, 0x02, 0x00, 0xff, 0xfd, 0xfc, 0xfb, 0xfa, 0xf9, 0xf9, 0xf9, 0xf9, 0xf9, 0xf8
    dc.b    0xf8, 0xf6, 0xf4, 0xf1, 0xee, 0xeb, 0xe7, 0xe4, 0xe1, 0xde, 0xdd, 0xdc, 0xdd, 0xe0, 0xe3, 0xe9
    dc.b    0xef, 0xf6, 0xfd, 0x05, 0x0c, 0x13, 0x19, 0x1e, 0x21, 0x23, 0x24, 0x23, 0x21, 0x1e, 0x1b, 0x18
    dc.b    0x14, 0x11, 0x0e, 0x0b, 0x09, 0x08, 0x07, 0x07, 0x07, 0x07, 0x07, 0x06, 0x06, 0x05, 0x04, 0x03
    dc.b    0x01, 0xff, 0xfe, 0xfc, 0xfb, 0xfa, 0xfa, 0xf9, 0xf9, 0xf9, 0xf9, 0xf9, 0xf8, 0xf7, 0xf5, 0xf3
    dc.b    0xf0, 0xed, 0xe9, 0xe6, 0xe3, 0xe0, 0xde, 0xdd, 0xdd, 0xdf, 0xe2, 0xe7, 0xec, 0xf3, 0xfa, 0x01
    dc.b    0x09, 0x10, 0x16, 0x1b, 0x1f, 0x22, 0x23, 0x23, 0x21, 0x1f, 0x1c, 0x19, 0x15, 0x12, 0x0f, 0x0c
    dc.b    0x0a, 0x08, 0x07, 0x07, 0x07, 0x07, 0x07, 0x06, 0x06, 0x05, 0x04, 0x03, 0x02, 0x00, 0xfe, 0xfd
    dc.b    0xfc, 0xfb, 0xfa, 0xfa, 0xf9, 0xf9, 0xf9, 0xf9, 0xf9, 0xf8, 0xf6, 0xf4, 0xf2, 0xef, 0xeb, 0xe8
    dc.b    0xe4, 0xe1, 0xdf, 0xde, 0xde, 0xdf, 0xe1, 0xe5, 0xea, 0xf0, 0xf7, 0xfe, 0x05, 0x0c, 0x13, 0x19
    dc.b    0x1d, 0x20, 0x22, 0x22, 0x22, 0x20, 0x1d, 0x1a, 0x16, 0x13, 0x10, 0x0d, 0x0b, 0x09, 0x08, 0x07
    dc.b    0x07, 0x07, 0x07, 0x06, 0x06, 0x06, 0x05, 0x04, 0x02, 0x01, 0xff, 0xfe, 0xfc, 0xfb, 0xfa, 0xfa
    dc.b    0xfa, 0xf9, 0xf9, 0xf9, 0xf9, 0xf8, 0xf7, 0xf5, 0xf3, 0xf0, 0xed, 0xea, 0xe6, 0xe3, 0xe1, 0xdf
    dc.b    0xde, 0xdf, 0xe0, 0xe3, 0xe8, 0xed, 0xf4, 0xfb, 0x02, 0x09, 0x10, 0x16, 0x1b, 0x1e, 0x21, 0x22
    dc.b    0x21, 0x20, 0x1e, 0x1b, 0x18, 0x14, 0x11, 0x0e, 0x0b, 0x09, 0x08, 0x07, 0x07, 0x06, 0x06, 0x06
    dc.b    0x06, 0x06, 0x05, 0x04, 0x03, 0x01, 0x00, 0xfe, 0xfd, 0xfc, 0xfb, 0xfa, 0xfa, 0xfa, 0xfa, 0xfa
    dc.b    0xf9, 0xf9, 0xf8, 0xf6, 0xf4, 0xf2, 0xef, 0xec, 0xe8, 0xe5, 0xe2, 0xe0, 0xdf, 0xdf, 0xe0, 0xe2
    dc.b    0xe6, 0xeb, 0xf1, 0xf8, 0xff, 0x06, 0x0d, 0x13, 0x18, 0x1c, 0x1f, 0x21, 0x21, 0x20, 0x1e, 0x1c
    dc.b    0x19, 0x15, 0x12, 0x0f, 0x0c, 0x0a, 0x08, 0x07, 0x07, 0x06, 0x06, 0x06, 0x06, 0x06, 0x05, 0x05
    dc.b    0x03, 0x02, 0x01, 0xff, 0xfe, 0xfc, 0xfb, 0xfa, 0xfa, 0xfa, 0xfa, 0xfa, 0xfa, 0xf9, 0xf9, 0xf7
    dc.b    0xf6, 0xf3, 0xf1, 0xee, 0xea, 0xe7, 0xe4, 0xe2, 0xe0, 0xdf, 0xe0, 0xe2, 0xe5, 0xe9, 0xef, 0xf5
    dc.b    0xfc, 0x03, 0x09, 0x10, 0x15, 0x1a, 0x1e, 0x20, 0x21, 0x20, 0x1f, 0x1d, 0x1a, 0x17, 0x13, 0x10
    dc.b    0x0d, 0x0b, 0x09, 0x08, 0x07, 0x06, 0x06, 0x06, 0x06, 0x06, 0x06, 0x05, 0x04, 0x03, 0x01, 0x00
    dc.b    0xfe, 0xfd, 0xfc, 0xfb, 0xfa, 0xfa, 0xfa, 0xfa, 0xfa, 0xfa, 0xf9, 0xf8, 0xf7, 0xf5, 0xf2, 0xef
    dc.b    0xec, 0xe9, 0xe6, 0xe3, 0xe1, 0xe0, 0xe0, 0xe1, 0xe4, 0xe7, 0xec, 0xf2, 0xf9, 0xff, 0x06, 0x0d
    dc.b    0x13, 0x18, 0x1c, 0x1e, 0x20, 0x20, 0x1f, 0x1d, 0x1b, 0x18, 0x14, 0x11, 0x0e, 0x0c, 0x0a, 0x08
    dc.b    0x07, 0x06, 0x06, 0x06, 0x06, 0x06, 0x06, 0x05, 0x04, 0x03, 0x02, 0x00, 0xff, 0xfe, 0xfc, 0xfb
    dc.b    0xfb, 0xfa, 0xfa, 0xfa, 0xfa, 0xfa, 0xf9, 0xf9, 0xf7, 0xf6, 0xf4, 0xf1, 0xee, 0xeb, 0xe8, 0xe5
    dc.b    0xe2, 0xe1, 0xe0, 0xe1, 0xe3, 0xe6, 0xea, 0xf0, 0xf6, 0xfc, 0x03, 0x0a, 0x10, 0x15, 0x1a, 0x1d
    dc.b    0x1f, 0x1f, 0x1f, 0x1e, 0x1b, 0x19, 0x15, 0x12, 0x0f, 0x0d, 0x0a, 0x09, 0x07, 0x07, 0x06, 0x06
    dc.b    0x06, 0x06, 0x06, 0x05, 0x05, 0x04, 0x03, 0x01, 0x00, 0xfe, 0xfd, 0xfc, 0xfb, 0xfa, 0xfa, 0xfa
    dc.b    0xfa, 0xfa, 0xfa, 0xf9, 0xf8, 0xf7, 0xf5, 0xf2, 0xf0, 0xec, 0xe9, 0xe6, 0xe4, 0xe2, 0xe1, 0xe1
    dc.b    0xe2, 0xe5, 0xe9, 0xed, 0xf3, 0xf9, 0x00, 0x07, 0x0d, 0x13, 0x17, 0x1b, 0x1d, 0x1f, 0x1f, 0x1e
    dc.b    0x1c, 0x19, 0x17, 0x13, 0x10, 0x0d, 0x0b, 0x09, 0x08, 0x07, 0x06, 0x06, 0x06, 0x06, 0x06, 0x05
    dc.b    0x05, 0x04, 0x03, 0x02, 0x00, 0xff, 0xfe, 0xfc, 0xfb, 0xfb, 0xfa, 0xfa, 0xfa, 0xfa, 0xfa, 0xfa
    dc.b    0xf9, 0xf8, 0xf6, 0xf4, 0xf1, 0xee, 0xeb, 0xe8, 0xe5, 0xe3, 0xe2, 0xe1, 0xe2, 0xe4, 0xe7, 0xeb
    dc.b    0xf1, 0xf7, 0xfd, 0x04, 0x0a, 0x10, 0x15, 0x19, 0x1c, 0x1e, 0x1e, 0x1e, 0x1c, 0x1a, 0x17, 0x14
    dc.b    0x11, 0x0e, 0x0c, 0x0a, 0x08, 0x07, 0x06, 0x06, 0x06, 0x06, 0x06, 0x06, 0x05, 0x04, 0x03, 0x02
    dc.b    0x01, 0x00, 0xfe, 0xfd, 0xfc, 0xfb, 0xfb, 0xfa, 0xfa, 0xfa, 0xfa, 0xfa, 0xf9, 0xf8, 0xf7, 0xf5
    dc.b    0xf3, 0xf0, 0xed, 0xea, 0xe7, 0xe5, 0xe3, 0xe2, 0xe2, 0xe4, 0xe6, 0xea, 0xef, 0xf4, 0xfa, 0x01
    dc.b    0x07, 0x0d, 0x12, 0x17, 0x1a, 0x1d, 0x1e, 0x1e, 0x1d, 0x1b, 0x18, 0x15, 0x12, 0x10, 0x0d, 0x0b
    dc.b    0x09, 0x07, 0x06, 0x06, 0x06, 0x06, 0x06, 0x06, 0x05, 0x05, 0x04, 0x03, 0x02, 0x00, 0xff, 0xfe
    dc.b    0xfc, 0xfc, 0xfb, 0xfb, 0xfa, 0xfa, 0xfa, 0xfa, 0xfa, 0xf9, 0xf8, 0xf6, 0xf4, 0xf1, 0xef, 0xec
    dc.b    0xe9, 0xe6, 0xe4, 0xe3, 0xe3, 0xe3, 0xe5, 0xe8, 0xed, 0xf2, 0xf8, 0xfe, 0x04, 0x0a, 0x10, 0x15
    dc.b    0x18, 0x1b, 0x1d, 0x1d, 0x1d, 0x1b, 0x19, 0x16, 0x13, 0x11, 0x0e, 0x0b, 0x09, 0x08, 0x07, 0x06
    dc.b    0x06, 0x06, 0x06, 0x06, 0x05, 0x05, 0x04, 0x03, 0x02, 0x01, 0xff, 0xfe, 0xfd, 0xfc, 0xfb, 0xfb
    dc.b    0xfa, 0xfa, 0xfa, 0xfa, 0xfa, 0xfa, 0xf9, 0xf7, 0xf5, 0xf3, 0xf0, 0xed, 0xea, 0xe8, 0xe5, 0xe4
    dc.b    0xe3, 0xe3, 0xe5, 0xe7, 0xeb, 0xf0, 0xf5, 0xfb, 0x01, 0x07, 0x0d, 0x12, 0x16, 0x1a, 0x1c, 0x1d
    dc.b    0x1d, 0x1c, 0x1a, 0x17, 0x14, 0x12, 0x0f, 0x0c, 0x0a, 0x08, 0x07, 0x06, 0x06, 0x06, 0x06, 0x05
    dc.b    0x05, 0x05, 0x04, 0x04, 0x03, 0x01, 0x00, 0xff, 0xfd, 0xfc, 0xfc, 0xfb, 0xfb, 0xfb, 0xfa, 0xfa
    dc.b    0xfa, 0xfa, 0xf9, 0xf8, 0xf6, 0xf4, 0xf2, 0xef, 0xec, 0xe9, 0xe7, 0xe5, 0xe4, 0xe4, 0xe4, 0xe6
    dc.b    0xea, 0xee, 0xf3, 0xf8, 0xfe, 0x04, 0x0a, 0x10, 0x14, 0x18, 0x1b, 0x1c, 0x1c, 0x1c, 0x1a, 0x18
    dc.b    0x15, 0x13, 0x10, 0x0d, 0x0b, 0x09, 0x07, 0x06, 0x06, 0x06, 0x05, 0x05, 0x05, 0x05, 0x05, 0x04
    dc.b    0x03, 0x02, 0x01, 0xff, 0xfe, 0xfd, 0xfc, 0xfb, 0xfb, 0xfb, 0xfb, 0xfb, 0xfa, 0xfa, 0xfa, 0xf9
    dc.b    0xf7, 0xf5, 0xf3, 0xf0, 0xee, 0xeb, 0xe8, 0xe6, 0xe5, 0xe4, 0xe4, 0xe6, 0xe8, 0xec, 0xf1, 0xf6
    dc.b    0xfc, 0x02, 0x08, 0x0d, 0x12, 0x16, 0x19, 0x1b, 0x1c, 0x1c, 0x1b, 0x19, 0x16, 0x14, 0x11, 0x0e
    dc.b    0x0c, 0x09, 0x08, 0x07, 0x06, 0x06, 0x05, 0x05, 0x05, 0x05, 0x05, 0x04, 0x03, 0x02, 0x01, 0x00
    dc.b    0xff, 0xfd, 0xfc, 0xfc, 0xfb, 0xfb, 0xfb, 0xfb, 0xfb, 0xfa, 0xfa, 0xf9, 0xf8, 0xf6, 0xf4, 0xf2
    dc.b    0xef, 0xec, 0xea, 0xe7, 0xe6, 0xe5, 0xe5, 0xe5, 0xe8, 0xeb, 0xef, 0xf4, 0xf9, 0xff, 0x05, 0x0a
    dc.b    0x10, 0x14, 0x17, 0x1a, 0x1b, 0x1b, 0x1b, 0x19, 0x17, 0x14, 0x12, 0x0f, 0x0c, 0x0a, 0x08, 0x07
    dc.b    0x06, 0x06, 0x05, 0x05, 0x05, 0x05, 0x05, 0x04, 0x04, 0x03, 0x02, 0x01, 0xff, 0xfe, 0xfd, 0xfc
    dc.b    0xfb, 0xfb, 0xfb, 0xfb, 0xfb, 0xfb, 0xfa, 0xfa, 0xf9, 0xf7, 0xf6, 0xf3, 0xf1, 0xee, 0xeb, 0xe9
    dc.b    0xe7, 0xe5, 0xe5, 0xe5, 0xe7, 0xe9, 0xed, 0xf2, 0xf7, 0xfc, 0x02, 0x08, 0x0d, 0x12, 0x16, 0x18
    dc.b    0x1a, 0x1b, 0x1b, 0x1a, 0x18, 0x15, 0x13, 0x10, 0x0d, 0x0b, 0x09, 0x07, 0x06, 0x06, 0x05, 0x05
    dc.b    0x05, 0x05, 0x05, 0x05, 0x04, 0x03, 0x02, 0x01, 0x00, 0xff, 0xfd, 0xfd, 0xfc, 0xfb, 0xfb, 0xfb
    dc.b    0xfb, 0xfb, 0xfb, 0xfa, 0xf9, 0xf8, 0xf7, 0xf5, 0xf2, 0xf0, 0xed, 0xea, 0xe8, 0xe6, 0xe6, 0xe6
    dc.b    0xe7, 0xe9, 0xec, 0xf0, 0xf4, 0xfa, 0xff, 0x05, 0x0b, 0x0f, 0x14, 0x17, 0x19, 0x1a, 0x1a, 0x1a
    dc.b    0x18, 0x16, 0x14, 0x11, 0x0e, 0x0c, 0x0a, 0x08, 0x07, 0x06, 0x05, 0x05, 0x05, 0x05, 0x05, 0x05
    dc.b    0x04, 0x04, 0x03, 0x02, 0x00, 0xff, 0xfe, 0xfd, 0xfc, 0xfc, 0xfb, 0xfb, 0xfb, 0xfb, 0xfb, 0xfb
    dc.b    0xfa, 0xf9, 0xf8, 0xf6, 0xf3, 0xf1, 0xee, 0xec, 0xe9, 0xe8, 0xe6, 0xe6, 0xe6, 0xe8, 0xeb, 0xee
    dc.b    0xf2, 0xf8, 0xfd, 0x03, 0x08, 0x0d, 0x12, 0x15, 0x18, 0x19, 0x1a, 0x1a, 0x19, 0x17, 0x14, 0x12
    dc.b    0x0f, 0x0d, 0x0a, 0x09, 0x07, 0x06, 0x05, 0x05, 0x05, 0x05, 0x05, 0x05, 0x04, 0x04, 0x03, 0x02
    dc.b    0x01, 0x00, 0xff, 0xfd, 0xfd, 0xfc, 0xfb, 0xfb, 0xfb, 0xfb, 0xfb, 0xfb, 0xfa, 0xfa, 0xf8, 0xf7
    dc.b    0xf5, 0xf2, 0xf0, 0xed, 0xeb, 0xe9, 0xe7, 0xe6, 0xe6, 0xe8, 0xea, 0xed, 0xf1, 0xf5, 0xfb, 0x00
    dc.b    0x05, 0x0b, 0x0f, 0x13, 0x16, 0x18, 0x19, 0x1a, 0x19, 0x17, 0x15, 0x13, 0x10, 0x0d, 0x0b, 0x09
    dc.b    0x08, 0x06, 0x06, 0x05, 0x05, 0x05, 0x05, 0x05, 0x05, 0x04, 0x03, 0x02, 0x01, 0x00, 0xff, 0xfe
    dc.b    0xfd, 0xfc, 0xfc, 0xfb, 0xfb, 0xfb, 0xfb, 0xfb, 0xfb, 0xfa, 0xf9, 0xf8, 0xf6, 0xf4, 0xf1, 0xef
    dc.b    0xec, 0xea, 0xe8, 0xe7, 0xe7, 0xe7, 0xe9, 0xec, 0xef, 0xf3, 0xf8, 0xfe, 0x03, 0x08, 0x0d, 0x11
    dc.b    0x15, 0x17, 0x19, 0x19, 0x19, 0x18, 0x16, 0x13, 0x11, 0x0e, 0x0c, 0x0a, 0x08, 0x07, 0x06, 0x05
    dc.b    0x05, 0x05, 0x05, 0x05, 0x05, 0x04, 0x04, 0x03, 0x02, 0x01, 0x00, 0xfe, 0xfd, 0xfd, 0xfc, 0xfc
    dc.b    0xfb, 0xfb, 0xfb, 0xfb, 0xfb, 0xfa, 0xfa, 0xf9, 0xf7, 0xf5, 0xf3, 0xf0, 0xee, 0xeb, 0xe9, 0xe8
    dc.b    0xe7, 0xe7, 0xe8, 0xeb, 0xee, 0xf2, 0xf6, 0xfb, 0x00, 0x06, 0x0b, 0x0f, 0x13, 0x16, 0x18, 0x19
    dc.b    0x19, 0x18, 0x16, 0x14, 0x12, 0x0f, 0x0d, 0x0b, 0x09, 0x07, 0x06, 0x05, 0x05, 0x05, 0x05, 0x05
    dc.b    0x05, 0x04, 0x04, 0x03, 0x02, 0x01, 0x00, 0xff, 0xfe, 0xfd, 0xfc, 0xfc, 0xfb, 0xfb, 0xfb, 0xfb
    dc.b    0xfb, 0xfb, 0xfa, 0xf9, 0xf8, 0xf6, 0xf4, 0xf2, 0xef, 0xed, 0xeb, 0xe9, 0xe8, 0xe8, 0xe8, 0xea
    dc.b    0xec, 0xf0, 0xf4, 0xf9, 0xfe, 0x03, 0x08, 0x0d, 0x11, 0x14, 0x17, 0x18, 0x18, 0x18, 0x17, 0x15
    dc.b    0x13, 0x10, 0x0e, 0x0b, 0x09, 0x08, 0x06, 0x06, 0x05, 0x05, 0x05, 0x05, 0x05, 0x04, 0x04, 0x03
    dc.b    0x03, 0x02, 0x01, 0x00, 0xfe, 0xfd, 0xfd, 0xfc, 0xfc, 0xfb, 0xfb, 0xfb, 0xfb, 0xfb, 0xfb, 0xfa
    dc.b    0xf9, 0xf7, 0xf5, 0xf3, 0xf0, 0xee, 0xec, 0xea, 0xe9, 0xe8, 0xe8, 0xe9, 0xec, 0xef, 0xf2, 0xf7
    dc.b    0xfc, 0x01, 0x06, 0x0b, 0x0f, 0x13, 0x15, 0x17, 0x18, 0x18, 0x17, 0x15, 0x13, 0x11, 0x0f, 0x0c
    dc.b    0x0a, 0x08, 0x07, 0x06, 0x05, 0x05, 0x05, 0x05, 0x05, 0x04, 0x04, 0x04, 0x03, 0x02, 0x01, 0x00
    dc.b    0xff, 0xfe, 0xfd, 0xfc, 0xfc, 0xfc, 0xfb, 0xfb, 0xfb, 0xfb, 0xfb, 0xfa, 0xf9, 0xf8, 0xf6, 0xf4
    dc.b    0xf2, 0xef, 0xed, 0xeb, 0xea, 0xe9, 0xe8, 0xe9, 0xeb, 0xed, 0xf1, 0xf5, 0xfa, 0xff, 0x04, 0x09
    dc.b    0x0d, 0x11, 0x14, 0x16, 0x17, 0x17, 0x17, 0x16, 0x14, 0x12, 0x0f, 0x0d, 0x0b, 0x09, 0x07, 0x06
    dc.b    0x05, 0x05, 0x05, 0x05, 0x04, 0x04, 0x04, 0x04, 0x03, 0x03, 0x02, 0x01, 0xff, 0xfe, 0xfd, 0xfd
    dc.b    0xfc, 0xfc, 0xfc, 0xfc, 0xfc, 0xfb, 0xfb, 0xfb, 0xfa, 0xf9, 0xf7, 0xf5, 0xf3, 0xf1, 0xee, 0xec
    dc.b    0xeb, 0xe9, 0xe9, 0xe9, 0xea, 0xec, 0xef, 0xf3, 0xf8, 0xfc, 0x01, 0x06, 0x0b, 0x0f, 0x12, 0x15
    dc.b    0x16, 0x17, 0x17, 0x16, 0x14, 0x12, 0x10, 0x0e, 0x0c, 0x0a, 0x08, 0x06, 0x06, 0x05, 0x05, 0x04
    dc.b    0x04, 0x04, 0x04, 0x04, 0x04, 0x03, 0x02, 0x01, 0x00, 0xff, 0xfe, 0xfd, 0xfc, 0xfc, 0xfc, 0xfc
    dc.b    0xfc, 0xfc, 0xfb, 0xfb, 0xfa, 0xf9, 0xf8, 0xf6, 0xf4, 0xf2, 0xf0, 0xee, 0xec, 0xea, 0xe9, 0xe9
    dc.b    0xea, 0xec, 0xee, 0xf2, 0xf6, 0xfa, 0xff, 0x04, 0x09, 0x0d, 0x10, 0x13, 0x15, 0x16, 0x17, 0x16
    dc.b    0x15, 0x13, 0x11, 0x0f, 0x0c, 0x0a, 0x08, 0x07, 0x06, 0x05, 0x05, 0x04, 0x04, 0x04, 0x04, 0x04
    dc.b    0x04, 0x03, 0x02, 0x01, 0x00, 0xff, 0xfe, 0xfd, 0xfd, 0xfc, 0xfc, 0xfc, 0xfc, 0xfc, 0xfc, 0xfb
    dc.b    0xfb, 0xfa, 0xf9, 0xf7, 0xf5, 0xf3, 0xf1, 0xef, 0xed, 0xeb, 0xea, 0xea, 0xea, 0xeb, 0xed, 0xf0
    dc.b    0xf4, 0xf8, 0xfd, 0x02, 0x06, 0x0b, 0x0f, 0x12, 0x14, 0x16, 0x16, 0x16, 0x15, 0x14, 0x12, 0x0f
    dc.b    0x0d, 0x0b, 0x09, 0x07, 0x06, 0x05, 0x05, 0x04, 0x04, 0x04, 0x04, 0x04, 0x04, 0x03, 0x03, 0x02
    dc.b    0x01, 0x00, 0xff, 0xfe, 0xfd, 0xfd, 0xfc, 0xfc, 0xfc, 0xfc, 0xfc, 0xfc, 0xfb, 0xfb, 0xfa, 0xf8
    dc.b    0xf7, 0xf5, 0xf2, 0xf0, 0xee, 0xec, 0xeb, 0xea, 0xea, 0xeb, 0xed, 0xef, 0xf3, 0xf6, 0xfb, 0x00
    dc.b    0x04, 0x09, 0x0d, 0x10, 0x13, 0x15, 0x16, 0x16, 0x15, 0x14, 0x12, 0x10, 0x0e, 0x0c, 0x0a, 0x08
    dc.b    0x07, 0x06, 0x05, 0x04, 0x04, 0x04, 0x04, 0x04, 0x04, 0x04, 0x03, 0x02, 0x01, 0x00, 0xff, 0xfe
    dc.b    0xfd, 0xfd, 0xfc, 0xfc, 0xfc, 0xfc, 0xfc, 0xfc, 0xfb, 0xfb, 0xfa, 0xf9, 0xf7, 0xf6, 0xf4, 0xf1
    dc.b    0xef, 0xed, 0xec, 0xeb, 0xea, 0xeb, 0xec, 0xee, 0xf1, 0xf5, 0xf9, 0xfd, 0x02, 0x07, 0x0b, 0x0e
    dc.b    0x11, 0x14, 0x15, 0x16, 0x15, 0x14, 0x13, 0x11, 0x0f, 0x0d, 0x0a, 0x09, 0x07, 0x06, 0x05, 0x04
    dc.b    0x04, 0x04, 0x04, 0x04, 0x04, 0x04, 0x03, 0x03, 0x02, 0x01, 0x00, 0xff, 0xfe, 0xfd, 0xfd, 0xfc
    dc.b    0xfc, 0xfc, 0xfc, 0xfc, 0xfc, 0xfb, 0xfb, 0xfa, 0xf8, 0xf7, 0xf5, 0xf3, 0xf0, 0xee, 0xed, 0xeb
    dc.b    0xeb, 0xeb, 0xec, 0xed, 0xf0, 0xf3, 0xf7, 0xfb, 0x00, 0x05, 0x09, 0x0d, 0x10, 0x12, 0x14, 0x15
    dc.b    0x15, 0x14, 0x13, 0x11, 0x0f, 0x0d, 0x0b, 0x09, 0x08, 0x06, 0x05, 0x05, 0x04, 0x04, 0x04, 0x04
    dc.b    0x04, 0x04, 0x03, 0x03, 0x02, 0x01, 0x00, 0xff, 0xfe, 0xfe, 0xfd, 0xfc, 0xfc, 0xfc, 0xfc, 0xfc
    dc.b    0xfc, 0xfc, 0xfb, 0xfa, 0xf9, 0xf8, 0xf6, 0xf4, 0xf2, 0xf0, 0xee, 0xec, 0xeb, 0xeb, 0xec, 0xed
    dc.b    0xef, 0xf2, 0xf6, 0xfa, 0xfe, 0x02, 0x07, 0x0b, 0x0e, 0x11, 0x13, 0x14, 0x15, 0x14, 0x13, 0x12
    dc.b    0x10, 0x0e, 0x0c, 0x0a, 0x08, 0x07, 0x06, 0x05, 0x04, 0x04, 0x04, 0x04, 0x04, 0x04, 0x04, 0x03
    dc.b    0x02, 0x02, 0x01, 0x00, 0xff, 0xfe, 0xfd, 0xfd, 0xfc, 0xfc, 0xfc, 0xfc, 0xfc, 0xfc, 0xfb, 0xfb
    dc.b    0xfa, 0xf8, 0xf7, 0xf5, 0xf3, 0xf1, 0xef, 0xed, 0xec, 0xeb, 0xec, 0xed, 0xee, 0xf1, 0xf4, 0xf8
    dc.b    0xfc, 0x00, 0x05, 0x09, 0x0d, 0x10, 0x12, 0x14, 0x14, 0x14, 0x14, 0x12, 0x11, 0x0f, 0x0d, 0x0b
    dc.b    0x09, 0x07, 0x06, 0x05, 0x04, 0x04, 0x04, 0x04, 0x04, 0x04, 0x04, 0x03, 0x03, 0x02, 0x01, 0x00
    dc.b    0xff, 0xfe, 0xfe, 0xfd, 0xfc, 0xfc, 0xfc, 0xfc, 0xfc, 0xfc, 0xfc, 0xfb, 0xfa, 0xf9, 0xf8, 0xf6
    dc.b    0xf4, 0xf2, 0xf0, 0xee, 0xed, 0xec, 0xec, 0xec, 0xee, 0xf0, 0xf3, 0xf6, 0xfa, 0xfe, 0x03, 0x07
    dc.b    0x0b, 0x0e, 0x11, 0x13, 0x14, 0x14, 0x14, 0x13, 0x11, 0x0f, 0x0d, 0x0b, 0x09, 0x08, 0x06, 0x05
    dc.b    0x05, 0x04, 0x04, 0x04, 0x04, 0x04, 0x04, 0x03, 0x03, 0x02, 0x01, 0x01, 0x00, 0xff, 0xfe, 0xfd
    dc.b    0xfd, 0xfc, 0xfc, 0xfc, 0xfc, 0xfc, 0xfc, 0xfc, 0xfb, 0xfa, 0xf9, 0xf7, 0xf5, 0xf3, 0xf1, 0xef
    dc.b    0xee, 0xed, 0xec, 0xec, 0xed, 0xef, 0xf2, 0xf5, 0xf8, 0xfd, 0x01, 0x05, 0x09, 0x0c, 0x0f, 0x12
    dc.b    0x13, 0x14, 0x14, 0x13, 0x12, 0x10, 0x0e, 0x0c, 0x0a, 0x08, 0x07, 0x06, 0x05, 0x04, 0x04, 0x04
    dc.b    0x04, 0x04, 0x04, 0x03, 0x03, 0x03, 0x02, 0x01, 0x00, 0xff, 0xfe, 0xfe, 0xfd, 0xfd, 0xfc, 0xfc
    dc.b    0xfc, 0xfc, 0xfc, 0xfc, 0xfb, 0xfa, 0xf9, 0xf8, 0xf6, 0xf4, 0xf2, 0xf0, 0xef, 0xed, 0xed, 0xed
    dc.b    0xed, 0xef, 0xf1, 0xf3, 0xf7, 0xfb, 0xff, 0x03, 0x07, 0x0b, 0x0e, 0x10, 0x12, 0x13, 0x13, 0x13
    dc.b    0x12, 0x10, 0x0f, 0x0d, 0x0b, 0x09, 0x07, 0x06, 0x05, 0x04, 0x04, 0x04, 0x04, 0x04, 0x04, 0x04
    dc.b    0x03, 0x03, 0x02, 0x01, 0x00, 0x00, 0xff, 0xfe, 0xfd, 0xfd, 0xfd, 0xfc, 0xfc, 0xfc, 0xfc, 0xfc
    dc.b    0xfc, 0xfb, 0xfa, 0xf9, 0xf7, 0xf5, 0xf3, 0xf2, 0xf0, 0xee, 0xed, 0xed, 0xed, 0xee, 0xf0, 0xf2
    dc.b    0xf5, 0xf9, 0xfd, 0x01, 0x05, 0x09, 0x0c, 0x0f, 0x11, 0x12, 0x13, 0x13, 0x12, 0x11, 0x0f, 0x0d
    dc.b    0x0b, 0x0a, 0x08, 0x06, 0x05, 0x05, 0x04, 0x04, 0x04, 0x04, 0x04, 0x04, 0x03, 0x03, 0x02, 0x02
    dc.b    0x01, 0x00, 0xff, 0xfe, 0xfe, 0xfd, 0xfd, 0xfc, 0xfc, 0xfc, 0xfc, 0xfc, 0xfc, 0xfb, 0xfb, 0xf9
    dc.b    0xf8, 0xf6, 0xf5, 0xf3, 0xf1, 0xef, 0xee, 0xed, 0xed, 0xee, 0xef, 0xf1, 0xf4, 0xf8, 0xfb, 0xff
    dc.b    0x03, 0x07, 0x0b, 0x0e, 0x10, 0x12, 0x13, 0x13, 0x12, 0x11, 0x10, 0x0e, 0x0c, 0x0a, 0x08, 0x07
    dc.b    0x06, 0x05, 0x04, 0x04, 0x04, 0x04, 0x04, 0x04, 0x03, 0x03, 0x03, 0x02, 0x01, 0x00, 0xff, 0xff
    dc.b    0xfe, 0xfd, 0xfd, 0xfd, 0xfc, 0xfc, 0xfc, 0xfc, 0xfc, 0xfc, 0xfb, 0xfa, 0xf9, 0xf7, 0xf6, 0xf4
    dc.b    0xf2, 0xf0, 0xef, 0xee, 0xed, 0xee, 0xef, 0xf1, 0xf3, 0xf6, 0xfa, 0xfd, 0x01, 0x05, 0x09, 0x0c
    dc.b    0x0f, 0x11, 0x12, 0x12, 0x12, 0x11, 0x10, 0x0f, 0x0d, 0x0b, 0x09, 0x07, 0x06, 0x05, 0x04, 0x04
    dc.b    0x04, 0x04, 0x04, 0x03, 0x03, 0x03, 0x03, 0x02, 0x02, 0x01, 0x00, 0xff, 0xfe, 0xfe, 0xfd, 0xfd
    dc.b    0xfd, 0xfd, 0xfc, 0xfc, 0xfc, 0xfc, 0xfc, 0xfb, 0xfa, 0xf8, 0xf7, 0xf5, 0xf3, 0xf1, 0xf0, 0xee
    dc.b    0xee, 0xee, 0xef, 0xf0, 0xf2, 0xf5, 0xf8, 0xfc, 0x00, 0x04, 0x07, 0x0b, 0x0d, 0x10, 0x11, 0x12
    dc.b    0x12, 0x12, 0x11, 0x0f, 0x0d, 0x0c, 0x0a, 0x08, 0x07, 0x05, 0x05, 0x04, 0x04, 0x04, 0x03, 0x03
    dc.b    0x03, 0x03, 0x03, 0x02, 0x02, 0x01, 0x00, 0xff, 0xff, 0xfe, 0xfd, 0xfd, 0xfd, 0xfd, 0xfd, 0xfd
    dc.b    0xfc, 0xfc, 0xfc, 0xfb, 0xfa, 0xf9, 0xf7, 0xf6, 0xf4, 0xf2, 0xf1, 0xef, 0xee, 0xee, 0xee, 0xf0
    dc.b    0xf1, 0xf4, 0xf7, 0xfa, 0xfe, 0x02, 0x05, 0x09, 0x0c, 0x0e, 0x10, 0x11, 0x12, 0x12, 0x11, 0x0f
    dc.b    0x0e, 0x0c, 0x0a, 0x09, 0x07, 0x06, 0x05, 0x04, 0x04, 0x04, 0x03, 0x03, 0x03, 0x03, 0x03, 0x03
    dc.b    0x02, 0x01, 0x01, 0x00, 0xff, 0xfe, 0xfe, 0xfd, 0xfd, 0xfd, 0xfd, 0xfd, 0xfd, 0xfc, 0xfc, 0xfc
    dc.b    0xfb, 0xfa, 0xf8, 0xf7, 0xf5, 0xf3, 0xf2, 0xf0, 0xef, 0xee, 0xef, 0xef, 0xf1, 0xf3, 0xf5, 0xf9
    dc.b    0xfc, 0x00, 0x04, 0x07, 0x0a, 0x0d, 0x0f, 0x11, 0x11, 0x11, 0x11, 0x10, 0x0e, 0x0d, 0x0b, 0x09
    dc.b    0x08, 0x06, 0x05, 0x04, 0x04, 0x04, 0x03, 0x03, 0x03, 0x03, 0x03, 0x03, 0x02, 0x02, 0x01, 0x00
    dc.b    0xff, 0xff, 0xfe, 0xfd, 0xfd, 0xfd, 0xfd, 0xfd, 0xfd, 0xfd, 0xfc, 0xfc, 0xfb, 0xfa, 0xf9, 0xf8
    dc.b    0xf6, 0xf4, 0xf2, 0xf1, 0xf0, 0xef, 0xef, 0xef, 0xf0, 0xf2, 0xf4, 0xf7, 0xfb, 0xfe, 0x02, 0x06
    dc.b    0x09, 0x0c, 0x0e, 0x10, 0x11, 0x11, 0x11, 0x10, 0x0f, 0x0d, 0x0c, 0x0a, 0x08, 0x07, 0x06, 0x05
    dc.b    0x04, 0x04, 0x03, 0x03, 0x03, 0x03, 0x03, 0x03, 0x03, 0x02, 0x01, 0x01, 0x00, 0xff, 0xfe, 0xfe
    dc.b    0xfd, 0xfd, 0xfd, 0xfd, 0xfd, 0xfd, 0xfd, 0xfc, 0xfc, 0xfb, 0xfa, 0xf8, 0xf7, 0xf5, 0xf3, 0xf2
    dc.b    0xf1, 0xf0, 0xef, 0xef, 0xf0, 0xf1, 0xf3, 0xf6, 0xf9, 0xfd, 0x00, 0x04, 0x07, 0x0a, 0x0d, 0x0f
    dc.b    0x10, 0x11, 0x11, 0x10, 0x0f, 0x0e, 0x0c, 0x0a, 0x09, 0x07, 0x06, 0x05, 0x04, 0x04, 0x03, 0x03
    dc.b    0x03, 0x03, 0x03, 0x03, 0x03, 0x02, 0x02, 0x01, 0x00, 0xff, 0xff, 0xfe, 0xfd, 0xfd, 0xfd, 0xfd
    dc.b    0xfd, 0xfd, 0xfd, 0xfc, 0xfc, 0xfb, 0xfa, 0xf9, 0xf8, 0xf6, 0xf4, 0xf3, 0xf1, 0xf0, 0xef, 0xef
    dc.b    0xf0, 0xf1, 0xf3, 0xf5, 0xf8, 0xfb, 0xff, 0x02, 0x06, 0x09, 0x0c, 0x0e, 0x0f, 0x10, 0x11, 0x10
    dc.b    0x0f, 0x0e, 0x0d, 0x0b, 0x09, 0x08, 0x06, 0x05, 0x04, 0x04, 0x03, 0x03, 0x03, 0x03, 0x03, 0x03
    dc.b    0x03, 0x02, 0x02, 0x01, 0x00, 0x00, 0xff, 0xfe, 0xfe, 0xfd, 0xfd, 0xfd, 0xfd, 0xfd, 0xfd, 0xfd
    dc.b    0xfc, 0xfc, 0xfb, 0xfa, 0xf9, 0xf7, 0xf5, 0xf4, 0xf2, 0xf1, 0xf0, 0xf0, 0xf0, 0xf1, 0xf2, 0xf4
    dc.b    0xf7, 0xfa, 0xfd, 0x01, 0x04, 0x07, 0x0a, 0x0d, 0x0f, 0x10, 0x10, 0x10, 0x10, 0x0f, 0x0d, 0x0c
    dc.b    0x0a, 0x08, 0x07, 0x06, 0x05, 0x04, 0x03, 0x03, 0x03, 0x03, 0x03, 0x03, 0x03, 0x03, 0x02, 0x01
    dc.b    0x01, 0x00, 0xff, 0xff, 0xfe, 0xfe, 0xfd, 0xfd, 0xfd, 0xfd, 0xfd, 0xfd, 0xfd, 0xfc, 0xfb, 0xfb
    dc.b    0xf9, 0xf8, 0xf6, 0xf5, 0xf3, 0xf2, 0xf1, 0xf0, 0xf0, 0xf0, 0xf2, 0xf3, 0xf6, 0xf8, 0xfc, 0xff
    dc.b    0x03, 0x06, 0x09, 0x0b, 0x0e, 0x0f, 0x10, 0x10, 0x10, 0x0f, 0x0e, 0x0c, 0x0b, 0x09, 0x07, 0x06
    dc.b    0x05, 0x04, 0x04, 0x03, 0x03, 0x03, 0x03, 0x03, 0x03, 0x03, 0x02, 0x02, 0x01, 0x00, 0x00, 0xff
    dc.b    0xfe, 0xfe, 0xfd, 0xfd, 0xfd, 0xfd, 0xfd, 0xfd, 0xfd, 0xfc, 0xfc, 0xfb, 0xfa, 0xf9, 0xf7, 0xf6
    dc.b    0xf4, 0xf3, 0xf1, 0xf1, 0xf0, 0xf0, 0xf1, 0xf3, 0xf5, 0xf7, 0xfa, 0xfe, 0x01, 0x04, 0x07, 0x0a
    dc.b    0x0c, 0x0e, 0x0f, 0x10, 0x10, 0x0f, 0x0e, 0x0d, 0x0b, 0x09, 0x08, 0x07, 0x05, 0x04, 0x04, 0x03
    dc.b    0x03, 0x03, 0x03, 0x03, 0x03, 0x03, 0x02, 0x02, 0x01, 0x01, 0x00, 0xff, 0xff, 0xfe, 0xfe, 0xfd
    dc.b    0xfd, 0xfd, 0xfd, 0xfd, 0xfd, 0xfd, 0xfc, 0xfc, 0xfb, 0xf9, 0xf8, 0xf6, 0xf5, 0xf3, 0xf2, 0xf1
    dc.b    0xf1, 0xf0, 0xf1, 0xf2, 0xf4, 0xf6, 0xf9, 0xfc, 0xff, 0x03, 0x06, 0x09, 0x0b, 0x0d, 0x0f, 0x0f
    dc.b    0x0f, 0x0f, 0x0e, 0x0d, 0x0c, 0x0a, 0x08, 0x07, 0x06, 0x05, 0x04, 0x03, 0x03, 0x03, 0x03, 0x03
    dc.b    0x03, 0x03, 0x03, 0x02, 0x02, 0x01, 0x00, 0x00, 0xff, 0xfe, 0xfe, 0xfd, 0xfd, 0xfd, 0xfd, 0xfd
    dc.b    0xfd, 0xfd, 0xfc, 0xfc, 0xfb, 0xfa, 0xf9, 0xf7, 0xf6, 0xf4, 0xf3, 0xf2, 0xf1, 0xf1, 0xf1, 0xf2
    dc.b    0xf3, 0xf5, 0xf8, 0xfb, 0xfe, 0x01, 0x04, 0x07, 0x0a, 0x0c, 0x0e, 0x0f, 0x0f, 0x0f, 0x0e, 0x0d
    dc.b    0x0c, 0x0b, 0x09, 0x08, 0x06, 0x05, 0x04, 0x04, 0x03, 0x03, 0x03, 0x03, 0x03, 0x03, 0x03, 0x02
    dc.b    0x02, 0x01, 0x01, 0x00, 0xff, 0xff, 0xfe, 0xfe, 0xfd, 0xfd, 0xfd, 0xfd, 0xfd, 0xfd, 0xfd, 0xfc
    dc.b    0xfc, 0xfb, 0xfa, 0xf8, 0xf7, 0xf5, 0xf4, 0xf2, 0xf2, 0xf1, 0xf1, 0xf2, 0xf3, 0xf5, 0xf7, 0xf9
    dc.b    0xfd, 0x00, 0x03, 0x06, 0x09, 0x0b, 0x0d, 0x0e, 0x0f, 0x0f, 0x0f, 0x0e, 0x0c, 0x0b, 0x0a, 0x08
    dc.b    0x07, 0x05, 0x04, 0x04, 0x03, 0x03, 0x03, 0x03, 0x03, 0x03, 0x03, 0x02, 0x02, 0x02, 0x01, 0x00
    dc.b    0x00, 0xff, 0xfe, 0xfe, 0xfd, 0xfd, 0xfd, 0xfd, 0xfd, 0xfd, 0xfd, 0xfd, 0xfc, 0xfb, 0xfa, 0xf9
    dc.b    0xf8, 0xf6, 0xf5, 0xf3, 0xf2, 0xf1, 0xf1, 0xf2, 0xf2, 0xf4, 0xf6, 0xf8, 0xfb, 0xfe, 0x01, 0x05
    dc.b    0x07, 0x0a, 0x0c, 0x0d, 0x0e, 0x0f, 0x0f, 0x0e, 0x0d, 0x0c, 0x0a, 0x09, 0x07, 0x06, 0x05, 0x04
    dc.b    0x03, 0x03, 0x03, 0x03, 0x03, 0x03, 0x03, 0x03, 0x02, 0x02, 0x01, 0x01, 0x00, 0xff, 0xff, 0xfe
    dc.b    0xfe, 0xfd, 0xfd, 0xfd, 0xfd, 0xfd, 0xfd, 0xfd, 0xfc, 0xfc, 0xfb, 0xfa, 0xf8, 0xf7, 0xf5, 0xf4
    dc.b    0xf3, 0xf2, 0xf2, 0xf2, 0xf2, 0xf3, 0xf5, 0xf7, 0xfa, 0xfd, 0x00, 0x03, 0x06, 0x09, 0x0b, 0x0d
    dc.b    0x0e, 0x0e, 0x0e, 0x0e, 0x0d, 0x0c, 0x0b, 0x09, 0x08, 0x06, 0x05, 0x04, 0x04, 0x03, 0x03, 0x03
    dc.b    0x03, 0x03, 0x03, 0x03, 0x02, 0x02, 0x01, 0x01, 0x00, 0xff, 0xff, 0xfe, 0xfe, 0xfe, 0xfd, 0xfd
    dc.b    0xfd, 0xfd, 0xfd, 0xfd, 0xfd, 0xfc, 0xfb, 0xfa, 0xf9, 0xf8, 0xf6, 0xf5, 0xf4, 0xf3, 0xf2, 0xf2
    dc.b    0xf2, 0xf3, 0xf4, 0xf6, 0xf9, 0xfc, 0xff, 0x02, 0x05, 0x07, 0x0a, 0x0c, 0x0d, 0x0e, 0x0e, 0x0e
    dc.b    0x0d, 0x0c, 0x0b, 0x0a, 0x08, 0x07, 0x06, 0x05, 0x04, 0x03, 0x03, 0x03, 0x03, 0x03, 0x03, 0x03
    dc.b    0x02, 0x02, 0x02, 0x01, 0x00, 0x00, 0xff, 0xff, 0xfe, 0xfe, 0xfd, 0xfd, 0xfd, 0xfd, 0xfd, 0xfd
    dc.b    0xfd, 0xfc, 0xfc, 0xfb, 0xfa, 0xf8, 0xf7, 0xf6, 0xf4, 0xf3, 0xf2, 0xf2, 0xf2, 0xf3, 0xf4, 0xf6
    dc.b    0xf8, 0xfa, 0xfd, 0x00, 0x03, 0x06, 0x09, 0x0b, 0x0c, 0x0d, 0x0e, 0x0e, 0x0d, 0x0d, 0x0b, 0x0a
    dc.b    0x09, 0x07, 0x06, 0x05, 0x04, 0x03, 0x03, 0x03, 0x03, 0x03, 0x03, 0x03, 0x02, 0x02, 0x02, 0x01
    dc.b    0x01, 0x00, 0xff, 0xff, 0xfe, 0xfe, 0xfe, 0xfd, 0xfd, 0xfd, 0xfd, 0xfd, 0xfd, 0xfd, 0xfc, 0xfb
    dc.b    0xfa, 0xf9, 0xf8, 0xf6, 0xf5, 0xf4, 0xf3, 0xf2, 0xf2, 0xf3, 0xf4, 0xf5, 0xf7, 0xf9, 0xfc, 0xff
    dc.b    0x02, 0x05, 0x07, 0x0a, 0x0b, 0x0d, 0x0e, 0x0e, 0x0d, 0x0d, 0x0c, 0x0a, 0x09, 0x08, 0x06, 0x05
    dc.b    0x04, 0x04, 0x03, 0x03, 0x03, 0x03, 0x03, 0x03, 0x02, 0x02, 0x02, 0x02, 0x01, 0x00, 0x00, 0xff
    dc.b    0xff, 0xfe, 0xfe, 0xfe, 0xfd, 0xfd, 0xfd, 0xfd, 0xfd, 0xfd, 0xfd, 0xfc, 0xfb, 0xfa, 0xf9, 0xf7
    dc.b    0xf6, 0xf5, 0xf4, 0xf3, 0xf2, 0xf3, 0xf3, 0xf4, 0xf6, 0xf8, 0xfb, 0xfe, 0x01, 0x03, 0x06, 0x09
    dc.b    0x0b, 0x0c, 0x0d, 0x0d, 0x0d, 0x0d, 0x0c, 0x0b, 0x0a, 0x08, 0x07, 0x06, 0x05, 0x04, 0x03, 0x03
    dc.b    0x03, 0x03, 0x03, 0x03, 0x03, 0x02, 0x02, 0x02, 0x01, 0x01, 0x00, 0xff, 0xff, 0xfe, 0xfe, 0xfe
    dc.b    0xfe, 0xfd, 0xfd, 0xfd, 0xfd, 0xfd, 0xfd, 0xfc, 0xfb, 0xfa, 0xf9, 0xf8, 0xf7, 0xf5, 0xf4, 0xf3
    dc.b    0xf3, 0xf3, 0xf3, 0xf4, 0xf5, 0xf7, 0xfa, 0xfc, 0xff, 0x02, 0x05, 0x07, 0x09, 0x0b, 0x0c, 0x0d
    dc.b    0x0d, 0x0d, 0x0c, 0x0b, 0x0a, 0x09, 0x07, 0x06, 0x05, 0x04, 0x03, 0x03, 0x03, 0x03, 0x03, 0x03
    dc.b    0x03, 0x02, 0x02, 0x02, 0x01, 0x01, 0x00, 0x00, 0xff, 0xff, 0xfe, 0xfe, 0xfe, 0xfe, 0xfd, 0xfd
    dc.b    0xfd, 0xfd, 0xfd, 0xfd, 0xfc, 0xfb, 0xfa, 0xf9, 0xf7, 0xf6, 0xf5, 0xf4, 0xf3, 0xf3, 0xf3, 0xf4
    dc.b    0xf5, 0xf7, 0xf9, 0xfb, 0xfe, 0x01, 0x04, 0x06, 0x08, 0x0a, 0x0c, 0x0d, 0x0d, 0x0d, 0x0c, 0x0c
    dc.b    0x0a, 0x09, 0x08, 0x07, 0x05, 0x04, 0x04, 0x03, 0x03, 0x03, 0x03, 0x02, 0x02, 0x02, 0x02, 0x02
    dc.b    0x02, 0x01, 0x01, 0x00, 0xff, 0xff, 0xfe, 0xfe, 0xfe, 0xfe, 0xfe, 0xfe, 0xfd, 0xfd, 0xfd, 0xfd
    dc.b    0xfc, 0xfc, 0xfb, 0xf9, 0xf8, 0xf7, 0xf6, 0xf4, 0xf4, 0xf3, 0xf3, 0xf4, 0xf5, 0xf6, 0xf8, 0xfa
    dc.b    0xfd, 0xff, 0x02, 0x05, 0x07, 0x09, 0x0b, 0x0c, 0x0d, 0x0d, 0x0c, 0x0c, 0x0b, 0x0a, 0x08, 0x07
    dc.b    0x06, 0x05, 0x04, 0x03, 0x03, 0x03, 0x02, 0x02, 0x02, 0x02, 0x02, 0x02, 0x02, 0x01, 0x01, 0x00
    dc.b    0x00, 0xff, 0xff, 0xfe, 0xfe, 0xfe, 0xfe, 0xfe, 0xfe, 0xfe, 0xfd, 0xfd, 0xfd, 0xfc, 0xfb, 0xfa
    dc.b    0xf9, 0xf8, 0xf6, 0xf5, 0xf4, 0xf4, 0xf3, 0xf4, 0xf4, 0xf5, 0xf7, 0xf9, 0xfc, 0xfe, 0x01, 0x04
    dc.b    0x06, 0x08, 0x0a, 0x0b, 0x0c, 0x0d, 0x0c, 0x0c, 0x0b, 0x0a, 0x09, 0x07, 0x06, 0x05, 0x04, 0x03
    dc.b    0x03, 0x03, 0x02, 0x02, 0x02, 0x02, 0x02, 0x02, 0x02, 0x02, 0x01, 0x01, 0x00, 0xff, 0xff, 0xfe
    dc.b    0xfe, 0xfe, 0xfe, 0xfe, 0xfe, 0xfe, 0xfd, 0xfd, 0xfd, 0xfc, 0xfc, 0xfb, 0xfa, 0xf8, 0xf7, 0xf6
    dc.b    0xf5, 0xf4, 0xf4, 0xf4, 0xf4, 0xf5, 0xf6, 0xf8, 0xfb, 0xfd, 0x00, 0x02, 0x05, 0x07, 0x09, 0x0b
    dc.b    0x0c, 0x0c, 0x0c, 0x0c, 0x0b, 0x0a, 0x09, 0x08, 0x07, 0x05, 0x05, 0x04, 0x03, 0x03, 0x03, 0x02
    dc.b    0x02, 0x02, 0x02, 0x02, 0x02, 0x02, 0x01, 0x01, 0x00, 0x00, 0xff, 0xff, 0xfe, 0xfe, 0xfe, 0xfe
    dc.b    0xfe, 0xfe, 0xfe, 0xfd, 0xfd, 0xfd, 0xfc, 0xfb, 0xfa, 0xf9, 0xf8, 0xf7, 0xf5, 0xf5, 0xf4, 0xf4
    dc.b    0xf4, 0xf5, 0xf6, 0xf8, 0xfa, 0xfc, 0xff, 0x01, 0x04, 0x06, 0x08, 0x0a, 0x0b, 0x0c, 0x0c, 0x0c
    dc.b    0x0b, 0x0b, 0x0a, 0x08, 0x07, 0x06, 0x05, 0x04, 0x03, 0x03, 0x03, 0x02, 0x02, 0x02, 0x02, 0x02
    dc.b    0x02, 0x02, 0x01, 0x01, 0x00, 0x00, 0xff, 0xff, 0xfe, 0xfe, 0xfe, 0xfe, 0xfe, 0xfe, 0xfe, 0xfe
    dc.b    0xfd, 0xfd, 0xfc, 0xfc, 0xfb, 0xfa, 0xf8, 0xf7, 0xf6, 0xf5, 0xf4, 0xf4, 0xf4, 0xf5, 0xf6, 0xf7
    dc.b    0xf9, 0xfb, 0xfd, 0x00, 0x03, 0x05, 0x07, 0x09, 0x0a, 0x0b, 0x0c, 0x0c, 0x0c, 0x0b, 0x0a, 0x09
    dc.b    0x07, 0x06, 0x05, 0x04, 0x04, 0x03, 0x03, 0x02, 0x02, 0x02, 0x02, 0x02, 0x02, 0x02, 0x02, 0x01
    dc.b    0x01, 0x00, 0x00, 0xff, 0xff, 0xfe, 0xfe, 0xfe, 0xfe, 0xfe, 0xfe, 0xfe, 0xfe, 0xfd, 0xfd, 0xfc
    dc.b    0xfb, 0xfa, 0xf9, 0xf8, 0xf7, 0xf6, 0xf5, 0xf4, 0xf4, 0xf4, 0xf5, 0xf6, 0xf8, 0xfa, 0xfc, 0xff
    dc.b    0x01, 0x04, 0x06, 0x08, 0x0a, 0x0b, 0x0c, 0x0c, 0x0c, 0x0b, 0x0a, 0x09, 0x08, 0x07, 0x06, 0x05
    dc.b    0x04, 0x03, 0x03, 0x02, 0x02, 0x02, 0x02, 0x02, 0x02, 0x02, 0x02, 0x01, 0x01, 0x00, 0x00, 0xff
    dc.b    0xff, 0xfe, 0xfe, 0xfe, 0xfe, 0xfe, 0xfe, 0xfe, 0xfe, 0xfd, 0xfd, 0xfc, 0xfc, 0xfb, 0xfa, 0xf9
    dc.b    0xf7, 0xf6, 0xf5, 0xf5, 0xf4, 0xf4, 0xf5, 0xf6, 0xf7, 0xf9, 0xfb, 0xfe, 0x00, 0x03, 0x05, 0x07
    dc.b    0x09, 0x0a, 0x0b, 0x0c, 0x0c, 0x0b, 0x0a, 0x09, 0x08, 0x07, 0x06, 0x05, 0x04, 0x03, 0x03, 0x02
    dc.b    0x02, 0x02, 0x02, 0x02, 0x02, 0x02, 0x02, 0x02, 0x01, 0x01, 0x00, 0x00, 0xff, 0xff, 0xfe, 0xfe
    dc.b    0xfe, 0xfe, 0xfe, 0xfe, 0xfe, 0xfe, 0xfd, 0xfd, 0xfc, 0xfb, 0xfa, 0xf9, 0xf8, 0xf7, 0xf6, 0xf5
    dc.b    0xf5, 0xf5, 0xf5, 0xf6, 0xf7, 0xf8, 0xfa, 0xfd, 0xff, 0x02, 0x04, 0x06, 0x08, 0x09, 0x0b, 0x0b
    dc.b    0x0b, 0x0b, 0x0b, 0x0a, 0x09, 0x08, 0x06, 0x05, 0x04, 0x04, 0x03, 0x03, 0x02, 0x02, 0x02, 0x02
    dc.b    0x02, 0x02, 0x02, 0x02, 0x01, 0x01, 0x00, 0x00, 0xff, 0xff, 0xfe, 0xfe, 0xfe, 0xfe, 0xfe, 0xfe
    dc.b    0xfe, 0xfe, 0xfd, 0xfd, 0xfd, 0xfc, 0xfb, 0xfa, 0xf9, 0xf8, 0xf7, 0xf6, 0xf5, 0xf5, 0xf5, 0xf5
    dc.b    0xf6, 0xf8, 0xfa, 0xfc, 0xfe, 0x00, 0x03, 0x05, 0x07, 0x09, 0x0a, 0x0b, 0x0b, 0x0b, 0x0b, 0x0a
    dc.b    0x09, 0x08, 0x07, 0x06, 0x05, 0x04, 0x03, 0x03, 0x02, 0x02, 0x02, 0x02, 0x02, 0x02, 0x02, 0x02
    dc.b    0x01, 0x01, 0x01, 0x00, 0x00, 0xff, 0xff, 0xfe, 0xfe, 0xfe, 0xfe, 0xfe, 0xfe, 0xfe, 0xfe, 0xfd
    dc.b    0xfd, 0xfc, 0xfb, 0xfa, 0xf9, 0xf8, 0xf7, 0xf6, 0xf5, 0xf5, 0xf5, 0xf5, 0xf6, 0xf7, 0xf9, 0xfb
    dc.b    0xfd, 0xff, 0x02, 0x04, 0x06, 0x08, 0x09, 0x0a, 0x0b, 0x0b, 0x0b, 0x0a, 0x09, 0x08, 0x07, 0x06
    dc.b    0x05, 0x04, 0x03, 0x03, 0x02, 0x02, 0x02, 0x02, 0x02, 0x02, 0x02, 0x02, 0x02, 0x01, 0x01, 0x00
    dc.b    0x00, 0xff, 0xff, 0xfe, 0xfe, 0xfe, 0xfe, 0xfe, 0xfe, 0xfe, 0xfe, 0xfe, 0xfd, 0xfd, 0xfc, 0xfb
    dc.b    0xfa, 0xf9, 0xf8, 0xf7, 0xf6, 0xf5, 0xf5, 0xf5, 0xf6, 0xf7, 0xf8, 0xfa, 0xfc, 0xfe, 0x01, 0x03
    dc.b    0x05, 0x07, 0x09, 0x0a, 0x0a, 0x0b, 0x0b, 0x0a, 0x0a, 0x09, 0x08, 0x06, 0x05, 0x04, 0x04, 0x03
    dc.b    0x03, 0x02, 0x02, 0x02, 0x02, 0x02, 0x02, 0x02, 0x02, 0x01, 0x01, 0x00, 0x00, 0xff, 0xff, 0xff
    dc.b    0xfe, 0xfe, 0xfe, 0xfe, 0xfe, 0xfe, 0xfe, 0xfe, 0xfd, 0xfd, 0xfc, 0xfb, 0xfb, 0xfa, 0xf8, 0xf7
    dc.b    0xf6, 0xf6, 0xf5, 0xf5, 0xf6, 0xf7, 0xf8, 0xf9, 0xfb, 0xfd, 0x00, 0x02, 0x04, 0x06, 0x08, 0x09
    dc.b    0x0a, 0x0a, 0x0b, 0x0a, 0x0a, 0x09, 0x08, 0x07, 0x06, 0x05, 0x04, 0x03, 0x03, 0x02, 0x02, 0x02
    dc.b    0x02, 0x02, 0x02, 0x02, 0x02, 0x01, 0x01, 0x01, 0x00, 0x00, 0xff, 0xff, 0xfe, 0xfe, 0xfe, 0xfe
    dc.b    0xfe, 0xfe, 0xfe, 0xfe, 0xfe, 0xfd, 0xfd, 0xfc, 0xfb, 0xfa, 0xf9, 0xf8, 0xf7, 0xf6, 0xf6, 0xf6
    dc.b    0xf6, 0xf6, 0xf7, 0xf9, 0xfa, 0xfc, 0xff, 0x01, 0x03, 0x05, 0x07, 0x08, 0x09, 0x0a, 0x0a, 0x0a
    dc.b    0x0a, 0x09, 0x08, 0x07, 0x06, 0x05, 0x04, 0x03, 0x03, 0x02, 0x02, 0x02, 0x02, 0x02, 0x02, 0x02
    dc.b    0x02, 0x02, 0x01, 0x01, 0x00, 0x00, 0xff, 0xff, 0xff, 0xfe, 0xfe, 0xfe, 0xfe, 0xfe, 0xfe, 0xfe
    dc.b    0xfe, 0xfd, 0xfd, 0xfc, 0xfc, 0xfb, 0xfa, 0xf9, 0xf8, 0xf7, 0xf6, 0xf6, 0xf6, 0xf6, 0xf7, 0xf8
    dc.b    0xfa, 0xfc, 0xfe, 0x00, 0x02, 0x04, 0x06, 0x08, 0x09, 0x0a, 0x0a, 0x0a, 0x0a, 0x09, 0x09, 0x08
    dc.b    0x07, 0x05, 0x05, 0x04, 0x03, 0x03, 0x02, 0x02, 0x02, 0x02, 0x02, 0x02, 0x02, 0x02, 0x01, 0x01
    dc.b    0x01, 0x00, 0x00, 0xff, 0xff, 0xff, 0xfe, 0xfe, 0xfe, 0xfe, 0xfe, 0xfe, 0xfe, 0xfe, 0xfd, 0xfd
    dc.b    0xfc, 0xfb, 0xfa, 0xf9, 0xf8, 0xf7, 0xf7, 0xf6, 0xf6, 0xf6, 0xf7, 0xf8, 0xf9, 0xfb, 0xfd, 0xff
    dc.b    0x01, 0x03, 0x05, 0x07, 0x08, 0x09, 0x0a, 0x0a, 0x0a, 0x09, 0x09, 0x08, 0x07, 0x06, 0x05, 0x04
    dc.b    0x03, 0x03, 0x02, 0x02, 0x02, 0x02, 0x02, 0x02, 0x02, 0x02, 0x01, 0x01, 0x01, 0x00, 0x00, 0xff
    dc.b    0xff, 0xff, 0xfe, 0xfe, 0xfe, 0xfe, 0xfe, 0xfe, 0xfe, 0xfe, 0xfe, 0xfd, 0xfc, 0xfc, 0xfb, 0xfa
    dc.b    0xf9, 0xf8, 0xf7, 0xf6, 0xf6, 0xf6, 0xf7, 0xf7, 0xf9, 0xfa, 0xfc, 0xfe, 0x00, 0x02, 0x04, 0x06
    dc.b    0x07, 0x09, 0x09, 0x0a, 0x0a, 0x0a, 0x09, 0x08, 0x07, 0x06, 0x05, 0x04, 0x04, 0x03, 0x02, 0x02
    dc.b    0x02, 0x02, 0x02, 0x02, 0x02, 0x02, 0x02, 0x01, 0x01, 0x01, 0x00, 0x00, 0xff, 0xff, 0xff, 0xfe
    dc.b    0xfe, 0xfe, 0xfe, 0xfe, 0xfe, 0xfe, 0xfe, 0xfd, 0xfd, 0xfc, 0xfb, 0xfa, 0xf9, 0xf8, 0xf7, 0xf7
    dc.b    0xf6, 0xf6, 0xf6, 0xf7, 0xf8, 0xf9, 0xfb, 0xfd, 0xff, 0x01, 0x03, 0x05, 0x07, 0x08, 0x09, 0x0a
    dc.b    0x0a, 0x0a, 0x09, 0x08, 0x08, 0x07, 0x06, 0x05, 0x04, 0x03, 0x03, 0x02, 0x02, 0x02, 0x02, 0x02
    dc.b    0x02, 0x02, 0x02, 0x01, 0x01, 0x01, 0x00, 0x00, 0xff, 0xff, 0xff, 0xfe, 0xfe, 0xfe, 0xfe, 0xfe
    dc.b    0xfe, 0xfe, 0xfe, 0xfe, 0xfd, 0xfc, 0xfc, 0xfb, 0xfa, 0xf9, 0xf8, 0xf7, 0xf7, 0xf6, 0xf6, 0xf7
    dc.b    0xf8, 0xf9, 0xfa, 0xfc, 0xfe, 0x00, 0x02, 0x04, 0x06, 0x07, 0x08, 0x09, 0x0a, 0x0a, 0x09, 0x09
    dc.b    0x08, 0x07, 0x06, 0x05, 0x04, 0x03, 0x03, 0x02, 0x02, 0x02, 0x02, 0x02, 0x02, 0x02, 0x02, 0x02
    dc.b    0x01, 0x01, 0x00, 0x00, 0x00, 0xff, 0xff, 0xff, 0xfe, 0xfe, 0xfe, 0xfe, 0xfe, 0xfe, 0xfe, 0xfe
    dc.b    0xfd, 0xfd, 0xfc, 0xfb, 0xfa, 0xf9, 0xf9, 0xf8, 0xf7, 0xf7, 0xf7, 0xf7, 0xf7, 0xf8, 0xfa, 0xfb
    dc.b    0xfd, 0xff, 0x01, 0x03, 0x05, 0x07, 0x08, 0x09, 0x09, 0x09, 0x09, 0x09, 0x08, 0x07, 0x06, 0x05
    dc.b    0x04, 0x04, 0x03, 0x02, 0x02, 0x02, 0x02, 0x02, 0x02, 0x02, 0x02, 0x02, 0x01, 0x01, 0x01, 0x00
    dc.b    0x00, 0xff, 0xff, 0xff, 0xfe, 0xfe, 0xfe, 0xfe, 0xfe, 0xfe, 0xfe, 0xfe, 0xfe, 0xfd, 0xfd, 0xfc
    dc.b    0xfb, 0xfa, 0xf9, 0xf8, 0xf7, 0xf7, 0xf7, 0xf7, 0xf7, 0xf8, 0xf9, 0xfb, 0xfc, 0xfe, 0x00, 0x02
    dc.b    0x04, 0x06, 0x07, 0x08, 0x09, 0x09, 0x09, 0x09, 0x08, 0x07, 0x07, 0x06, 0x05, 0x04, 0x03, 0x03
    dc.b    0x02, 0x02, 0x02, 0x02, 0x02, 0x02, 0x02, 0x02, 0x01, 0x01, 0x01, 0x00, 0x00, 0x00, 0xff, 0xff
    dc.b    0xff, 0xfe, 0xfe, 0xfe, 0xfe, 0xfe, 0xfe, 0xfe, 0xfe, 0xfd, 0xfd, 0xfc, 0xfb, 0xfb, 0xfa, 0xf9
    dc.b    0xf8, 0xf7, 0xf7, 0xf7, 0xf7, 0xf8, 0xf9, 0xfa, 0xfc, 0xfe, 0xff, 0x01, 0x03, 0x05, 0x06, 0x08
    dc.b    0x08, 0x09, 0x09, 0x09, 0x08, 0x08, 0x07, 0x06, 0x05, 0x04, 0x03, 0x03, 0x02, 0x02, 0x02, 0x02
    dc.b    0x02, 0x02, 0x02, 0x02, 0x01, 0x01, 0x01, 0x01, 0x00, 0x00, 0xff, 0xff, 0xff, 0xff, 0xfe, 0xfe
    dc.b    0xfe, 0xfe, 0xfe, 0xfe, 0xfe, 0xfe, 0xfd, 0xfd, 0xfc, 0xfb, 0xfa, 0xf9, 0xf8, 0xf8, 0xf7, 0xf7
    dc.b    0xf7, 0xf8, 0xf8, 0xfa, 0xfb, 0xfd, 0xff, 0x01, 0x02, 0x04, 0x06, 0x07, 0x08, 0x09, 0x09, 0x09
    dc.b    0x08, 0x08, 0x07, 0x06, 0x05, 0x04, 0x04, 0x03, 0x03, 0x02, 0x02, 0x02, 0x02, 0x02, 0x02, 0x02
    dc.b    0x02, 0x01, 0x01, 0x01, 0x00, 0x00, 0x00, 0xff, 0xff, 0xff, 0xfe, 0xfe, 0xfe, 0xfe, 0xfe, 0xfe
    dc.b    0xfe, 0xfe, 0xfd, 0xfd, 0xfc, 0xfb, 0xfb, 0xfa, 0xf9, 0xf8, 0xf8, 0xf7, 0xf7, 0xf8, 0xf8, 0xf9
    dc.b    0xfa, 0xfc, 0xfe, 0x00, 0x02, 0x03, 0x05, 0x06, 0x07, 0x08, 0x09, 0x09, 0x09, 0x08, 0x07, 0x07
    dc.b    0x06, 0x05, 0x04, 0x03, 0x03, 0x02, 0x02, 0x02, 0x02, 0x02, 0x02, 0x02, 0x02, 0x01, 0x01, 0x01
    dc.b    0x01, 0x00, 0x00, 0xff, 0xff, 0xff, 0xff, 0xfe, 0xfe, 0xfe, 0xfe, 0xfe, 0xfe, 0xfe, 0xfe, 0xfd
    dc.b    0xfd, 0xfc, 0xfb, 0xfa, 0xf9, 0xf9, 0xf8, 0xf8, 0xf7, 0xf7, 0xf8, 0xf9, 0xfa, 0xfb, 0xfd, 0xff
    dc.b    0x01, 0x02, 0x04, 0x06, 0x07, 0x08, 0x08, 0x09, 0x09, 0x08, 0x08, 0x07, 0x06, 0x05, 0x04, 0x03
    dc.b    0x03, 0x02, 0x02, 0x02, 0x02, 0x02, 0x02, 0x02, 0x02, 0x01, 0x01, 0x01, 0x01, 0x00, 0x00, 0x00
    dc.b    0xff, 0xff, 0xff, 0xfe, 0xfe, 0xfe, 0xfe, 0xfe, 0xfe, 0xfe, 0xfe, 0xfe, 0xfd, 0xfc, 0xfc, 0xfb
    dc.b    0xfa, 0xf9, 0xf8, 0xf8, 0xf8, 0xf8, 0xf8, 0xf9, 0xf9, 0xfb, 0xfc, 0xfe, 0x00, 0x02, 0x03, 0x05
    dc.b    0x06, 0x07, 0x08, 0x08, 0x08, 0x08, 0x08, 0x07, 0x06, 0x05, 0x05, 0x04, 0x03, 0x03, 0x02, 0x02
    dc.b    0x02, 0x02, 0x02, 0x02, 0x02, 0x02, 0x01, 0x01, 0x01, 0x01, 0x00, 0x00, 0xff, 0xff, 0xff, 0xff
    dc.b    0xfe, 0xfe, 0xfe, 0xfe, 0xfe, 0xfe, 0xfe, 0xfe, 0xfd, 0xfd, 0xfc, 0xfb, 0xfa, 0xfa, 0xf9, 0xf8
    dc.b    0xf8, 0xf8, 0xf8, 0xf8, 0xf9, 0xfa, 0xfc, 0xfd, 0xff, 0x01, 0x03, 0x04, 0x06, 0x07, 0x08, 0x08
    dc.b    0x08, 0x08, 0x08, 0x07, 0x07, 0x06, 0x05, 0x04, 0x03, 0x03, 0x02, 0x02, 0x02, 0x02, 0x02, 0x02
    dc.b    0x02, 0x02, 0x01, 0x01, 0x01, 0x01, 0x00, 0x00, 0x00, 0xff, 0xff, 0xff, 0xff, 0xfe, 0xfe, 0xfe
    dc.b    0xfe, 0xfe, 0xfe, 0xfe, 0xfe, 0xfd, 0xfc, 0xfc, 0xfb, 0xfa, 0xf9, 0xf9, 0xf8, 0xf8, 0xf8, 0xf8
    dc.b    0xf9, 0xfa, 0xfb, 0xfd, 0xfe, 0x00, 0x02, 0x03, 0x05, 0x06, 0x07, 0x08, 0x08, 0x08, 0x08, 0x07
    dc.b    0x07, 0x06, 0x05, 0x04, 0x04, 0x03, 0x02, 0x02, 0x02, 0x02, 0x02, 0x02, 0x02, 0x02, 0x01, 0x01
    dc.b    0x01, 0x01, 0x00, 0x00, 0x00, 0xff, 0xff, 0xff, 0xff, 0xff, 0xfe, 0xfe, 0xfe, 0xfe, 0xfe, 0xfe
    dc.b    0xfe, 0xfd, 0xfd, 0xfc, 0xfb, 0xfa, 0xfa, 0xf9, 0xf8, 0xf8, 0xf8, 0xf8, 0xf9, 0xf9, 0xfb, 0xfc
    dc.b    0xfe, 0xff, 0x01, 0x03, 0x04, 0x06, 0x07, 0x07, 0x08, 0x08, 0x08, 0x08, 0x07, 0x06, 0x05, 0x05
    dc.b    0x04, 0x03, 0x03, 0x02, 0x02, 0x02, 0x02, 0x02, 0x02, 0x02, 0x01, 0x01, 0x01, 0x01, 0x01, 0x00
    dc.b    0x00, 0x00, 0xff, 0xff, 0xff, 0xff, 0xfe, 0xfe, 0xfe, 0xfe, 0xfe, 0xfe, 0xfe, 0xfe, 0xfd, 0xfc
    dc.b    0xfc, 0xfb, 0xfa, 0xf9, 0xf9, 0xf8, 0xf8, 0xf8, 0xf8, 0xf9, 0xfa, 0xfb, 0xfd, 0xfe, 0x00, 0x02
    dc.b    0x03, 0x05, 0x06, 0x07, 0x08, 0x08, 0x08, 0x08, 0x07, 0x06, 0x06, 0x05, 0x04, 0x03, 0x03, 0x02
    dc.b    0x02, 0x02, 0x02, 0x02, 0x02, 0x02, 0x01, 0x01, 0x01, 0x01, 0x01, 0x00, 0x00, 0x00, 0xff, 0xff
    dc.b    0xff, 0xff, 0xff, 0xff, 0xfe, 0xfe, 0xfe, 0xfe, 0xfe, 0xfe, 0xfd, 0xfd, 0xfc, 0xfb, 0xfb, 0xfa
    dc.b    0xf9, 0xf9, 0xf8, 0xf8, 0xf8, 0xf9, 0xfa, 0xfb, 0xfc, 0xfe, 0xff, 0x01, 0x03, 0x04, 0x05, 0x06
    dc.b    0x07, 0x08, 0x08, 0x08, 0x07, 0x07, 0x06, 0x05, 0x04, 0x04, 0x03, 0x02, 0x02, 0x02, 0x02, 0x02
    dc.b    0x01, 0x01, 0x01, 0x01, 0x01, 0x01, 0x01, 0x01, 0x00, 0x00, 0x00, 0xff, 0xff, 0xff, 0xff, 0xff
    dc.b    0xff, 0xff, 0xfe, 0xfe, 0xfe, 0xfe, 0xfe, 0xfd, 0xfd, 0xfc, 0xfb, 0xfa, 0xfa, 0xf9, 0xf9, 0xf8
    dc.b    0xf8, 0xf9, 0xf9, 0xfa, 0xfc, 0xfd, 0xff, 0x00, 0x02, 0x03, 0x05, 0x06, 0x07, 0x07, 0x08, 0x08
    dc.b    0x07, 0x07, 0x06, 0x05, 0x05, 0x04, 0x03, 0x03, 0x02, 0x02, 0x02, 0x02, 0x01, 0x01, 0x01, 0x01
    dc.b    0x01, 0x01, 0x01, 0x01, 0x00, 0x00, 0x00, 0xff, 0xff, 0xff, 0xff, 0xff, 0xff, 0xff, 0xff, 0xfe
    dc.b    0xfe, 0xfe, 0xfe, 0xfd, 0xfd, 0xfc, 0xfb, 0xfb, 0xfa, 0xf9, 0xf9, 0xf9, 0xf8, 0xf9, 0xf9, 0xfa
    dc.b    0xfb, 0xfc, 0xfe, 0x00, 0x01, 0x03, 0x04, 0x05, 0x06, 0x07, 0x07, 0x08, 0x07, 0x07, 0x06, 0x06
    dc.b    0x05, 0x04, 0x03, 0x03, 0x02, 0x02, 0x02, 0x02, 0x01, 0x01, 0x01, 0x01, 0x01, 0x01, 0x01, 0x01
    dc.b    0x01, 0x00, 0x00, 0xff, 0xff, 0xff, 0xff, 0xff, 0xff, 0xff, 0xff, 0xff, 0xfe, 0xfe, 0xfe, 0xfe
    dc.b    0xfd, 0xfd, 0xfc, 0xfb, 0xfa, 0xfa, 0xf9, 0xf9, 0xf9, 0xf9, 0xf9, 0xfa, 0xfb, 0xfc, 0xfd, 0xff
    dc.b    0x00, 0x02, 0x03, 0x05, 0x06, 0x07, 0x07, 0x07, 0x07, 0x07, 0x07, 0x06, 0x05, 0x04, 0x04, 0x03
    dc.b    0x03, 0x02, 0x02, 0x02, 0x01, 0x01, 0x01, 0x01, 0x01, 0x01, 0x01, 0x01, 0x01, 0x00, 0x00, 0x00
    dc.b    0xff, 0xff, 0xff, 0xff, 0xff, 0xff, 0xff, 0xff, 0xff, 0xfe, 0xfe, 0xfe, 0xfd, 0xfd, 0xfc, 0xfc
    dc.b    0xfb, 0xfa, 0xf9, 0xf9, 0xf9, 0xf9, 0xf9, 0xfa, 0xfa, 0xfb, 0xfd, 0xfe, 0x00, 0x01, 0x03, 0x04
    dc.b    0x05, 0x06, 0x07, 0x07, 0x07, 0x07, 0x07, 0x06, 0x05, 0x05, 0x04, 0x03, 0x03, 0x02, 0x02, 0x02
    dc.b    0x01, 0x01, 0x01, 0x01, 0x01, 0x01, 0x01, 0x01, 0x01, 0x00, 0x00, 0x00, 0xff, 0xff, 0xff, 0xff
    dc.b    0xff, 0xff, 0xff, 0xff, 0xff, 0xff, 0xfe, 0xfe, 0xfe, 0xfd, 0xfd, 0xfc, 0xfb, 0xfb, 0xfa, 0xf9
    dc.b    0xf9, 0xf9, 0xf9, 0xf9, 0xfa, 0xfb, 0xfc, 0xfe, 0xff, 0x01, 0x02, 0x03, 0x05, 0x06, 0x06, 0x07
    dc.b    0x07, 0x07, 0x07, 0x06, 0x06, 0x05, 0x04, 0x04, 0x03, 0x02, 0x02, 0x02, 0x02, 0x01, 0x01, 0x01
    dc.b    0x01, 0x01, 0x01, 0x01, 0x01, 0x01, 0x00, 0x00, 0x00, 0xff, 0xff, 0xff, 0xff, 0xff, 0xff, 0xff
    dc.b    0xff, 0xff, 0xfe, 0xfe, 0xfe, 0xfe, 0xfd, 0xfc, 0xfc, 0xfb, 0xfa, 0xfa, 0xf9, 0xf9, 0xf9, 0xf9
    dc.b    0xfa, 0xfb, 0xfc, 0xfd, 0xfe, 0x00, 0x01, 0x03, 0x04, 0x05, 0x06, 0x07, 0x07, 0x07, 0x07, 0x06
    dc.b    0x06, 0x05, 0x04, 0x04, 0x03, 0x03, 0x02, 0x02, 0x02, 0x01, 0x01, 0x01, 0x01, 0x01, 0x01, 0x01
    dc.b    0x01, 0x01, 0x00, 0x00, 0x00, 0xff, 0xff, 0xff, 0xff, 0xff, 0xff, 0xff, 0xff, 0xff, 0xff, 0xfe
    dc.b    0xfe, 0xfe, 0xfd, 0xfd, 0xfc, 0xfb, 0xfb, 0xfa, 0xfa, 0xf9, 0xf9, 0xf9, 0xfa, 0xfa, 0xfb, 0xfc
    dc.b    0xfe, 0xff, 0x01, 0x02, 0x03, 0x05, 0x06, 0x06, 0x07, 0x07, 0x07, 0x06, 0x06, 0x05, 0x05, 0x04
    dc.b    0x03, 0x03, 0x02, 0x02, 0x02, 0x01, 0x01, 0x01, 0x01, 0x01, 0x01, 0x01, 0x01, 0x01, 0x01, 0x00
    dc.b    0x00, 0x00, 0xff, 0xff, 0xff, 0xff, 0xff, 0xff, 0xff, 0xff, 0xff, 0xff, 0xfe, 0xfe, 0xfe, 0xfd
    dc.b    0xfc, 0xfc, 0xfb, 0xfa, 0xfa, 0xf9, 0xf9, 0xf9, 0xfa, 0xfa, 0xfb, 0xfc, 0xfd, 0xff, 0x00, 0x01
    dc.b    0x03, 0x04, 0x05, 0x06, 0x06, 0x07, 0x07, 0x07, 0x06, 0x06, 0x05, 0x04, 0x04, 0x03, 0x02, 0x02
    dc.b    0x02, 0x01, 0x01, 0x01, 0x01, 0x01, 0x01, 0x01, 0x01, 0x01, 0x01, 0x00, 0x00, 0x00, 0xff, 0xff
    dc.b    0xff, 0xff, 0xff, 0xff, 0xff, 0xff, 0xff, 0xff, 0xfe, 0xfe, 0xfe, 0xfd, 0xfd, 0xfc, 0xfb, 0xfb
    dc.b    0xfa, 0xfa, 0xf9, 0xf9, 0xf9, 0xfa, 0xfb, 0xfc, 0xfd, 0xfe, 0xff, 0x01, 0x02, 0x03, 0x05, 0x05
    dc.b    0x06, 0x07, 0x07, 0x07, 0x06, 0x06, 0x05, 0x04, 0x04, 0x03, 0x03, 0x02, 0x02, 0x02, 0x01, 0x01
    dc.b    0x01, 0x01, 0x01, 0x01, 0x01, 0x01, 0x01, 0x01, 0x00, 0x00, 0x00, 0xff, 0xff, 0xff, 0xff, 0xff
    dc.b    0xff, 0xff, 0xff, 0xff, 0xff, 0xfe, 0xfe, 0xfe, 0xfd, 0xfc, 0xfc, 0xfb, 0xfb, 0xfa, 0xfa, 0xf9
    dc.b    0xf9, 0xfa, 0xfa, 0xfb, 0xfc, 0xfd, 0xff, 0x00, 0x02, 0x03, 0x04, 0x05, 0x06, 0x06, 0x07, 0x07
    dc.b    0x06, 0x06, 0x05, 0x05, 0x04, 0x03, 0x03, 0x02, 0x02, 0x02, 0x01, 0x01, 0x01, 0x01, 0x01, 0x01
    dc.b    0x01, 0x01, 0x01, 0x01, 0x00, 0x00, 0x00, 0xff, 0xff, 0xff, 0xff, 0xff, 0xff, 0xff, 0xff, 0xff
    dc.b    0xff, 0xfe, 0xfe, 0xfe, 0xfd, 0xfd, 0xfc, 0xfc, 0xfb, 0xfa, 0xfa, 0xfa, 0xfa, 0xfa, 0xfa, 0xfb
    dc.b    0xfc, 0xfd, 0xfe, 0xff, 0x01, 0x02, 0x03, 0x05, 0x05, 0x06, 0x06, 0x06, 0x06, 0x06, 0x05, 0x05
    dc.b    0x04, 0x04, 0x03, 0x02, 0x02, 0x02, 0x01, 0x01, 0x01, 0x01, 0x01, 0x01, 0x01, 0x01, 0x01, 0x01
    dc.b    0x00, 0x00, 0x00, 0x00, 0xff, 0xff, 0xff, 0xff, 0xff, 0xff, 0xff, 0xff, 0xff, 0xff, 0xfe, 0xfe
    dc.b    0xfe, 0xfd, 0xfd, 0xfc, 0xfb, 0xfb, 0xfa, 0xfa, 0xfa, 0xfa, 0xfa, 0xfb, 0xfb, 0xfc, 0xfe, 0xff
    dc.b    0x00, 0x02, 0x03, 0x04, 0x05, 0x06, 0x06, 0x06, 0x06, 0x06, 0x06, 0x05, 0x04, 0x04, 0x03, 0x03
    dc.b    0x02, 0x02, 0x02, 0x01, 0x01, 0x01, 0x01, 0x01, 0x01, 0x01, 0x01, 0x01, 0x01, 0x00, 0x00, 0x00
    dc.b    0xff, 0xff, 0xff, 0xff, 0xff, 0xff, 0xff, 0xff, 0xff, 0xff, 0xff, 0xfe, 0xfe, 0xfd, 0xfd, 0xfc
    dc.b    0xfc, 0xfb, 0xfa, 0xfa, 0xfa, 0xfa, 0xfa, 0xfa, 0xfb, 0xfc, 0xfd, 0xfe, 0x00, 0x01, 0x02, 0x03
    dc.b    0x04, 0x05, 0x06, 0x06, 0x06, 0x06, 0x06, 0x05, 0x05, 0x04, 0x03, 0x03, 0x02, 0x02, 0x02, 0x01
    dc.b    0x01, 0x01, 0x01, 0x01, 0x01, 0x01, 0x01, 0x01, 0x01, 0x00, 0x00, 0x00, 0x00, 0xff, 0xff, 0xff
    dc.b    0xff, 0xff, 0xff, 0xff, 0xff, 0xff, 0xff, 0xfe, 0xfe, 0xfe, 0xfd, 0xfd, 0xfc, 0xfb, 0xfb, 0xfa
    dc.b    0xfa, 0xfa, 0xfa, 0xfa, 0xfb, 0xfc, 0xfd, 0xfe, 0xff, 0x00, 0x02, 0x03, 0x04, 0x05, 0x05, 0x06
    dc.b    0x06, 0x06, 0x06, 0x05, 0x05, 0x04, 0x04, 0x03, 0x03, 0x02, 0x02, 0x01, 0x01, 0x01, 0x01, 0x01
    dc.b    0x01, 0x01, 0x01, 0x01, 0x01, 0x01, 0x00, 0x00, 0x00, 0xff, 0xff, 0xff, 0xff, 0xff, 0xff, 0xff
    dc.b    0xff, 0xff, 0xff, 0xff, 0xfe, 0xfe, 0xfd, 0xfd, 0xfc, 0xfc, 0xfb, 0xfb, 0xfa, 0xfa, 0xfa, 0xfa
    dc.b    0xfb, 0xfb, 0xfc, 0xfd, 0xfe, 0x00, 0x01, 0x02, 0x03, 0x04, 0x05, 0x06, 0x06, 0x06, 0x06, 0x06
    dc.b    0x05, 0x04, 0x04, 0x03, 0x03, 0x02, 0x02, 0x02, 0x01, 0x01, 0x01, 0x01, 0x01, 0x01, 0x01, 0x01
    dc.b    0x01, 0x01, 0x00, 0x00, 0x00, 0x00, 0xff, 0xff, 0xff, 0xff, 0xff, 0xff, 0xff, 0xff, 0xff, 0xff
    dc.b    0xfe, 0xfe, 0xfe, 0xfd, 0xfd, 0xfc, 0xfb, 0xfb, 0xfa, 0xfa, 0xfa, 0xfa, 0xfb, 0xfb, 0xfc, 0xfd
    dc.b    0xfe, 0xff, 0x00, 0x02, 0x03, 0x04, 0x05, 0x05, 0x06, 0x06, 0x06, 0x06, 0x05, 0x05, 0x04, 0x03
    dc.b    0x03, 0x02, 0x02, 0x02, 0x01, 0x01, 0x01, 0x01, 0x01, 0x01, 0x01, 0x01, 0x01, 0x01, 0x00, 0x00
    dc.b    0x00, 0x00, 0xff, 0xff, 0xff, 0xff, 0xff, 0xff, 0xff, 0xff, 0xff, 0xff, 0xff, 0xfe, 0xfe, 0xfd
    dc.b    0xfd, 0xfc, 0xfc, 0xfb, 0xfb, 0xfa, 0xfa, 0xfa, 0xfa, 0xfb, 0xfc, 0xfc, 0xfd, 0xff, 0x00, 0x01
    dc.b    0x02, 0x03, 0x04, 0x05, 0x05, 0x06, 0x06, 0x06, 0x05, 0x05, 0x04, 0x04, 0x03, 0x03, 0x02, 0x02
    dc.b    0x01, 0x01, 0x01, 0x01, 0x01, 0x01, 0x01, 0x01, 0x01, 0x01, 0x01, 0x00, 0x00, 0x00, 0x00, 0xff
    dc.b    0xff, 0xff, 0xff, 0xff, 0xff, 0xff, 0xff, 0xff, 0xff, 0xfe, 0xfe, 0xfe, 0xfd, 0xfd, 0xfc, 0xfc
    dc.b    0xfb, 0xfb, 0xfa, 0xfa, 0xfa, 0xfb, 0xfb, 0xfc, 0xfd, 0xfe, 0xff, 0x01, 0x02, 0x03, 0x04, 0x05
    dc.b    0x05, 0x06, 0x06, 0x06, 0x05, 0x05, 0x04, 0x04, 0x03, 0x03, 0x02, 0x02, 0x02, 0x01, 0x01, 0x01
    dc.b    0x01, 0x01, 0x01, 0x01, 0x01, 0x01, 0x01, 0x00, 0x00, 0x00, 0x00, 0xff, 0xff, 0xff, 0xff, 0xff
    dc.b    0xff, 0xff, 0xff, 0xff, 0xff, 0xff, 0xfe, 0xfe, 0xfe, 0xfd, 0xfc, 0xfc, 0xfb, 0xfb, 0xfb, 0xfa
    dc.b    0xfa, 0xfb, 0xfb, 0xfc, 0xfd, 0xfe, 0xff, 0x00, 0x00, 0x00, 0x00, 0x00, 0x00, 0x00, 0x00, 0x00
    .global brand_reverb_tail_size
brand_reverb_tail_size = .-brand_reverb_tail

.section .rodata_binf

    .align  2
img_bc_title_logo_tilemap_data:
    dc.b    0x00, 0x00, 0x00, 0x01, 0x00, 0x02, 0x00, 0x03, 0x00, 0x04, 0x00, 0x05, 0x00, 0x06, 0x00, 0x07
    dc.b    0x00, 0x08, 0x00, 0x09, 0x00, 0x0a, 0x00, 0x0b, 0x00, 0x0c, 0x00, 0x0d, 0x00, 0x0e, 0x00, 0x0f
    dc.b    0x00, 0x10, 0x00, 0x11, 0x00, 0x12, 0x00, 0x13, 0x00, 0x14, 0x00, 0x15, 0x00, 0x16, 0x00, 0x17
    dc.b    0x00, 0x18, 0x00, 0x19, 0x00, 0x1a, 0x00, 0x1b, 0x00, 0x1c, 0x00, 0x1d, 0x00, 0x1e, 0x00, 0x1f
    dc.b    0x00, 0x20, 0x00, 0x21, 0x00, 0x22, 0x00, 0x23, 0x00, 0x24, 0x00, 0x25, 0x00, 0x26, 0x00, 0x27
    dc.b    0x00, 0x28, 0x00, 0x29, 0x00, 0x2a, 0x00, 0x2b, 0x00, 0x2c, 0x00, 0x2d, 0x00, 0x2e, 0x00, 0x2f
    dc.b    0x00, 0x30, 0x00, 0x31, 0x00, 0x32, 0x00, 0x33, 0x00, 0x34, 0x00, 0x35, 0x00, 0x36, 0x00, 0x37
    dc.b    0x00, 0x38, 0x00, 0x39, 0x00, 0x3a, 0x00, 0x3b, 0x00, 0x3c, 0x00, 0x3d, 0x00, 0x3e, 0x00, 0x3f
    dc.b    0x00, 0x40, 0x00, 0x41, 0x00, 0x42, 0x00, 0x43, 0x00, 0x44, 0x00, 0x45, 0x00, 0x46, 0x00, 0x47
    dc.b    0x00, 0x48, 0x00, 0x49, 0x00, 0x4a, 0x00, 0x4b, 0x00, 0x4c, 0x00, 0x4d, 0x00, 0x4e, 0x00, 0x4f
    dc.b    0x00, 0x50, 0x00, 0x51, 0x00, 0x52, 0x00, 0x53, 0x00, 0x54, 0x00, 0x55, 0x00, 0x56, 0x00, 0x57
    dc.b    0x00, 0x58, 0x00, 0x59, 0x00, 0x5a, 0x00, 0x5b, 0x00, 0x5c, 0x00, 0x5d, 0x00, 0x5e, 0x00, 0x5f
img_bc_title_logo_tilemap_data_size = .-img_bc_title_logo_tilemap_data

    .align  2
img_bc_stage_bg_tilemap_data:
    dc.b    0x10, 0x19, 0x00, 0x00, 0x00, 0x00, 0x00, 0x07, 0xff, 0x9d, 0x01, 0x0a, 0x1b, 0x17, 0x00, 0x0a
    dc.b    0x00, 0x01, 0xff, 0xa2, 0x03, 0x06, 0x14, 0x05, 0x00, 0x0e, 0x02, 0x00, 0x00, 0x07, 0xff, 0xa0
    dc.b    0x01, 0x0a, 0x30, 0x01, 0x10, 0x0a, 0x00, 0x18, 0x00, 0x00, 0xff, 0xa4, 0x10, 0x01, 0x08, 0x1b
    dc.b    0xff, 0xa4, 0x00, 0x04, 0xff, 0xa4, 0x20, 0x03, 0x00, 0x00, 0x00, 0x1e, 0xff, 0xa6, 0x60, 0x01
    dc.b    0x00, 0x00, 0x00, 0x29, 0x00, 0x1e, 0x00, 0x2a, 0x00, 0x1e, 0x08, 0x29, 0xff, 0xa5, 0x01, 0x21
    dc.b    0x14, 0x32, 0x00, 0x2e, 0x00, 0x2a, 0xff, 0xa4, 0x02, 0x00, 0x00, 0x03, 0xff, 0xcd, 0xf0, 0x00
    dc.b    0x00, 0x60, 0x00, 0x61, 0x00, 0x5a, 0x00, 0x62, 0x00, 0x63, 0x00, 0x64, 0x00, 0x5a, 0x00, 0x65
    dc.b    0x00, 0x66, 0x00, 0x67, 0x00, 0x68, 0x00, 0x69, 0x00, 0x6a, 0x00, 0x6b, 0x00, 0x6c, 0xf0, 0x00
    dc.b    0x00, 0x6d, 0x00, 0x6e, 0x00, 0x6f, 0x00, 0x70, 0x00, 0x71, 0x00, 0x72, 0x00, 0x73, 0x00, 0x74
    dc.b    0x00, 0x75, 0x00, 0x76, 0x00, 0x77, 0x00, 0x78, 0x00, 0x79, 0x00, 0x7a, 0x00, 0x7b, 0xf0, 0x00
    dc.b    0x00, 0x7c, 0x00, 0x7d, 0x00, 0x7e, 0x00, 0x7f, 0x00, 0x80, 0x00, 0x81, 0x00, 0x82, 0x00, 0x83
    dc.b    0x00, 0x84, 0x00, 0x85, 0x00, 0x86, 0x00, 0x87, 0x00, 0x88, 0x00, 0x89, 0x00, 0x8a, 0xf0, 0x00
    dc.b    0x00, 0x8b, 0x00, 0x8c, 0x00, 0x8d, 0x00, 0x8e, 0x00, 0x8f, 0x00, 0x90, 0x00, 0x91, 0x00, 0x92
    dc.b    0x00, 0x93, 0x00, 0x94, 0x00, 0x95, 0x00, 0x96, 0x00, 0x97, 0x00, 0x98, 0x00, 0x99, 0xf0, 0x00
    dc.b    0x00, 0x9a, 0x00, 0x9b, 0x00, 0x9c, 0x00, 0x9d, 0x00, 0x9e, 0x00, 0x9f, 0x00, 0xa0, 0x00, 0xa1
    dc.b    0x00, 0xa2, 0x00, 0xa3, 0x00, 0xa4, 0x00, 0xa5, 0x00, 0xa6, 0x00, 0xa7, 0x00, 0xa8, 0xb1, 0x00
    dc.b    0x00, 0xa9, 0x00, 0xaa, 0x00, 0xab, 0x00, 0xac, 0x00, 0xad, 0x00, 0xae, 0x00, 0xaf, 0x00, 0xb0
    dc.b    0x00, 0xb1, 0x00, 0xb2, 0x00, 0xa8, 0xf0, 0x00, 0x00, 0xb3, 0x00, 0xb4, 0x00, 0xb5, 0x00, 0xb6
    dc.b    0x00, 0xb7, 0x00, 0xb8, 0x00, 0xb9, 0x00, 0xba, 0x00, 0xbb, 0x00, 0xbc, 0x00, 0xbd, 0x00, 0xbe
    dc.b    0x00, 0xbf, 0x00, 0xc0, 0x00, 0xc1, 0xd2, 0xaa, 0x00, 0xc2, 0x00, 0xc3, 0x00, 0xc4, 0x00, 0xc5
    dc.b    0x00, 0xc6, 0x00, 0xc7, 0x00, 0xc8, 0x00, 0xc9, 0x00, 0xca, 0x00, 0xcb, 0x00, 0xcc, 0x00, 0xcd
    dc.b    0x10, 0x19, 0xf0, 0x00, 0x00, 0xce, 0x00, 0x00, 0x00, 0xcf, 0x00, 0xd0, 0x00, 0xd1, 0x00, 0xd2
    dc.b    0x00, 0xd3, 0x00, 0xd4, 0x00, 0xd5, 0x00, 0xd6, 0x00, 0xd7, 0x00, 0xd8, 0x00, 0xd9, 0x00, 0xda
    dc.b    0x00, 0xdb, 0xf0, 0x00, 0x00, 0xdc, 0x00, 0xdd, 0x00, 0xde, 0x00, 0xdf, 0x00, 0xe0, 0x00, 0xe1
    dc.b    0x00, 0xe2, 0x00, 0xe3, 0x00, 0xe4, 0x00, 0xe5, 0x00, 0xe6, 0x00, 0xe7, 0x00, 0xe8, 0x00, 0xe9
    dc.b    0x00, 0xea, 0xb1, 0x2a, 0x00, 0xeb, 0x00, 0xec, 0x00, 0xed, 0x00, 0xee, 0x00, 0xef, 0x00, 0xf0
    dc.b    0x00, 0xf1, 0x00, 0xf2, 0x00, 0xf3, 0x00, 0xf4, 0x00, 0xf5, 0xf0, 0x00, 0x00, 0xf6, 0x00, 0xf7
    dc.b    0x00, 0xf8, 0x00, 0xf9, 0x00, 0xfa, 0x00, 0xfb, 0x00, 0xfc, 0x00, 0xfd, 0x00, 0xfe, 0x00, 0xff
    dc.b    0x01, 0x00, 0x01, 0x01, 0x01, 0x02, 0x01, 0x03, 0x01, 0x04, 0x91, 0x19, 0x01, 0x05, 0x01, 0x06
    dc.b    0x01, 0x07, 0x01, 0x08, 0x01, 0x09, 0x01, 0x0a, 0x01, 0x0b, 0x01, 0x0c, 0x01, 0x0d, 0xf0, 0x00
    dc.b    0x01, 0x0e, 0x01, 0x0f, 0x01, 0x10, 0x00, 0x00, 0x01, 0x11, 0x01, 0x12, 0x01, 0x13, 0x01, 0x14
    dc.b    0x01, 0x15, 0x01, 0x15, 0x01, 0x16, 0x01, 0x17, 0x01, 0x18, 0x01, 0x19, 0x01, 0x1a, 0xf0, 0x00
    dc.b    0x01, 0x1b, 0x01, 0x1c, 0x01, 0x1d, 0x01, 0x1e, 0x01, 0x1f, 0x01, 0x1f, 0x01, 0x20, 0x01, 0x21
    dc.b    0x01, 0x22, 0x01, 0x23, 0x01, 0x24, 0x01, 0x25, 0x01, 0x26, 0x01, 0x27, 0x01, 0x28, 0xf0, 0x00
    dc.b    0x01, 0x29, 0x01, 0x2a, 0x01, 0x2b, 0x01, 0x2c, 0x01, 0x2d, 0x01, 0x2e, 0x01, 0x2f, 0x01, 0x30
    dc.b    0x01, 0x31, 0x01, 0x32, 0x01, 0x33, 0x01, 0x34, 0x01, 0x35, 0x01, 0x36, 0x01, 0x37, 0xd1, 0x26
    dc.b    0x00, 0x00, 0x01, 0x38, 0x01, 0x39, 0x01, 0x3a, 0x01, 0x3b, 0x01, 0x3c, 0x01, 0x3d, 0x01, 0x3e
    dc.b    0x01, 0x3f, 0x01, 0x40, 0x01, 0x41, 0x01, 0x42, 0x01, 0x43, 0xf0, 0x00, 0x01, 0x1f, 0x01, 0x44
    dc.b    0x01, 0x45, 0x01, 0x46, 0x01, 0x47, 0x01, 0x48, 0x01, 0x49, 0x01, 0x4a, 0x01, 0x4b, 0x01, 0x4c
    dc.b    0x01, 0x4d, 0x01, 0x4e, 0x01, 0x4f, 0x01, 0x50, 0x01, 0x51, 0xd2, 0x9f, 0x01, 0x2e, 0x01, 0x52
    dc.b    0x01, 0x53, 0x01, 0x54, 0x01, 0x55, 0x01, 0x56, 0x01, 0x57, 0x01, 0x58, 0x01, 0x59, 0x01, 0x5a
    dc.b    0x01, 0x5b, 0x01, 0x5c, 0x01, 0x5d, 0x71, 0x26, 0x01, 0x5e, 0x01, 0x5f, 0x01, 0x60, 0x01, 0x61
    dc.b    0x01, 0x62, 0x01, 0x63, 0x01, 0x64, 0x61, 0x10, 0x01, 0x65, 0x01, 0x66, 0x01, 0x67, 0x01, 0x68
    dc.b    0x01, 0x69, 0x01, 0x6a, 0xf0, 0x00, 0x01, 0x6b, 0x01, 0x6c, 0x01, 0x6d, 0x01, 0x6e, 0x01, 0x6f
    dc.b    0x01, 0x70, 0x01, 0x1f, 0x01, 0x71, 0x10, 0xe8, 0x00, 0x00, 0x01, 0x32, 0x00, 0x00, 0x01, 0x72
    dc.b    0x01, 0x73, 0x01, 0x74, 0xf0, 0x00, 0x01, 0x75, 0x01, 0x76, 0x01, 0x77, 0x01, 0x78, 0x01, 0x79
    dc.b    0x01, 0x7a, 0x01, 0x7b, 0x01, 0x7c, 0x01, 0x7d, 0x01, 0x7e, 0x00, 0x00, 0x01, 0x7f, 0x01, 0x80
    dc.b    0x01, 0x81, 0x01, 0x82, 0xf0, 0x00, 0x01, 0x1f, 0x01, 0x83, 0x01, 0x84, 0x01, 0x85, 0x01, 0x86
    dc.b    0x01, 0x87, 0x00, 0xc8, 0x01, 0x88, 0x01, 0x89, 0x01, 0x8a, 0x01, 0x8b, 0x01, 0x8c, 0x01, 0x8d
    dc.b    0x01, 0x8e, 0x01, 0x8f, 0xf0, 0x00, 0x01, 0x90, 0x01, 0x1f, 0x01, 0x91, 0x01, 0x92, 0x01, 0x93
    dc.b    0x01, 0x92, 0x01, 0x94, 0x01, 0x95, 0x01, 0x96, 0x01, 0x97, 0x01, 0x98, 0x01, 0x99, 0x01, 0x9a
    dc.b    0x01, 0x9b, 0x01, 0x9c, 0x41, 0x41, 0x01, 0x9d, 0x01, 0x9e, 0x01, 0x9f, 0x19, 0x0c, 0xa1, 0x0b
    dc.b    0x01, 0xa0, 0x01, 0xa1, 0x01, 0xa2, 0x01, 0xa3, 0x01, 0x1f, 0x01, 0xa4, 0x01, 0xa5, 0x01, 0x1f
    dc.b    0x01, 0xa6, 0x01, 0x91, 0xf0, 0x00, 0x01, 0xa7, 0x01, 0xa8, 0x01, 0xa9, 0x01, 0xaa, 0x01, 0xab
    dc.b    0x01, 0xac, 0x01, 0xad, 0x01, 0xae, 0x01, 0xaf, 0x01, 0xb0, 0x00, 0x00, 0x01, 0xb1, 0x00, 0x0d
    dc.b    0x00, 0x00, 0x01, 0xb2, 0xf0, 0x00, 0x01, 0xb3, 0x01, 0xb4, 0x01, 0xb5, 0x01, 0xb6, 0x01, 0xb7
    dc.b    0x01, 0xb8, 0x01, 0xb9, 0x01, 0xba, 0x01, 0xbb, 0x01, 0xbc, 0x01, 0xbd, 0x19, 0x38, 0x00, 0x00
    dc.b    0x01, 0xbe, 0x01, 0xbf, 0x71, 0x27, 0x01, 0xc0, 0x01, 0xc1, 0x01, 0xc2, 0x01, 0xc3, 0x01, 0xc4
    dc.b    0x01, 0xc5, 0x01, 0xc6, 0xd1, 0x35, 0x01, 0xc7, 0x01, 0xc8, 0x01, 0xc9, 0x01, 0xca, 0x01, 0xcb
    dc.b    0x01, 0xcc, 0x01, 0xcd, 0x01, 0xad, 0x01, 0xce, 0x01, 0x1f, 0x01, 0xcf, 0x01, 0xd0, 0x01, 0xd1
    dc.b    0xf0, 0x00, 0x01, 0xd2, 0x01, 0xd3, 0x01, 0xd4, 0x01, 0xd5, 0x01, 0xd6, 0x01, 0xd7, 0x01, 0xd8
    dc.b    0x01, 0xd9, 0x18, 0xa8, 0x18, 0xa8, 0x01, 0xda, 0x01, 0xdb, 0x01, 0xdc, 0x00, 0xc3, 0x01, 0xdd
    dc.b    0x32, 0xc7, 0x01, 0xde, 0x01, 0xdf, 0x01, 0xe0, 0x21, 0x27, 0x01, 0xe1, 0x01, 0xe2, 0xf0, 0x00
    dc.b    0x08, 0x20, 0x01, 0xe3, 0x01, 0xe4, 0x01, 0xe5, 0x01, 0xe6, 0x01, 0xe7, 0x01, 0xe8, 0x01, 0xad
    dc.b    0x01, 0xe9, 0x01, 0xea, 0x01, 0x2e, 0x01, 0xeb, 0x01, 0xec, 0x01, 0xed, 0x01, 0xee, 0xf0, 0x00
    dc.b    0x01, 0xef, 0x01, 0xf0, 0x01, 0xf1, 0x01, 0xf2, 0x01, 0xf3, 0x01, 0xf4, 0x01, 0xf5, 0x01, 0xf6
    dc.b    0x01, 0xf7, 0x01, 0xf8, 0x00, 0x00, 0x01, 0xf9, 0x19, 0xdb, 0x01, 0xfa, 0x01, 0xfb, 0x32, 0x27
    dc.b    0x01, 0xfc, 0x01, 0x81, 0x01, 0xfd, 0x31, 0x41, 0x01, 0xfe, 0x01, 0xff, 0x02, 0x00, 0xf0, 0x00
    dc.b    0x02, 0x01, 0x01, 0xdb, 0x02, 0x02, 0x02, 0x03, 0x02, 0x04, 0x02, 0x05, 0x01, 0xad, 0x02, 0x06
    dc.b    0x02, 0x07, 0x01, 0x2e, 0x02, 0x08, 0x02, 0x09, 0x08, 0x2c, 0x00, 0x00, 0x02, 0x0a, 0xf0, 0x00
    dc.b    0x02, 0x0b, 0x02, 0x0c, 0x02, 0x0d, 0x02, 0x0e, 0x02, 0x0f, 0x02, 0x10, 0x02, 0x11, 0x00, 0x00
    dc.b    0x00, 0x2c, 0x02, 0x12, 0x02, 0x13, 0x02, 0x14, 0x00, 0x00, 0x02, 0x15, 0x02, 0x16, 0xf0, 0x00
    dc.b    0x02, 0x17, 0x02, 0x18, 0x02, 0x19, 0x02, 0x1a, 0x02, 0x1b, 0x02, 0x1c, 0x01, 0xc6, 0x02, 0x1d
    dc.b    0x02, 0x1e, 0x00, 0x00, 0x02, 0x1f, 0x01, 0xdb, 0x02, 0x20, 0x02, 0x21, 0x02, 0x22, 0xf0, 0x00
    dc.b    0x02, 0x23, 0x02, 0x24, 0x02, 0x25, 0x02, 0x26, 0x01, 0x2e, 0x02, 0x27, 0x02, 0x28, 0x02, 0x29
    dc.b    0x18, 0xa8, 0x02, 0x2a, 0x02, 0x2b, 0x02, 0x2c, 0x02, 0x2d, 0x02, 0x2e, 0x02, 0x2f, 0xf0, 0x00
    dc.b    0x02, 0x30, 0x02, 0x31, 0x02, 0x32, 0x02, 0x33, 0x02, 0x34, 0x02, 0x35, 0x02, 0x36, 0x02, 0x37
    dc.b    0x02, 0x38, 0x02, 0x39, 0x02, 0x3a, 0x02, 0x3b, 0x02, 0x3c, 0x02, 0x3d, 0x02, 0x3e, 0xf0, 0x00
    dc.b    0x01, 0x1f, 0x02, 0x3f, 0x01, 0x91, 0x02, 0x40, 0x02, 0x41, 0x02, 0x42, 0x02, 0x43, 0x02, 0x44
    dc.b    0x02, 0x45, 0x02, 0x46, 0x02, 0x47, 0x02, 0x48, 0x02, 0x49, 0x02, 0x4a, 0x01, 0x2e, 0xf0, 0x00
    dc.b    0x19, 0x54, 0x02, 0x4b, 0x02, 0x4c, 0x02, 0x4d, 0x02, 0x4e, 0x19, 0x7e, 0x02, 0x4f, 0x02, 0x50
    dc.b    0x02, 0x51, 0x02, 0x52, 0x02, 0x53, 0x02, 0x54, 0x02, 0x55, 0x02, 0x56, 0x02, 0x57, 0xc1, 0x9f
    dc.b    0x02, 0x58, 0x02, 0x59, 0x02, 0x5a, 0x02, 0x5b, 0x02, 0x5c, 0x02, 0x5d, 0x02, 0x5e, 0x02, 0x5f
    dc.b    0x02, 0x60, 0x02, 0x61, 0x02, 0x62, 0x02, 0x63, 0xd1, 0x85, 0x02, 0x64, 0x02, 0x65, 0x02, 0x66
    dc.b    0x02, 0x67, 0x02, 0x68, 0x02, 0x69, 0x02, 0x6a, 0x02, 0x6b, 0x02, 0x6c, 0x02, 0x6d, 0x01, 0x2e
    dc.b    0x02, 0x6e, 0x02, 0x6f, 0xf0, 0x00, 0x02, 0x0a, 0x02, 0x70, 0x02, 0x71, 0x02, 0x72, 0x02, 0x73
    dc.b    0x02, 0x74, 0x02, 0x75, 0x02, 0x76, 0x02, 0x77, 0x02, 0x78, 0x02, 0x79, 0x02, 0x7a, 0x02, 0x7b
    dc.b    0x02, 0x7c, 0x02, 0x7d, 0xf0, 0x00, 0x02, 0x7e, 0x02, 0x7f, 0x02, 0x80, 0x02, 0x81, 0x02, 0x82
    dc.b    0x02, 0x83, 0x02, 0x84, 0x02, 0x85, 0x02, 0x86, 0x19, 0x5e, 0x02, 0x87, 0x02, 0x88, 0x02, 0x89
    dc.b    0x02, 0x8a, 0x02, 0x8b, 0xf0, 0x00, 0x02, 0x8c, 0x02, 0x8d, 0x02, 0x8e, 0x02, 0x8f, 0x02, 0x90
    dc.b    0x02, 0x91, 0x02, 0x92, 0x02, 0x93, 0x02, 0x94, 0x02, 0x95, 0x02, 0x96, 0x02, 0x97, 0x02, 0x98
    dc.b    0x02, 0x99, 0x02, 0x9a, 0xf0, 0x00, 0x02, 0x9b, 0x02, 0x9c, 0x02, 0x9d, 0x02, 0x9e, 0x00, 0x00
    dc.b    0x02, 0x9f, 0x02, 0xa0, 0x02, 0xa1, 0x02, 0xa2, 0x02, 0xa3, 0x02, 0xa4, 0x02, 0xa5, 0x02, 0xa6
    dc.b    0x02, 0xa7, 0x02, 0xa8, 0xf0, 0x00, 0x02, 0xa9, 0x02, 0xaa, 0x02, 0xab, 0x02, 0xac, 0x00, 0x00
    dc.b    0x02, 0xad, 0x02, 0xae, 0x02, 0xaf, 0x02, 0xb0, 0x02, 0xb1, 0x02, 0xb2, 0x02, 0xb3, 0x02, 0xb4
    dc.b    0x02, 0xb5, 0x02, 0xb6, 0xf0, 0x00, 0x01, 0x2e, 0x02, 0xb7, 0x02, 0xb8, 0x02, 0xb9, 0x00, 0x00
    dc.b    0x02, 0xba, 0x02, 0xbb, 0x02, 0xbc, 0x02, 0xbd, 0x02, 0xbe, 0x02, 0xbf, 0x02, 0xc0, 0x02, 0xc1
    dc.b    0x02, 0xc2, 0x02, 0xc3, 0xf0, 0x00, 0x02, 0xc4, 0x02, 0xc5, 0x02, 0xc6, 0x02, 0xc7, 0x02, 0xc8
    dc.b    0x02, 0xc9, 0x02, 0xca, 0x02, 0xcb, 0x02, 0xcc, 0x02, 0xcd, 0x02, 0xce, 0x02, 0xcf, 0x02, 0xd0
    dc.b    0x02, 0xd1, 0x02, 0xd2, 0xf0, 0x00, 0x02, 0xd3, 0x02, 0xd4, 0x02, 0xd5, 0x02, 0xd6, 0x02, 0xd7
    dc.b    0x02, 0xd8, 0x02, 0xd9, 0x02, 0xda, 0x02, 0xc3, 0x02, 0xdb, 0x02, 0xdc, 0x02, 0xdd, 0x02, 0xde
    dc.b    0x02, 0xdf, 0x02, 0xe0, 0xf0, 0x00, 0x02, 0xe1, 0x02, 0xe2, 0x02, 0xe3, 0x02, 0xe4, 0x02, 0xe5
    dc.b    0x02, 0xe6, 0x02, 0xe7, 0x02, 0xe8, 0x02, 0xe9, 0x02, 0xea, 0x02, 0xeb, 0x02, 0xec, 0x02, 0xed
    dc.b    0x02, 0xee, 0x02, 0xef, 0xf0, 0x00, 0x02, 0xf0, 0x02, 0xf1, 0x02, 0xf2, 0x02, 0xf3, 0x02, 0xf4
    dc.b    0x02, 0xf5, 0x02, 0xf6, 0x02, 0xf7, 0x02, 0xf8, 0x02, 0xf9, 0x02, 0xfa, 0x02, 0xfb, 0x02, 0xfc
    dc.b    0x02, 0xfd, 0x02, 0xfe, 0xf0, 0x00, 0x02, 0xff, 0x03, 0x00, 0x03, 0x01, 0x03, 0x02, 0x03, 0x03
    dc.b    0x03, 0x04, 0x03, 0x05, 0x03, 0x06, 0x03, 0x07, 0x03, 0x08, 0x03, 0x09, 0x03, 0x0a, 0x03, 0x0b
    dc.b    0x03, 0x0c, 0x08, 0x22, 0xf0, 0x00, 0x03, 0x0d, 0x03, 0x0e, 0x03, 0x0f, 0x03, 0x10, 0x03, 0x11
    dc.b    0x03, 0x12, 0x03, 0x13, 0x03, 0x14, 0x03, 0x15, 0x03, 0x16, 0x03, 0x17, 0x03, 0x18, 0x03, 0x19
    dc.b    0x03, 0x1a, 0x03, 0x1b, 0xf0, 0x00, 0x03, 0x1c, 0x03, 0x1d, 0x03, 0x1e, 0x03, 0x1f, 0x03, 0x20
    dc.b    0x03, 0x21, 0x03, 0x22, 0x03, 0x23, 0x03, 0x24, 0x03, 0x25, 0x03, 0x26, 0x03, 0x27, 0x03, 0x28
    dc.b    0x03, 0x29, 0x03, 0x2a, 0xd2, 0x00, 0x03, 0x2b, 0x03, 0x2c, 0x03, 0x2d, 0x03, 0x2e, 0x03, 0x2f
    dc.b    0x03, 0x30, 0x03, 0x31, 0x03, 0x32, 0x03, 0x33, 0x03, 0x34, 0x03, 0x35, 0x03, 0x36, 0x03, 0x37
    dc.b    0xf0, 0x00, 0x03, 0x38, 0x03, 0x39, 0x03, 0x3a, 0x03, 0x3b, 0x03, 0x3c, 0x03, 0x3d, 0x03, 0x3e
    dc.b    0x03, 0x3f, 0x03, 0x40, 0x03, 0x41, 0x03, 0x42, 0x03, 0x43, 0x03, 0x44, 0x03, 0x45, 0x03, 0x33
    dc.b    0x21, 0x12, 0x03, 0x46, 0x03, 0x47, 0xf0, 0x00, 0x03, 0x48, 0x03, 0x49, 0x03, 0x45, 0x03, 0x45
    dc.b    0x03, 0x4a, 0x03, 0x4b, 0x03, 0x4c, 0x03, 0x4d, 0x03, 0x4e, 0x03, 0x4f, 0x03, 0x50, 0x03, 0x51
    dc.b    0x03, 0x52, 0x03, 0x53, 0x03, 0x54, 0xf0, 0x00, 0x03, 0x55, 0x03, 0x56, 0x03, 0x57, 0x03, 0x58
    dc.b    0x03, 0x59, 0x03, 0x5a, 0x03, 0x5b, 0x03, 0x5c, 0x03, 0x5c, 0x03, 0x5d, 0x03, 0x5e, 0x03, 0x5f
    dc.b    0x03, 0x60, 0x03, 0x61, 0x09, 0x32, 0xf0, 0x00, 0x03, 0x62, 0x03, 0x63, 0x03, 0x64, 0x03, 0x65
    dc.b    0x03, 0x66, 0x0b, 0x65, 0x03, 0x67, 0x03, 0x68, 0x03, 0x69, 0x03, 0x6a, 0x03, 0x6b, 0x03, 0x6c
    dc.b    0x03, 0x6d, 0x03, 0x6e, 0x03, 0x6f, 0xf0, 0x00, 0x03, 0x70, 0x03, 0x71, 0x03, 0x72, 0x03, 0x73
    dc.b    0x03, 0x74, 0x03, 0x75, 0x03, 0x76, 0x03, 0x77, 0x03, 0x78, 0x03, 0x79, 0x03, 0x7a, 0x03, 0x7b
    dc.b    0x03, 0x7c, 0x03, 0x7d, 0x03, 0x7e, 0xf0, 0x00, 0x03, 0x7f, 0x03, 0x80, 0x03, 0x81, 0x03, 0x82
    dc.b    0x03, 0x83, 0x03, 0x84, 0x03, 0x85, 0x13, 0x33, 0x13, 0x37, 0x03, 0x86, 0x03, 0x87, 0x03, 0x78
    dc.b    0x03, 0x78, 0x03, 0x88, 0x03, 0x89, 0xf0, 0x00, 0x03, 0x8a, 0x03, 0x8b, 0x03, 0x8c, 0x03, 0x8d
    dc.b    0x03, 0x8e, 0x03, 0x8f, 0x03, 0x90, 0x03, 0x91, 0x03, 0x92, 0x03, 0x93, 0x03, 0x94, 0x03, 0x95
    dc.b    0x03, 0x96, 0x03, 0x96, 0x03, 0x97, 0x10, 0x00, 0x03, 0x98, 0x00, 0x00, 0x00, 0x00
img_bc_stage_bg_tilemap_data_size = .-img_bc_stage_bg_tilemap_data

    .align  2
img_bc_title_logo_tileset_data:
    dc.b    0x11, 0x39, 0x12, 0x22, 0xee, 0x03, 0xd4, 0x04, 0xdf, 0x77, 0x1c, 0x77, 0x2d, 0x47, 0x21, 0x47
    dc.b    0x25, 0x1e, 0x7c, 0x5e, 0x2a, 0x77, 0x10, 0x4d, 0x3e, 0xa0, 0x02, 0x04, 0xdf, 0x03, 0xb7, 0x3d
    dc.b    0xb7, 0xdd, 0x13, 0x55, 0xd2, 0x93, 0x44, 0x89, 0x52, 0xaa, 0xa0, 0x02, 0x04, 0x6d, 0xa2, 0x31
    dc.b    0x2e, 0xb8, 0x34, 0xe8, 0x07, 0x01, 0x43, 0xdd, 0xd3, 0x18, 0x08, 0x55, 0x53, 0x08, 0x4a, 0xa3
    dc.b    0x84, 0xd0, 0x2f, 0x57, 0xdb, 0x08, 0x40, 0x17, 0x5f, 0xdd, 0x63, 0xd1, 0x16, 0x55, 0x51, 0xa0
    dc.b    0x23, 0xaa, 0xa1, 0xaa, 0x04, 0x28, 0x01, 0x85, 0x48, 0x89, 0x6c, 0x08, 0x5d, 0x37, 0xdd, 0x23
    dc.b    0x80, 0x5c, 0x08, 0xda, 0x21, 0xad, 0x2e, 0x22, 0x3a, 0xdb, 0x8d, 0xff, 0x8d, 0x10, 0x08, 0x80
    dc.b    0x45, 0x82, 0xb4, 0x03, 0xf9, 0x51, 0x01, 0x77, 0x91, 0x01, 0x9b, 0xba, 0x6c, 0x02, 0xba, 0x02
    dc.b    0xa2, 0xa6, 0x04, 0xd0, 0x03, 0x9b, 0xb4, 0x2d, 0x01, 0x03, 0x70, 0x2d, 0x2b, 0x09, 0x1e, 0x19
    dc.b    0xcc, 0xbc, 0xd5, 0x63, 0x21, 0xbc, 0x54, 0x22, 0x32, 0xb7, 0xd2, 0x09, 0x41, 0xb3, 0x9f, 0x41
    dc.b    0xf8, 0x32, 0x08, 0xec, 0x1d, 0x39, 0xdd, 0xe2, 0x1d, 0x25, 0x55, 0x07, 0xd5, 0x2a, 0xaa, 0x45
    dc.b    0xda, 0x10, 0x04, 0x37, 0xd0, 0x64, 0x51, 0x2e, 0xa2, 0x43, 0x9f, 0x06, 0x42, 0x44, 0x45, 0x55
    dc.b    0xa2, 0x79, 0x6a, 0x51, 0x09, 0x05, 0xa1, 0x01, 0xcc, 0x44, 0x21, 0xdc, 0x82, 0x7a, 0x0f, 0x25
    dc.b    0x54, 0x44, 0x7a, 0x7a, 0x06, 0xbc, 0x5a, 0x08, 0xd1, 0xb6, 0x16, 0x51, 0x59, 0x09, 0xe2, 0x98
    dc.b    0x07, 0x5e, 0x84, 0xde, 0x4a, 0xe8, 0xd5, 0xee, 0xad, 0xe8, 0xda, 0x37, 0xae, 0xa4, 0xbe, 0x49
    dc.b    0x1c, 0x1c, 0xac, 0x20, 0xe2, 0x3d, 0x63, 0xdd, 0x08, 0x35, 0x55, 0x19, 0x08, 0x3a, 0xa5, 0x08
    dc.b    0xaa, 0xa1, 0x09, 0x9e, 0x22, 0x43, 0x86, 0x9f, 0xc4, 0x7c, 0xd2, 0x2d, 0x83, 0x20, 0x52, 0x50
    dc.b    0x42, 0x9a, 0x3a, 0x92, 0x9e, 0xd9, 0x08, 0x32, 0x23, 0xb4, 0xaf, 0x33, 0x5a, 0x21, 0x08, 0x0a
    dc.b    0xdf, 0x7c, 0x2a, 0x3f, 0x84, 0x9c, 0xa4, 0xc0, 0x24, 0x41, 0x2e, 0xe8, 0xb8, 0xed, 0x32, 0x09
    dc.b    0x04, 0x92, 0x1a, 0x04, 0x5c, 0x13, 0x08, 0x35, 0x09, 0x35, 0x09, 0x26, 0x08, 0x02, 0x1c, 0x45
    dc.b    0x4a, 0xa4, 0x79, 0xf6, 0xc6, 0x08, 0x32, 0x2a, 0x08, 0x39, 0x22, 0x1a, 0xee, 0xec, 0x8a, 0x44
    dc.b    0x82, 0x0d, 0x14, 0x54, 0x58, 0xa9, 0x78, 0xe4, 0xa0, 0xe7, 0xd1, 0x14, 0x04, 0x21, 0xa2, 0x99
    dc.b    0x13, 0x08, 0x11, 0xd2, 0x88, 0x85, 0x91, 0x6d, 0x12, 0x52, 0xe4, 0x15, 0xb9, 0x04, 0x42, 0xb0
    dc.b    0x09, 0x32, 0x1d, 0x4a, 0xd2, 0xcd, 0x08, 0x45, 0x08, 0x03, 0x9d, 0x32, 0x9c, 0x83, 0xe4, 0x23
    dc.b    0xb7, 0xf4, 0xae, 0xc0, 0x74, 0x5a, 0xa3, 0x25, 0xdd, 0x10, 0x19, 0x15, 0x08, 0xa2, 0xd1, 0x21
    dc.b    0xbe, 0x08, 0x48, 0x85, 0x36, 0x52, 0x20, 0x03, 0xa5, 0xe8, 0x38, 0xcc, 0x74, 0x71, 0x90, 0x92
    dc.b    0x83, 0xcd, 0x6d, 0x09, 0x28, 0x09, 0x21, 0x86, 0x52, 0x6e, 0x31, 0x8d, 0xbd, 0xa2, 0xa0, 0x02
    dc.b    0x04, 0xd9, 0xaa, 0x02, 0x32, 0x26, 0xd9, 0x47, 0x01, 0x92, 0x46, 0x24, 0x12, 0x4a, 0x09, 0x91
    dc.b    0x2c, 0x21, 0x04, 0xa0, 0x0c, 0x55, 0x1e, 0x04, 0x22, 0xc4, 0x40, 0x04, 0xa5, 0xce, 0xbe, 0x42
    dc.b    0xae, 0x33, 0x26, 0x32, 0xa1, 0xe9, 0x83, 0xc2, 0x41, 0x42, 0xc2, 0x44, 0x37, 0x89, 0x40, 0x43
    dc.b    0xa7, 0x31, 0x96, 0x08, 0xf9, 0xb3, 0x09, 0x11, 0xa4, 0x74, 0x11, 0xdd, 0x80, 0x24, 0x96, 0x3b
    dc.b    0x4c, 0x04, 0x24, 0x12, 0x85, 0xb6, 0x48, 0x79, 0xa1, 0xa8, 0x45, 0xa0, 0x08, 0xa0, 0xc3, 0x08
    dc.b    0xa2, 0x23, 0x5a, 0x41, 0x08, 0xc9, 0xd1, 0x42, 0x52, 0xcd, 0xd1, 0x4a, 0xc4, 0x64, 0x34, 0x48
    dc.b    0x1e, 0x38, 0x71, 0x65, 0x2d, 0x4b, 0x25, 0x49, 0xc1, 0x24, 0x06, 0x24, 0x33, 0x08, 0x48, 0x32
    dc.b    0x6d, 0x6d, 0x09, 0x80, 0x05, 0xae, 0x27, 0x90, 0xb6, 0xe2, 0x60, 0xa3, 0x86, 0x3c, 0x32, 0x44
    dc.b    0x66, 0x3b, 0x32, 0x08, 0x8a, 0xde, 0x2a, 0x83, 0x41, 0xa0, 0xe2, 0x82, 0xd7, 0x28, 0xe3, 0xaa
    dc.b    0x0e, 0xae, 0x23, 0x9a, 0x46, 0x82, 0x20, 0xda, 0xa3, 0x84, 0x04, 0x1d, 0x2c, 0xd5, 0x6d, 0x53
    dc.b    0x20, 0x02, 0x41, 0x10, 0xa2, 0xea, 0x54, 0xbe, 0x91, 0x49, 0x42, 0x54, 0x40, 0x86, 0x52, 0x33
    dc.b    0x35, 0xd3, 0x08, 0x1b, 0xbc, 0x08, 0x51, 0xbf, 0x20, 0xd2, 0x6a, 0x96, 0x88, 0x7e, 0xe0, 0xc6
    dc.b    0xa1, 0xff, 0xda, 0x08, 0x40, 0x0d, 0xc1, 0x38, 0xd3, 0xd6, 0x09, 0x26, 0x45, 0x42, 0x10, 0xa2
    dc.b    0xe1, 0x51, 0x2a, 0x8b, 0xe9, 0x12, 0xa0, 0x20, 0xb3, 0xab, 0x53, 0xc2, 0x14, 0x43, 0x7e, 0x92
    dc.b    0x24, 0x88, 0xbd, 0x04, 0x6f, 0x8e, 0x12, 0x8f, 0x21, 0x16, 0x06, 0x25, 0x53, 0x3e, 0x92, 0x26
    dc.b    0xe3, 0x33, 0x33, 0x16, 0x44, 0x24, 0x10, 0x89, 0x34, 0x04, 0xa6, 0x20, 0x08, 0xd2, 0xad, 0xdd
    dc.b    0xa3, 0xb0, 0x6d, 0x80, 0x8a, 0x08, 0x01, 0xcc, 0x15, 0x5d, 0x21, 0x82, 0x48, 0xdf, 0x14, 0xd0
    dc.b    0x09, 0x81, 0x42, 0x04, 0x99, 0x0a, 0x33, 0x43, 0x92, 0x1a, 0x78, 0x08, 0x98, 0x97, 0xa2, 0xf0
    dc.b    0x08, 0xfd, 0x04, 0x36, 0x18, 0x4a, 0x82, 0x04, 0x63, 0xa7, 0x74, 0x18, 0x49, 0x23, 0x0f, 0x74
    dc.b    0xa3, 0xf9, 0x9a, 0x2e, 0x4b, 0xf0, 0xa5, 0x1f, 0xab, 0x29, 0x04, 0x08, 0x42, 0x1a, 0x4a, 0x9e
    dc.b    0x1d, 0x41, 0x09, 0x22, 0xe1, 0x25, 0xd8, 0xe2, 0x59, 0x9d, 0x02, 0x5e, 0x22, 0x6c, 0x4c, 0x54
    dc.b    0x94, 0xb4, 0xa7, 0x29, 0x89, 0xcd, 0x92, 0xeb, 0x1f, 0x01, 0xa6, 0xf9, 0xca, 0x03, 0x34, 0x08
    dc.b    0x86, 0x63, 0x11, 0x63, 0x33, 0x08, 0x14, 0x55, 0x24, 0x08, 0x24, 0xc2, 0x34, 0xf3, 0x64, 0x04
    dc.b    0x55, 0xa2, 0xec, 0x48, 0x3c, 0xd4, 0x07, 0x69, 0x09, 0x3a, 0x50, 0x0e, 0x08, 0x96, 0x5d, 0xfd
    dc.b    0x0d, 0x33, 0x34, 0x78, 0x44, 0x56, 0x0e, 0xa6, 0x5d, 0x34, 0xa2, 0x51, 0x62, 0x01, 0x96, 0x5a
    dc.b    0xa5, 0x90, 0x09, 0xa4, 0x99, 0x78, 0xda, 0xa4, 0x09, 0x2c, 0x0e, 0xe2, 0x31, 0x9f, 0xf9, 0x74
    dc.b    0x04, 0x5e, 0xe5, 0x54, 0x51, 0x45, 0x84, 0x87, 0x25, 0x98, 0x49, 0x20, 0xa3, 0x08, 0xb7, 0x04
    dc.b    0x87, 0x51, 0x22, 0x13, 0xe9, 0x2a, 0x85, 0x77, 0x28, 0x1c, 0x90, 0x2e, 0xcc, 0xfc, 0x44, 0x10
    dc.b    0x1a, 0xb0, 0x3d, 0xd0, 0x09, 0x08, 0x4d, 0x69, 0x74, 0xa4, 0x9f, 0xab, 0x41, 0x64, 0x42, 0x08
    dc.b    0x1e, 0x88, 0x41, 0x4a, 0xb1, 0x20, 0x2b, 0x39, 0x32, 0x10, 0xa2, 0x4a, 0xca, 0x43, 0x0c, 0xb5
    dc.b    0x86, 0x75, 0x09, 0x83, 0x85, 0x7e, 0x3e, 0xe8, 0xa4, 0x90, 0x1c, 0x92, 0x1b, 0xe9, 0x65, 0x64
    dc.b    0x1c, 0x04, 0x22, 0xa2, 0xa5, 0x27, 0x04, 0x55, 0x44, 0x21, 0xc5, 0x67, 0x11, 0xd4, 0x91, 0x51
    dc.b    0xba, 0x14, 0x04, 0xc4, 0x6e, 0x96, 0xb3, 0xce, 0x4d, 0x33, 0x46, 0x37, 0x23, 0x40, 0x4d, 0x40
    dc.b    0x25, 0xf5, 0xb6, 0x28, 0x08, 0x28, 0x99, 0x09, 0xcb, 0xaa, 0x9b, 0xe4, 0x26, 0x1c, 0x20, 0x04
    dc.b    0x98, 0xcd, 0xa2, 0xf0, 0x43, 0x17, 0x45, 0x10, 0x04, 0xb4, 0xcc, 0x08, 0x14, 0xe4, 0x09, 0x62
    dc.b    0x08, 0xae, 0x44, 0x88, 0xd5, 0x85, 0x3a, 0x2b, 0xa3, 0x04, 0x24, 0xe0, 0xb9, 0xd1, 0x99, 0xaa
    dc.b    0x08, 0xfc, 0xff, 0x32, 0x58, 0x56, 0xe8, 0x41, 0xbb, 0x05, 0x04, 0x44, 0xdb, 0x21, 0x1a, 0x0d
    dc.b    0x22, 0x08, 0x46, 0x97, 0x08, 0x71, 0xdd, 0xd2, 0x08, 0x10, 0xfd, 0x86, 0xda, 0x08, 0x28, 0xf5
    dc.b    0x04, 0x49, 0x0d, 0x0c, 0x11, 0x98, 0x21, 0x53, 0x08, 0xdd, 0xa3, 0xda, 0x43, 0x70, 0x88, 0xe4
    dc.b    0x04, 0x46, 0xa1, 0x09, 0x37, 0x51, 0x3a, 0x11, 0x4c, 0x90, 0x41, 0x34, 0xea, 0xda, 0xb0, 0x96
    dc.b    0xd9, 0x09, 0x71, 0xee, 0xfb, 0x75, 0xc5, 0x07, 0x91, 0x4b, 0xa9, 0x5b, 0xa4, 0x70, 0xa4, 0xd7
    dc.b    0xa9, 0x4c, 0x21, 0xa5, 0x96, 0x07, 0x22, 0x80, 0xaa, 0xcc, 0x3f, 0x01, 0x29, 0xec, 0xc8, 0x04
    dc.b    0x53, 0x46, 0xfa, 0x04, 0x52, 0xe4, 0x6c, 0x08, 0xa0, 0xa1, 0xd2, 0xa9, 0x87, 0x8d, 0x41, 0x31
    dc.b    0x1d, 0x55, 0x21, 0xd1, 0x47, 0x7c, 0x49, 0x0d, 0xed, 0x08, 0x49, 0xcc, 0x44, 0xe4, 0x11, 0x92
    dc.b    0x04, 0x94, 0xf4, 0x66, 0x09, 0xa3, 0x09, 0x68, 0xa2, 0x88, 0xaf, 0xa1, 0x04, 0x38, 0xd8, 0xea
    dc.b    0x5c, 0x6d, 0x41, 0xd0, 0x8c, 0x09, 0x42, 0x4a, 0x08, 0xa1, 0x33, 0xda, 0xae, 0x10, 0xea, 0x51
    dc.b    0x08, 0x9a, 0x04, 0xa6, 0x14, 0x04, 0xe4, 0x96, 0x5e, 0x34, 0x1d, 0x3a, 0x28, 0xbc, 0xa3, 0x4a
    dc.b    0xa7, 0x1d, 0x88, 0xdd, 0x25, 0xb6, 0x08, 0x26, 0x18, 0x2c, 0xdd, 0xda, 0xb6, 0xa8, 0x74, 0xa9
    dc.b    0xb6, 0x22, 0x4d, 0x04, 0x48, 0x41, 0x55, 0xa3, 0x93, 0xa2, 0xae, 0xae, 0x97, 0x99, 0xb6, 0x4d
    dc.b    0xb8, 0x09, 0xca, 0x1f, 0x4c, 0xb6, 0xe4, 0x08, 0xab, 0xd5, 0xa6, 0x37, 0xe7, 0x98, 0x4e, 0x51
    dc.b    0x09, 0x41, 0x3a, 0x90, 0x20, 0xa2, 0x24, 0x9a, 0x20, 0xad, 0xe4, 0x08, 0x54, 0x56, 0x36, 0x04
    dc.b    0xce, 0x91, 0x5b, 0x32, 0x10, 0xad, 0x41, 0x66, 0xea, 0xac, 0x08, 0x9f, 0xa4, 0xfa, 0xa9, 0xe8
    dc.b    0x21, 0x04, 0x35, 0x1a, 0x5c, 0x44, 0x6a, 0x8b, 0xe5, 0x45, 0xa2, 0x1d, 0xf5, 0x39, 0x6a, 0x08
    dc.b    0xe4, 0x34, 0xac, 0x84, 0xed, 0x66, 0x04, 0xcc, 0x84, 0x04, 0xf9, 0x31, 0xbd, 0x06, 0x8e, 0x8c
    dc.b    0x92, 0x3c, 0xb1, 0x3c, 0xa6, 0xf0, 0xcc, 0x09, 0xa5, 0xa3, 0x10, 0x48, 0xab, 0xf6, 0x5d, 0xdc
    dc.b    0x6d, 0x8f, 0xfb, 0xa0, 0x02, 0x04, 0x94, 0xcf, 0x22, 0x08, 0xe8, 0x44, 0xce, 0x09, 0x33, 0x32
    dc.b    0x12, 0x5c, 0x8d, 0xb3, 0x45, 0x08, 0x24, 0x27, 0xc6, 0xec, 0x64, 0xa3, 0x54, 0x48, 0x08, 0x4f
    dc.b    0x64, 0x08, 0x13, 0xc7, 0x14, 0x4a, 0x86, 0x22, 0x8f, 0x94, 0xb3, 0xa0, 0x60, 0x69, 0xe2, 0x22
    dc.b    0x88, 0x14, 0x04, 0x28, 0x0f, 0x6a, 0x41, 0x09, 0x89, 0x28, 0x7a, 0x82, 0xc8, 0x2d, 0xb7, 0x7b
    dc.b    0x65, 0xa3, 0x49, 0xe4, 0x0d, 0x04, 0x32, 0xfc, 0x42, 0x01, 0x09, 0xa3, 0x3a, 0x33, 0xc4, 0x2e
    dc.b    0x9c, 0x1b, 0x49, 0x64, 0x77, 0x84, 0x01, 0x90, 0x2c, 0xe3, 0x39, 0x81, 0x34, 0x23, 0x47, 0x66
    dc.b    0x04, 0x46, 0x92, 0x71, 0x51, 0x21, 0x81, 0x9d, 0x3a, 0x1e, 0x00, 0xee, 0xe3, 0x13, 0x5a, 0xdd
    dc.b    0xd3, 0xb1, 0x9b, 0x09, 0x11, 0x3a, 0x62, 0xaf, 0xea, 0x66, 0x12, 0xd0, 0x69, 0xb0, 0xa5, 0xba
    dc.b    0x57, 0x4a, 0x0d, 0x2c, 0x41, 0x11, 0x06, 0xa2, 0x09, 0xf1, 0x3d, 0xf3, 0x9a, 0x49, 0xba, 0xe8
    dc.b    0x08, 0x04, 0x0c, 0x5a, 0x59, 0xf1, 0x22, 0x80, 0xcf, 0x26, 0xa4, 0xdd, 0x6e, 0xcc, 0xbe, 0x4b
    dc.b    0x17, 0xd8, 0x53, 0x7a, 0x25, 0x09, 0x1d, 0xf5, 0x13, 0xe1, 0x9d, 0x70, 0x57, 0xe4, 0x19, 0x2a
    dc.b    0xa9, 0x1c, 0x69, 0x49, 0x6e, 0x12, 0x54, 0xca, 0x13, 0x75, 0x8d, 0x86, 0x45, 0x8c, 0x22, 0xe4
    dc.b    0x42, 0x4a, 0x1c, 0x2a, 0xf3, 0x0a, 0x34, 0x09, 0x09, 0xce, 0x4a, 0xad, 0xe3, 0x11, 0x49, 0x61
    dc.b    0x22, 0xf8, 0x4d, 0x14, 0x40, 0x9b, 0x32, 0x90, 0x20, 0x7d, 0xad, 0xb1, 0x89, 0x92, 0x44, 0xc5
    dc.b    0x5d, 0x51, 0x7f, 0xd0, 0x41, 0x60, 0xa8, 0x44, 0xe4, 0xd9, 0x6a, 0x09, 0x4a, 0x09, 0x53, 0xf8
    dc.b    0x5a, 0x4d, 0x09, 0x75, 0x4d, 0xe3, 0x73, 0x91, 0x60, 0x35, 0x08, 0x15, 0xec, 0xe8, 0x78, 0xe9
    dc.b    0xbb, 0x90, 0x3a, 0x2a, 0x50, 0xf3, 0x23, 0x6e, 0x12, 0x09, 0x5b, 0x7e, 0x6e, 0x10, 0x3a, 0x9b
    dc.b    0xff, 0x58, 0x08, 0xe9, 0xd2, 0x17, 0x44, 0x19, 0x1b, 0x65, 0x1a, 0x2c, 0x70, 0x68, 0x22, 0x04
    dc.b    0x62, 0x34, 0x44, 0x78, 0x94, 0xb2, 0xbe, 0x8c, 0xe9, 0x9e, 0x02, 0x27, 0x9a, 0xc6, 0x39, 0xd8
    dc.b    0x44, 0xc6, 0xc2, 0x36, 0xe2, 0x1a, 0x71, 0xfc, 0x49, 0xe5, 0x58, 0x04, 0x13, 0x12, 0x33, 0x87
    dc.b    0x00, 0x7c, 0x78, 0x24, 0x62, 0xa4, 0x8a, 0x14, 0x4a, 0xd2, 0xe0, 0xb1, 0x66, 0x21, 0x07, 0x29
    dc.b    0x53, 0x13, 0x23, 0x12, 0x1d, 0xc7, 0xcb, 0x1d, 0x0f, 0xc6, 0x4a, 0xba, 0x12, 0x38, 0xd1, 0x7e
    dc.b    0x27, 0x13, 0xc1, 0x68, 0xa4, 0x03, 0x20, 0x2c, 0xf2, 0xa2, 0x6e, 0xd1, 0x2f, 0x5e, 0x48, 0x4f
    dc.b    0x90, 0x78, 0x14, 0x32, 0x33, 0x93, 0x4b, 0x14, 0xab, 0x1f, 0x78, 0x4d, 0x2a, 0x7f, 0x66, 0x08
    dc.b    0x1e, 0x59, 0x4b, 0x14, 0x10, 0x1d, 0x3d, 0x48, 0x09, 0x93, 0x2a, 0xfe, 0x6d, 0x56, 0x08, 0x68
    dc.b    0x6e, 0x42, 0x7f, 0x55, 0x11, 0x68, 0x0a, 0xad, 0xa1, 0x8e, 0x09, 0xa7, 0x99, 0xe2, 0x32, 0x8d
    dc.b    0x06, 0x54, 0x45, 0xa8, 0x44, 0x69, 0x14, 0x88, 0x79, 0x45, 0x50, 0x6c, 0x1c, 0xb4, 0x34, 0xc0
    dc.b    0x10, 0x9a, 0xc0, 0x90, 0xa8, 0x96, 0xcd, 0x15, 0x4a, 0x01, 0x52, 0xb2, 0x45, 0xc0, 0x1d, 0xe0
    dc.b    0x04, 0xa8, 0x24, 0x20, 0xa3, 0x8c, 0xd3, 0xd9, 0xc5, 0xcd, 0x43, 0x52, 0xf8, 0x3e, 0x8a, 0xd9
    dc.b    0x95, 0x1a, 0xa2, 0x9c, 0xd9, 0x14, 0x34, 0x8f, 0x89, 0xee, 0x0c, 0x41, 0x32, 0xcd, 0x7f, 0x4a
    dc.b    0x8f, 0x15, 0x8a, 0x25, 0xe2, 0xa7, 0x3b, 0x5a, 0x76, 0x89, 0x54, 0x65, 0x42, 0x06, 0x32, 0x49
    dc.b    0xd7, 0x53, 0x04, 0xaf, 0x2a, 0xd4, 0xc2, 0xa4, 0xdc, 0x14, 0xae, 0x04, 0x82, 0x20, 0x09, 0x4e
    dc.b    0xae, 0xbf, 0x8b, 0x3a, 0x43, 0x21, 0x4f, 0x0f, 0x66, 0x16, 0x65, 0xda, 0x2d, 0x5e, 0x89, 0xed
    dc.b    0x62, 0xdc, 0x4b, 0x22, 0x4a, 0x4d, 0x18, 0xf9, 0x00
    dc.b    0x00
img_bc_title_logo_tileset_data_size = .-img_bc_title_logo_tileset_data

    .align  2
img_bc_stage_bg_tileset_data:
    dc.b    0x00, 0xaf, 0x01, 0xe3, 0x23, 0x33, 0x83, 0x03, 0x9d, 0x63, 0x04, 0x32, 0x83, 0x02, 0x6d, 0x09
    dc.b    0x02, 0x09, 0xf5, 0x31, 0xc1, 0x01, 0xb6, 0x28, 0x12, 0x33, 0x6f, 0x11, 0x48, 0xac, 0x10, 0x08
    dc.b    0x20, 0xce, 0x22, 0x13, 0x9f, 0x3c, 0xf5, 0x73, 0x21, 0xdd, 0x08, 0xf4, 0x43, 0x1b, 0x18, 0x2b
    dc.b    0x85, 0x1a, 0x32, 0x7d, 0x11, 0x04, 0x21, 0xb6, 0x08, 0x72, 0x11, 0x52, 0x10, 0x10, 0x43, 0x01
    dc.b    0xca, 0x22, 0x29, 0x19, 0x73, 0x13, 0x13, 0xb6, 0x47, 0xba, 0x11, 0x8d, 0x22, 0x19, 0x23, 0x9b
    dc.b    0x37, 0xa2, 0x08, 0x50, 0x82, 0x40, 0x08, 0x49, 0x01, 0x22, 0x83, 0xdc, 0xdb, 0x74, 0x08, 0x11
    dc.b    0x0b, 0x04, 0xa4, 0x10, 0x01, 0xb1, 0x99, 0xd9, 0x13, 0x54, 0xca, 0x24, 0xce, 0x36, 0x04, 0x82
    dc.b    0x82, 0x08, 0x2d, 0x77, 0x3a, 0x8e, 0x02, 0x31, 0x11, 0x7e, 0x37, 0x26, 0x3a, 0x2b, 0x22, 0xe4
    dc.b    0xda, 0x09, 0x2c, 0x2d, 0x0c, 0x03, 0xa2, 0xed, 0x09, 0x8c, 0x04, 0x8a, 0x50, 0x33, 0x1d, 0x29
    dc.b    0x02, 0xd5, 0x04, 0x90, 0x45, 0xfd, 0x0e, 0x01, 0x29, 0x01, 0x0b, 0x6a, 0x23, 0xa0, 0x04, 0x87
    dc.b    0x01, 0x48, 0xdf, 0xa8, 0x4a, 0xd1, 0x09, 0x20, 0xad, 0x14, 0x04, 0x6b, 0x01, 0x41, 0x3c, 0xd0
    dc.b    0x01, 0x17, 0xa3, 0xcc, 0x24, 0x09, 0x12, 0x9a, 0x29, 0x2d, 0x48, 0x01, 0xd2, 0x12, 0xfb, 0x02
    dc.b    0xea, 0x31, 0x12, 0x4a, 0x51, 0x08, 0x9c, 0x9e, 0x7a, 0x14, 0x20, 0x86, 0x04, 0x84, 0xf5, 0x85
    dc.b    0x01, 0xcd, 0x7b, 0x59, 0xb4, 0x0e, 0x01, 0x92, 0x62, 0x01, 0x30, 0x9f, 0x20, 0xaa, 0xb8, 0xca
    dc.b    0x09, 0x22, 0x80, 0x24, 0x60, 0x49, 0x1d, 0x7e, 0xa0, 0x98, 0x90, 0x7e, 0xe8, 0x13, 0xa7, 0x7f
    dc.b    0xca, 0xc7, 0xab, 0xbc, 0x22, 0xc8, 0x8e, 0xf4, 0x8d, 0x20, 0x21, 0x04, 0xab, 0x2c, 0xfa, 0x9e
    dc.b    0x36, 0x8c, 0x2a, 0x8f, 0x32, 0x48, 0x1e, 0x7c, 0x8a, 0x81, 0xb5, 0xb4, 0xa2, 0x20, 0xd1, 0x02
    dc.b    0x58, 0xbd, 0x21, 0x12, 0x5b, 0xda, 0xd4, 0xa0, 0x92, 0x6e, 0x33, 0x46, 0x60, 0x47, 0x80, 0xf5
    dc.b    0x50, 0xe8, 0xd8, 0xfb, 0x48, 0xa8, 0xa4, 0x3a, 0x04, 0x48, 0xa8, 0xa4, 0x6b, 0x04, 0x48, 0xac
    dc.b    0xb4, 0x2e, 0x04, 0x48, 0xb5, 0xe9, 0x0a, 0xea, 0x47, 0xc8, 0xb1, 0x01, 0x10, 0x4a, 0xe8, 0x48
    dc.b    0xe8, 0xd1, 0x04, 0xe4, 0xdd, 0x3c, 0x14, 0xef, 0x6e, 0x99, 0x42, 0x80, 0x46, 0x69, 0x46, 0x04
    dc.b    0x43, 0x45, 0x94, 0xa0, 0xf9, 0x4a, 0x60, 0xa4, 0x55, 0x73, 0x60, 0xed, 0x22, 0x8c, 0xbd, 0x1a
    dc.b    0xfc, 0xd5, 0xfe, 0xf9, 0x0b, 0x3e, 0xd6, 0x29, 0xa0, 0x0f, 0x04, 0x90, 0x35, 0xb6, 0xbc, 0x73
    dc.b    0x20, 0xe4, 0x10, 0x74, 0x12, 0x64, 0x22, 0x04, 0x32, 0xa5, 0x8d, 0x1a, 0x54, 0x14, 0x11, 0x12
    dc.b    0x08, 0x6d, 0x12, 0x40, 0xa3, 0x45, 0x20, 0xc8, 0x01, 0x5b, 0x71, 0x41, 0x8d, 0x4b, 0xac, 0x4c
    dc.b    0xbc, 0x12, 0x52, 0x21, 0x20, 0xa5, 0x39, 0x1a, 0x0b, 0x60, 0x8d, 0x01, 0x73, 0x44, 0xf3, 0x24
    dc.b    0x04, 0x2b, 0x80, 0xd0, 0x20, 0xb9, 0x28, 0x7a, 0x2a, 0x01, 0xc2, 0xa3, 0xc2, 0x6e, 0x0a, 0x40
    dc.b    0x34, 0xce, 0x68, 0x21, 0xd2, 0x68, 0x7e, 0x6d, 0x24, 0x99, 0x09, 0x12, 0xce, 0x21, 0x36, 0xb4
    dc.b    0xd4, 0x78, 0xe4, 0x19, 0x82, 0xaf, 0x10, 0xb9, 0x3c, 0x65, 0x2f, 0x02, 0x8b, 0x27, 0xd0, 0x17
    dc.b    0x68, 0x4d, 0x57, 0x37, 0x19, 0x36, 0x22, 0x10, 0xe8, 0x13, 0xd0, 0x19, 0x01, 0xe6, 0x6e, 0xe5
    dc.b    0x49, 0x4d, 0xb4, 0x92, 0xcf, 0xa5, 0x6c, 0x4f, 0xad, 0x6d, 0xc0, 0x3c, 0x19, 0x90, 0x0f, 0xc0
    dc.b    0x41, 0x30, 0x5d, 0xf3, 0x31, 0xb8, 0x04, 0x62, 0x39, 0x20, 0x05, 0x47, 0x24, 0x50, 0x50, 0x1e
    dc.b    0x97, 0x68, 0x41, 0x40, 0x34, 0x24, 0x4a, 0x20, 0x31, 0x60, 0xca, 0x5e, 0x72, 0x28, 0x9e, 0xe0
    dc.b    0xa0, 0xa2, 0x67, 0x22, 0x0e, 0x21, 0x1d, 0x08, 0x4a, 0x40, 0xd0, 0x80, 0x91, 0xe0, 0x55, 0xfe
    dc.b    0x4e, 0x40, 0xd5, 0x39, 0x40, 0x20, 0x20, 0xd1, 0x74, 0xa0, 0xe5, 0x3d, 0x60, 0xa6, 0xf6, 0x7c
    dc.b    0x53, 0x46, 0x09, 0x10, 0x52, 0x60, 0x91, 0xab, 0x42, 0x17, 0x6a, 0x0a, 0x49, 0xaa, 0x80, 0xad
    dc.b    0x45, 0xb6, 0xb3, 0x32, 0x82, 0x20, 0x08, 0xc7, 0x60, 0x22, 0x87, 0x81, 0x40, 0x02, 0x22, 0x1e
    dc.b    0x42, 0x45, 0xd5, 0xe0, 0xd0, 0x3e, 0xde, 0x64, 0x87, 0xfa, 0x2b, 0x8e, 0x12, 0x96, 0x0a, 0xc7
    dc.b    0x80, 0xb4, 0x41, 0x50, 0xa9, 0xbd, 0xe4, 0x36, 0xb9, 0x29, 0x83, 0x27, 0x6a, 0xc1, 0x21, 0x03
    dc.b    0xa4, 0x00, 0x72, 0x08, 0x80, 0x50, 0x68, 0x87, 0xa3, 0x60, 0x34, 0x3c, 0x2a, 0x60, 0x4c, 0x00
    dc.b    0x91, 0x59, 0x7c, 0x92, 0xe1, 0x8d, 0xfe, 0x21, 0xa4, 0x6a, 0x20, 0xcd, 0x80, 0x22, 0xa0, 0xe6
    dc.b    0x75, 0xa6, 0x60, 0xa5, 0x40, 0xa3, 0x80, 0x49, 0x31, 0x43, 0x02, 0x5d, 0xb7, 0xd1, 0x42, 0x21
    dc.b    0xc0, 0x28, 0x0b, 0xd2, 0x6d, 0x84, 0xa3, 0x22, 0x40, 0x16, 0x14, 0x3a, 0x00, 0x45, 0x90, 0x22
    dc.b    0xa0, 0x4d, 0x20, 0xe9, 0x25, 0x00, 0x22, 0x40, 0x92, 0x6d, 0x20, 0x32, 0x40, 0xa7, 0x1b, 0x35
    dc.b    0x60, 0x21, 0xc5, 0x36, 0x40, 0x7a, 0xca, 0x40, 0x52, 0x1d, 0x56, 0xa4, 0xc0, 0xaa, 0x75, 0x91
    dc.b    0x79, 0x24, 0xa3, 0x81, 0xe0, 0xc9, 0x94, 0x55, 0xa4, 0x57, 0x4f, 0x22, 0x50, 0x13, 0xe0, 0xf5
    dc.b    0xcf, 0x84, 0x4c, 0x5e, 0x93, 0x74, 0xf0, 0x74, 0x22, 0xdd, 0x26, 0x36, 0x00, 0x4a, 0x2d, 0x81
    dc.b    0x5b, 0x82, 0x52, 0x30, 0x93, 0x75, 0x00, 0x54, 0x29, 0x0b, 0x59, 0xe4, 0xca, 0xd4, 0x08, 0xb7
    dc.b    0x1c, 0x4d, 0x91, 0xd2, 0xa4, 0x9e, 0xd4, 0xd7, 0x5e, 0x4b, 0x2f, 0x8e, 0x93, 0x54, 0x17, 0x50
    dc.b    0xd2, 0x24, 0x70, 0x11, 0x09, 0xf7, 0x72, 0x6a, 0x23, 0x05, 0x40, 0x52, 0x46, 0xc5, 0x8f, 0x20
    dc.b    0xae, 0x20, 0x49, 0x96, 0xdd, 0x8f, 0x20, 0x24, 0xc0, 0x7a, 0x1d, 0x20, 0x9c, 0x10, 0x74, 0x1d
    dc.b    0xdd, 0xbb, 0x35, 0xc7, 0xc1, 0x23, 0xa8, 0x40, 0x12, 0xda, 0x24, 0x08, 0x69, 0x95, 0x33, 0x25
    dc.b    0x98, 0x49, 0x9b, 0x66, 0xa0, 0x41, 0x25, 0x35, 0x30, 0x68, 0x9b, 0x6b, 0xe6, 0x12, 0x00, 0x11
    dc.b    0x10, 0x23, 0x32, 0x9e, 0x7b, 0x85, 0x22, 0x90, 0xf7, 0x02, 0x21, 0x62, 0x79, 0x96, 0x09, 0x4c
    dc.b    0x23, 0x29, 0x91, 0x60, 0x48, 0x4d, 0x26, 0x31, 0xf0, 0x4b, 0x31, 0x90, 0x14, 0xba, 0x18, 0x14
    dc.b    0x13, 0x41, 0x10, 0xa5, 0x8a, 0xa0, 0x48, 0x72, 0xd1, 0xa9, 0x9c, 0x26, 0x59, 0xb6, 0x18, 0x44
    dc.b    0x8c, 0x80, 0x87, 0xc0, 0x24, 0x79, 0x52, 0x15, 0xe0, 0xe5, 0x23, 0x7d, 0x20, 0xa9, 0xe5, 0xc2
    dc.b    0x3a, 0xe8, 0xf3, 0xee, 0x20, 0xad, 0x92, 0x00, 0x96, 0x45, 0xa3, 0x60, 0x49, 0x92, 0xa2, 0x1a
    dc.b    0x60, 0x46, 0x45, 0x85, 0x40, 0x2c, 0x50, 0x5a, 0x44, 0x3b, 0x8a, 0xd5, 0x0a, 0x20, 0x41, 0x2c
    dc.b    0x60, 0x7a, 0xe5, 0xb0, 0xa9, 0x30, 0x22, 0x40, 0x82, 0x0c, 0x3a, 0x60, 0x65, 0xf0, 0x23, 0x60
    dc.b    0x34, 0x4f, 0x39, 0xa0, 0x37, 0xf0, 0xd0, 0x9e, 0x2e, 0x30, 0x40, 0x6b, 0x14, 0x9e, 0xba, 0xd0
    dc.b    0xa6, 0x30, 0xab, 0x9e, 0xc4, 0x86, 0xa7, 0x41, 0xa4, 0x50, 0xaa, 0x92, 0x85, 0x70, 0x01, 0xcd
    dc.b    0x50, 0xa3, 0x93, 0x60, 0x3c, 0x4a, 0x17, 0x39, 0xc7, 0x23, 0x6e, 0x9d, 0xe4, 0x59, 0x3c, 0xe9
    dc.b    0x04, 0x2d, 0x40, 0x64, 0x49, 0x87, 0x0a, 0x60, 0x6a, 0x80, 0x1e, 0x14, 0x42, 0x10, 0xd2, 0x86
    dc.b    0x82, 0x81, 0x8a, 0x59, 0x9a, 0x80, 0x18, 0x69, 0x04, 0x42, 0x92, 0x80, 0x86, 0x10, 0x99, 0xb0
    dc.b    0x2c, 0x10, 0x69, 0x37, 0x60, 0x2c, 0x10, 0x52, 0x35, 0x20, 0x2e, 0x30, 0x5a, 0x0c, 0x70, 0x3c
    dc.b    0x42, 0xd1, 0xa1, 0x80, 0x94, 0x20, 0xa9, 0x14, 0xd0, 0x10, 0xc3, 0xe0, 0x76, 0xa5, 0xd0, 0x29
    dc.b    0xe0, 0x79, 0x10, 0x37, 0x00, 0xa4, 0x0c, 0x09, 0x31, 0x40, 0x44, 0x8d, 0xa0, 0x77, 0xd6, 0xe5
    dc.b    0x51, 0xce, 0xa0, 0x91, 0xa2, 0x4b, 0x24, 0x80, 0x75, 0xe0, 0x8a, 0xb0, 0x51, 0x4d, 0x4f, 0xa0
    dc.b    0x41, 0x30, 0x1d, 0x60, 0x19, 0xc2, 0x3d, 0x96, 0x95, 0xf0, 0x6d, 0x41, 0x20, 0x39, 0x8e, 0x42
    dc.b    0x40, 0x42, 0x80, 0x5c, 0xb7, 0xd0, 0x1e, 0x9a, 0x23, 0x28, 0x10, 0x3e, 0x66, 0x04, 0x93, 0x66
    dc.b    0x15, 0xb3, 0x14, 0xa1, 0xe9, 0xa6, 0xc1, 0x2c, 0x37, 0x80, 0x8c, 0x21, 0x13, 0xba, 0x20, 0x82
    dc.b    0x10, 0x71, 0x15, 0x48, 0x08, 0x44, 0x02, 0x8d, 0xb5, 0xb5, 0x19, 0xcb, 0xb2, 0x6a, 0x58, 0x00
    dc.b    0xe4, 0x98, 0xa0, 0x54, 0x6a, 0x44, 0x04, 0x00, 0xfa, 0xc5, 0x50, 0x15, 0x55, 0x80, 0x36, 0x45
    dc.b    0x3c, 0x08, 0xdd, 0x21, 0x21, 0x25, 0x4e, 0x00, 0x66, 0x88, 0x02, 0x82, 0x09, 0x1c, 0x83, 0x8f
    dc.b    0xff, 0x7a, 0xed, 0x06, 0x08, 0x04, 0x08, 0x32, 0x01, 0x84, 0x45, 0x40, 0x13, 0xdd, 0x0b, 0x3c
    dc.b    0x21, 0x92, 0x79, 0x93, 0x00, 0xe7, 0x63, 0x34, 0x33, 0xa7, 0x2d, 0x12, 0xd2, 0x5b, 0x20, 0x26
    dc.b    0x10, 0xe8, 0x81, 0x29, 0x20, 0x3a, 0xed, 0x12, 0x3c, 0xa7, 0x04, 0x32, 0x00, 0x29, 0x20, 0x29
    dc.b    0x90, 0x16, 0x00, 0x82, 0x07, 0x3c, 0x20, 0xa3, 0x2e, 0x49, 0x44, 0x70, 0x90, 0x20, 0xc6, 0x22
    dc.b    0x24, 0x41, 0x9a, 0x8b, 0x8c, 0x20, 0x91, 0x6e, 0xaa, 0x92, 0x86, 0x20, 0x6d, 0x33, 0x44, 0xcf
    dc.b    0x0b, 0x40, 0x77, 0x5d, 0x02, 0xb0, 0x73, 0x94, 0x29, 0x48, 0x67, 0x9c, 0x33, 0x75, 0x0a, 0xc4
    dc.b    0x00, 0x24, 0x20, 0xa4, 0x48, 0x13, 0x91, 0x94, 0x2a, 0x3b, 0xa2, 0x5f, 0x12, 0x10, 0x09, 0xc9
    dc.b    0x59, 0xcd, 0xac, 0xc0, 0x52, 0x64, 0xc0, 0xd3, 0x64, 0xcb, 0x60, 0x69, 0x40, 0x14, 0x92, 0x96
    dc.b    0xd0, 0xed, 0x9d, 0x3c, 0x60, 0x91, 0x89, 0x74, 0xef, 0x46, 0xa0, 0x18, 0x82, 0x80, 0x0b, 0x10
    dc.b    0x33, 0xc0, 0x51, 0x6d, 0x91, 0x2e, 0x26, 0x5e, 0x21, 0x9a, 0xa0, 0x83, 0x08, 0x5c, 0x21, 0xfe
    dc.b    0xb5, 0x8d, 0x60, 0x3d, 0xd0, 0x93, 0x4a, 0x90, 0x10, 0x90, 0x9a, 0x20, 0x73, 0x51, 0x90, 0x21
    dc.b    0x27, 0x4a, 0x00, 0x5a, 0xaa, 0x60, 0x20, 0xd2, 0x71, 0x22, 0x4a, 0x40, 0xf2, 0x42, 0x22, 0x14
    dc.b    0x20, 0x84, 0x97, 0xa5, 0x20, 0xa0, 0x20, 0xa5, 0x70, 0x21, 0xc0, 0xa6, 0x37, 0x2e, 0xd0, 0xa1
    dc.b    0x40, 0x4e, 0x65, 0x14, 0x33, 0x0d, 0xb3, 0x01, 0xc0, 0x23, 0x53, 0x4e, 0x74, 0x99, 0x79, 0x60
    dc.b    0x0a, 0x40, 0x42, 0x60, 0x56, 0xc0, 0x8e, 0x23, 0x36, 0x99, 0x87, 0x3c, 0x50, 0x97, 0x8d, 0xf0
    dc.b    0x5f, 0xe0, 0x43, 0x80, 0xd7, 0x77, 0xae, 0x45, 0x13, 0x98, 0x2e, 0x35, 0x4b, 0x42, 0x75, 0x3e
    dc.b    0x29, 0x1e, 0x3c, 0x10, 0xd4, 0x48, 0x6d, 0x24, 0x18, 0x93, 0x44, 0x03, 0x5e, 0x69, 0x22, 0x9e
    dc.b    0x00, 0xd2, 0xb2, 0x20, 0xd1, 0xe0, 0x32, 0x3c, 0x24, 0x42, 0x84, 0xb2, 0x90, 0x9e, 0x1e, 0x97
    dc.b    0x0d, 0x1f, 0x61, 0x68, 0x3e, 0x51, 0x60, 0x45, 0xe7, 0x89, 0x20, 0x71, 0x00, 0xb5, 0x16, 0xbd
    dc.b    0x5b, 0xec, 0xa4, 0x6b, 0x3c, 0xa4, 0xad, 0x22, 0x7c, 0x9d, 0x20, 0x13, 0x19, 0x03, 0x42, 0x20
    dc.b    0xe2, 0x5c, 0xda, 0x25, 0x0b, 0x62, 0x32, 0x17, 0xce, 0xf0, 0x94, 0x47, 0x4e, 0x1a, 0x32, 0x09
    dc.b    0x87, 0x0b, 0x61, 0xab, 0x37, 0x6c, 0x10, 0x87, 0x82, 0xa1, 0xc2, 0x09, 0xa3, 0x20, 0x06, 0xc0
    dc.b    0x31, 0xfc, 0x91, 0x30, 0xad, 0x1c, 0xbe, 0xa5, 0x00, 0xa5, 0xba, 0xa0, 0x47, 0xa0, 0x22, 0x60
    dc.b    0x87, 0x20, 0x26, 0xe7, 0x4a, 0xe0, 0xda, 0xda, 0x1e, 0xb4, 0xe0, 0xa8, 0x97, 0xb4, 0x09, 0xb6
    dc.b    0x3e, 0x08, 0xd0, 0x40, 0x60, 0xa4, 0x36, 0x7e, 0x21, 0xb6, 0x00, 0x7a, 0x4f, 0x20, 0x24, 0x40
    dc.b    0x73, 0x47, 0x0e, 0x80, 0x91, 0x20, 0xe4, 0x57, 0x80, 0x95, 0xe0, 0x39, 0xe0, 0x75, 0xd0, 0x0f
    dc.b    0xa0, 0x75, 0xe2, 0x13, 0xe9, 0xa1, 0xcb, 0x20, 0x69, 0x1a, 0x02, 0xd9, 0xb9, 0x29, 0x29, 0x92
    dc.b    0x24, 0xd9, 0x69, 0x23, 0x20, 0xd1, 0x80, 0xe7, 0x27, 0x43, 0x6b, 0x34, 0xc0, 0x95, 0x1c, 0x1c
    dc.b    0xa3, 0x5e, 0x34, 0x04, 0x23, 0x25, 0x51, 0xcc, 0x10, 0x36, 0x24, 0x61, 0xdc, 0xab, 0xa9, 0x76
    dc.b    0x73, 0xb1, 0x96, 0x24, 0x18, 0xa5, 0x08, 0x9e, 0x10, 0xa9, 0xd0, 0x34, 0x1f, 0xe2, 0x6e, 0x4b
    dc.b    0x74, 0x4d, 0x13, 0x0c, 0xcf, 0x60, 0xd0, 0x82, 0x97, 0x84, 0x39, 0x1d, 0xe0, 0x24, 0xa0, 0x3a
    dc.b    0xa9, 0x31, 0x80, 0x6b, 0x11, 0xe4, 0x44, 0xae, 0x09, 0x00, 0x48, 0xbe, 0xba, 0x33, 0x23, 0x1c
    dc.b    0xd5, 0x37, 0xb3, 0xd4, 0x21, 0x81, 0x48, 0x33, 0x88, 0x3a, 0x2f, 0xd8, 0x4b, 0x94, 0x85, 0x53
    dc.b    0x60, 0x25, 0x07, 0xa2, 0x80, 0xa5, 0xd9, 0xd0, 0x29, 0xe0, 0xd2, 0xe6, 0xa5, 0xb4, 0x8d, 0xb0
    dc.b    0x2b, 0x6a, 0xab, 0x48, 0xfb, 0x90, 0x20, 0xf9, 0x19, 0x15, 0x1a, 0x40, 0xd0, 0x20, 0xae, 0x5b
    dc.b    0x24, 0x72, 0x34, 0x52, 0xa5, 0x7a, 0x23, 0xc0, 0x43, 0x64, 0x96, 0x24, 0xf0, 0xe2, 0xa4, 0xd7
    dc.b    0x34, 0x00, 0x6d, 0x60, 0x32, 0x80, 0xb4, 0x79, 0xc6, 0x5d, 0x09, 0x78, 0xd9, 0xd2, 0xe3, 0x92
    dc.b    0xa4, 0x2b, 0x95, 0x4b, 0xcd, 0xe4, 0x23, 0x34, 0x43, 0xc0, 0xa4, 0xa8, 0xdc, 0xf4, 0x69, 0x20
    dc.b    0x78, 0xf1, 0xe6, 0xae, 0x9a, 0xd3, 0xad, 0x60, 0xc9, 0x7b, 0x3c, 0xad, 0x0a, 0x46, 0x20, 0x7c
    dc.b    0x86, 0xb0, 0xb4, 0x87, 0xa5, 0xcf, 0xab, 0xca, 0x80, 0x57, 0x25, 0xef, 0x2f, 0x4d, 0x81, 0x3e
    dc.b    0x75, 0xb8, 0x34, 0xf0, 0x7d, 0x40, 0x2c, 0xd7, 0xd3, 0x13, 0x70, 0x54, 0xf9, 0x9e, 0x4a, 0x50
    dc.b    0xa0, 0xb0, 0xf4, 0xa8, 0xf0, 0x9a, 0x32, 0x28, 0xa7, 0x15, 0xa6, 0x08, 0x52, 0x34, 0xe7, 0xd2
    dc.b    0xfc, 0xe3, 0x10, 0x48, 0x20, 0xfe, 0x4b, 0x99, 0x20, 0xa9, 0x0d, 0x40, 0xfa, 0x94, 0xa0, 0x91
    dc.b    0x10, 0x5a, 0xba, 0x88, 0xce, 0x8e, 0xb3, 0x37, 0x29, 0x7d, 0xd2, 0x46, 0x17, 0xb8, 0x40, 0x93
    dc.b    0xa0, 0x7a, 0x54, 0xa0, 0x48, 0x20, 0xd4, 0x97, 0x1a, 0x12, 0x4d, 0x80, 0x2d, 0x45, 0x3d, 0x49
    dc.b    0x32, 0xd7, 0x6d, 0x20, 0xda, 0xf3, 0x8c, 0xa1, 0x5e, 0xd2, 0x4f, 0x00, 0x2d, 0x12, 0x70, 0x45
    dc.b    0x50, 0x25, 0xec, 0xe0, 0x97, 0xbc, 0xb5, 0x99, 0xb0, 0x4b, 0x1a, 0xa3, 0xb4, 0x90, 0x85, 0x80
    dc.b    0x48, 0x70, 0xf3, 0x5f, 0x3d, 0x51, 0xfc, 0x04, 0x92, 0xa7, 0x0c, 0x47, 0x10, 0x4d, 0x5e, 0xd1
    dc.b    0xe0, 0xb9, 0x72, 0x59, 0xd3, 0x75, 0x35, 0xcd, 0x8b, 0x73, 0x33, 0x94, 0x57, 0xad, 0x59, 0x5a
    dc.b    0x63, 0x64, 0x91, 0x25, 0x5a, 0x74, 0xa9, 0xed, 0x0b, 0xb4, 0xed, 0xd7, 0xe9, 0x2a, 0x39, 0xd0
    dc.b    0x6a, 0x3a, 0xbb, 0x97, 0x9d, 0x70, 0x33, 0xe4, 0x4b, 0x8b, 0xa0, 0xd2, 0xb7, 0xa7, 0x4e, 0x39
    dc.b    0xf7, 0x79, 0x70, 0x93, 0x76, 0x46, 0x02, 0x8e, 0x10, 0x99, 0x20, 0x25, 0xee, 0x17, 0x87, 0xb5
    dc.b    0xa0, 0x10, 0xe7, 0xa3, 0x13, 0x46, 0x36, 0xcf, 0x16, 0x9a, 0x60, 0x9c, 0x20, 0x4e, 0xda, 0x64
    dc.b    0x52, 0x60, 0xe5, 0x78, 0x60, 0x5e, 0x24, 0x69, 0x5a, 0x54, 0x44, 0xf4, 0x12, 0xa4, 0xd0, 0xc8
    dc.b    0x40, 0x6a, 0x49, 0xc8, 0x43, 0x6b, 0x12, 0xb0, 0x73, 0xb2, 0x26, 0xf0, 0xaf, 0x9a, 0x80, 0x76
    dc.b    0xf0, 0x72, 0x5e, 0xfb, 0x72, 0x66, 0xc0, 0xd7, 0xb3, 0xdd, 0xd0, 0x59, 0x73, 0x7c, 0x00, 0xb5
    dc.b    0xf7, 0x10, 0xda, 0x3b, 0xfb, 0x40, 0x48, 0x20, 0xfa, 0x14, 0x67, 0x9d, 0x92, 0x60, 0x7c, 0x67
    dc.b    0x72, 0x32, 0x10, 0x3a, 0xc4, 0x7e, 0x1b, 0x20, 0xb9, 0xb9, 0xa0, 0x34, 0x6f, 0xac, 0xc0, 0x9b
    dc.b    0x81, 0x5f, 0xbd, 0x79, 0xc0, 0x1d, 0x10, 0x68, 0xb9, 0x96, 0x84, 0xc5, 0xb2, 0xd7, 0x5a, 0x69
    dc.b    0x20, 0x0a, 0x80, 0x9b, 0xd5, 0x41, 0x09, 0x40, 0x5b, 0x90, 0x45, 0x50, 0x16, 0x27, 0xee, 0x96
    dc.b    0x10, 0x68, 0x40, 0x56, 0x83, 0x07, 0x5a, 0x4f, 0x53, 0x5e, 0x8e, 0x60, 0x4b, 0x86, 0xa1, 0x13
    dc.b    0xbc, 0x50, 0xad, 0x93, 0xd7, 0x4f, 0x7f, 0x6d, 0x20, 0x2f, 0x34, 0x20, 0x53, 0x20, 0x74, 0x70
    dc.b    0x6d, 0xa0, 0x2d, 0xe0, 0x43, 0x40, 0x4e, 0x24, 0xbe, 0xac, 0xbb, 0x5e, 0x39, 0x40, 0x3b, 0x29
    dc.b    0xa0, 0xa5, 0xcd, 0x3a, 0xf0, 0xcc, 0x2b, 0x8a, 0x0e, 0x56, 0x50, 0xda, 0x92, 0xd5, 0xf3, 0x62
    dc.b    0xa7, 0x3a, 0xe0, 0x29, 0x40, 0x79, 0xa0, 0x2f, 0x14, 0x80, 0x84, 0xe0, 0xbc, 0x60, 0x5a, 0xbc
    dc.b    0x20, 0xac, 0x17, 0x9b, 0x75, 0xeb, 0x59, 0xa4, 0xda, 0x92, 0xab, 0xf3, 0x72, 0x2d, 0x6f, 0x6a
    dc.b    0xe9, 0xe6, 0x70, 0xb5, 0xbf, 0x8b, 0x2d, 0x6f, 0x87, 0x23, 0x2e, 0xe9, 0xd1, 0x60, 0x2c, 0x48
    dc.b    0x49, 0xe9, 0x00, 0x54, 0x68, 0x0c, 0xe4, 0x09, 0x04, 0xd4, 0xab, 0x41, 0x59, 0x60, 0xcb, 0x3a
    dc.b    0xe0, 0xe5, 0x50, 0x52, 0x89, 0x07, 0xbc, 0xd5, 0x99, 0x09, 0x21, 0xfb, 0xc9, 0x12, 0xa0, 0xed
    dc.b    0xce, 0x6a, 0x80, 0xc9, 0xe5, 0x42, 0xa7, 0xe2, 0xe9, 0x0b, 0x15, 0xce, 0x87, 0x85, 0xe0, 0xcb
    dc.b    0x65, 0x40, 0x25, 0x64, 0xf0, 0xb3, 0x69, 0x7a, 0xb2, 0x90, 0x44, 0xa9, 0xa7, 0x55, 0xc9, 0x59
    dc.b    0x10, 0x25, 0xe6, 0xe7, 0x87, 0x40, 0xe8, 0x60, 0xd6, 0xbe, 0x60, 0xca, 0xeb, 0x5a, 0x3a, 0x46
    dc.b    0x46, 0x50, 0x91, 0xc1, 0x25, 0xe6, 0x40, 0x9a, 0x80, 0xb7, 0x28, 0xa0, 0x83, 0xc9, 0x79, 0x40
    dc.b    0x69, 0xd0, 0xc9, 0x95, 0x25, 0x19, 0x03, 0xb1, 0xe2, 0x3f, 0x26, 0x98, 0x21, 0xe9, 0x65, 0x80
    dc.b    0xa5, 0x21, 0x3a, 0x40, 0x47, 0x40, 0x2d, 0x42, 0x60, 0xdc, 0x00, 0xc9, 0x12, 0xd2, 0x42, 0xc3
    dc.b    0x14, 0x50, 0x97, 0xb3, 0x00, 0xf4, 0xc6, 0xfe, 0x8e, 0x95, 0x88, 0x69, 0x10, 0x25, 0x1b, 0x42
    dc.b    0x49, 0x13, 0xee, 0x6d, 0x14, 0xbf, 0x25, 0xb7, 0x1d, 0x9e, 0x6a, 0x35, 0x09, 0xcd, 0xc5, 0x22
    dc.b    0xc2, 0x69, 0xe1, 0x53, 0x80, 0xa0, 0x60, 0x95, 0x0d, 0xc2, 0xae, 0x23, 0xd0, 0x91, 0x09, 0x93
    dc.b    0x3a, 0xc0, 0x5a, 0x9d, 0x30, 0x1a, 0x20, 0x93, 0x1a, 0xa7, 0x02, 0x54, 0x90, 0xa2, 0xd0, 0xeb
    dc.b    0xb5, 0x06, 0x20, 0xf5, 0x57, 0x04, 0xf0, 0x16, 0x10, 0x2d, 0xb0, 0x04, 0x02, 0x4e, 0xc0, 0x20
    dc.b    0xda, 0x04, 0x08, 0x0c, 0xf3, 0x6f, 0xd2, 0xa5, 0xc7, 0x67, 0xb0, 0x90, 0x10, 0x4c, 0xff, 0x42
    dc.b    0x10, 0x76, 0x9f, 0x89, 0x27, 0xf1, 0x09, 0x3c, 0xcb, 0x87, 0x30, 0xc9, 0xd8, 0x99, 0x95, 0x6b
    dc.b    0x22, 0xe4, 0xaa, 0x1d, 0xea, 0x2d, 0x42, 0xbc, 0x62, 0xfb, 0x28, 0x10, 0x90, 0x73, 0xa2, 0x42
    dc.b    0x28, 0x10, 0x2c, 0x00, 0x5a, 0x66, 0xa0, 0xb9, 0x00, 0x7a, 0x6c, 0xd2, 0x91, 0xb0, 0xb4, 0x1c
    dc.b    0x35, 0xb7, 0xda, 0x80, 0x8c, 0x77, 0x03, 0x7f, 0xd2, 0x09, 0xe5, 0xf9, 0x0f, 0x20, 0x90, 0x01
    dc.b    0x6e, 0x3c, 0x52, 0xb1, 0x37, 0x16, 0x20, 0x9e, 0x85, 0x20, 0x61, 0x32, 0x43, 0x33, 0xca, 0x12
    dc.b    0xf0, 0x97, 0x9d, 0x14, 0xa0, 0x80, 0x10, 0xff, 0x82, 0xc5, 0x0e, 0x7f, 0x72, 0x56, 0xb9, 0x75
    dc.b    0x70, 0x2e, 0x60, 0x5c, 0xa0, 0x92, 0xb2, 0x80, 0x94, 0xb7, 0xd6, 0xe3, 0x42, 0x95, 0x79, 0x69
    dc.b    0x4b, 0x4d, 0x40, 0x68, 0x10, 0x74, 0xd2, 0xa7, 0xa2, 0xe7, 0x5c, 0x60, 0x59, 0xb0, 0xf5, 0xa9
    dc.b    0x55, 0x5f, 0x74, 0x68, 0xd9, 0xe9, 0x62, 0xb0, 0xa4, 0x6d, 0x10, 0x6d, 0x00, 0xf9, 0x62, 0x80
    dc.b    0xf5, 0x9c, 0x84, 0x11, 0xdd, 0x21, 0x25, 0x7b, 0x80, 0xe9, 0x16, 0xae, 0xb9, 0x60, 0xe9, 0x9d
    dc.b    0xb0, 0xa7, 0x6c, 0x50, 0x95, 0x4f, 0x71, 0xeb, 0x1b, 0xd0, 0x94, 0xbc, 0x04, 0x4e, 0x17, 0x00
    dc.b    0xb3, 0xf0, 0xe5, 0xa8, 0x8e, 0x57, 0x19, 0x43, 0x82, 0x9b, 0x59, 0xf5, 0x94, 0x30, 0xf3, 0x1b
    dc.b    0x53, 0x40, 0x5b, 0x11, 0x6b, 0x90, 0x90, 0x27, 0xa4, 0x29, 0xf9, 0x4a, 0x60, 0x96, 0x2b, 0xc5
    dc.b    0x4a, 0x29, 0x70, 0x0e, 0x3e, 0x5f, 0x2d, 0x60, 0x3f, 0x3d, 0x80, 0x42, 0xcb, 0x31, 0x4a, 0xd7
    dc.b    0x59, 0xde, 0xaf, 0x45, 0x20, 0x27, 0xe7, 0x70, 0x2d, 0xbe, 0xc9, 0x96, 0x59, 0x21, 0xbe, 0x29
    dc.b    0x87, 0xda, 0xc6, 0x80, 0xb1, 0x70, 0x91, 0x14, 0x4a, 0xf0, 0x61, 0x03, 0x4f, 0x1b, 0xc2, 0xbc
    dc.b    0x2b, 0x76, 0x9d, 0x3c, 0x51, 0x04, 0x3a, 0x1a, 0xa9, 0x10, 0x4f, 0x00, 0xac, 0xe0, 0xd2, 0xf1
    dc.b    0xb0, 0x68, 0x80, 0xe9, 0xa9, 0x27, 0xa9, 0xe1, 0x78, 0xa0, 0x99, 0xe2, 0x10, 0x41, 0x74, 0xb2
    dc.b    0x12, 0x84, 0xc2, 0xa5, 0x00, 0xa5, 0x62, 0xc9, 0xe9, 0xd2, 0x02, 0x65, 0x02, 0x2b, 0x56, 0x39
    dc.b    0xa1, 0x90, 0x54, 0x49, 0x99, 0xb0, 0x63, 0xd0, 0x48, 0xa0, 0xeb, 0x43, 0x10, 0x96, 0x34, 0x50
    dc.b    0x95, 0xf7, 0x8d, 0x50, 0x06, 0xb0, 0x20, 0xe9, 0x1a, 0x55, 0xd7, 0x7b, 0x25, 0x95, 0xf9, 0xe2
    dc.b    0xd3, 0x8b, 0xb0, 0x6b, 0x09, 0xf0, 0xd0, 0x90, 0xe2, 0x4f, 0x20, 0x85, 0x6e, 0xbc, 0x69, 0x41
    dc.b    0x90, 0x3b, 0x12, 0xfe, 0xe5, 0xb7, 0x06, 0x92, 0x21, 0xb8, 0x40, 0x84, 0x10, 0xb1, 0x50, 0x52
    dc.b    0xcd, 0x60, 0xc8, 0xa0, 0x76, 0xa6, 0x75, 0xbf, 0x12, 0x30, 0x52, 0x22, 0x9e, 0x10, 0xe9, 0x44
    dc.b    0xd4, 0xaa, 0xb0, 0x74, 0xc9, 0x2d, 0xcc, 0xb7, 0x91, 0x20, 0x5a, 0x71, 0xc0, 0xc8, 0x20, 0x55
    dc.b    0x2d, 0x42, 0x16, 0xec, 0x80, 0xba, 0x59, 0x91, 0x42, 0x68, 0x20, 0xce, 0xb2, 0x55, 0x99, 0x98
    dc.b    0x51, 0x1c, 0xa5, 0x3c, 0x6d, 0x10, 0x22, 0xec, 0x9d, 0x8c, 0x72, 0x02, 0x24, 0xd6, 0x53, 0xa5
    dc.b    0xb9, 0x06, 0x60, 0x54, 0x9c, 0x97, 0xe8, 0x60, 0x52, 0x74, 0xb0, 0x7a, 0x1d, 0x80, 0x22, 0x20
    dc.b    0xb1, 0xa0, 0xe9, 0x1a, 0xa9, 0x56, 0x19, 0x49, 0x54, 0xab, 0x9e, 0x32, 0x35, 0xbd, 0x6e, 0xc0
    dc.b    0x59, 0x60, 0xf4, 0xf2, 0x20, 0xb5, 0x8a, 0x50, 0x46, 0x22, 0xd2, 0xe6, 0x50, 0xa4, 0x8a, 0xd9
    dc.b    0x46, 0x01, 0xa4, 0xe9, 0xf7, 0xf5, 0xf7, 0x42, 0xe5, 0x92, 0x8c, 0x12, 0xd1, 0x20, 0x7a, 0x32
    dc.b    0x10, 0xc7, 0x2b, 0xa4, 0x55, 0x37, 0x0a, 0x2b, 0x62, 0xee, 0xd1, 0xf2, 0x26, 0xd2, 0xcb, 0x73
    dc.b    0xc0, 0x25, 0x5b, 0x60, 0xa5, 0x71, 0x09, 0x6b, 0x12, 0x77, 0x15, 0x7b, 0x25, 0x59, 0x4e, 0x69
    dc.b    0x58, 0xd9, 0x85, 0xc6, 0xe9, 0xc5, 0x9f, 0xc9, 0x74, 0x68, 0xf4, 0x94, 0x20, 0xa5, 0x4a, 0xa0
    dc.b    0x53, 0xd0, 0xa9, 0x10, 0xda, 0xdc, 0x80, 0x52, 0x92, 0x90, 0xb7, 0x59, 0x27, 0x9a, 0xa0, 0xb2
    dc.b    0xc0, 0x79, 0x8e, 0xda, 0xcb, 0xa0, 0x56, 0x05, 0x60, 0x9a, 0x28, 0x42, 0x19, 0x7e, 0x70, 0x49
    dc.b    0x29, 0xa2, 0xaa, 0x7e, 0xb9, 0xea, 0x74, 0x72, 0x79, 0xe5, 0x25, 0xd1, 0xf5, 0xcd, 0xc1, 0x7e
    dc.b    0x12, 0x5d, 0xe3, 0x39, 0x4f, 0xcd, 0xb0, 0x3b, 0x75, 0x49, 0x39, 0x0d, 0x3f, 0x34, 0x4e, 0xa9
    dc.b    0x24, 0x17, 0x01, 0x13, 0x62, 0xb0, 0x14, 0x2b, 0x89, 0x90, 0x5c, 0x80, 0x6a, 0x10, 0x5a, 0xf6
    dc.b    0xca, 0x23, 0x10, 0x2f, 0xb4, 0x20, 0x8c, 0x14, 0x9c, 0xfd, 0x06, 0x02, 0x23, 0x31, 0xd2, 0x74
    dc.b    0x14, 0xb9, 0xb0, 0xc8, 0x10, 0xf2, 0xe2, 0x1f, 0xd4, 0x70, 0x2c, 0xb0, 0xa4, 0xe0, 0xaf, 0x6b
    dc.b    0x20, 0xa5, 0xdd, 0xe0, 0x2a, 0xdd, 0x80, 0x67, 0x70, 0xd3, 0x8f, 0xe0, 0x4e, 0x25, 0x39, 0x56
    dc.b    0xc9, 0x34, 0x6c, 0xfc, 0xc0, 0xd3, 0x8b, 0xe0, 0x45, 0x02, 0xa6, 0x21, 0x84, 0xac, 0x80, 0x53
    dc.b    0x51, 0x90, 0x27, 0xe2, 0xbc, 0x10, 0xb1, 0x80, 0x7a, 0x7e, 0x58, 0x35, 0xc0, 0x16, 0x10, 0xe3
    dc.b    0x30, 0x46, 0x87, 0x4b, 0xe2, 0x4c, 0x6c, 0x48, 0xd2, 0x22, 0xda, 0x04, 0x72, 0x09, 0xb0, 0xc5
    dc.b    0xb0, 0x1f, 0x10, 0xbb, 0x4a, 0xa1, 0xf0, 0x14, 0x92, 0x5b, 0xb7, 0x21, 0x52, 0x9e, 0x47, 0x49
    dc.b    0x57, 0xa5, 0xec, 0x10, 0xbd, 0x0e, 0x01, 0x42, 0x20, 0xe4, 0xe2, 0x5e, 0x91, 0x40, 0xed, 0x7a
    dc.b    0x34, 0xee, 0x34, 0x20, 0xb8, 0xa9, 0xe9, 0x44, 0x00, 0x65, 0x20, 0xfc, 0xb0, 0xf4, 0x7d, 0x80
    dc.b    0x2b, 0x51, 0x8e, 0x60, 0x92, 0xe6, 0x12, 0x96, 0x8d, 0xde, 0x2a, 0xca, 0x00, 0x5f, 0x65, 0xe0
    dc.b    0x1a, 0x77, 0x13, 0x70, 0x9f, 0x37, 0x02, 0x43, 0x06, 0x84, 0x34, 0xcb, 0xb0, 0x5b, 0x65, 0xc0
    dc.b    0xf2, 0xa0, 0xa5, 0x24, 0x47, 0x8e, 0x82, 0x4e, 0x39, 0x40, 0xa7, 0x41, 0x53, 0x6b, 0x72, 0x0b
    dc.b    0x40, 0x73, 0x80, 0xeb, 0xc5, 0x70, 0x68, 0x20, 0xeb, 0x14, 0xb9, 0x85, 0x20, 0xcb, 0x15, 0x50
    dc.b    0x22, 0x10, 0xa9, 0x30, 0x54, 0xb5, 0x3d, 0x21, 0xfc, 0x69, 0xa4, 0xca, 0xe9, 0xd2, 0xf3, 0xcf
    dc.b    0x5f, 0x8e, 0x02, 0x5e, 0x9d, 0x47, 0x1d, 0x10, 0x39, 0x2b, 0x5a, 0x65, 0xd7, 0x8e, 0x77, 0x4a
    dc.b    0xe3, 0xa0, 0x96, 0xf5, 0x00, 0x3f, 0x3d, 0x0f, 0x2a, 0x94, 0x97, 0xd6, 0x15, 0x05, 0xd6, 0x1a
    dc.b    0xd4, 0x29, 0xa9, 0x20, 0x57, 0x40, 0x5b, 0x34, 0x20, 0x52, 0xb9, 0xe8, 0xd2, 0xd7, 0x75, 0xe7
    dc.b    0x25, 0xb7, 0x69, 0xa0, 0x38, 0x70, 0x69, 0x42, 0x29, 0xeb, 0x7a, 0x60, 0x97, 0xed, 0xf8, 0x52
    dc.b    0xd4, 0xfe, 0x54, 0x9d, 0x3e, 0x67, 0x85, 0x27, 0x6b, 0xd2, 0x97, 0xb1, 0x3b, 0xa7, 0x9d, 0xc0
    dc.b    0x84, 0xba, 0xaa, 0xb2, 0xa8, 0x10, 0x5f, 0xc9, 0x99, 0x49, 0xb0, 0x49, 0x20, 0x6c, 0x17, 0x96
    dc.b    0x74, 0x30, 0xd5, 0x6e, 0xf2, 0x27, 0x53, 0x1b, 0x4a, 0xdd, 0xab, 0x2f, 0x3d, 0x40, 0x63, 0x10
    dc.b    0x4c, 0xd2, 0x96, 0x5a, 0x00, 0x90, 0xca, 0x20, 0x6a, 0x49, 0x1c, 0x10, 0x94, 0xe7, 0x4b, 0xfb
    dc.b    0xf0, 0x27, 0x1f, 0xc0, 0x69, 0x54, 0x32, 0x27, 0x16, 0xc0, 0x82, 0x17, 0x17, 0x30, 0xaf, 0x2b
    dc.b    0x90, 0x1e, 0x30, 0xbd, 0x09, 0x00, 0xfc, 0xa2, 0xa8, 0xb9, 0xd3, 0x09, 0x86, 0x50, 0x20, 0x9c
    dc.b    0xb0, 0x72, 0x09, 0x86, 0xe3, 0x50, 0x47, 0x21, 0xf0, 0x4f, 0x35, 0x90, 0xf8, 0xb7, 0x78, 0x2e
    dc.b    0x02, 0x33, 0x10, 0x95, 0x42, 0x60, 0xd7, 0xd9, 0x50, 0x76, 0x70, 0x49, 0x09, 0x4e, 0xdd, 0x20
    dc.b    0x2c, 0x35, 0xbd, 0x22, 0x76, 0x49, 0x10, 0x92, 0xb6, 0xc5, 0x56, 0xf0, 0x6d, 0x88, 0xbc, 0x35
    dc.b    0x79, 0x49, 0x3a, 0x4d, 0x00, 0x28, 0x97, 0xf9, 0x3d, 0xee, 0x4a, 0x89, 0x47, 0x28, 0x50, 0xed
    dc.b    0x0d, 0x90, 0x2a, 0xcd, 0x0e, 0x0b, 0x3f, 0x92, 0xe7, 0xde, 0x58, 0xde, 0x90, 0x9c, 0xa9, 0x25
    dc.b    0xd7, 0x2e, 0x37, 0xbe, 0x44, 0x24, 0xa1, 0x14, 0x3f, 0xc4, 0x68, 0x09, 0xf4, 0x43, 0x0e, 0x09
    dc.b    0x89, 0x34, 0x52, 0xb2, 0xda, 0x08, 0xe1, 0x70, 0xb2, 0xb8, 0x30, 0x4f, 0x34, 0x7a, 0x60, 0x4e
    dc.b    0x34, 0x27, 0xca, 0x80, 0x4a, 0xa7, 0xf0, 0x46, 0x04, 0x42, 0x10, 0x4a, 0x74, 0x99, 0xec, 0xed
    dc.b    0xe4, 0x9d, 0x24, 0x25, 0xe9, 0xa6, 0x19, 0x49, 0x69, 0x9f, 0x80, 0x25, 0xaa, 0xe0, 0xa7, 0xb5
    dc.b    0x0e, 0x55, 0x72, 0xb7, 0x4a, 0x65, 0xd0, 0xa2, 0x07, 0x52, 0x37, 0x5f, 0x89, 0x80, 0x2c, 0x50
    dc.b    0xf4, 0xab, 0x75, 0x40, 0xf1, 0x77, 0x2b, 0x12, 0xad, 0xfc, 0x60, 0x93, 0xb1, 0x00, 0x67, 0x27
    dc.b    0x66, 0xdb, 0x22, 0x74, 0xda, 0x40, 0xb3, 0x52, 0x17, 0xbd, 0xad, 0xfe, 0x4e, 0x1b, 0x98, 0x6a
    dc.b    0x66, 0x50, 0x4b, 0x8b, 0xf0, 0x42, 0xd5, 0x50, 0x08, 0xd2, 0x45, 0x13, 0x09, 0xd5, 0xa0, 0x25
    dc.b    0x3e, 0xbd, 0xc4, 0xd3, 0xd4, 0x70, 0xf5, 0xe4, 0xee, 0x55, 0xab, 0xb0, 0xea, 0xde, 0x76, 0x40
    dc.b    0xca, 0x90, 0x52, 0x16, 0x80, 0x97, 0xea, 0x40, 0x54, 0x00, 0xae, 0x70, 0x54, 0xb5, 0x32, 0xc1
    dc.b    0x78, 0xf0, 0xcb, 0x08, 0x13, 0x15, 0xd6, 0x4b, 0x6e, 0x7a, 0x99, 0xd0, 0xe9, 0x12, 0x49, 0xf3
    dc.b    0x3e, 0x69, 0xde, 0x60, 0x54, 0x93, 0x08, 0xc4, 0x21, 0xae, 0x59, 0x35, 0x08, 0x04, 0x28, 0x12
    dc.b    0x2a, 0x05, 0xae, 0xf1, 0x2a, 0x1d, 0x00, 0x2d, 0x70, 0x49, 0xe9, 0x2e, 0xc2, 0xe9, 0x05, 0x5e
    dc.b    0x3f, 0xa1, 0x62, 0x4d, 0x0b, 0x3a, 0xd4, 0x70, 0xfc, 0xae, 0x4b, 0x8d, 0xdd, 0x04, 0x10, 0xca
    dc.b    0xb0, 0x93, 0x3a, 0xc0, 0x4e, 0xb3, 0x50, 0xd1, 0x10, 0x93, 0x6b, 0xc0, 0x5a, 0x8d, 0x50, 0x49
    dc.b    0xc7, 0x6d, 0x10, 0x27, 0x25, 0xc5, 0xf0, 0xc9, 0x12, 0x7e, 0xfe, 0x80, 0x2a, 0x42, 0xb6, 0x17
    dc.b    0x23, 0x20, 0xcb, 0x6c, 0x27, 0x96, 0x90, 0xcb, 0xfa, 0xd0, 0x9b, 0xd0, 0xc8, 0x10, 0xf2, 0x1a
    dc.b    0x27, 0x5e, 0x00, 0xc9, 0x7e, 0x17, 0x69, 0xd6, 0xe0, 0xd4, 0xa4, 0x07, 0xbd, 0xba, 0x70, 0xd6
    dc.b    0xcb, 0xc9, 0x71, 0xce, 0x4a, 0x46, 0xa7, 0xc7, 0x8b, 0x2b, 0x92, 0xc9, 0x47, 0x1b, 0x25, 0xd1
    dc.b    0x50, 0xe8, 0x10, 0xa0, 0xca, 0x90, 0x47, 0xa2, 0x2e, 0x66, 0xf0, 0xbd, 0x0f, 0x80, 0x17, 0xc4
    dc.b    0x4a, 0x3d, 0x10, 0x6f, 0x6d, 0xb0, 0x22, 0xd9, 0x4a, 0xe2, 0xd0, 0x93, 0x6d, 0xd6, 0x6a, 0x69
    dc.b    0xb0, 0x49, 0x10, 0x54, 0x42, 0x11, 0x09, 0x20, 0xe5, 0xa9, 0x10, 0x96, 0xa3, 0x70, 0x92, 0xb8
    dc.b    0x20, 0xe4, 0xfc, 0xae, 0xe4, 0x64, 0x10, 0x95, 0xce, 0x9d, 0x00, 0xc6, 0x2e, 0x91, 0x34, 0x32
    dc.b    0x21, 0xf1, 0x28, 0x0d, 0x10, 0x3f, 0x2a, 0xd0, 0x47, 0x10, 0xd4, 0xa0, 0xe4, 0x3a, 0xb0, 0x4e
    dc.b    0xd9, 0x07, 0x3a, 0x24, 0x79, 0x9a, 0xd9, 0x42, 0x20, 0x4c, 0x50, 0x93, 0xac, 0xa7, 0x93, 0xfc
    dc.b    0x55, 0xa9, 0x38, 0x40, 0x96, 0xb3, 0xc0, 0x4b, 0xb1, 0x70, 0x3f, 0x35, 0x50, 0xbd, 0xc0, 0x96
    dc.b    0x35, 0x70, 0x4a, 0x1d, 0x54, 0x87, 0xa5, 0x52, 0x70, 0xa4, 0xa0, 0x8a, 0x80, 0x76, 0xc0, 0x48
    dc.b    0x40, 0xe9, 0x4a, 0x99, 0x75, 0x2b, 0x69, 0x12, 0x50, 0x56, 0x35, 0x25, 0x7a, 0x40, 0xbc, 0x30
    dc.b    0xcb, 0x32, 0xc2, 0x5f, 0xba, 0x80, 0x59, 0x97, 0x25, 0x9a, 0xd0, 0xca, 0x50, 0x6a, 0x00, 0xa9
    dc.b    0x57, 0xdc, 0x80, 0x72, 0x64, 0x6d, 0x4a, 0x22, 0x17, 0xc0, 0x2a, 0xdb, 0x52, 0x9d, 0x92, 0xad
    dc.b    0xe7, 0x5f, 0x53, 0xc0, 0x35, 0xf0, 0x96, 0x30, 0x9c, 0x97, 0x66, 0x10, 0x95, 0x12, 0x50, 0xd6
    dc.b    0x80, 0x4d, 0x12, 0x16, 0xe0, 0x06, 0x97, 0x6e, 0xc0, 0x96, 0x47, 0x36, 0x2e, 0xd2, 0xd6, 0x3d
    dc.b    0x55, 0x63, 0x6e, 0x74, 0xb7, 0xc2, 0x3a, 0x57, 0x1b, 0x30, 0x94, 0xac, 0x87, 0x4d, 0x99, 0x6d
    dc.b    0x2c, 0xda, 0x28, 0xd0, 0x5a, 0x16, 0x79, 0x53, 0xbe, 0x25, 0x00, 0xb5, 0x3e, 0x54, 0xf0, 0xeb
    dc.b    0x5b, 0x40, 0x34, 0x4f, 0x2e, 0x51, 0x9e, 0xdc, 0x4b, 0xc6, 0x3e, 0x8f, 0x85, 0x80, 0x20, 0x59
    dc.b    0x52, 0x31, 0x40, 0x6b, 0x60, 0x1b, 0xa3, 0x41, 0xa5, 0x10, 0x66, 0x78, 0x90, 0x04, 0x69, 0x4f
    dc.b    0x50, 0x70, 0xd4, 0xcd, 0x20, 0xd5, 0x42, 0x37, 0x04, 0xa5, 0x4a, 0xb7, 0xba, 0x65, 0x33, 0x05
    dc.b    0x51, 0x92, 0x10, 0xb4, 0xf7, 0xde, 0xd3, 0xf3, 0x40, 0x41, 0x89, 0x71, 0x9a, 0xb6, 0x85, 0x18
    dc.b    0x42, 0xd6, 0x0e, 0xc7, 0xd0, 0x45, 0x02, 0xe1, 0xf0, 0xe1, 0x33, 0xac, 0x12, 0x10, 0x5a, 0xd9
    dc.b    0xf0, 0x34, 0x30, 0x17, 0x10, 0xa7, 0x10, 0x5b, 0x96, 0x30, 0x61, 0x9f, 0x9b, 0x10, 0x4b, 0x21
    dc.b    0x56, 0x60, 0x2f, 0x20, 0x5b, 0x8d, 0xb0, 0x2f, 0x8d, 0x29, 0x1e, 0x20, 0x41, 0xba, 0x49, 0x07
    dc.b    0x25, 0x52, 0xaf, 0xfd, 0x92, 0x10, 0x6b, 0xf0, 0x55, 0xcb, 0x60, 0xae, 0xd2, 0xdf, 0x35, 0xd6
    dc.b    0xfd, 0xe7, 0x43, 0x10, 0x96, 0xe7, 0x3b, 0x93, 0xfd, 0x50, 0xd2, 0x2d, 0x09, 0x32, 0xb0, 0xb6
    dc.b    0x09, 0x95, 0x44, 0x31, 0x84, 0x04, 0x58, 0x03, 0xb0, 0xa4, 0x4e, 0xc4, 0x20, 0x9a, 0xaf, 0xad
    dc.b    0x93, 0x19, 0x35, 0xc0, 0x44, 0x6e, 0xc4, 0xc0, 0xfc, 0x49, 0x4a, 0x53, 0x89, 0xb8, 0x60, 0xf5
    dc.b    0x8b, 0x70, 0x4a, 0x97, 0x37, 0x6d, 0x80, 0x3f, 0x8e, 0x57, 0x63, 0xc1, 0x02, 0x28, 0xb8, 0x18
    dc.b    0x43, 0x38, 0x90, 0xdf, 0x71, 0x88, 0xb0, 0x5e, 0x3e, 0x33, 0x48, 0x92, 0x84, 0x32, 0xca, 0x20
    dc.b    0x5b, 0x0d, 0x77, 0x20, 0x2c, 0xc5, 0x30, 0xb1, 0x24, 0x08, 0x25, 0xd3, 0x8e, 0x08, 0x34, 0x58
    dc.b    0x83, 0x40, 0x44, 0xd4, 0xa5, 0x16, 0xcf, 0x8b, 0x97, 0xd0, 0x10, 0xb4, 0xcb, 0xb0, 0x51, 0xd9
    dc.b    0x31, 0xb0, 0x42, 0xd9, 0x34, 0x6a, 0x59, 0x6a, 0xbc, 0x14, 0x10, 0xa5, 0x60, 0xca, 0x81, 0x25
    dc.b    0xc7, 0x40, 0x4b, 0x1e, 0x20, 0xbc, 0x4e, 0xeb, 0x67, 0x9e, 0x4b, 0xf9, 0xa9, 0x49, 0xc4, 0xd9
    dc.b    0x82, 0x32, 0x58, 0xec, 0x95, 0xa4, 0xe0, 0x11, 0xe1, 0xf0, 0x3e, 0x52, 0x70, 0xb7, 0xf0, 0x4f
    dc.b    0x8d, 0x80, 0x36, 0xf5, 0x91, 0x60, 0x46, 0x47, 0xd6, 0xa8, 0x17, 0xb5, 0x39, 0x29, 0x0e, 0x10
    dc.b    0x5a, 0x26, 0x45, 0x08, 0xa3, 0xcf, 0x6f, 0xe1, 0x19, 0x72, 0x84, 0xd7, 0xd5, 0xa0, 0xb5, 0x90
    dc.b    0x39, 0x1c, 0x5d, 0x60, 0x4a, 0xb1, 0xc0, 0x6c, 0x49, 0xd2, 0xf8, 0xd0, 0x4c, 0x70, 0x9d, 0x27
    dc.b    0x09, 0x57, 0x79, 0x90, 0x49, 0xa9, 0x05, 0xf6, 0xd0, 0xc9, 0x29, 0xcb, 0x9a, 0x27, 0x29, 0xd9
    dc.b    0x62, 0xf7, 0x4a, 0x49, 0x89, 0x22, 0x13, 0x60, 0xbe, 0xa1, 0xb2, 0xa0, 0xbd, 0x8b, 0x41, 0x56
    dc.b    0x17, 0xb4, 0x76, 0xa8, 0x00, 0x4b, 0x54, 0xc0, 0x18, 0x5f, 0x26, 0x39, 0x12, 0xdb, 0x4a, 0x70
    dc.b    0x6d, 0x81, 0x4c, 0x1c, 0x2c, 0xf0, 0x6a, 0xce, 0xa7, 0x2c, 0x27, 0x49, 0xf4, 0xc0, 0x49, 0xc2
    dc.b    0x42, 0x5d, 0xba, 0x69, 0x54, 0xa8, 0xa6, 0x89, 0xa7, 0x09, 0x39, 0x92, 0xd2, 0x5e, 0xf0, 0xe8
    dc.b    0x09, 0xcb, 0xd9, 0x70, 0xa1, 0x80, 0x9a, 0x10, 0x6b, 0x7e, 0x10, 0xa7, 0xe2, 0x2f, 0x6c, 0x98
    dc.b    0x5a, 0x31, 0xe2, 0xb0, 0x4b, 0x9b, 0x89, 0x92, 0x8e, 0x6e, 0x91, 0x10, 0xda, 0x04, 0x6d, 0xb0
    dc.b    0x96, 0x2b, 0x52, 0xc0, 0xb0, 0xd0, 0x0d, 0x9f, 0x8c, 0x80, 0x08, 0x30, 0xa2, 0x08, 0x5e, 0xee
    dc.b    0x72, 0x46, 0x3b, 0x96, 0xe0, 0x72, 0x07, 0x0c, 0x03, 0x45, 0x31, 0x94, 0xc0, 0xac, 0xb0, 0x72
    dc.b    0x4d, 0x41, 0xe0, 0x4a, 0xcb, 0xc0, 0x93, 0x24, 0xb0, 0xca, 0xc0, 0x4d, 0xb0, 0xb6, 0x18, 0xc9
    dc.b    0x24, 0x13, 0x89, 0xc5, 0x15, 0x60, 0x2e, 0xf0, 0xe9, 0xd1, 0xe0, 0x27, 0x50, 0xa9, 0xb3, 0xc0
    dc.b    0x2d, 0x6d, 0x70, 0x25, 0x6a, 0x70, 0xd6, 0x70, 0x4d, 0x3c, 0x84, 0x04, 0x32, 0x24, 0x54, 0xde
    dc.b    0x90, 0x42, 0x50, 0xd0, 0x20, 0x5e, 0x6b, 0x00, 0x6d, 0x02, 0x3c, 0xc5, 0x42, 0x62, 0xf0, 0xa4
    dc.b    0x79, 0x10, 0x2f, 0xd9, 0xe7, 0x3a, 0x6a, 0xd0, 0x49, 0x44, 0x5a, 0x2f, 0xdb, 0x52, 0x8b, 0x97
    dc.b    0x75, 0x00, 0x9a, 0x20, 0x4a, 0x25, 0x17, 0xbc, 0xfd, 0x9a, 0x21, 0xe2, 0x69, 0xca, 0x20, 0xda
    dc.b    0xd0, 0x97, 0x08, 0x70, 0xd9, 0xa3, 0x10, 0x69, 0xce, 0xf0, 0xdf, 0x2e, 0xb8, 0x26, 0x48, 0x70
    dc.b    0x9a, 0x38, 0x21, 0x42, 0x5d, 0x47, 0xe7, 0x13, 0x28, 0xf7, 0x00, 0x4f, 0xa0, 0x1f, 0x43, 0xe4
    dc.b    0x33, 0xd4, 0x12, 0x52, 0x2e, 0x42, 0x14, 0x68, 0x81, 0x4b, 0x29, 0x26, 0xf3, 0xa0, 0x3c, 0x80
    dc.b    0x20, 0x33, 0x38, 0xff, 0x40, 0x32, 0xd4, 0xf0, 0x30, 0x34, 0x42, 0x13, 0x18, 0xa2, 0xe9, 0x63
    dc.b    0xc1, 0x22, 0x24, 0x4d, 0x20, 0xf0, 0xb2, 0x24, 0x0d, 0x9a, 0xba, 0x21, 0x6e, 0x21, 0x5b, 0x96
    dc.b    0x5b, 0x20, 0x13, 0xc0, 0x7d, 0xd0, 0x15, 0x10, 0xfc, 0x40, 0xbd, 0x1d, 0xa9, 0x2d, 0xe0, 0xa4
    dc.b    0xb2, 0x09, 0x52, 0x02, 0x92, 0xe6, 0xb9, 0x41, 0x19, 0x3a, 0x9d, 0xb0, 0x04, 0x10, 0xd9, 0xf0
    dc.b    0x2c, 0x9c, 0x5b, 0x9d, 0x70, 0x67, 0x00, 0x97, 0xf6, 0xfe, 0x48, 0xdc, 0xad, 0x3b, 0xdd, 0x50
    dc.b    0x62, 0x00, 0xb4, 0xf9, 0xb0, 0x93, 0x9d, 0x60, 0x2d, 0xa0, 0xd3, 0x3a, 0x20, 0x4b, 0x9d, 0x40
    dc.b    0x2b, 0x85, 0x5e, 0xf6, 0x20, 0xa4, 0xeb, 0x3d, 0x20, 0x0f, 0x20, 0x97, 0xe6, 0x94, 0xa4, 0xb9
    dc.b    0xa0, 0xe9, 0x05, 0x40, 0xfd, 0x59, 0xa9, 0x19, 0x40, 0x69, 0x30, 0xa9, 0x19, 0x10, 0x3c, 0x00
    dc.b    0x93, 0xf3, 0xa2, 0x96, 0xf7, 0xfe, 0x9a, 0x60, 0xdc, 0x50, 0x79, 0x05, 0x6f, 0x52, 0x60, 0xe9
    dc.b    0xff, 0x94, 0x80, 0xcb, 0x2a, 0xda, 0x4f, 0x99, 0xd0, 0xad, 0x6d, 0xa0, 0x21, 0x10, 0x69, 0xd9
    dc.b    0xa0, 0x52, 0xdb, 0xc0, 0xc9, 0x8d, 0x30, 0x12, 0x45, 0x8a, 0x95, 0x99, 0x94, 0xc0, 0xec, 0x4e
    dc.b    0x43, 0x10, 0x6b, 0x32, 0x8d, 0x71, 0x21, 0xa6, 0x52, 0x80, 0xd6, 0x9e, 0xa0, 0xc9, 0x96, 0x70
    dc.b    0x86, 0x99, 0x9f, 0x66, 0xa2, 0x9f, 0x4a, 0x6a, 0x32, 0x10, 0x4a, 0x40, 0xe2, 0xba, 0xd6, 0xa7
    dc.b    0x24, 0x48, 0xb7, 0xbe, 0x0e, 0x0a, 0x82, 0xe1, 0xaf, 0xda, 0xc7, 0x86, 0xf0, 0x97, 0x92, 0x2e
    dc.b    0x5c, 0x3c, 0x52, 0x9d, 0x20, 0xa6, 0x50, 0xa7, 0x71, 0xc0, 0x2f, 0x6e, 0xf9, 0x99, 0x70, 0x52
    dc.b    0x49, 0x27, 0x33, 0x01, 0x02, 0x38, 0x67, 0x60, 0x4d, 0x70, 0x4a, 0xe6, 0xf0, 0x6d, 0x20, 0x28
    dc.b    0x34, 0x70, 0x48, 0x0e, 0x88, 0x44, 0x43, 0x87, 0x8e, 0x35, 0x9c, 0xf8, 0xad, 0x32, 0xc6, 0x80
    dc.b    0x68, 0xdd, 0x02, 0xc0, 0x48, 0x10, 0x39, 0x9c, 0xa8, 0x38, 0xec, 0x58, 0x25, 0x8c, 0x6c, 0x1a
    dc.b    0x80, 0x64, 0x23, 0x52, 0x40, 0xf4, 0x59, 0xd1, 0x97, 0x32, 0xe0, 0x69, 0x91, 0x40, 0xb4, 0x36
    dc.b    0x30, 0xce, 0x50, 0x4c, 0x60, 0xa7, 0x3a, 0x10, 0x7a, 0xb6, 0x10, 0xbf, 0xab, 0xf0, 0xd2, 0xc7
    dc.b    0xd1, 0x85, 0x10, 0xd2, 0xe5, 0x20, 0x6b, 0x8e, 0x50, 0x4f, 0xf6, 0x47, 0x4a, 0xe6, 0xe0, 0x92
    dc.b    0xf3, 0x42, 0x5e, 0xcb, 0x50, 0x4e, 0xcf, 0x70, 0x5b, 0xb3, 0xc0, 0xf4, 0x2d, 0x40, 0x32, 0xcb
    dc.b    0xb4, 0xac, 0x10, 0xd7, 0xb2, 0x50, 0x8d, 0x44, 0xc1, 0xa6, 0x09, 0x90, 0xa0, 0xe0, 0x98, 0x90
    dc.b    0xa2, 0x88, 0xd5, 0x28, 0xc0, 0x10, 0xa2, 0xf0, 0x5f, 0x45, 0x35, 0xee, 0xdb, 0x1f, 0x52, 0x85
    dc.b    0x55, 0x59, 0x2c, 0x62, 0x49, 0x92, 0xd6, 0x34, 0x00, 0xb3, 0xa0, 0x96, 0xec, 0xc9, 0xe4, 0xec
    dc.b    0x20, 0x90, 0xf0, 0x77, 0x9f, 0x1a, 0x20, 0x74, 0xe7, 0xa4, 0x90, 0xac, 0x37, 0x52, 0xf3, 0xa0
    dc.b    0x2a, 0x57, 0xbd, 0x2a, 0x31, 0xd0, 0x6a, 0xfb, 0xeb, 0xb4, 0x65, 0xb5, 0x6e, 0xce, 0x82, 0x90
    dc.b    0x5f, 0xb2, 0x5c, 0x5e, 0x2b, 0xb5, 0x08, 0xad, 0x70, 0xa4, 0xfd, 0x00, 0x90, 0x40, 0x4b, 0xe2
    dc.b    0x80, 0x95, 0x57, 0x45, 0x32, 0x2b, 0x26, 0x07, 0x5c, 0xaa, 0x69, 0xcc, 0xe0, 0x95, 0xce, 0x87
    dc.b    0xbf, 0x14, 0x40, 0xb5, 0xbf, 0xe7, 0xad, 0xcf, 0x02, 0x49, 0x1c, 0xa0, 0x99, 0x60, 0x52, 0x1a
    dc.b    0x7b, 0xd6, 0x24, 0xe9, 0xf9, 0x80, 0xf1, 0x4a, 0x6b, 0x53, 0xe0, 0xa2, 0xa0, 0x4a, 0xd9, 0x90
    dc.b    0x32, 0x17, 0x4e, 0xe3, 0x72, 0x2c, 0x03, 0x0a, 0x25, 0x3a, 0x48, 0xfc, 0x1c, 0xc5, 0x03, 0x79
    dc.b    0x60, 0x32, 0x90, 0xa4, 0xca, 0xa0, 0xe3, 0x32, 0x69, 0xe1, 0xb0, 0x63, 0x77, 0x4a, 0x52, 0x95
    dc.b    0x65, 0xfb, 0x25, 0xa4, 0xcd, 0xa9, 0x2f, 0xd9, 0x4b, 0x2f, 0x34, 0x92, 0xbc, 0x49, 0xd2, 0x57
    dc.b    0x25, 0xda, 0xe0, 0xd7, 0x52, 0x79, 0xe1, 0x2e, 0x2e, 0x24, 0xb0, 0xb8, 0x46, 0x45, 0x41, 0x1e
    dc.b    0x10, 0x4d, 0x90, 0xd3, 0x35, 0xa0, 0xaf, 0x53, 0x50, 0xf9, 0x70, 0xd3, 0x29, 0xb0, 0x92, 0x49
    dc.b    0x28, 0xce, 0xf0, 0x4f, 0x1c, 0xa0, 0x13, 0x38, 0x5d, 0x9e, 0x25, 0x71, 0x20, 0xb2, 0x28, 0x83
    dc.b    0xdf, 0x0b, 0x30, 0xd9, 0x70, 0x60, 0x2d, 0xd5, 0x88, 0x38, 0x71, 0x44, 0xe9, 0xc5, 0x85, 0xd0
    dc.b    0x33, 0x43, 0x5a, 0x34, 0x95, 0xd0, 0xb8, 0x84, 0x79, 0x95, 0x59, 0x3d, 0x4b, 0x5c, 0xb7, 0x3e
    dc.b    0x2c, 0x48, 0xb0, 0xa6, 0x98, 0xba, 0x3d, 0x42, 0xeb, 0x18, 0x13, 0xf9, 0x82, 0x13, 0x56, 0xb0
    dc.b    0xe5, 0x24, 0xb1, 0xf0, 0xd2, 0xf0, 0x00, 0xe6, 0x44, 0xcd, 0x08, 0x25, 0x09, 0x6b, 0x0e, 0xf4
    dc.b    0x13, 0x9a, 0xe0, 0x6d, 0x90, 0x25, 0xf1, 0x60, 0xf2, 0x96, 0xe6, 0xbe, 0xf9, 0xd2, 0xf7, 0xbc
    dc.b    0xe7, 0xb1, 0x9e, 0x69, 0x54, 0x49, 0xcb, 0xd1, 0xe0, 0x52, 0x59, 0x00, 0xf2, 0xde, 0x74, 0x7a
    dc.b    0xc4, 0xb7, 0xbf, 0x96, 0xf5, 0xb7, 0xcc, 0x80, 0x95, 0x67, 0x29, 0x25, 0x9c, 0x00, 0x8c, 0x04
    dc.b    0x8f, 0x97, 0x2d, 0x12, 0xf4, 0x36, 0xa7, 0x8c, 0x2e, 0x97, 0xc5, 0xa2, 0xc9, 0x15, 0xd6, 0x2f
    dc.b    0x32, 0xf0, 0x56, 0x10, 0xa2, 0xc3, 0xb1, 0x70, 0x48, 0x28, 0x69, 0x4e, 0x70, 0xaa, 0xa0, 0x3a
    dc.b    0x10, 0x0b, 0x05, 0xf1, 0x3e, 0x7a, 0x5d, 0x95, 0xa5, 0x27, 0x45, 0xb5, 0x49, 0x5b, 0x30, 0x49
    dc.b    0x6d, 0x00, 0xe9, 0x5c, 0xfe, 0xd4, 0xa5, 0x17, 0x26, 0x1d, 0x28, 0xe8, 0x74, 0x02, 0x4a, 0x24
    dc.b    0xe0, 0x4c, 0x23, 0x59, 0x40, 0x30, 0x51, 0xf4, 0x2e, 0x86, 0xf3, 0x20, 0x90, 0x62, 0x95, 0x89
    dc.b    0x3d, 0x56, 0x70, 0x25, 0x2d, 0x4a, 0x34, 0x2d, 0x00, 0xd6, 0xa7, 0x80, 0xd0, 0x10, 0x4a, 0x75
    dc.b    0xf0, 0xa5, 0xc0, 0x29, 0xf0, 0x5a, 0x52, 0xd0, 0xdd, 0x00, 0x0d, 0x80, 0x6b, 0xc4, 0xa7, 0xb3
    dc.b    0x00, 0x4c, 0x60, 0xa4, 0xa8, 0x77, 0x93, 0xb9, 0x82, 0x96, 0xfc, 0x60, 0xad, 0x2e, 0x7d, 0xf0
    dc.b    0x6a, 0x2b, 0x70, 0x5f, 0xb3, 0x80, 0x43, 0x20, 0xe5, 0xaf, 0x64, 0xc7, 0x35, 0x20, 0xed, 0x1e
    dc.b    0x5b, 0xa2, 0x67, 0x4e, 0xda, 0x30, 0x9b, 0x3c, 0x4d, 0xa0, 0xee, 0x69, 0x90, 0x79, 0x80, 0xf2
    dc.b    0x35, 0x01, 0x12, 0x02, 0x1c, 0x20, 0x0b, 0x18, 0x83, 0x15, 0xb0, 0x2f, 0x9e, 0x67, 0x82, 0x0c
    dc.b    0x67, 0xb0, 0xa7, 0x4c, 0xa0, 0x99, 0xd0, 0xad, 0x45, 0x07, 0x26, 0xb0, 0x69, 0x62, 0x48, 0x5b
    dc.b    0x60, 0xae, 0x80, 0xc8, 0x10, 0x25, 0x92, 0x60, 0x60, 0x8b, 0x43, 0x33, 0xcc, 0x08, 0x24, 0x10
    dc.b    0x83, 0xb0, 0xa9, 0xb5, 0xea, 0x39, 0x90, 0x80, 0x84, 0x33, 0x3f, 0x45, 0x44, 0xac, 0x88, 0xc0
    dc.b    0x37, 0x30, 0x4f, 0x0b, 0x48, 0x29, 0xac, 0x93, 0xb0, 0x27, 0x09, 0x40, 0x66, 0x07, 0xd3, 0x42
    dc.b    0x1f, 0xdd, 0x19, 0x20, 0x6d, 0x40, 0xd2, 0xca, 0xcc, 0x54, 0xd0, 0x7a, 0x65, 0x10, 0x25, 0x4d
    dc.b    0xe0, 0x06, 0x13, 0x34, 0x22, 0x08, 0x9a, 0xd0, 0x98, 0xdc, 0x98, 0xd0, 0x5e, 0x14, 0x13, 0x10
    dc.b    0xf1, 0x62, 0x2c, 0x80, 0x69, 0x08, 0x64, 0x80, 0xb4, 0xe0, 0xa9, 0x30, 0x6b, 0x89, 0x19, 0xfb
    dc.b    0xf0, 0xa7, 0x71, 0xf0, 0x69, 0x95, 0xd0, 0xa3, 0x10, 0x2d, 0x1e, 0x00, 0x95, 0xe6, 0x80, 0xb4
    dc.b    0x20, 0x7c, 0x91, 0xb7, 0x52, 0x3c, 0x20, 0xb3, 0x00, 0x72, 0x2b, 0x90, 0x1a, 0x00, 0x7d, 0x9f
    dc.b    0x87, 0xa3, 0x86, 0x25, 0x29, 0xb7, 0x9e, 0x02, 0x84, 0xa0, 0x86, 0x0c, 0xb6, 0x80, 0xac, 0x97
    dc.b    0x5e, 0x9f, 0x09, 0xd7, 0x54, 0xe0, 0x49, 0xf3, 0x75, 0x2f, 0x4a, 0x70, 0x47, 0x08, 0x29, 0x47
    dc.b    0x4b, 0x59, 0x6c, 0x48, 0xb3, 0xa5, 0x92, 0x60, 0x12, 0xb0, 0x1f, 0x89, 0xaf, 0x12, 0xd0, 0xf4
    dc.b    0x27, 0x5e, 0x95, 0xe2, 0x60, 0x77, 0xb7, 0x01, 0xb5, 0x3c, 0xa8, 0x40, 0x93, 0xfd, 0x39, 0xa9
    dc.b    0x44, 0x8e, 0xaa, 0x24, 0x40, 0xef, 0x6a, 0x87, 0x4a, 0xe2, 0xe0, 0x46, 0x01, 0xb5, 0xbe, 0x79
    dc.b    0x20, 0x5d, 0x89, 0x39, 0x89, 0xda, 0x1e, 0x77, 0x9c, 0xbe, 0xbe, 0xa0, 0x49, 0xb5, 0x0e, 0x27
    dc.b    0xf1, 0x40, 0xc9, 0x97, 0x27, 0xac, 0x44, 0xba, 0x4a, 0xe1, 0x00, 0x7a, 0x94, 0x65, 0xbf, 0x2d
    dc.b    0xf7, 0x79, 0x79, 0x91, 0x62, 0x4f, 0xda, 0xf0, 0x96, 0x89, 0xa0, 0x2b, 0x52, 0x20, 0xb2, 0x40
    dc.b    0x5b, 0x50, 0x60, 0xf0, 0x5e, 0x9a, 0xf0, 0x5a, 0x13, 0x72, 0xb8, 0x00, 0xa4, 0xba, 0x39, 0x00
    dc.b    0x6f, 0x8d, 0x60, 0x37, 0xf0, 0x92, 0xe8, 0x20, 0xf5, 0x8e, 0x10, 0x99, 0x41, 0x34, 0x0a, 0xd2
    dc.b    0xac, 0xf0, 0x96, 0x89, 0xf0, 0xd4, 0x32, 0x30, 0xba, 0xc2, 0xb5, 0xc4, 0x10, 0x95, 0xba, 0x60
    dc.b    0xd9, 0x09, 0x27, 0x09, 0x40, 0x5b, 0x20, 0xd2, 0xa2, 0x1b, 0x28, 0x82, 0x5d, 0xb5, 0x09, 0xa7
    dc.b    0x9f, 0x2e, 0xa5, 0x7b, 0x89, 0x25, 0x5b, 0x10, 0x25, 0xe7, 0xb7, 0xac, 0x70, 0x4a, 0x6c, 0xfa
    dc.b    0x97, 0x40, 0xa7, 0x6a, 0x63, 0x09, 0x80, 0xf8, 0x27, 0x97, 0x6b, 0x79, 0x4a, 0x0e, 0xcf, 0x40
    dc.b    0x71, 0x97, 0x50, 0xed, 0x9f, 0x0b, 0xe1, 0x12, 0x69, 0x51, 0x70, 0x21, 0x60, 0x2d, 0x7a, 0xc0
    dc.b    0xb1, 0x80, 0x27, 0xf1, 0xb0, 0xa0, 0x70, 0xb9, 0x40, 0x27, 0xea, 0xd9, 0x77, 0x1a, 0x90, 0xd8
    dc.b    0xd0, 0x95, 0x8b, 0x3e, 0x5b, 0x10, 0x4b, 0x64, 0x69, 0x9f, 0xcc, 0x77, 0x5d, 0x10, 0xa5, 0x2d
    dc.b    0x30, 0x42, 0x10, 0x34, 0x9b, 0x86, 0x20, 0xb1, 0x80, 0xeb, 0xd3, 0xe9, 0xc8, 0x4e, 0xac, 0x70
    dc.b    0xda, 0xce, 0x80, 0x9d, 0xea, 0x30, 0xfd, 0xa8, 0xe0, 0xc0, 0xa9, 0xb0, 0x7a, 0x77, 0x34, 0xa0
    dc.b    0xb5, 0x46, 0xf7, 0xbd, 0xb4, 0xc0, 0x94, 0xdf, 0x4b, 0xf4, 0xf0, 0xa6, 0xfe, 0xc8, 0xa0, 0xa7
    dc.b    0x45, 0x02, 0x27, 0xdb, 0x30, 0xcb, 0xf4, 0xfe, 0x52, 0xd9, 0xd0, 0x27, 0x59, 0xa0, 0x52, 0x66
    dc.b    0xb9, 0xb5, 0xad, 0x20, 0x09, 0x39, 0x80, 0xad, 0x63, 0x50, 0xd2, 0xa9, 0x9f, 0x69, 0x73, 0xca
    dc.b    0x00, 0x55, 0x15, 0x27, 0x25, 0x32, 0xf0, 0x5b, 0xbe, 0x4b, 0x6c, 0xc0, 0x9b, 0x3c, 0x52, 0x51
    dc.b    0x80, 0x4b, 0xb4, 0x17, 0x97, 0x65, 0x00, 0xa6, 0x3e, 0xca, 0x20, 0xca, 0x60, 0x4b, 0xec, 0xf0
    dc.b    0x8e, 0x50, 0x84, 0x8f, 0xbf, 0xba, 0x50, 0x7f, 0x37, 0xa0, 0xa5, 0xdb, 0xe9, 0x48, 0x2a, 0x5a
    dc.b    0x1a, 0x15, 0x55, 0x12, 0xc0, 0x5d, 0xb7, 0xc0, 0x2d, 0x71, 0x87, 0x4b, 0x65, 0xf6, 0xe9, 0xfe
    dc.b    0x8e, 0x7e, 0x9d, 0xed, 0x77, 0xc9, 0xb8, 0x00, 0x1a, 0xaa, 0xb6, 0x7c, 0x25, 0x5e, 0x44, 0x58
    dc.b    0x01, 0x1b, 0x7d, 0xbb, 0x3a, 0x13, 0x2b, 0x03, 0x4a, 0xa3, 0x41, 0x11, 0x24, 0x52, 0x2e, 0x4d
    dc.b    0x43, 0x5b, 0xc6, 0xab, 0xbb, 0x26, 0x95, 0x62, 0x4c, 0x41, 0x30, 0x1b, 0xd4, 0xb1, 0x12, 0xdb
    dc.b    0x09, 0x1c, 0xad, 0xfb, 0x50, 0xa0, 0x88, 0xb4, 0x16, 0x70, 0xb5, 0x90, 0x2a, 0x8a, 0x60, 0x5d
    dc.b    0x5a, 0x96, 0x25, 0x60, 0x39, 0x0e, 0xa4, 0x36, 0xc2, 0xba, 0x5f, 0x14, 0x3e, 0x18, 0x93, 0xed
    dc.b    0x60, 0x91, 0x20, 0x90, 0x97, 0x9f, 0x39, 0x39, 0x20, 0x25, 0x31, 0x58, 0xea, 0xbd, 0xe2, 0x8f
    dc.b    0x57, 0x29, 0x48, 0x71, 0x5e, 0x21, 0xc9, 0xc9, 0xcf, 0x40, 0xa7, 0x44, 0x47, 0xac, 0xf0, 0xb5
    dc.b    0x92, 0x50, 0xf6, 0xc0, 0x7a, 0xf6, 0xd0, 0x4a, 0xa0, 0x6b, 0x3c, 0x50, 0x85, 0x10, 0xa5, 0x4d
    dc.b    0xb0, 0x2c, 0xb0, 0x54, 0x95, 0x53, 0x40, 0xac, 0x70, 0x6a, 0xfb, 0xc9, 0x5d, 0x92, 0xd9, 0xdb
    dc.b    0x87, 0x21, 0xe9, 0xa7, 0xd9, 0x79, 0xae, 0x77, 0x5a, 0x3d, 0x01, 0xaa, 0x6c, 0x35, 0x11, 0x23
    dc.b    0x52, 0xfc, 0xd8, 0x5a, 0x13, 0x05, 0xf8, 0x70, 0xa6, 0x16, 0xbf, 0x8a, 0xb0, 0x70, 0xa7, 0xea
    dc.b    0xa0, 0xcb, 0xd2, 0xbe, 0xb3, 0xd2, 0x0f, 0xad, 0xa0, 0x45, 0xb0, 0x2f, 0x3a, 0xa0, 0x5a, 0x35
    dc.b    0xdb, 0xb2, 0xe0, 0x93, 0xa9, 0x59, 0xd6, 0xfc, 0x30, 0x9a, 0x04, 0xdd, 0xa9, 0x00, 0x34, 0xd5
    dc.b    0x95, 0x08, 0x69, 0xf0, 0x4d, 0x04, 0x6e, 0x35, 0xf0, 0x24, 0x52, 0xea, 0x2f, 0x02, 0x69, 0x2b
    dc.b    0x65, 0x0c, 0xeb, 0xd0, 0x50, 0x95, 0x65, 0x80, 0x20, 0x51, 0xb7, 0x09, 0x90, 0x55, 0x2e, 0x5f
    dc.b    0xf2, 0x12, 0xa1, 0xae, 0x12, 0x09, 0xec, 0x5e, 0x73, 0x99, 0x44, 0xba, 0x4a, 0x16, 0x07, 0xa6
    dc.b    0xa0, 0x24, 0x43, 0xf0, 0xb4, 0x0f, 0xaf, 0x2e, 0x10, 0xd7, 0xe3, 0x00, 0x92, 0xee, 0x2e, 0x6a
    dc.b    0x93, 0x2a, 0x09, 0x4f, 0x64, 0x07, 0xcb, 0x4b, 0x4f, 0x89, 0xe9, 0x1d, 0x60, 0x7f, 0x26, 0x30
    dc.b    0x28, 0x97, 0xc4, 0x10, 0x9e, 0xa2, 0x52, 0x55, 0xce, 0x50, 0x97, 0xcd, 0xe0, 0x27, 0xfb, 0x20
    dc.b    0x29, 0x00, 0xd3, 0x5b, 0x41, 0x12, 0xae, 0xfc, 0x50, 0x95, 0x20, 0xf4, 0xbf, 0x17, 0xc9, 0xb3
    dc.b    0x10, 0x4f, 0x11, 0xb5, 0x40, 0x4c, 0x80, 0xad, 0x2b, 0xcf, 0x70, 0x57, 0x5e, 0xd6, 0x35, 0xc2
    dc.b    0x55, 0x00, 0x60, 0x48, 0xb0, 0xe5, 0x8b, 0x23, 0x96, 0xe2, 0xe0, 0x43, 0xb2, 0x52, 0xb5, 0xb4
    dc.b    0xbb, 0x99, 0xd0, 0x3a, 0xcf, 0x90, 0xd3, 0xd5, 0x10, 0xbd, 0x20, 0xda, 0xa0, 0x4c, 0x29, 0xbf
    dc.b    0x47, 0x44, 0xeb, 0xc5, 0x70, 0xb9, 0xc9, 0xdc, 0x74, 0x6b, 0xa3, 0xe1, 0x71, 0x10, 0x25, 0x90
    dc.b    0x60, 0x13, 0xb3, 0x90, 0x01, 0xf7, 0x7c, 0x7a, 0x4e, 0xa1, 0x90, 0x32, 0x0a, 0x26, 0x41, 0x50
    dc.b    0xa5, 0x2a, 0x86, 0x0e, 0x4b, 0xdb, 0x98, 0xaf, 0x79, 0x40, 0xfa, 0x14, 0x71, 0xb4, 0xa0, 0x49
    dc.b    0xdc, 0x89, 0x4b, 0x3c, 0x57, 0x93, 0xe0, 0x2e, 0x86, 0xe9, 0x5a, 0xe9, 0xad, 0x27, 0x24, 0xb7
    dc.b    0xaf, 0x92, 0xeb, 0x7d, 0x0a, 0xb7, 0x00, 0x1d, 0x31, 0x2f, 0xc2, 0x80, 0x5e, 0xa9, 0x2e, 0x1b
    dc.b    0x7a, 0xdb, 0x20, 0xa5, 0x9c, 0x30, 0xa5, 0x80, 0x48, 0x77, 0x25, 0xf1, 0x1e, 0xaf, 0x15, 0x70
    dc.b    0xae, 0xc0, 0x2b, 0x80, 0x69, 0x55, 0x17, 0x50, 0x2a, 0xc0, 0xd9, 0xec, 0x0e, 0x13, 0xad, 0x06
    dc.b    0x51, 0x70, 0x73, 0x49, 0xa1, 0x20, 0x1a, 0x34, 0x43, 0x44, 0x72, 0x07, 0x8f, 0x20, 0x23, 0x80
    dc.b    0x1a, 0x30, 0xb3, 0x55, 0x12, 0x40, 0x5c, 0xb0, 0x49, 0x74, 0xb2, 0x48, 0x60, 0xda, 0xfb, 0x10
    dc.b    0x5a, 0x51, 0x57, 0xd2, 0xd3, 0xe9, 0x4a, 0x1e, 0xad, 0x73, 0xc0, 0x68, 0x10, 0x6a, 0xa2, 0xac
    dc.b    0x99, 0xe9, 0xc7, 0xe0, 0xae, 0x10, 0x4b, 0xc5, 0x47, 0x6b, 0x54, 0x40, 0x5a, 0xf6, 0xa9, 0x5e
    dc.b    0x95, 0xd9, 0x20, 0xe9, 0xf6, 0x50, 0xd4, 0x84, 0xc0, 0x85, 0x20, 0x68, 0x60, 0x49, 0x51, 0xe0
    dc.b    0x27, 0x4c, 0xd3, 0x9d, 0x15, 0x80, 0x04, 0x43, 0x33, 0x41, 0xaa, 0xd5, 0x8e, 0x9d, 0x20, 0xa5
    dc.b    0x62, 0x42, 0x30, 0xf8, 0xc4, 0xb2, 0xff, 0xb4, 0x60, 0x38, 0xda, 0xb5, 0x20, 0x2a, 0x6d, 0xb0
    dc.b    0x26, 0x40, 0x5e, 0xa3, 0x60, 0xd2, 0xa2, 0x5a, 0x4c, 0x27, 0xd6, 0xfd, 0x80, 0xd3, 0x56, 0x70
    dc.b    0xa7, 0xe0, 0x4f, 0xb2, 0xe9, 0xb4, 0xb8, 0x00, 0xf5, 0xae, 0x6b, 0xc0, 0x4e, 0x6d, 0xc9, 0x2a
    dc.b    0x6e, 0xa9, 0x5e, 0x79, 0x92, 0x4d, 0x39, 0xac, 0xc6, 0x52, 0xa5, 0x50, 0xe9, 0xbf, 0x28, 0xa9
    dc.b    0x38, 0x7a, 0xe7, 0x00, 0xb5, 0xce, 0x29, 0x30, 0x7e, 0x74, 0x80, 0xaa, 0x82, 0x80, 0x22, 0x2d
    dc.b    0x2c, 0xd3, 0x74, 0x7d, 0xd2, 0x4f, 0xf8, 0x80, 0x92, 0xa2, 0xb0, 0x4e, 0xb6, 0x40, 0xb9, 0x5b
    dc.b    0xae, 0x97, 0x17, 0xb4, 0xfc, 0xe8, 0x97, 0xf2, 0x22, 0xe6, 0x1d, 0x97, 0xbc, 0x90, 0xbf, 0x4f
    dc.b    0x5b, 0xc9, 0x4d, 0xa0, 0xa5, 0xf3, 0xd0, 0x2d, 0x3a, 0x40, 0x3e, 0x48, 0x96, 0xb2, 0xa5, 0xdb
    dc.b    0x00, 0xa5, 0xf9, 0xc2, 0xa1, 0x6b, 0x52, 0xd1, 0xc7, 0xeb, 0xe5, 0x3c, 0xcd, 0x37, 0x2a, 0xe3
    dc.b    0x02, 0x47, 0xc0, 0x4f, 0x89, 0x00, 0x65, 0x27, 0x2e, 0x65, 0x60, 0x79, 0xce, 0x3b, 0x8f, 0x52
    dc.b    0xd7, 0x65, 0xbe, 0x8d, 0xc2, 0x3e, 0x29, 0x55, 0x7c, 0x7e, 0xf9, 0x25, 0x67, 0xc6, 0x1a, 0x58
    dc.b    0x40, 0xd7, 0x1d, 0x11, 0x18, 0x10, 0x6b, 0xe6, 0xd4, 0x30, 0x69, 0xc2, 0xd0, 0xf1, 0xc0, 0xa7
    dc.b    0x45, 0x80, 0x2d, 0xcc, 0xd0, 0x95, 0x64, 0x30, 0xb2, 0x60, 0x94, 0x60, 0x93, 0x24, 0xa1, 0xba
    dc.b    0x2f, 0x26, 0x99, 0x4f, 0x95, 0xf9, 0x87, 0x2f, 0xe6, 0x80, 0x9c, 0x32, 0x4b, 0xfb, 0x67, 0xaf
    dc.b    0xc5, 0x80, 0x27, 0x59, 0xf0, 0x26, 0x70, 0x72, 0x32, 0x20, 0xd4, 0x30, 0x49, 0x74, 0xb0, 0x5c
    dc.b    0x8a, 0x20, 0x57, 0x89, 0xb9, 0xe2, 0x31, 0x45, 0xb9, 0xa5, 0x74, 0x50, 0xe9, 0x56, 0x5e, 0x41
    dc.b    0x22, 0x31, 0x02, 0x94, 0x7c, 0x20, 0xaa, 0x69, 0xdc, 0x75, 0xab, 0xf0, 0xe5, 0x60, 0x48, 0x80
    dc.b    0x54, 0xbe, 0xa0, 0xfa, 0x25, 0x20, 0x42, 0xf2, 0x27, 0x5b, 0xa3, 0x49, 0x42, 0xc7, 0x5a, 0xdd
    dc.b    0xe0, 0xa8, 0xc1, 0xee, 0x5e, 0x30, 0xb3, 0xe0, 0x92, 0xf3, 0xe0, 0xa5, 0xbe, 0x3e, 0x19, 0x46
    dc.b    0x10, 0x6b, 0x53, 0xd1, 0x14, 0x25, 0x9c, 0x60, 0xb3, 0x80, 0x21, 0xf2, 0x25, 0x58, 0x30, 0x9f
    dc.b    0x1d, 0xd7, 0xa5, 0x12, 0xe0, 0xd9, 0xa0, 0xa7, 0xdb, 0x00, 0x5a, 0x12, 0x4d, 0xd5, 0xbd, 0x20
    dc.b    0xa4, 0xed, 0xfe, 0x9f, 0x32, 0x60, 0xde, 0xe0, 0xd4, 0x95, 0xab, 0x07, 0x12, 0xc0, 0xc4, 0xb0
    dc.b    0x95, 0xed, 0x40, 0x27, 0x1a, 0x80, 0xfd, 0x9f, 0x60, 0x2d, 0xc4, 0x69, 0xbf, 0x12, 0x19, 0xd3
    dc.b    0x80, 0x72, 0x4a, 0x49, 0x79, 0x20, 0x72, 0x75, 0x4d, 0x37, 0xa6, 0x2b, 0xe9, 0x62, 0xb0, 0x24
    dc.b    0xab, 0x01, 0xc4, 0x07, 0xa2, 0xe9, 0x5f, 0xcf, 0x30, 0x5b, 0xe5, 0xa5, 0x36, 0x10, 0xf4, 0x12
    dc.b    0x01, 0xbb, 0x29, 0x00, 0x0b, 0x0c, 0x4a, 0xa9, 0x60, 0xd6, 0xfd, 0x80, 0xa4, 0x81, 0x07, 0x22
    dc.b    0x25, 0x6e, 0x95, 0xe9, 0xba, 0x7d, 0x00, 0x18, 0x01, 0x44, 0x4a, 0x43, 0xcd, 0x50, 0x0f, 0x20
    dc.b    0x97, 0xec, 0xd0, 0xd6, 0x24, 0x80, 0x35, 0x20, 0x11, 0x37, 0x20, 0xa5, 0xba, 0x29, 0x60, 0x3b
    dc.b    0x36, 0x10, 0x5d, 0xad, 0x00, 0xa0, 0x40, 0xa6, 0x67, 0x97, 0xe5, 0xa0, 0x23, 0x60, 0x4c, 0x5c
    dc.b    0x22, 0xb7, 0xc5, 0x00, 0x21, 0x80, 0xd2, 0xf7, 0x12, 0x89, 0x15, 0xa0, 0x4b, 0xf4, 0x72, 0x68
    dc.b    0x20, 0x7e, 0x99, 0x10, 0x21, 0x20, 0xfa, 0x57, 0x92, 0x70, 0x5d, 0xea, 0xc2, 0x12, 0x20, 0xe2
    dc.b    0x0a, 0x36, 0x40, 0xd1, 0x20, 0x80, 0xed, 0xab, 0x82, 0x20, 0xcd, 0x1c, 0x6e, 0xc9, 0xa0, 0x5f
    dc.b    0x40, 0x47, 0x40, 0x4f, 0xe6, 0x20, 0x48, 0xe0, 0xb4, 0x2b, 0x20, 0x4f, 0xe2, 0xe0, 0x42, 0x60
    dc.b    0x86, 0x11, 0x15, 0x2f, 0x56, 0x14, 0x20, 0x6b, 0xdd, 0x44, 0x20, 0xa7, 0xe0, 0x32, 0x20, 0x52
    dc.b    0xcc, 0xf7, 0xb8, 0x50, 0x97, 0xc4, 0xf9, 0xaf, 0x40, 0x96, 0x44, 0xbc, 0xe0, 0x91, 0xc0, 0xa4
    dc.b    0xae, 0xcf, 0x00, 0x4f, 0xa5, 0x70, 0x7d, 0x20, 0x57, 0xc0, 0x52, 0xe0, 0x5e, 0xa6, 0xf0, 0x9f
    dc.b    0xc9, 0x43, 0x24, 0xd6, 0xf0, 0x29, 0xc0, 0xc9, 0x7e, 0xe0, 0xac, 0x90, 0x48, 0x80, 0x72, 0xd7
    dc.b    0x05, 0xf7, 0x21, 0xff, 0x34, 0x40, 0x34, 0x60, 0xaf, 0x24, 0x70, 0x8b, 0xed, 0x48, 0x7e, 0x47
    dc.b    0xe0, 0x93, 0xf3, 0xb0, 0x42, 0x60, 0x84, 0x45, 0x44, 0x34, 0x75, 0x20, 0xc5, 0x77, 0xb3, 0xb7
    dc.b    0xda, 0x3c, 0xdf, 0x1a, 0xc7, 0x14, 0x60, 0x49, 0x12, 0x60, 0xb4, 0x84, 0x1e, 0x42, 0xa0, 0x12
    dc.b    0x34, 0x42, 0x9a, 0x20, 0x09, 0xe9, 0x3e, 0x60, 0xc1, 0xc1, 0x43, 0x31, 0x14, 0x54, 0x44, 0x20
    dc.b    0xbc, 0xe8, 0x4b, 0xb3, 0x19, 0x4d, 0x4a, 0xa6, 0x7c, 0xc4, 0x24, 0x34, 0x44, 0xea, 0x8d, 0xc0
    dc.b    0xa5, 0x3d, 0xde, 0x00, 0xe9, 0x1d, 0x40, 0xa5, 0xf4, 0xa0, 0x4d, 0x46, 0x26, 0x60, 0xb6, 0x0e
    dc.b    0xd2, 0x45, 0x2b, 0x80, 0x41, 0xc2, 0x25, 0x80, 0x0a, 0xa0, 0x4c, 0x80, 0xb9, 0x54, 0x80, 0x9a
    dc.b    0xa0, 0x5b, 0x95, 0x37, 0xb3, 0xf8, 0xd2, 0x2a, 0xc0, 0x51, 0x80, 0x32, 0x10, 0x5b, 0xe5, 0xb0
    dc.b    0x26, 0xe0, 0xf5, 0xab, 0x52, 0xce, 0x69, 0x60, 0x2f, 0xe3, 0xe0, 0x94, 0x10, 0x57, 0x00, 0x42
    dc.b    0x20, 0x93, 0xe7, 0x27, 0x4d, 0xa0, 0xa5, 0x2d, 0xa0, 0x3b, 0x65, 0x27, 0xe3, 0xbc, 0x52, 0xe0
    dc.b    0x90, 0x40, 0xb1, 0x24, 0xd3, 0x7b, 0xd4, 0xe0, 0x8e, 0x40, 0x6a, 0x93, 0xa0, 0xf3, 0x4e, 0xb3
    dc.b    0xe5, 0x52, 0x7e, 0x9d, 0x00, 0x32, 0xe0, 0xf5, 0xea, 0x2f, 0xa0, 0x4f, 0xf2, 0xe0, 0x91, 0x97
    dc.b    0x49, 0x02, 0x4f, 0x10, 0x70, 0x80, 0x36, 0xd5, 0x3c, 0x08, 0xdb, 0x3d, 0x08, 0x24, 0x02, 0x24
    dc.b    0xcb, 0x49, 0xf5, 0x29, 0xf8, 0xf7, 0x8a, 0x83, 0xb6, 0xb6, 0x02, 0x11, 0xe3, 0x7f, 0x97, 0x94
    dc.b    0x5d, 0x29, 0x04, 0x10, 0x1a, 0x01, 0x14, 0x08, 0xcd, 0x1e, 0x48, 0x20, 0x52, 0x09, 0x34, 0xdc
    dc.b    0xbf, 0x48, 0x01, 0x4f, 0x5b, 0x2c, 0x42, 0x08, 0x08, 0x67, 0x02, 0x73, 0x1a, 0x3f, 0xb6, 0xa8
    dc.b    0x23, 0x9f, 0xf0, 0x46, 0xe3, 0x6f, 0x85, 0xc7, 0x1b, 0x19, 0x89, 0x51, 0x08, 0xa5, 0x3f, 0xb2
    dc.b    0xcb, 0x78, 0x5a, 0x01, 0xa5, 0x3e, 0x7f, 0x1a, 0x0a, 0x28, 0x16, 0x01, 0x98, 0x61, 0xe2, 0x42
    dc.b    0xdb, 0xc1, 0xd2, 0x45, 0xfd, 0x40, 0x0e, 0x1d, 0x6b, 0x8f, 0xc3, 0x6c, 0x47, 0x42, 0x80, 0x47
    dc.b    0x20, 0x42, 0x97, 0x42, 0x04, 0x14, 0x33, 0x34, 0xa0, 0xf2, 0x73, 0xbc, 0x40, 0x9d, 0x46, 0x47
    dc.b    0x83, 0x20, 0x42, 0x06, 0xc0, 0xd1, 0x01, 0xa6, 0x44, 0x8a, 0xc2, 0x36, 0xe0, 0x8e, 0x39, 0xd0
    dc.b    0xbd, 0x88, 0xe4, 0x3d, 0x60, 0xa2, 0xa1, 0x04, 0x92, 0x3d, 0x84, 0x62, 0x84, 0xf1, 0x53, 0x37
    dc.b    0x40, 0x45, 0x99, 0x16, 0x15, 0x55, 0x8c, 0x40, 0xdc, 0x4f, 0xdb, 0x73, 0x42, 0x55, 0x81, 0xcf
    dc.b    0x1a, 0x01, 0x55, 0x8c, 0x09, 0x3f, 0x49, 0x43, 0x2c, 0x04, 0x47, 0xa0, 0xd7, 0xbd, 0x70, 0x24
    dc.b    0x12, 0x4b, 0x2b, 0x00, 0xe8, 0x3c, 0xcd, 0xb1, 0x14, 0x63, 0x1a, 0x20, 0xff, 0x08, 0x80, 0x40
    dc.b    0xe8, 0x9a, 0xb2, 0x03, 0x43, 0x42, 0x58, 0x12, 0x8b, 0x0f, 0x40, 0x2d, 0x37, 0x42, 0x1d, 0x40
    dc.b    0xa1, 0x1f, 0xa3, 0xa4, 0x00, 0xd2, 0x08, 0x01, 0x20, 0x49, 0xd5, 0x2a, 0x2b, 0xd8, 0x6a, 0xe5
    dc.b    0xca, 0x20, 0xe8, 0x20, 0xca, 0xbe, 0x4b, 0xde, 0x80, 0xa2, 0x98, 0xa4, 0xe1, 0x81, 0x23, 0x10
    dc.b    0xa0, 0x37, 0x04, 0x6b, 0x31, 0x3f, 0x12, 0x28, 0x9e, 0x7a, 0xc9, 0x02, 0x13, 0x13, 0x28, 0x73
    dc.b    0x08, 0x9f, 0xfa, 0x16, 0x91, 0xb2, 0x34, 0x18, 0xd4, 0x32, 0x11, 0x9f, 0x20, 0xd0, 0x70, 0x42
    dc.b    0x90, 0x41, 0x60, 0xa3, 0x17, 0xa0, 0x23, 0x3f, 0x1c, 0x44, 0x66, 0x1d, 0x23, 0xa8, 0xa9, 0x60
    dc.b    0x48, 0x9c, 0xb6, 0x1f, 0x5e, 0x86, 0xe2, 0x95, 0xe2, 0xd8, 0x0a, 0x26, 0x20, 0xc8, 0xa0, 0xca
    dc.b    0xb6, 0xa0, 0x2f, 0xd3, 0x82, 0xb8, 0x0e, 0x34, 0x34, 0x15, 0x11, 0x41, 0xc0, 0xa4, 0x1a, 0x08
    dc.b    0xbd, 0xb1, 0x38, 0x24, 0x35, 0x7f, 0x59, 0x83, 0x0f, 0x20, 0x43, 0x8c, 0x47, 0xc6, 0x41, 0x23
    dc.b    0x0d, 0x80, 0x0b, 0x20, 0x90, 0xe8, 0xf4, 0x2d, 0x20, 0x14, 0x2c, 0x64, 0x14, 0x2b, 0x20, 0x47
    dc.b    0x40, 0x4d, 0x5f, 0xdb, 0x39, 0x43, 0x8e, 0x60, 0xb4, 0x9d, 0x06, 0x54, 0x20, 0x74, 0xe0, 0x11
    dc.b    0x1b, 0x20, 0x91, 0x9b, 0x4c, 0x00, 0x8a, 0x24, 0xe0, 0xd2, 0x0a, 0x54, 0x20, 0x48, 0x58, 0x6a
    dc.b    0x00, 0x93, 0xd2, 0x35, 0x93, 0x2d, 0xe0, 0x0f, 0x60, 0x4d, 0xc2, 0x95, 0x20, 0xf4, 0xc9, 0xd0
    dc.b    0x0d, 0x9b, 0xa1, 0x8d, 0xc8, 0x68, 0x01, 0x2c, 0xa6, 0xa4, 0x82, 0x53, 0x49, 0x41, 0xeb, 0x69
    dc.b    0x3c, 0x9a, 0xcd, 0x4f, 0x40, 0x26, 0xc0, 0x7a, 0x46, 0x1e, 0x98, 0xf3, 0xd6, 0x9c, 0x34, 0x23
    dc.b    0x17, 0x20, 0x50, 0x34, 0x1a, 0x53, 0xbe, 0x42, 0xc9, 0x94, 0xb2, 0xd4, 0xe0, 0x27, 0x73, 0xfc
    dc.b    0x8d, 0x4b, 0xf6, 0x93, 0x47, 0x13, 0xfa, 0x61, 0x2b, 0xab, 0x21, 0x60, 0xd2, 0x29, 0x09, 0x72
    dc.b    0xad, 0x93, 0x40, 0x29, 0x38, 0xa1, 0x20, 0x2c, 0xe4, 0x48, 0x04, 0xcf, 0xfd, 0x2a, 0xb4, 0xe9
    dc.b    0x38, 0x38, 0x74, 0xdb, 0x3d, 0x10, 0x68, 0xb2, 0x10, 0xe4, 0x48, 0x28, 0x22, 0x6c, 0x82, 0x01
    dc.b    0xf5, 0x16, 0xf5, 0xd3, 0x1b, 0xfe, 0x50, 0x2f, 0x01, 0xd1, 0xee, 0x91, 0x13, 0x5d, 0xd5, 0x90
    dc.b    0x34, 0xa4, 0x74, 0x1a, 0x26, 0x04, 0x75, 0x95, 0x59, 0xfb, 0x23, 0x01, 0xeb, 0x7a, 0x09, 0x8c
    dc.b    0x04, 0xbe, 0x05, 0x48, 0x40, 0xfa, 0x08, 0x12, 0x3c, 0x25, 0x2b, 0x95, 0x62, 0x26, 0x1a, 0x1a
    dc.b    0x70, 0x8e, 0x85, 0x01, 0xa7, 0xfc, 0xc6, 0x68, 0x54, 0x52, 0x28, 0xd8, 0x37, 0xa1, 0x04, 0x48
    dc.b    0x64, 0xc8, 0x41, 0x49, 0x92, 0x48, 0x50, 0x19, 0x87, 0xa0, 0x35, 0x31, 0xe5, 0x1f, 0x0b, 0xa0
    dc.b    0x91, 0x88, 0xda, 0x35, 0x1c, 0x62, 0xaf, 0x01, 0xa1, 0xd5, 0x5a, 0x09, 0x04, 0x25, 0x37, 0x20
    dc.b    0x50, 0x0c, 0x02, 0x42, 0x5c, 0x45, 0x18, 0x0d, 0x85, 0xa2, 0xf9, 0x04, 0x86, 0xbc, 0xaa, 0x3b
    dc.b    0x1a, 0x99, 0x1c, 0xde, 0xaf, 0x22, 0x22, 0xf8, 0xb7, 0x88, 0x5d, 0x79, 0x7a, 0xb2, 0xda, 0x9a
    dc.b    0x04, 0xd7, 0x9a, 0x40, 0x28, 0x5c, 0x8c, 0xd6, 0x95, 0x28, 0x7a, 0x0c, 0x68, 0x33, 0xa3, 0xba
    dc.b    0x34, 0x1e, 0x50, 0xf4, 0x0f, 0x6b, 0xbd, 0x55, 0x14, 0x0b, 0x8a, 0x50, 0x3c, 0x41, 0x9f, 0x94
    dc.b    0x55, 0x83, 0x4a, 0x4b, 0x7a, 0xb1, 0x90, 0xb4, 0x08, 0x2f, 0x65, 0xe0, 0x29, 0x5d, 0x0d, 0x37
    dc.b    0x3e, 0x65, 0x8a, 0x64, 0xce, 0x29, 0x04, 0x6a, 0xa7, 0xbf, 0x43, 0x84, 0x4a, 0x53, 0xf6, 0xee
    dc.b    0x24, 0x02, 0x50, 0x1e, 0x9f, 0xd1, 0x1f, 0x45, 0x88, 0x0f, 0x7c, 0x43, 0x0d, 0x4a, 0x85, 0x99
    dc.b    0x15, 0xfe, 0x9c, 0xa9, 0x19, 0xb0, 0x4a, 0x9e, 0xd0, 0xe2, 0x95, 0xa0, 0x94, 0x1d, 0x92, 0x54
    dc.b    0x3d, 0x1f, 0xfd, 0x1d, 0xbb, 0x22, 0x20, 0xd0, 0x49, 0xf5, 0x24, 0x1a, 0x8d, 0x1b, 0x3e, 0x9d
    dc.b    0x22, 0x5a, 0xa0, 0x90, 0x08, 0xd0, 0xa0, 0xfd, 0x0d, 0xbc, 0x5f, 0xc3, 0x56, 0xa0, 0xd0, 0x04
    dc.b    0xb4, 0x64, 0xef, 0xb8, 0x4f, 0x5e, 0xf1, 0x6c, 0x2a, 0x94, 0x11, 0x65, 0x04, 0x34, 0x43, 0x94
    dc.b    0x4b, 0x7d, 0x46, 0x19, 0x78, 0x37, 0xa0, 0x4c, 0x36, 0xa6, 0x18, 0x9b, 0x8d, 0xa1, 0x18, 0x49
    dc.b    0x9c, 0xd5, 0x8d, 0xca, 0x27, 0xdc, 0x91, 0x52, 0x6f, 0x7d, 0x34, 0x55, 0x8b, 0x9e, 0x4a, 0x8a
    dc.b    0xde, 0x49, 0xc8, 0xd4, 0x60, 0xd0, 0x58, 0xd1, 0x34, 0xda, 0xa7, 0x3a, 0x0c, 0xc4, 0x7f, 0x8a
    dc.b    0x2d, 0xa9, 0x58, 0x32, 0x62, 0x12, 0x0c, 0x1a, 0xae, 0xae, 0x96, 0x04, 0x13, 0x33, 0xad, 0xfc
    dc.b    0x43, 0x88, 0x42, 0x04, 0x68, 0xcd, 0x0c, 0x6a, 0x20, 0x74, 0xb7, 0x12, 0x74, 0x46, 0xe7, 0x8d
    dc.b    0x21, 0x2c, 0x12, 0x52, 0xce, 0x9d, 0x8e, 0x80, 0x9e, 0xcc, 0x23, 0x04, 0x6b, 0x57, 0x3a, 0x1c
    dc.b    0x12, 0x10, 0x1c, 0xf8, 0x9d, 0x53, 0x1b, 0xeb, 0x44, 0xb4, 0x8d, 0x20, 0xad, 0x5e, 0x60, 0x52
    dc.b    0x1e, 0xfd, 0xb5, 0xd1, 0x94, 0xfa, 0x5d, 0xb2, 0xe8, 0x7c, 0xdc, 0xeb, 0xf4, 0xef, 0x74, 0xb1
    dc.b    0x93, 0x4b, 0xf6, 0x0c, 0x7e, 0x85, 0xc7, 0x2d, 0x5e, 0x90, 0xde, 0x8d, 0x20, 0x52, 0x1e, 0xd0
    dc.b    0x99, 0xb4, 0x49, 0x5e, 0x06, 0x7e, 0xbb, 0x35, 0xa1, 0x60, 0xd4, 0xb5, 0xfb, 0xf8, 0x48, 0x20
    dc.b    0xf2, 0x4d, 0xa0, 0x23, 0xa0, 0x52, 0x15, 0x20, 0x4b, 0x79, 0x02, 0xca, 0x00, 0xdc, 0x91, 0xa2
    dc.b    0xa1, 0xe0, 0x52, 0x5d, 0xce, 0x4d, 0x99, 0xec, 0x6b, 0x16, 0x94, 0x87, 0xdc, 0x6b, 0x94, 0xea
    dc.b    0xa7, 0x60, 0xda, 0x55, 0xc4, 0x7b, 0xd2, 0xc1, 0x35, 0xe4, 0x6f, 0xa0, 0x5e, 0xc4, 0x8c, 0x6e
    dc.b    0x20, 0x59, 0x38, 0xf5, 0xe9, 0xf8, 0xe4, 0xaa, 0x64, 0xf4, 0x3b, 0x40, 0x4e, 0xdd, 0x0c, 0x7b
    dc.b    0x89, 0x2a, 0xad, 0x09, 0x7c, 0x01, 0x5a, 0x4c, 0xc1, 0xb1, 0xc5, 0xac, 0x40, 0x7a, 0xd7, 0xed
    dc.b    0xcf, 0xe9, 0x44, 0xf3, 0xad, 0x20, 0x68, 0x40, 0x5c, 0xae, 0x6f, 0xb9, 0x54, 0xe8, 0xa1, 0x5e
    dc.b    0x94, 0x27, 0xe9, 0x9a, 0xfc, 0xb5, 0x00, 0xab, 0x80, 0x72, 0x9f, 0x20, 0x26, 0xa9, 0x5a, 0xcc
    dc.b    0x79, 0x9b, 0xf4, 0xcb, 0xf6, 0xbc, 0xef, 0x93, 0x5d, 0xa2, 0x25, 0xe2, 0xaa, 0x5f, 0xcd, 0xc0
    dc.b    0x24, 0xfc, 0xd2, 0x4d, 0x62, 0x24, 0x20, 0xe9, 0xfc, 0x88, 0xda, 0xfd, 0x9c, 0xed, 0x94, 0xda
    dc.b    0x5a, 0xe6, 0x0c, 0xbb, 0x72, 0x2b, 0x34, 0x49, 0xf3, 0xe9, 0x49, 0x47, 0x7e, 0xa5, 0xba, 0x6a
    dc.b    0x67, 0x33, 0xa3, 0x1e, 0x26, 0x77, 0x72, 0x6f, 0x84, 0xa1, 0xf8, 0x52, 0x65, 0x64, 0xca, 0xe5
    dc.b    0xcd, 0x0a, 0x2e, 0x8d, 0x10, 0x67, 0xb0, 0x43, 0x40, 0xd1, 0x65, 0xd3, 0x6f, 0x94, 0x47, 0x34
    dc.b    0xd1, 0x20, 0xf5, 0xab, 0xcd, 0x64, 0x22, 0xed, 0x56, 0xe2, 0x92, 0x9d, 0xb8, 0x69, 0xcd, 0x56
    dc.b    0xb8, 0xad, 0x0f, 0xef, 0x4d, 0x37, 0xad, 0x28, 0x04, 0x90, 0x04, 0x90, 0x20, 0xed, 0x3c, 0xcc
    dc.b    0xa5, 0xfa, 0x79, 0xfd, 0x6b, 0x24, 0x5b, 0xe6, 0xcb, 0xd2, 0x74, 0x62, 0xf1, 0x3e, 0xac, 0x07
    dc.b    0x18, 0xc8, 0x56, 0x5a, 0xcd, 0x5c, 0xc9, 0xd6, 0xca, 0x4b, 0x5e, 0x99, 0xc9, 0xec, 0x3a, 0xaa
    dc.b    0x06, 0x57, 0x29, 0x74, 0x62, 0xac, 0x29, 0x44, 0x96, 0x6f, 0xb7, 0xb7, 0x34, 0x2d, 0xd6, 0x70
    dc.b    0x57, 0xa5, 0xf3, 0xac, 0xda, 0xe4, 0x6f, 0x9a, 0xe0, 0x91, 0x44, 0x2d, 0x4a, 0x15, 0x34, 0x04
    dc.b    0x96, 0x73, 0x48, 0x04, 0xd6, 0x91, 0x7f, 0x48, 0x94, 0xfa, 0x3a, 0x04, 0x75, 0x1e, 0x7d, 0xb7
    dc.b    0x79, 0x22, 0xf2, 0xdc, 0x38, 0xb5, 0x09, 0x50, 0x48, 0x04, 0xf6, 0xf9, 0x9f, 0x9a, 0x2c, 0xdd
    dc.b    0xef, 0x24, 0x48, 0xe0, 0x5e, 0x8d, 0xa2, 0xa9, 0x00, 0xf2, 0x4d, 0x8c, 0xa3, 0x1e, 0x5a, 0x55
    dc.b    0x1a, 0x25, 0x53, 0x39, 0x48, 0x04, 0xda, 0xdd, 0xcf, 0xce, 0x6b, 0x7d, 0x15, 0x70, 0xe8, 0x20
    dc.b    0x5c, 0x96, 0x00, 0xda, 0x37, 0x34, 0x2c, 0x9c, 0x5e, 0xe9, 0x55, 0x93, 0xbf, 0xca, 0x60, 0xd7
    dc.b    0x74, 0x48, 0x74, 0xb0, 0x16, 0x44, 0xbc, 0xeb, 0x71, 0x91, 0x36, 0xd2, 0x17, 0x20, 0xa1, 0x84
    dc.b    0x7a, 0x1a, 0x20, 0xed, 0x5c, 0x48, 0x20, 0x21, 0xbf, 0x52, 0x3c, 0x60, 0x91, 0xc0, 0xd2, 0x53
    dc.b    0x55, 0xa0, 0x20, 0x9b, 0x4e, 0xcb, 0x1e, 0xa2, 0xd0, 0x0d, 0x80, 0xd3, 0x65, 0xe9, 0x8e, 0x01
    dc.b    0xd1, 0x80, 0xd1, 0x61, 0xf4, 0xca, 0xc1, 0x46, 0x20, 0x59, 0x60, 0xa9, 0x09, 0x20, 0x0a, 0x7f
    dc.b    0x97, 0x9d, 0x9d, 0x0b, 0x80, 0x4f, 0x2f, 0xb8, 0x46, 0x60, 0xb5, 0x79, 0x20, 0x23, 0x40, 0xe5
    dc.b    0x3d, 0x20, 0x79, 0xb0, 0x42, 0x20, 0xb6, 0x28, 0xc9, 0x3f, 0xd1, 0x5b, 0xd4, 0x21, 0x21, 0x49
    dc.b    0x6e, 0xb9, 0x8e, 0xc7, 0xb4, 0x98, 0x54, 0x99, 0x54, 0x2e, 0xbf, 0xc5, 0x4d, 0x24, 0xc0, 0xc9
    dc.b    0x81, 0x3f, 0x95, 0x11, 0x94, 0x7c, 0xba, 0xcf, 0xbc, 0x48, 0x00, 0xed, 0x33, 0xe9, 0xd1, 0x20
    dc.b    0xb5, 0xe2, 0xd0, 0x90, 0x20, 0xed, 0x73, 0xa4, 0xa4, 0x53, 0xbf, 0xba, 0x64, 0xa0, 0x3b, 0x04
    dc.b    0x28, 0x0d, 0xa2, 0xb3, 0x70, 0xe9, 0xcc, 0x77, 0xbe, 0xe3, 0x6c, 0x7e, 0x1d, 0x92, 0x20, 0x95
    dc.b    0x12, 0x45, 0x3a, 0x04, 0xe7, 0xf8, 0xab, 0x20, 0x2c, 0x6c, 0xda, 0x14, 0x3d, 0x84, 0x84, 0xda
    dc.b    0x7e, 0x80, 0xc5, 0x70, 0xac, 0x88, 0x52, 0x14, 0x04, 0x93, 0x80, 0x2c, 0x7c, 0xdc, 0x8c, 0xe0
    dc.b    0xb9, 0x1a, 0xda, 0x52, 0x20, 0xa5, 0x00, 0xca, 0x90, 0x7a, 0x92, 0x2e, 0x1e, 0x20, 0x94, 0xb0
    dc.b    0xda, 0x09, 0x0b, 0x3a, 0x60, 0xcd, 0x70, 0x27, 0x71, 0xe8, 0x6a, 0x60, 0x74, 0xaf, 0x80, 0xea
    dc.b    0xa0, 0xde, 0xbc, 0xf4, 0xcb, 0x6d, 0x18, 0xa1, 0x20, 0xa7, 0x12, 0xf0, 0x7f, 0x4f, 0x18, 0x3a
    dc.b    0x49, 0xf1, 0x74, 0xcc, 0x3f, 0x44, 0x00
    dc.b    0x00
img_bc_stage_bg_tileset_data_size = .-img_bc_stage_bg_tileset_data

    .align  2
spr_bc_player_idle_animation0_frame0_tileset_data:
    dc.b    0x00, 0x00, 0x00, 0x00, 0x00, 0x00, 0x02, 0x00, 0x00, 0x00, 0x22, 0x12, 0x00, 0x12, 0x22, 0x22
    dc.b    0x00, 0x12, 0x22, 0x22, 0x00, 0x11, 0x22, 0x22, 0x00, 0x11, 0x2b, 0xbb, 0x00, 0x11, 0x1b, 0xbb
    dc.b    0x00, 0x11, 0x1b, 0xbb, 0x00, 0x01, 0x1b, 0xbb, 0x00, 0x11, 0x11, 0x11, 0x00, 0x15, 0x15, 0xd4
    dc.b    0x01, 0x15, 0x55, 0x14, 0x01, 0x55, 0x51, 0x14, 0x01, 0x55, 0x51, 0xd4, 0x01, 0x55, 0x51, 0xd4
    dc.b    0x11, 0x11, 0x15, 0xd4, 0x1b, 0xbb, 0x11, 0x11, 0x1b, 0xbb, 0x16, 0x67, 0x1b, 0xbb, 0x11, 0x11
    dc.b    0x11, 0x11, 0x13, 0x31, 0x00, 0x01, 0x33, 0x31, 0x00, 0x01, 0x33, 0x31, 0x00, 0x01, 0x33, 0x31
    dc.b    0x00, 0x01, 0x33, 0x31, 0x00, 0x01, 0x33, 0x31, 0x00, 0x01, 0x33, 0x10, 0x00, 0x13, 0x31, 0x10
    dc.b    0x01, 0x11, 0xe1, 0x10, 0x01, 0xee, 0x4e, 0x10, 0x11, 0x11, 0x11, 0x10, 0x00, 0x00, 0x00, 0x00
    dc.b    0x00, 0x00, 0x00, 0x00, 0x20, 0x00, 0x00, 0x00, 0x22, 0x00, 0x00, 0x00, 0x22, 0x10, 0x00, 0x00
    dc.b    0x22, 0x20, 0x00, 0x00, 0xbb, 0x11, 0x00, 0x00, 0xb1, 0xb1, 0x00, 0x00, 0xbb, 0x11, 0x00, 0x00
    dc.b    0xbb, 0xc0, 0x00, 0x00, 0xb1, 0x10, 0x00, 0x00, 0x11, 0x15, 0x10, 0x00, 0x55, 0x55, 0x51, 0x00
    dc.b    0x15, 0x55, 0x51, 0x00, 0x51, 0x55, 0x55, 0x10, 0x51, 0x55, 0x55, 0x10, 0x55, 0x15, 0x55, 0x10
    dc.b    0x55, 0x11, 0x11, 0x11, 0x11, 0x11, 0xbb, 0xb1, 0x66, 0x11, 0xb4, 0xb1, 0x11, 0x11, 0xbb, 0xb1
    dc.b    0x33, 0x31, 0x11, 0x11, 0x33, 0x31, 0x00, 0x00, 0x33, 0x31, 0x00, 0x00, 0x33, 0x31, 0x00, 0x00
    dc.b    0x33, 0x31, 0x10, 0x00, 0x13, 0x33, 0x10, 0x00, 0x13, 0x33, 0x10, 0x00, 0x13, 0x13, 0x11, 0x00
    dc.b    0x11, 0x1e, 0x11, 0x10, 0x01, 0xe4, 0xee, 0x10, 0x01, 0x11, 0x11, 0x11, 0x00, 0x00, 0x00, 0x00
spr_bc_player_idle_animation0_frame0_tileset_data_size = .-spr_bc_player_idle_animation0_frame0_tileset_data

    .align  2
spr_bc_player_run_animation0_frame0_tileset_data:
    dc.b    0x10, 0x14, 0x00, 0x00, 0x00, 0x00, 0x12, 0x01, 0x00, 0x01, 0x31, 0x01, 0x00, 0x15, 0x00, 0x00
    dc.b    0x01, 0x55, 0x44, 0x01, 0x00, 0x01, 0x11, 0x11, 0x00, 0x01, 0xbb, 0xb1, 0x12, 0x11, 0x11, 0x11
    dc.b    0xf5, 0x2a, 0x00, 0x13, 0x00, 0x00, 0x00, 0x33, 0x00, 0x00, 0x03, 0x33, 0x00, 0x00, 0x33, 0x33
    dc.b    0x00, 0x03, 0x13, 0x33, 0x01, 0x1e, 0x13, 0x30, 0x0e, 0xe4, 0xe1, 0x00, 0x01, 0x11, 0x11, 0x00
    dc.b    0x61, 0x01, 0x00, 0x02, 0x00, 0x20, 0x00, 0x22, 0x12, 0x22, 0x12, 0x22, 0x22, 0x22, 0x61, 0x01
    dc.b    0x11, 0x22, 0x22, 0xbb, 0x11, 0x2b, 0xbb, 0xb1, 0x11, 0x1b, 0xbb, 0xbb, 0xa1, 0x01, 0x01, 0x1b
    dc.b    0xbb, 0xb1, 0x11, 0x11, 0x11, 0x11, 0x55, 0x15, 0xd4, 0x55, 0x55, 0x55, 0x14, 0x11, 0x55, 0x51
    dc.b    0xd4, 0x51, 0x01, 0x07, 0x21, 0x0d, 0x51, 0x55, 0xd4, 0x55, 0xa1, 0x01, 0x13, 0x16, 0x67, 0x66
    dc.b    0x13, 0x11, 0x11, 0x11, 0x33, 0x33, 0x11, 0x33, 0x33, 0x33, 0x10, 0x13, 0x33, 0x31, 0x00, 0x13
    dc.b    0x33, 0x5b, 0x33, 0x10, 0x00, 0x13, 0x30, 0x00, 0x0e, 0x00, 0x10, 0x01, 0x10, 0x00, 0xff, 0x72
    dc.b    0x01, 0x4e, 0xf1, 0x0d, 0xb1, 0x00, 0x00, 0x00, 0x11, 0x11, 0x11, 0x00, 0xc1, 0xbb, 0xb1, 0x00
    dc.b    0x11, 0xb4, 0xb1, 0x00, 0x11, 0xbb, 0xb1, 0x00, 0x51, 0x11, 0x11, 0x00, 0x55, 0x51, 0x10, 0x00
    dc.b    0x55, 0x51, 0x02, 0x13, 0x07, 0x01, 0x32, 0x01, 0x31, 0x00, 0x00, 0x00, 0x33, 0x10, 0x00, 0x02
    dc.b    0xff, 0x84, 0xb0, 0x01, 0x33, 0x33, 0x10, 0x00, 0x33, 0x33, 0x31, 0x00, 0x13, 0x31, 0x31, 0x00
    dc.b    0x01, 0x31, 0xe1, 0x10, 0x01, 0x1e, 0x4e, 0xe0, 0x00, 0x11, 0xff, 0x48, 0x00, 0x00, 0x00, 0x00
spr_bc_player_run_animation0_frame0_tileset_data_size = .-spr_bc_player_run_animation0_frame0_tileset_data

    .align  2
spr_bc_player_run_animation0_frame1_tileset_data:
    dc.b    0x1f, 0x00, 0x00, 0x00, 0x34, 0x01, 0x11, 0x11, 0x00, 0x00, 0x1b, 0xbb, 0x01, 0x07, 0x3c, 0x19
    dc.b    0x01, 0x55, 0x00, 0x00, 0x00, 0x15, 0x14, 0x01, 0x00, 0x01, 0xc1, 0x23, 0x00, 0x11, 0x00, 0x00
    dc.b    0x00, 0x13, 0x00, 0x00, 0x01, 0x13, 0x00, 0x00, 0x01, 0x31, 0x00, 0x01, 0x11, 0xe1, 0x00, 0x01
    dc.b    0xee, 0x4e, 0x00, 0x11, 0x02, 0x00, 0x00, 0x04, 0xff, 0x8d, 0x01, 0x01, 0x00, 0x04, 0xff, 0x91
    dc.b    0x02, 0x01, 0x00, 0x01, 0xff, 0x96, 0x81, 0x01, 0x15, 0x15, 0xd4, 0x55, 0x15, 0x55, 0xd4, 0x15
    dc.b    0x55, 0x55, 0xd4, 0x11, 0x15, 0x55, 0xd4, 0x51, 0x61, 0x11, 0x01, 0x55, 0xd4, 0x55, 0x01, 0x11
    dc.b    0x11, 0x11, 0x01, 0x16, 0x67, 0x66, 0x21, 0x01, 0x13, 0x33, 0x11, 0x33, 0x11, 0x01, 0x33, 0x31
    dc.b    0xc2, 0x01, 0x01, 0x33, 0x33, 0x11, 0x00, 0x13, 0x33, 0x10, 0x00, 0x01, 0x31, 0x10, 0x00, 0x01
    dc.b    0x31, 0x00, 0x00, 0x00, 0x11, 0x00, 0x00, 0x00, 0x10, 0x00, 0x07, 0x00, 0x01, 0x09, 0x12, 0x11
    dc.b    0x20, 0x00, 0x12, 0x03, 0xb1, 0x00, 0x12, 0x0b, 0xc0, 0x00, 0x72, 0x01, 0x10, 0x10, 0x00, 0x00
    dc.b    0x55, 0x10, 0x00, 0x00, 0x55, 0x11, 0x00, 0x00, 0x55, 0x51, 0x50, 0x03, 0x15, 0x51, 0x10, 0x00
    dc.b    0x11, 0x11, 0x11, 0x00, 0x11, 0xbb, 0xff, 0x84, 0x21, 0x33, 0x31, 0x11, 0x11, 0x00, 0x12, 0x01
    dc.b    0x33, 0x10, 0x60, 0x04, 0x31, 0x31, 0x00, 0x00, 0x31, 0xe1, 0x11, 0x00, 0x1e, 0x4e, 0xe1, 0x00
    dc.b    0xfe, 0xdc, 0x03, 0x00, 0x00, 0x00, 0x00, 0x00
spr_bc_player_run_animation0_frame1_tileset_data_size = .-spr_bc_player_run_animation0_frame1_tileset_data

    .align  2
spr_bc_player_run_animation0_frame2_tileset_data:
    dc.b    0x10, 0x14, 0x00, 0x00, 0x00, 0x00, 0x12, 0x01, 0x00, 0x01, 0x00, 0x01, 0xff, 0x1c, 0x01, 0x01
    dc.b    0x00, 0x02, 0xff, 0x1d, 0x04, 0x01, 0x00, 0x01, 0xff, 0x0d, 0x00, 0x14, 0x00, 0x00, 0x00, 0x04
    dc.b    0xff, 0x2d, 0x01, 0x01, 0x00, 0x04, 0xff, 0x31, 0x01, 0x01, 0x00, 0x08, 0xff, 0x35, 0x01, 0x01
    dc.b    0x01, 0x07, 0x21, 0x0d, 0x51, 0x55, 0xd4, 0x55, 0x68, 0x01, 0x11, 0x16, 0x67, 0x66, 0x01, 0x11
    dc.b    0x11, 0x11, 0x01, 0x33, 0x31, 0x33, 0xa8, 0x53, 0x31, 0x13, 0x00, 0x13, 0x31, 0x13, 0x00, 0x11
    dc.b    0x33, 0x13, 0x00, 0x11, 0xe1, 0x11, 0x00, 0x1e, 0x4e, 0xe1, 0x00, 0x11, 0x10, 0x01, 0x10, 0x00
    dc.b    0xfe, 0xad, 0x20, 0x0d, 0x11, 0x00, 0x00, 0x00, 0xff, 0x3a, 0x01, 0x0d, 0x02, 0x13, 0x07, 0x01
    dc.b    0x16, 0x01, 0x31, 0x00, 0x32, 0x01, 0x31, 0x10, 0x00, 0x00, 0x33, 0x10, 0x50, 0x01, 0x13, 0x11
    dc.b    0x00, 0x00, 0x1e, 0x11, 0x10, 0x00, 0xe4, 0xee, 0xff, 0xa7, 0x01, 0x39, 0x00, 0x00, 0x00, 0x00
spr_bc_player_run_animation0_frame2_tileset_data_size = .-spr_bc_player_run_animation0_frame2_tileset_data

    .align  2
spr_bc_player_run_animation0_frame3_tileset_data:
    dc.b    0x1d, 0x00, 0x00, 0x00, 0x00, 0x01, 0xff, 0x4c, 0x04, 0x01, 0x01, 0x07, 0x5a, 0x19, 0x01, 0x15
    dc.b    0x00, 0x00, 0x00, 0x15, 0x00, 0x00, 0x00, 0x11, 0x10, 0x01, 0x00, 0x01, 0xff, 0x4d, 0x12, 0x01
    dc.b    0x01, 0x33, 0x50, 0x02, 0x13, 0x13, 0x00, 0x11, 0x1e, 0x13, 0x00, 0x1e, 0xe4, 0xe1, 0xfe, 0xb9
    dc.b    0x07, 0x00, 0x00, 0x04, 0xfe, 0xdb, 0x01, 0x01, 0x00, 0x04, 0xfe, 0xdf, 0x02, 0x01, 0x00, 0x01
    dc.b    0xfe, 0xe4, 0x30, 0x03, 0x15, 0x15, 0xd4, 0x55, 0x55, 0x55, 0xff, 0x4e, 0x01, 0x01, 0x00, 0x02
    dc.b    0xff, 0x51, 0x00, 0x04, 0xfe, 0xe8, 0x21, 0x01, 0x33, 0x31, 0x00, 0x13, 0x61, 0x01, 0x33, 0x10
    dc.b    0x00, 0x13, 0x31, 0x00, 0x00, 0x11, 0x10, 0x00, 0x00, 0x01, 0x0e, 0x75, 0x20, 0x01, 0x00, 0x00
    dc.b    0x10, 0x00, 0xfe, 0x5c, 0x32, 0x03, 0x11, 0x00, 0x00, 0x00, 0xb1, 0x00, 0x12, 0x0b, 0xc0, 0x00
    dc.b    0x00, 0x05, 0xff, 0x59, 0x31, 0x01, 0x00, 0x00, 0x55, 0x55, 0x10, 0x00, 0x61, 0x03, 0x15, 0x11
    dc.b    0x11, 0x10, 0x11, 0x1b, 0xbb, 0x10, 0x11, 0x1b, 0x4b, 0x10, 0x43, 0x01, 0x31, 0x11, 0x11, 0x10
    dc.b    0x33, 0x10, 0x00, 0x00, 0x10, 0x01, 0x33, 0x11, 0xfe, 0x6d, 0x40, 0x03, 0x13, 0x31, 0x10, 0x00
    dc.b    0x13, 0x13, 0x10, 0x00, 0xfe, 0x72, 0x00, 0x01, 0xfe, 0x35, 0x00, 0x00, 0x00, 0x00
spr_bc_player_run_animation0_frame3_tileset_data_size = .-spr_bc_player_run_animation0_frame3_tileset_data

    .align  2
spr_bc_player_run_animation0_frame4_tileset_data:
    dc.b    0x10, 0x14, 0x00, 0x00, 0x00, 0x00, 0x12, 0x01, 0x00, 0x01, 0x00, 0x01, 0xfe, 0x75, 0x01, 0x01
    dc.b    0x00, 0x02, 0xfe, 0x76, 0x04, 0x01, 0x12, 0x11, 0x11, 0x11, 0x32, 0x01, 0x00, 0x13, 0x00, 0x00
    dc.b    0x01, 0x33, 0xa0, 0x03, 0x13, 0x33, 0x00, 0x01, 0x33, 0x33, 0x00, 0x01, 0x31, 0x33, 0x01, 0x11
    dc.b    0xe1, 0x31, 0x01, 0xee, 0x4e, 0x11, 0x01, 0x11, 0xfe, 0x16, 0x00, 0x04, 0xfe, 0x78, 0x01, 0x01
    dc.b    0x00, 0x04, 0xfe, 0x7c, 0x01, 0x01, 0x00, 0x08, 0xfe, 0x80, 0x01, 0x01, 0x01, 0x07, 0x21, 0x0d
    dc.b    0x51, 0x55, 0xd4, 0x55, 0x00, 0x05, 0xfe, 0x88, 0x31, 0x01, 0x11, 0x33, 0x33, 0x31, 0x01, 0x33
    dc.b    0x71, 0x4b, 0x33, 0x10, 0x01, 0x33, 0x31, 0x00, 0x00, 0x13, 0x31, 0x00, 0x00, 0x01, 0x10, 0x00
    dc.b    0x0c, 0x00, 0x10, 0x01, 0x10, 0x00, 0xfd, 0xfb, 0x00, 0x01, 0xff, 0x9f, 0x00, 0x0c, 0xfe, 0x89
    dc.b    0x01, 0x0d, 0x02, 0x13, 0x07, 0x01, 0x14, 0x01, 0x31, 0x00, 0x10, 0x03, 0x33, 0x10, 0xfe, 0x19
    dc.b    0x65, 0x7d, 0x33, 0x13, 0x10, 0x00, 0x33, 0x1e, 0x11, 0x10, 0x11, 0xe4, 0xee, 0x10, 0x00, 0x00
    dc.b    0x00, 0x00
spr_bc_player_run_animation0_frame4_tileset_data_size = .-spr_bc_player_run_animation0_frame4_tileset_data

    .align  2
spr_bc_player_run_animation0_frame5_tileset_data:
    dc.b    0x1d, 0x00, 0x00, 0x00, 0x00, 0x01, 0xfe, 0x9c, 0x04, 0x01, 0x01, 0x07, 0x00, 0x03, 0xff, 0x50
    dc.b    0x0c, 0x1b, 0x10, 0x01, 0x00, 0x01, 0xfe, 0xa0, 0x01, 0x01, 0x00, 0x04, 0xfe, 0xa2, 0x01, 0x1f
    dc.b    0x08, 0x00, 0x00, 0x04, 0xfe, 0x33, 0x01, 0x01, 0x00, 0x04, 0xfe, 0x37, 0x02, 0x01, 0x00, 0x01
    dc.b    0xfe, 0x3c, 0x00, 0x01, 0xff, 0x58, 0x00, 0x03, 0xfe, 0xa7, 0x01, 0x01, 0x00, 0x04, 0xfe, 0xaa
    dc.b    0x01, 0x11, 0x30, 0x01, 0x13, 0x33, 0x11, 0x33, 0x33, 0x31, 0xfe, 0x44, 0x01, 0x01, 0x00, 0x01
    dc.b    0xff, 0x57, 0x4e, 0x76, 0x00, 0x01, 0x11, 0x00, 0x00, 0x01, 0x10, 0x00, 0x01, 0x0f, 0x10, 0x01
    dc.b    0x20, 0x00, 0xfe, 0xac, 0x12, 0x03, 0xb1, 0x00, 0x12, 0x0b, 0xc0, 0x00, 0x00, 0x05, 0xfe, 0xb3
    dc.b    0x00, 0x01, 0xff, 0x5a, 0x01, 0x01, 0x00, 0x04, 0xff, 0x5b, 0x01, 0x03, 0x00, 0x02, 0xff, 0x5f
    dc.b    0x01, 0x01, 0x00, 0x02, 0xfd, 0xce, 0x00, 0x09, 0xfe, 0x4a, 0x00, 0x01, 0xfd, 0x9b, 0x00, 0x00
    dc.b    0x00, 0x00
spr_bc_player_run_animation0_frame5_tileset_data_size = .-spr_bc_player_run_animation0_frame5_tileset_data

    .align  2
spr_bc_player_jump_animation0_frame0_tileset_data:
    dc.b    0x15, 0x00, 0x00, 0x00, 0x1a, 0x01, 0x00, 0x01, 0x05, 0x0d, 0x10, 0x01, 0x00, 0x11, 0xff, 0x08
    dc.b    0x01, 0x01, 0x20, 0x01, 0x01, 0x15, 0x00, 0x00, 0xfe, 0x4a, 0x04, 0x01, 0x01, 0x07, 0x05, 0x1d
    dc.b    0x00, 0x02, 0xfe, 0x50, 0x00, 0x02, 0xfe, 0x50, 0x41, 0x13, 0x11, 0x1e, 0x00, 0x00, 0x1e, 0xe4
    dc.b    0x00, 0x01, 0x02, 0x00, 0xf0, 0x00, 0x00, 0x20, 0x02, 0x00, 0x02, 0x21, 0x22, 0x20, 0x22, 0x22
    dc.b    0x22, 0x21, 0x22, 0x22, 0x22, 0x22, 0x12, 0x22, 0x2b, 0xb1, 0x12, 0xbb, 0xbb, 0x1b, 0x11, 0xbb
    dc.b    0xbb, 0xb1, 0x11, 0xbb, 0xf0, 0x00, 0xbb, 0xbc, 0x11, 0xbb, 0xbb, 0x11, 0x11, 0x11, 0x11, 0x11
    dc.b    0x51, 0x5d, 0x45, 0x55, 0x55, 0x51, 0x41, 0x55, 0x55, 0x11, 0x45, 0x15, 0x55, 0x1d, 0x45, 0x15
    dc.b    0x51, 0x1d, 0x45, 0x51, 0x21, 0x0d, 0x11, 0x5d, 0x45, 0x51, 0x21, 0x03, 0x11, 0x66, 0x76, 0x61
    dc.b    0x44, 0x01, 0x13, 0x33, 0x13, 0x33, 0x33, 0x31, 0x01, 0x33, 0x10, 0x01, 0x01, 0x13, 0xfe, 0x46
    dc.b    0x60, 0x01, 0x00, 0x11, 0x13, 0x10, 0x00, 0x01, 0x11, 0x10, 0x00, 0x01, 0xe1, 0x00, 0xfe, 0x45
    dc.b    0x0b, 0x00, 0x14, 0x01, 0x10, 0x00, 0x03, 0x00, 0x10, 0x01, 0x51, 0x00, 0xfe, 0x4c, 0x01, 0x01
    dc.b    0x13, 0x01, 0x55, 0x51, 0x00, 0x02, 0xfe, 0x4f, 0x00, 0x03, 0xfd, 0xd5, 0x01, 0x07, 0x23, 0x01
    dc.b    0x31, 0x00, 0x00, 0x00, 0x00, 0x01, 0xfe, 0x97, 0x60, 0x01, 0x00, 0x00, 0x33, 0x11, 0x00, 0x00
    dc.b    0x31, 0x31, 0x00, 0x00, 0x11, 0xe1, 0xfe, 0x4d, 0x00, 0x02, 0xfd, 0x2a, 0x00, 0x00, 0x00, 0x00
spr_bc_player_jump_animation0_frame0_tileset_data_size = .-spr_bc_player_jump_animation0_frame0_tileset_data

    .align  2
spr_bc_player_jump_animation0_frame1_tileset_data:
    dc.b    0x15, 0x00, 0x00, 0x00, 0x16, 0x01, 0x00, 0x01, 0x52, 0x01, 0x11, 0x11, 0x00, 0x00, 0x1b, 0xb1
    dc.b    0x00, 0x00, 0x1b, 0xbb, 0x01, 0x07, 0x00, 0x03, 0xfe, 0x92, 0x02, 0x11, 0x07, 0x1d, 0x00, 0x02
    dc.b    0xfd, 0x6c, 0x10, 0x02, 0x03, 0x13, 0xfe, 0x97, 0x00, 0x02, 0xfd, 0x52, 0x0b, 0x00, 0x00, 0x0d
    dc.b    0xff, 0x93, 0x00, 0x03, 0xff, 0xa1, 0xc1, 0x0d, 0x11, 0x5d, 0x45, 0x55, 0x55, 0x11, 0x45, 0x55
    dc.b    0x55, 0x1d, 0x45, 0x55, 0x15, 0x1d, 0x45, 0x55, 0x55, 0x5d, 0x45, 0x51, 0x15, 0x5d, 0x45, 0x51
    dc.b    0x61, 0x01, 0x31, 0x66, 0x76, 0x61, 0x31, 0x11, 0x11, 0x11, 0x33, 0x31, 0x01, 0x33, 0x00, 0x01
    dc.b    0xfd, 0x84, 0x0d, 0x3a, 0x0c, 0x00, 0x12, 0x01, 0x10, 0x00, 0xc1, 0x01, 0x10, 0x11, 0x11, 0x10
    dc.b    0x00, 0x1b, 0xbb, 0x10, 0x01, 0x1b, 0x4b, 0x10, 0x51, 0x1b, 0xbb, 0x10, 0x55, 0x11, 0x11, 0x10
    dc.b    0x55, 0x55, 0x10, 0x00, 0x14, 0x13, 0x51, 0x51, 0x01, 0x01, 0x12, 0x01, 0x31, 0x00, 0x70, 0x02
    dc.b    0x33, 0x10, 0x00, 0x00, 0x33, 0x30, 0x00, 0x00, 0x33, 0x13, 0x00, 0x00, 0x33, 0x1e, 0xfd, 0x15
    dc.b    0x1b, 0x35, 0x11, 0x10, 0x00, 0x00, 0x00, 0x00
spr_bc_player_jump_animation0_frame1_tileset_data_size = .-spr_bc_player_jump_animation0_frame1_tileset_data

    .align  2
spr_bc_player_jump_animation0_frame2_tileset_data:
    dc.b    0x13, 0x00, 0x00, 0x00, 0x1a, 0x01, 0x00, 0x01, 0x01, 0x02, 0x00, 0x01, 0xfd, 0x1c, 0x04, 0x01
    dc.b    0x13, 0x0d, 0x11, 0x11, 0x06, 0x1d, 0x10, 0x03, 0x01, 0x11, 0xfd, 0x97, 0x02, 0x11, 0x00, 0x0d
    dc.b    0xff, 0x47, 0x00, 0x05, 0xff, 0x55, 0x00, 0x02, 0xff, 0xb6, 0x01, 0x01, 0x00, 0x02, 0xff, 0xb9
    dc.b    0x01, 0x0d, 0x00, 0x04, 0xff, 0xbb, 0x01, 0x01, 0x35, 0x3f, 0x13, 0x10, 0x00, 0x13, 0x11, 0x00
    dc.b    0x04, 0x00, 0x14, 0x01, 0x10, 0x00, 0x03, 0x00, 0x61, 0x03, 0x50, 0x11, 0x11, 0x10, 0x55, 0x1b
    dc.b    0xbb, 0x10, 0x55, 0x1b, 0x4b, 0x10, 0x34, 0x13, 0x55, 0x11, 0x11, 0x10, 0x10, 0x10, 0x12, 0x01
    dc.b    0x31, 0x00, 0x10, 0x03, 0x31, 0x11, 0xfd, 0xbf, 0x40, 0x00, 0x11, 0x11, 0x11, 0x10, 0x01, 0x00
    dc.b    0x00, 0x00, 0x00, 0x00, 0x00, 0x00
spr_bc_player_jump_animation0_frame2_tileset_data_size = .-spr_bc_player_jump_animation0_frame2_tileset_data

    .align  2
spr_bc_player_shoot_animation0_frame0_tileset_data:
    dc.b    0x15, 0x00, 0x00, 0x00, 0x1a, 0x01, 0x00, 0x01, 0x05, 0x0d, 0x10, 0x01, 0x00, 0x11, 0xfe, 0x09
    dc.b    0x01, 0x01, 0x20, 0x01, 0x01, 0x15, 0x00, 0x00, 0xfd, 0x4b, 0x04, 0x01, 0x01, 0x07, 0x05, 0x1d
    dc.b    0x00, 0x02, 0xfd, 0x51, 0x00, 0x02, 0xfd, 0x51, 0x00, 0x02, 0xff, 0x01, 0x01, 0x13, 0x02, 0x00
    dc.b    0x00, 0x0d, 0xff, 0x03, 0x00, 0x04, 0xff, 0x11, 0xb1, 0x0d, 0x45, 0x51, 0x55, 0x51, 0x45, 0x51
    dc.b    0x55, 0x11, 0x45, 0x11, 0x55, 0x1d, 0x45, 0x51, 0x51, 0x1d, 0x45, 0x51, 0x11, 0x5d, 0x45, 0x51
    dc.b    0x21, 0x03, 0x11, 0x66, 0x76, 0x61, 0x00, 0x02, 0xff, 0x16, 0x04, 0x01, 0x10, 0x01, 0x01, 0x13
    dc.b    0xfd, 0x5e, 0x00, 0x04, 0xff, 0x18, 0x00, 0x01, 0xfd, 0x61, 0x0b, 0x00, 0x14, 0x01, 0x10, 0x00
    dc.b    0x03, 0x07, 0x52, 0x03, 0x44, 0x41, 0x00, 0x00, 0xbb, 0xb1, 0x00, 0x00, 0xb4, 0xbd, 0x01, 0x5e
    dc.b    0x05, 0x13, 0x05, 0x01, 0x14, 0x01, 0x31, 0x00, 0x00, 0x01, 0xfd, 0xb6, 0x00, 0x04, 0xff, 0x1f
    dc.b    0x00, 0x01, 0xfd, 0x70, 0x00, 0x02, 0xfc, 0x4d, 0x00, 0x00, 0x00, 0x00
spr_bc_player_shoot_animation0_frame0_tileset_data_size = .-spr_bc_player_shoot_animation0_frame0_tileset_data

    .align  2
spr_bc_player_shoot_animation0_frame1_tileset_data:
    dc.b    0x10, 0x14, 0x00, 0x00, 0x00, 0x00, 0x12, 0x01, 0x00, 0x01, 0x12, 0x01, 0x00, 0x15, 0x20, 0x01
    dc.b    0x01, 0x15, 0x00, 0x00, 0xfc, 0xff, 0x04, 0x01, 0x01, 0x07, 0x03, 0x13, 0x01, 0x01, 0x00, 0x02
    dc.b    0xfd, 0x04, 0x00, 0x02, 0xfd, 0x04, 0x00, 0x02, 0xfe, 0xb4, 0x01, 0x13, 0x02, 0x00, 0x00, 0x04
    dc.b    0xfc, 0x97, 0x01, 0x01, 0x00, 0x04, 0xfc, 0x9b, 0x01, 0x01, 0x00, 0x05, 0xfc, 0x9f, 0x31, 0x01
    dc.b    0x14, 0x55, 0x55, 0x51, 0xd4, 0x55, 0x01, 0x07, 0x21, 0x0d, 0x11, 0x55, 0xd4, 0x55, 0x21, 0x03
    dc.b    0x11, 0x16, 0x67, 0x66, 0x21, 0x01, 0x13, 0x33, 0x11, 0x33, 0x11, 0x01, 0x33, 0x31, 0x30, 0x01
    dc.b    0x01, 0x33, 0x33, 0x31, 0x01, 0x13, 0xfd, 0x0d, 0x00, 0x04, 0xfe, 0xc7, 0x00, 0x01, 0xfd, 0x10
    dc.b    0x07, 0x00, 0x10, 0x01, 0x10, 0x00, 0xfc, 0x14, 0x01, 0x0d, 0x12, 0x03, 0xb1, 0x00, 0x12, 0x0b
    dc.b    0xc0, 0x00, 0x61, 0x03, 0x14, 0x44, 0x10, 0x00, 0x1b, 0xbb, 0x10, 0x00, 0x1b, 0x4b, 0xd0, 0x00
    dc.b    0x21, 0x0f, 0x11, 0x11, 0x10, 0x00, 0x07, 0x01, 0x16, 0x01, 0x31, 0x00, 0x00, 0x01, 0xfd, 0x5e
    dc.b    0x00, 0x04, 0xfe, 0xc7, 0x00, 0x01, 0xfd, 0x18, 0x00, 0x02, 0xfb, 0xf5, 0x00, 0x00, 0x00, 0x00
spr_bc_player_shoot_animation0_frame1_tileset_data_size = .-spr_bc_player_shoot_animation0_frame1_tileset_data

    .align  2
spr_bc_player_shoot_animation0_frame2_tileset_data:
    dc.b    0x10, 0x14, 0x00, 0x00, 0x00, 0x00, 0x12, 0x01, 0x00, 0x01, 0x12, 0x01, 0x00, 0x15, 0x20, 0x01
    dc.b    0x01, 0x15, 0x00, 0x00, 0xfc, 0xa7, 0x04, 0x01, 0x01, 0x07, 0x03, 0x13, 0x01, 0x01, 0x00, 0x02
    dc.b    0xfc, 0xac, 0x00, 0x02, 0xfc, 0xac, 0x00, 0x02, 0xfe, 0x5c, 0x01, 0x13, 0x02, 0x00, 0x00, 0x04
    dc.b    0xfc, 0x3f, 0x01, 0x01, 0x00, 0x04, 0xfc, 0x43, 0x01, 0x01, 0x00, 0x05, 0xfc, 0x47, 0x00, 0x01
    dc.b    0xff, 0xa8, 0x01, 0x01, 0x01, 0x07, 0x21, 0x0d, 0x11, 0x55, 0xd4, 0x55, 0x21, 0x03, 0x11, 0x16
    dc.b    0x67, 0x66, 0x21, 0x01, 0x13, 0x33, 0x11, 0x33, 0x11, 0x01, 0x33, 0x31, 0x00, 0x01, 0xff, 0xa9
    dc.b    0x00, 0x01, 0xfc, 0xb7, 0x00, 0x04, 0xfe, 0x71, 0x00, 0x01, 0xfc, 0xba, 0x07, 0x00, 0x10, 0x01
    dc.b    0x10, 0x00, 0xfb, 0xbe, 0x01, 0x0d, 0x12, 0x03, 0xb1, 0x00, 0x12, 0x0b, 0xc0, 0x00, 0x61, 0x03
    dc.b    0x11, 0x44, 0x41, 0x00, 0x51, 0xbb, 0xb1, 0x00, 0x51, 0xb4, 0xbd, 0x00, 0x21, 0x0f, 0x51, 0x11
    dc.b    0x11, 0x00, 0x07, 0x01, 0x16, 0x01, 0x31, 0x00, 0x00, 0x01, 0xfd, 0x08, 0x00, 0x04, 0xfe, 0x71
    dc.b    0x00, 0x01, 0xfc, 0xc2, 0x00, 0x02, 0xfb, 0x9f, 0x00, 0x00, 0x00, 0x00
spr_bc_player_shoot_animation0_frame2_tileset_data_size = .-spr_bc_player_shoot_animation0_frame2_tileset_data

    .align  2
spr_bc_line_sentry_idle_animation0_frame0_tileset_data:
    dc.b    0x16, 0x00, 0x00, 0x00, 0x31, 0x01, 0x01, 0x10, 0x00, 0x00, 0x12, 0x21, 0xf0, 0x00, 0x11, 0x11
    dc.b    0x12, 0x22, 0x22, 0x22, 0x12, 0x32, 0x22, 0xee, 0x12, 0x23, 0x2e, 0xee, 0x01, 0x22, 0x33, 0xee
    dc.b    0x12, 0x23, 0x33, 0x23, 0x12, 0x22, 0x32, 0x22, 0x12, 0x3e, 0xe2, 0x22, 0x90, 0x01, 0x13, 0xee
    dc.b    0xe3, 0x22, 0x11, 0xee, 0x32, 0x32, 0x11, 0x12, 0x23, 0xee, 0x01, 0x22, 0x23, 0x3e, 0x01, 0x22
    dc.b    0xfb, 0x47, 0x87, 0x2f, 0x00, 0x01, 0x22, 0x22, 0x00, 0x00, 0x12, 0x22, 0x00, 0x00, 0x01, 0x2c
    dc.b    0x00, 0x00, 0x01, 0x22, 0xf0, 0x00, 0x00, 0x00, 0x00, 0x01, 0x00, 0x00, 0x00, 0x12, 0x11, 0x11
    dc.b    0x11, 0x22, 0x33, 0x22, 0x22, 0x23, 0xee, 0xee, 0x22, 0x32, 0xe5, 0x5e, 0xe2, 0x22, 0xee, 0x53
    dc.b    0x33, 0x22, 0x3e, 0x32, 0xf0, 0x00, 0x3e, 0x22, 0x22, 0x22, 0xe3, 0x32, 0x22, 0x22, 0x2e, 0xe3
    dc.b    0x22, 0x22, 0xee, 0xee, 0x22, 0x23, 0x33, 0x33, 0xee, 0xee, 0x22, 0x11, 0xee, 0xe3, 0x33, 0x22
    dc.b    0x22, 0x12, 0x21, 0x21, 0x81, 0x01, 0x22, 0x12, 0x22, 0x10, 0xee, 0x21, 0x22, 0x10, 0xcc, 0x22
    dc.b    0x11, 0x00, 0xcc, 0x22, 0x10, 0x00, 0x07, 0x2e, 0x10, 0x01, 0x11, 0x00, 0xfb, 0x4f, 0x12, 0x01
    dc.b    0xc2, 0x10, 0x01, 0x05, 0x01, 0x09, 0x01, 0x14, 0x01, 0x01, 0x12, 0x09, 0x21, 0x00, 0x12, 0x03
    dc.b    0xe2, 0x10, 0x12, 0x0f, 0x12, 0x10, 0x0b, 0x00, 0x00, 0x00, 0x00, 0x00
spr_bc_line_sentry_idle_animation0_frame0_tileset_data_size = .-spr_bc_line_sentry_idle_animation0_frame0_tileset_data

    .align  2
spr_bc_breaker_core_idle_animation0_frame0_tileset_data:
    dc.b    0x00, 0x01, 0xfe, 0x9a, 0x10, 0x01, 0x01, 0x11, 0xff, 0xba, 0x01, 0x01, 0xe1, 0x09, 0x11, 0x11
    dc.b    0x00, 0x01, 0x11, 0x11, 0x00, 0x12, 0x22, 0x21, 0x01, 0x22, 0xc2, 0x21, 0x01, 0x22, 0x2c, 0x22
    dc.b    0x01, 0x12, 0x23, 0x32, 0x01, 0x12, 0x33, 0x22, 0x01, 0x22, 0x71, 0x1e, 0x21, 0x12, 0x12, 0x22
    dc.b    0x52, 0x21, 0x12, 0x23, 0x53, 0x21, 0x12, 0x2e, 0x32, 0x21, 0x32, 0x00, 0x11, 0x11, 0x11, 0x11
    dc.b    0x22, 0x22, 0x01, 0x05, 0xa2, 0x03, 0x00, 0x00, 0x00, 0x11, 0x00, 0x00, 0x00, 0x12, 0x00, 0x00
    dc.b    0x01, 0x22, 0x10, 0x00, 0x12, 0x22, 0x10, 0x00, 0x12, 0x2e, 0x91, 0x1f, 0x12, 0x21, 0x11, 0x11
    dc.b    0x12, 0x11, 0x22, 0x22, 0x22, 0x21, 0x22, 0x23, 0x22, 0x23, 0x33, 0x33, 0x22, 0x22, 0x32, 0x01
    dc.b    0x10, 0x00, 0x00, 0x00, 0x21, 0x00, 0xf0, 0x00, 0x11, 0x00, 0x00, 0x00, 0x11, 0x10, 0x00, 0x00
    dc.b    0x22, 0x21, 0x00, 0x00, 0xc2, 0x21, 0x00, 0x00, 0x2c, 0x22, 0x10, 0x00, 0x2e, 0x21, 0x10, 0x00
    dc.b    0xe2, 0x11, 0x10, 0x00, 0x22, 0x21, 0x92, 0x55, 0x10, 0x00, 0x22, 0x12, 0x10, 0x00, 0x52, 0x21
    dc.b    0x10, 0x00, 0x53, 0x21, 0x10, 0x00, 0x33, 0x21, 0x10, 0x00, 0x41, 0x01, 0x22, 0x22, 0x01, 0x22
    dc.b    0x22, 0x22, 0x12, 0x22, 0x71, 0x01, 0x22, 0x2e, 0x12, 0x32, 0x22, 0x33, 0x13, 0x22, 0x23, 0x3e
    dc.b    0x13, 0x12, 0x33, 0x3e, 0xf1, 0x01, 0x11, 0x12, 0x33, 0xe3, 0x11, 0x22, 0x23, 0xe2, 0x11, 0xc2
    dc.b    0x23, 0xe2, 0x1c, 0xc2, 0x22, 0x32, 0x1c, 0xcc, 0xc2, 0x32, 0x16, 0xc2, 0xc2, 0x32, 0x16, 0xcc
    dc.b    0x21, 0x32, 0x16, 0xc2, 0x81, 0x23, 0x22, 0x33, 0x12, 0x21, 0x23, 0x33, 0x12, 0x11, 0x23, 0x33
    dc.b    0x11, 0x12, 0x22, 0x33, 0x12, 0x12, 0x52, 0x67, 0x11, 0x21, 0x12, 0x22, 0x12, 0x12, 0x01, 0x11
    dc.b    0x01, 0x12, 0x31, 0x35, 0x01, 0x11, 0x00, 0x01, 0x12, 0x21, 0xf0, 0x00, 0x00, 0x12, 0x2c, 0xcc
    dc.b    0x00, 0x12, 0xcc, 0xc2, 0x00, 0x11, 0x21, 0x12, 0x22, 0x22, 0xee, 0xe3, 0x21, 0x2e, 0x33, 0xee
    dc.b    0x13, 0xe3, 0xe3, 0x3e, 0x33, 0xee, 0xe3, 0x22, 0x3e, 0xe3, 0xf0, 0x00, 0x23, 0x23, 0xee, 0x32
    dc.b    0x2e, 0xe3, 0xe3, 0x22, 0x33, 0xe3, 0xe2, 0x23, 0x33, 0x33, 0x32, 0x33, 0x32, 0x2e, 0x22, 0xee
    dc.b    0x32, 0xee, 0x23, 0x23, 0x2e, 0xee, 0x23, 0x32, 0x3e, 0xe2, 0x23, 0x01, 0x22, 0x22, 0x3e, 0x32
    dc.b    0x11, 0x01, 0x23, 0x32, 0xe1, 0xa8, 0x23, 0xe3, 0x22, 0x32, 0x22, 0x3e, 0x33, 0x32, 0x22, 0x23
    dc.b    0x32, 0x22, 0x22, 0x22, 0x33, 0x23, 0x22, 0x22, 0x22, 0x32, 0x22, 0x22, 0x23, 0x33, 0x22, 0x22
    dc.b    0x22, 0x23, 0xf0, 0x00, 0x22, 0x33, 0x22, 0x22, 0x23, 0x22, 0x12, 0x22, 0x32, 0x22, 0x21, 0x12
    dc.b    0x22, 0x21, 0x22, 0x12, 0x32, 0x21, 0x22, 0x2e, 0xe3, 0x21, 0x22, 0xee, 0xcc, 0x21, 0x2e, 0xec
    dc.b    0x22, 0x11, 0x61, 0x16, 0x22, 0x33, 0x22, 0xee, 0x32, 0x22, 0x2e, 0xe3, 0xee, 0xee, 0xee, 0xe3
    dc.b    0xf0, 0x00, 0x33, 0x22, 0x33, 0x33, 0x33, 0x22, 0x33, 0x3e, 0x33, 0x22, 0x22, 0x3e, 0x3e, 0xee
    dc.b    0xe3, 0x23, 0xee, 0xee, 0xee, 0x32, 0xe3, 0x33, 0x3e, 0xe3, 0x22, 0x22, 0x22, 0xee, 0x22, 0xe2
    dc.b    0xa1, 0x1f, 0x22, 0xee, 0xee, 0x21, 0x2c, 0x2e, 0x22, 0x11, 0x1c, 0x2e, 0x22, 0x11, 0x2c, 0x23
    dc.b    0x22, 0x2c, 0xc2, 0x2e, 0x22, 0x2c, 0x31, 0xc7, 0x2e, 0xec, 0xee, 0xee, 0xe2, 0x22, 0x52, 0x3e
    dc.b    0x22, 0x12, 0x21, 0x22, 0x22, 0x11, 0x12, 0x22, 0x22, 0x11, 0x11, 0x0a, 0x33, 0x33, 0x32, 0xed
    dc.b    0x22, 0x22, 0x21, 0x11, 0x12, 0x22, 0x01, 0x87, 0x12, 0x03, 0x01, 0x22, 0x41, 0x13, 0x00, 0x11
    dc.b    0xe2, 0x21, 0x21, 0x11, 0x33, 0x21, 0xf0, 0x00, 0x22, 0x22, 0x33, 0xe3, 0x32, 0x22, 0x23, 0x3e
    dc.b    0x32, 0x21, 0x32, 0x23, 0xe3, 0x22, 0x32, 0x22, 0x3e, 0x32, 0x33, 0x32, 0x3e, 0x33, 0x33, 0x33
    dc.b    0x23, 0x22, 0x22, 0x33, 0x22, 0x33, 0x31, 0x03, 0x32, 0x22, 0x22, 0x33, 0xe3, 0x22, 0xf0, 0x00
    dc.b    0x23, 0x32, 0x32, 0x22, 0x22, 0x32, 0x32, 0x22, 0x21, 0x32, 0x32, 0x22, 0x21, 0x33, 0xc2, 0x22
    dc.b    0x22, 0x33, 0x22, 0x32, 0x22, 0x32, 0x12, 0x23, 0x23, 0x22, 0x12, 0x21, 0x12, 0x21, 0xf0, 0x00
    dc.b    0x22, 0x22, 0xe2, 0x22, 0x22, 0x2e, 0x32, 0x12, 0x22, 0x33, 0x22, 0x21, 0x33, 0x32, 0x21, 0x21
    dc.b    0x33, 0x22, 0x11, 0x11, 0xc2, 0x21, 0x11, 0x11, 0x2c, 0x21, 0x11, 0x11, 0x12, 0x11, 0xa0, 0x01
    dc.b    0x11, 0x12, 0x22, 0x21, 0x12, 0x21, 0x3e, 0xc2, 0x22, 0xcc, 0x3e, 0xec, 0x21, 0x22, 0x22, 0xee
    dc.b    0x32, 0x11, 0x11, 0x00, 0xf9, 0xfd, 0x81, 0x01, 0x22, 0x21, 0x00, 0x00, 0x12, 0x22, 0x10, 0x00
    dc.b    0x12, 0x22, 0x21, 0x00, 0x22, 0x22, 0x22, 0x10, 0x11, 0x01, 0x31, 0x12, 0xa1, 0x03, 0x21, 0x00
    dc.b    0x21, 0x12, 0x22, 0x10, 0x22, 0x33, 0x21, 0x21, 0x22, 0x3c, 0xc2, 0x21, 0x22, 0x26, 0x62, 0x21
    dc.b    0xcc, 0x2c, 0x31, 0x01, 0x72, 0x21, 0x22, 0x26, 0x72, 0x11, 0x91, 0x01, 0x21, 0x22, 0x72, 0x21
    dc.b    0x21, 0x22, 0x21, 0x21, 0x11, 0x11, 0x12, 0x10, 0x11, 0x22, 0x22, 0x10, 0x12, 0x22, 0x01, 0x05
    dc.b    0x30, 0x04, 0x21, 0x00, 0x01, 0x11, 0x10, 0x00, 0x7e, 0xaf, 0x03, 0x35, 0x40, 0x00, 0xc2, 0x21
    dc.b    0x00, 0x00, 0x22, 0x11, 0x00, 0x00, 0x00, 0x00, 0x00, 0x00
spr_bc_breaker_core_idle_animation0_frame0_tileset_data_size = .-spr_bc_breaker_core_idle_animation0_frame0_tileset_data

    .align  2
spr_bc_projectile_pulse_animation0_frame0_tileset_data:
    dc.b    0xaa, 0xaa, 0xaa, 0xaa, 0xa4, 0x44, 0x44, 0x44, 0xa4, 0x45, 0x55, 0xd5, 0xa4, 0x45, 0x5d, 0x55
    dc.b    0xa4, 0x45, 0xd5, 0x55, 0xa4, 0x4d, 0x55, 0x5d, 0xa4, 0x44, 0x44, 0x44, 0xaa, 0xaa, 0xaa, 0xaa
    dc.b    0xaa, 0xaa, 0xaa, 0xaa, 0x44, 0x44, 0x44, 0x4a, 0x55, 0xd5, 0x54, 0x4a, 0x5d, 0x55, 0x54, 0x4a
    dc.b    0xd5, 0x55, 0xd4, 0x4a, 0x55, 0x5d, 0x54, 0x4a, 0x44, 0x44, 0x44, 0x4a, 0xaa, 0xaa, 0xaa, 0xaa
spr_bc_projectile_pulse_animation0_frame0_tileset_data_size = .-spr_bc_projectile_pulse_animation0_frame0_tileset_data

.section .rodata

    .align 2
img_bc_title_logo_tileset:
    dc.w    1
    dc.w    96
    dc.l    img_bc_title_logo_tileset_data

    .align 2
img_bc_title_logo_tilemap:
    dc.w    0
    dc.w    16, 6
    dc.l    img_bc_title_logo_tilemap_data

    .align 2
img_bc_title_logo_palette:
    dc.w    16
    dc.l    img_bc_title_logo_palette_data

    .align 2
    .global img_bc_title_logo
img_bc_title_logo:
    dc.l    img_bc_title_logo_palette
    dc.l    img_bc_title_logo_tileset
    dc.l    img_bc_title_logo_tilemap

    .align 2
img_bc_stage_bg_tileset:
    dc.w    1
    dc.w    921
    dc.l    img_bc_stage_bg_tileset_data

    .align 2
img_bc_stage_bg_tilemap:
    dc.w    2
    dc.w    40, 28
    dc.l    img_bc_stage_bg_tilemap_data

    .align 2
img_bc_stage_bg_palette:
    dc.w    16
    dc.l    img_bc_stage_bg_palette_data

    .align 2
    .global img_bc_stage_bg
img_bc_stage_bg:
    dc.l    img_bc_stage_bg_palette
    dc.l    img_bc_stage_bg_tileset
    dc.l    img_bc_stage_bg_tilemap

    .align 2
spr_bc_player_idle_animation0_frame0_tileset:
    dc.w    0
    dc.w    8
    dc.l    spr_bc_player_idle_animation0_frame0_tileset_data

    .align 2
spr_bc_player_idle_animation0_frame0:
    dc.w    260
    dc.l    spr_bc_player_idle_animation0_frame0_tileset
    dc.l    0
    dc.w    0
    dc.w    1797
    dc.w    776

    .align 2
spr_bc_player_idle_animation0_frames:
    dc.l    spr_bc_player_idle_animation0_frame0

    .align 2
spr_bc_player_idle_animation0:
    dc.w    256
    dc.l    spr_bc_player_idle_animation0_frames

    .align 2
spr_bc_player_idle_animations:
    dc.l    spr_bc_player_idle_animation0

    .align 2
    .global spr_bc_player_idle
spr_bc_player_idle:
    dc.w    24
    dc.w    32
    dc.l    img_bc_title_logo_palette
    dc.w    1
    dc.l    spr_bc_player_idle_animations
    dc.w    8
    dc.w    1

    .align 2
spr_bc_player_run_animation0_frame0_tileset:
    dc.w    2
    dc.w    12
    dc.l    spr_bc_player_run_animation0_frame0_tileset_data

    .align 2
spr_bc_player_run_animation0_frame0:
    dc.w    33028
    dc.l    spr_bc_player_run_animation0_frame0_tileset
    dc.l    0
    dc.w    0
    dc.w    2816
    dc.w    12

    .align 2
spr_bc_player_run_animation0_frame1_tileset:
    dc.w    2
    dc.w    12
    dc.l    spr_bc_player_run_animation0_frame1_tileset_data

    .align 2
spr_bc_player_run_animation0_frame1:
    dc.w    33028
    dc.l    spr_bc_player_run_animation0_frame1_tileset
    dc.l    0
    dc.w    0
    dc.w    2816
    dc.w    12

    .align 2
spr_bc_player_run_animation0_frame2_tileset:
    dc.w    2
    dc.w    12
    dc.l    spr_bc_player_run_animation0_frame2_tileset_data

    .align 2
spr_bc_player_run_animation0_frame2:
    dc.w    33028
    dc.l    spr_bc_player_run_animation0_frame2_tileset
    dc.l    0
    dc.w    0
    dc.w    2816
    dc.w    12

    .align 2
spr_bc_player_run_animation0_frame3_tileset:
    dc.w    2
    dc.w    12
    dc.l    spr_bc_player_run_animation0_frame3_tileset_data

    .align 2
spr_bc_player_run_animation0_frame3:
    dc.w    33028
    dc.l    spr_bc_player_run_animation0_frame3_tileset
    dc.l    0
    dc.w    0
    dc.w    2816
    dc.w    12

    .align 2
spr_bc_player_run_animation0_frame4_tileset:
    dc.w    2
    dc.w    12
    dc.l    spr_bc_player_run_animation0_frame4_tileset_data

    .align 2
spr_bc_player_run_animation0_frame4:
    dc.w    33028
    dc.l    spr_bc_player_run_animation0_frame4_tileset
    dc.l    0
    dc.w    0
    dc.w    2816
    dc.w    12

    .align 2
spr_bc_player_run_animation0_frame5_tileset:
    dc.w    2
    dc.w    12
    dc.l    spr_bc_player_run_animation0_frame5_tileset_data

    .align 2
spr_bc_player_run_animation0_frame5:
    dc.w    33028
    dc.l    spr_bc_player_run_animation0_frame5_tileset
    dc.l    0
    dc.w    0
    dc.w    2816
    dc.w    12

    .align 2
spr_bc_player_run_animation0_frames:
    dc.l    spr_bc_player_run_animation0_frame0
    dc.l    spr_bc_player_run_animation0_frame1
    dc.l    spr_bc_player_run_animation0_frame2
    dc.l    spr_bc_player_run_animation0_frame3
    dc.l    spr_bc_player_run_animation0_frame4
    dc.l    spr_bc_player_run_animation0_frame5

    .align 2
spr_bc_player_run_animation0:
    dc.w    1536
    dc.l    spr_bc_player_run_animation0_frames

    .align 2
spr_bc_player_run_animations:
    dc.l    spr_bc_player_run_animation0

    .align 2
    .global spr_bc_player_run
spr_bc_player_run:
    dc.w    24
    dc.w    32
    dc.l    img_bc_title_logo_palette
    dc.w    1
    dc.l    spr_bc_player_run_animations
    dc.w    12
    dc.w    1

    .align 2
spr_bc_player_jump_animation0_frame0_tileset:
    dc.w    2
    dc.w    12
    dc.l    spr_bc_player_jump_animation0_frame0_tileset_data

    .align 2
spr_bc_player_jump_animation0_frame0:
    dc.w    33028
    dc.l    spr_bc_player_jump_animation0_frame0_tileset
    dc.l    0
    dc.w    0
    dc.w    2816
    dc.w    12

    .align 2
spr_bc_player_jump_animation0_frame1_tileset:
    dc.w    2
    dc.w    12
    dc.l    spr_bc_player_jump_animation0_frame1_tileset_data

    .align 2
spr_bc_player_jump_animation0_frame1:
    dc.w    33028
    dc.l    spr_bc_player_jump_animation0_frame1_tileset
    dc.l    0
    dc.w    0
    dc.w    2816
    dc.w    12

    .align 2
spr_bc_player_jump_animation0_frame2_tileset:
    dc.w    2
    dc.w    9
    dc.l    spr_bc_player_jump_animation0_frame2_tileset_data

    .align 2
spr_bc_player_jump_animation0_frame2:
    dc.w    260
    dc.l    spr_bc_player_jump_animation0_frame2_tileset
    dc.l    0
    dc.w    263
    dc.w    2560
    dc.w    9

    .align 2
spr_bc_player_jump_animation0_frames:
    dc.l    spr_bc_player_jump_animation0_frame0
    dc.l    spr_bc_player_jump_animation0_frame1
    dc.l    spr_bc_player_jump_animation0_frame2
    dc.l    spr_bc_player_jump_animation0_frame0

    .align 2
spr_bc_player_jump_animation0:
    dc.w    1024
    dc.l    spr_bc_player_jump_animation0_frames

    .align 2
spr_bc_player_jump_animations:
    dc.l    spr_bc_player_jump_animation0

    .align 2
    .global spr_bc_player_jump
spr_bc_player_jump:
    dc.w    24
    dc.w    32
    dc.l    img_bc_title_logo_palette
    dc.w    1
    dc.l    spr_bc_player_jump_animations
    dc.w    12
    dc.w    1

    .align 2
spr_bc_player_shoot_animation0_frame0_tileset:
    dc.w    2
    dc.w    12
    dc.l    spr_bc_player_shoot_animation0_frame0_tileset_data

    .align 2
spr_bc_player_shoot_animation0_frame0:
    dc.w    33028
    dc.l    spr_bc_player_shoot_animation0_frame0_tileset
    dc.l    0
    dc.w    0
    dc.w    2816
    dc.w    12

    .align 2
spr_bc_player_shoot_animation0_frame1_tileset:
    dc.w    2
    dc.w    12
    dc.l    spr_bc_player_shoot_animation0_frame1_tileset_data

    .align 2
spr_bc_player_shoot_animation0_frame1:
    dc.w    33028
    dc.l    spr_bc_player_shoot_animation0_frame1_tileset
    dc.l    0
    dc.w    0
    dc.w    2816
    dc.w    12

    .align 2
spr_bc_player_shoot_animation0_frame2_tileset:
    dc.w    2
    dc.w    12
    dc.l    spr_bc_player_shoot_animation0_frame2_tileset_data

    .align 2
spr_bc_player_shoot_animation0_frame2:
    dc.w    33028
    dc.l    spr_bc_player_shoot_animation0_frame2_tileset
    dc.l    0
    dc.w    0
    dc.w    2816
    dc.w    12

    .align 2
spr_bc_player_shoot_animation0_frames:
    dc.l    spr_bc_player_shoot_animation0_frame0
    dc.l    spr_bc_player_shoot_animation0_frame1
    dc.l    spr_bc_player_shoot_animation0_frame2

    .align 2
spr_bc_player_shoot_animation0:
    dc.w    768
    dc.l    spr_bc_player_shoot_animation0_frames

    .align 2
spr_bc_player_shoot_animations:
    dc.l    spr_bc_player_shoot_animation0

    .align 2
    .global spr_bc_player_shoot
spr_bc_player_shoot:
    dc.w    24
    dc.w    32
    dc.l    img_bc_title_logo_palette
    dc.w    1
    dc.l    spr_bc_player_shoot_animations
    dc.w    12
    dc.w    1

    .align 2
spr_bc_line_sentry_idle_animation0_frame0_tileset:
    dc.w    2
    dc.w    9
    dc.l    spr_bc_line_sentry_idle_animation0_frame0_tileset_data

    .align 2
spr_bc_line_sentry_idle_animation0_frame0:
    dc.w    260
    dc.l    spr_bc_line_sentry_idle_animation0_frame0_tileset
    dc.l    0
    dc.w    0
    dc.w    2566
    dc.w    521

    .align 2
spr_bc_line_sentry_idle_animation0_frames:
    dc.l    spr_bc_line_sentry_idle_animation0_frame0

    .align 2
spr_bc_line_sentry_idle_animation0:
    dc.w    256
    dc.l    spr_bc_line_sentry_idle_animation0_frames

    .align 2
spr_bc_line_sentry_idle_animations:
    dc.l    spr_bc_line_sentry_idle_animation0

    .align 2
    .global spr_bc_line_sentry_idle
spr_bc_line_sentry_idle:
    dc.w    32
    dc.w    24
    dc.l    img_bc_title_logo_palette
    dc.w    1
    dc.l    spr_bc_line_sentry_idle_animations
    dc.w    9
    dc.w    1

    .align 2
spr_bc_breaker_core_idle_animation0_frame0_tileset:
    dc.w    2
    dc.w    26
    dc.l    spr_bc_breaker_core_idle_animation0_frame0_tileset_data

    .align 2
spr_bc_breaker_core_idle_animation0_frame0:
    dc.w    772
    dc.l    spr_bc_breaker_core_idle_animation0_frame0_tileset
    dc.l    0
    dc.w    32
    dc.w    2316
    dc.w    3078
    dc.w    4096
    dc.w    3844
    dc.w    3088
    dc.w    4096
    dc.w    804
    dc.w    1028

    .align 2
spr_bc_breaker_core_idle_animation0_frames:
    dc.l    spr_bc_breaker_core_idle_animation0_frame0

    .align 2
spr_bc_breaker_core_idle_animation0:
    dc.w    256
    dc.l    spr_bc_breaker_core_idle_animation0_frames

    .align 2
spr_bc_breaker_core_idle_animations:
    dc.l    spr_bc_breaker_core_idle_animation0

    .align 2
    .global spr_bc_breaker_core_idle
spr_bc_breaker_core_idle:
    dc.w    48
    dc.w    48
    dc.l    img_bc_title_logo_palette
    dc.w    1
    dc.l    spr_bc_breaker_core_idle_animations
    dc.w    26
    dc.w    3

    .align 2
spr_bc_projectile_pulse_animation0_frame0_tileset:
    dc.w    0
    dc.w    2
    dc.l    spr_bc_projectile_pulse_animation0_frame0_tileset_data

    .align 2
spr_bc_projectile_pulse_animation0_frame0:
    dc.w    33028
    dc.l    spr_bc_projectile_pulse_animation0_frame0_tileset
    dc.l    0
    dc.w    0
    dc.w    1024
    dc.w    2

    .align 2
spr_bc_projectile_pulse_animation0_frames:
    dc.l    spr_bc_projectile_pulse_animation0_frame0

    .align 2
spr_bc_projectile_pulse_animation0:
    dc.w    256
    dc.l    spr_bc_projectile_pulse_animation0_frames

    .align 2
spr_bc_projectile_pulse_animations:
    dc.l    spr_bc_projectile_pulse_animation0

    .align 2
    .global spr_bc_projectile_pulse
spr_bc_projectile_pulse:
    dc.w    16
    dc.w    8
    dc.l    img_bc_title_logo_palette
    dc.w    1
    dc.l    spr_bc_projectile_pulse_animations
    dc.w    2
    dc.w    1
